"模块","算子列表","npu kernel","算子类型","inputshape","output shape","dim","shape范围","input dtype","output dtype","input format","output format","dtype next1","dtype next2","next3","并行资源占用情况","duration","计算利用率","mte","scalar","融合算子分析","证据状态","配置来源","权重证据","PyTorch参考或调用","NVIDIA条件路径","AMD条件路径","实现来源","运行条件与缺口","数学关系或推导"
"root/layer_0","input_normalization","未核验","norm","[B,S,2560]","[B,S,2560]","B,S,T；其他轴见模型参数","B[1,16];S_verify[1,8];L_KV独立未知；TP=1","config=bfloat16；激活/累加类型未核验","未核验","逻辑轴顺序；物理format未核验","逻辑轴顺序；物理format未核验","未评估候选","未评估候选","未评估候选","未核验","未实测","未实测","未实测","未实测","未核验","配置确认 + 数学推导；未核验完整调用链","https://huggingface.co/openbmb/MiniCPM3-RAG-LoRA/resolve/3ee34a2c7b518f2d9be23d7138a7d29300b240f8/config.json","未核验","未核验","未核验","未核验","https://huggingface.co/openbmb/MiniCPM3-RAG-LoRA/resolve/3ee34a2c7b518f2d9be23d7138a7d29300b240f8/config.json","文本decode/verify；B[1,16],S[1,8]；TP=1逻辑参考；","归一化类型/先后顺序待实现核验"
"root/layer_0","q_a_projection","未核验","GEMM","[B,S,2560]","[B,S,768]","B,S,T；其他轴见模型参数","B[1,16];S_verify[1,8];L_KV独立未知；TP=1","config=bfloat16；激活/累加类型未核验","未核验","逻辑轴顺序；物理format未核验","逻辑轴顺序；物理format未核验","未评估候选","未评估候选","未评估候选","未核验","未实测","未实测","未实测","未实测","未核验","配置确认 + 数学推导；未核验完整调用链","https://huggingface.co/openbmb/MiniCPM3-RAG-LoRA/resolve/3ee34a2c7b518f2d9be23d7138a7d29300b240f8/config.json","logical [768,2560]","未核验","未核验","未核验","https://huggingface.co/openbmb/MiniCPM3-RAG-LoRA/resolve/3ee34a2c7b518f2d9be23d7138a7d29300b240f8/config.json","文本decode/verify；B[1,16],S[1,8]；TP=1逻辑参考；","Y=X@W^T"
"root/layer_0","q_b_projection","未核验","GEMM","[B,S,768]","[B,S,3840]","B,S,T；其他轴见模型参数","B[1,16];S_verify[1,8];L_KV独立未知；TP=1","config=bfloat16；激活/累加类型未核验","未核验","逻辑轴顺序；物理format未核验","逻辑轴顺序；物理format未核验","未评估候选","未评估候选","未评估候选","未核验","未实测","未实测","未实测","未实测","未核验","配置确认 + 数学推导；未核验完整调用链","https://huggingface.co/openbmb/MiniCPM3-RAG-LoRA/resolve/3ee34a2c7b518f2d9be23d7138a7d29300b240f8/config.json","logical [3840,768]","未核验","未核验","未核验","https://huggingface.co/openbmb/MiniCPM3-RAG-LoRA/resolve/3ee34a2c7b518f2d9be23d7138a7d29300b240f8/config.json","文本decode/verify；B[1,16],S[1,8]；TP=1逻辑参考；","Q_width=heads*(qk_nope+qk_rope)"
"root/layer_0","kv_compression","未核验","GEMM","[B,S,2560]","[B,S,288]","B,S,T；其他轴见模型参数","B[1,16];S_verify[1,8];L_KV独立未知；TP=1","config=bfloat16；激活/累加类型未核验","未核验","逻辑轴顺序；物理format未核验","逻辑轴顺序；物理format未核验","未评估候选","未评估候选","未评估候选","未核验","未实测","未实测","未实测","未实测","未核验","配置确认 + 数学推导；未核验完整调用链","https://huggingface.co/openbmb/MiniCPM3-RAG-LoRA/resolve/3ee34a2c7b518f2d9be23d7138a7d29300b240f8/config.json","logical [288,2560]","未核验","未核验","未核验","https://huggingface.co/openbmb/MiniCPM3-RAG-LoRA/resolve/3ee34a2c7b518f2d9be23d7138a7d29300b240f8/config.json","文本decode/verify；B[1,16],S[1,8]；TP=1逻辑参考；","KV_width=kv_lora_rank+qk_rope_head_dim"
"root/layer_0","MLA_cache_and_attention","未核验","MLA","Q:[B,S,40,96];KVc:[B,L_KV,256]","[B,S,2560]","B,S,T；其他轴见模型参数","B[1,16];S_verify[1,8];L_KV独立未知；TP=1","config=bfloat16；激活/累加类型未核验","未核验","逻辑轴顺序；物理format未核验","逻辑轴顺序；物理format未核验","未评估候选","未评估候选","未评估候选","未核验","未实测","未实测","未实测","未实测","未核验","配置确认 + 数学推导；未核验完整调用链","https://huggingface.co/openbmb/MiniCPM3-RAG-LoRA/resolve/3ee34a2c7b518f2d9be23d7138a7d29300b240f8/config.json","未核验","未核验","未核验","未核验","https://huggingface.co/openbmb/MiniCPM3-RAG-LoRA/resolve/3ee34a2c7b518f2d9be23d7138a7d29300b240f8/config.json","文本decode/verify；B[1,16],S[1,8]；TP=1逻辑参考；","KV展开/吸收、value维度、cache布局待实现核验"
"root/layer_0","attention_residual","未核验","elementwise","[B,S,2560];[B,S,2560]","[B,S,2560]","B,S,T；其他轴见模型参数","B[1,16];S_verify[1,8];L_KV独立未知；TP=1","config=bfloat16；激活/累加类型未核验","未核验","逻辑轴顺序；物理format未核验","逻辑轴顺序；物理format未核验","未评估候选","未评估候选","未评估候选","未核验","未实测","未实测","未实测","未实测","未核验","配置确认 + 数学推导；未核验完整调用链","https://huggingface.co/openbmb/MiniCPM3-RAG-LoRA/resolve/3ee34a2c7b518f2d9be23d7138a7d29300b240f8/config.json","未核验","未核验","未核验","未核验","https://huggingface.co/openbmb/MiniCPM3-RAG-LoRA/resolve/3ee34a2c7b518f2d9be23d7138a7d29300b240f8/config.json","文本decode/verify；B[1,16],S[1,8]；TP=1逻辑参考；","Y=X+branch（参考，实际残差策略未核验）"
"root/layer_0","post_attention_normalization","未核验","norm","[B,S,2560]","[B,S,2560]","B,S,T；其他轴见模型参数","B[1,16];S_verify[1,8];L_KV独立未知；TP=1","config=bfloat16；激活/累加类型未核验","未核验","逻辑轴顺序；物理format未核验","逻辑轴顺序；物理format未核验","未评估候选","未评估候选","未评估候选","未核验","未实测","未实测","未实测","未实测","未核验","配置确认 + 数学推导；未核验完整调用链","https://huggingface.co/openbmb/MiniCPM3-RAG-LoRA/resolve/3ee34a2c7b518f2d9be23d7138a7d29300b240f8/config.json","未核验","未核验","未核验","未核验","https://huggingface.co/openbmb/MiniCPM3-RAG-LoRA/resolve/3ee34a2c7b518f2d9be23d7138a7d29300b240f8/config.json","文本decode/verify；B[1,16],S[1,8]；TP=1逻辑参考；","类型与位置待源码核验"
"root/layer_0","FFN_up","未核验","GEMM","[B,S,2560]","[B,S,6400]","B,S,T；其他轴见模型参数","B[1,16];S_verify[1,8];L_KV独立未知；TP=1","config=bfloat16；激活/累加类型未核验","未核验","逻辑轴顺序；物理format未核验","逻辑轴顺序；物理format未核验","未评估候选","未评估候选","未评估候选","未核验","未实测","未实测","未实测","未实测","未核验","配置确认 + 数学推导；未核验完整调用链","https://huggingface.co/openbmb/MiniCPM3-RAG-LoRA/resolve/3ee34a2c7b518f2d9be23d7138a7d29300b240f8/config.json","logical [6400,2560]","未核验","未核验","未核验","https://huggingface.co/openbmb/MiniCPM3-RAG-LoRA/resolve/3ee34a2c7b518f2d9be23d7138a7d29300b240f8/config.json","文本decode/verify；B[1,16],S[1,8]；TP=1逻辑参考；","Y=X@W^T"
"root/layer_0","FFN_activation_and_optional_gate","未核验","activation","[B,S,6400]","[B,S,6400]","B,S,T；其他轴见模型参数","B[1,16];S_verify[1,8];L_KV独立未知；TP=1","config=bfloat16；激活/累加类型未核验","未核验","逻辑轴顺序；物理format未核验","逻辑轴顺序；物理format未核验","未评估候选","未评估候选","未评估候选","未核验","未实测","未实测","未实测","未实测","未核验","配置确认 + 数学推导；未核验完整调用链","https://huggingface.co/openbmb/MiniCPM3-RAG-LoRA/resolve/3ee34a2c7b518f2d9be23d7138a7d29300b240f8/config.json","未核验","未核验","未核验","未核验","https://huggingface.co/openbmb/MiniCPM3-RAG-LoRA/resolve/3ee34a2c7b518f2d9be23d7138a7d29300b240f8/config.json","文本decode/verify；B[1,16],S[1,8]；TP=1逻辑参考；是否额外gate矩阵与门控分支维度需要实现；不能仅由silu推定完整SwiGLU","config.hidden_act=silu"
"root/layer_0","FFN_down","未核验","GEMM","[B,S,6400]","[B,S,2560]","B,S,T；其他轴见模型参数","B[1,16];S_verify[1,8];L_KV独立未知；TP=1","config=bfloat16；激活/累加类型未核验","未核验","逻辑轴顺序；物理format未核验","逻辑轴顺序；物理format未核验","未评估候选","未评估候选","未评估候选","未核验","未实测","未实测","未实测","未实测","未核验","配置确认 + 数学推导；未核验完整调用链","https://huggingface.co/openbmb/MiniCPM3-RAG-LoRA/resolve/3ee34a2c7b518f2d9be23d7138a7d29300b240f8/config.json","logical [2560,6400]","未核验","未核验","未核验","https://huggingface.co/openbmb/MiniCPM3-RAG-LoRA/resolve/3ee34a2c7b518f2d9be23d7138a7d29300b240f8/config.json","文本decode/verify；B[1,16],S[1,8]；TP=1逻辑参考；","Y=X@W^T"
"root/layer_0","FFN_residual","未核验","elementwise","[B,S,2560];[B,S,2560]","[B,S,2560]","B,S,T；其他轴见模型参数","B[1,16];S_verify[1,8];L_KV独立未知；TP=1","config=bfloat16；激活/累加类型未核验","未核验","逻辑轴顺序；物理format未核验","逻辑轴顺序；物理format未核验","未评估候选","未评估候选","未评估候选","未核验","未实测","未实测","未实测","未实测","未核验","配置确认 + 数学推导；未核验完整调用链","https://huggingface.co/openbmb/MiniCPM3-RAG-LoRA/resolve/3ee34a2c7b518f2d9be23d7138a7d29300b240f8/config.json","未核验","未核验","未核验","未核验","https://huggingface.co/openbmb/MiniCPM3-RAG-LoRA/resolve/3ee34a2c7b518f2d9be23d7138a7d29300b240f8/config.json","文本decode/verify；B[1,16],S[1,8]；TP=1逻辑参考；","Y=X+branch（参考，实际残差策略未核验）"
"root/layer_1","input_normalization","未核验","norm","[B,S,2560]","[B,S,2560]","B,S,T；其他轴见模型参数","B[1,16];S_verify[1,8];L_KV独立未知；TP=1","config=bfloat16；激活/累加类型未核验","未核验","逻辑轴顺序；物理format未核验","逻辑轴顺序；物理format未核验","未评估候选","未评估候选","未评估候选","未核验","未实测","未实测","未实测","未实测","未核验","配置确认 + 数学推导；未核验完整调用链","https://huggingface.co/openbmb/MiniCPM3-RAG-LoRA/resolve/3ee34a2c7b518f2d9be23d7138a7d29300b240f8/config.json","未核验","未核验","未核验","未核验","https://huggingface.co/openbmb/MiniCPM3-RAG-LoRA/resolve/3ee34a2c7b518f2d9be23d7138a7d29300b240f8/config.json","文本decode/verify；B[1,16],S[1,8]；TP=1逻辑参考；","归一化类型/先后顺序待实现核验"
"root/layer_1","q_a_projection","未核验","GEMM","[B,S,2560]","[B,S,768]","B,S,T；其他轴见模型参数","B[1,16];S_verify[1,8];L_KV独立未知；TP=1","config=bfloat16；激活/累加类型未核验","未核验","逻辑轴顺序；物理format未核验","逻辑轴顺序；物理format未核验","未评估候选","未评估候选","未评估候选","未核验","未实测","未实测","未实测","未实测","未核验","配置确认 + 数学推导；未核验完整调用链","https://huggingface.co/openbmb/MiniCPM3-RAG-LoRA/resolve/3ee34a2c7b518f2d9be23d7138a7d29300b240f8/config.json","logical [768,2560]","未核验","未核验","未核验","https://huggingface.co/openbmb/MiniCPM3-RAG-LoRA/resolve/3ee34a2c7b518f2d9be23d7138a7d29300b240f8/config.json","文本decode/verify；B[1,16],S[1,8]；TP=1逻辑参考；","Y=X@W^T"
"root/layer_1","q_b_projection","未核验","GEMM","[B,S,768]","[B,S,3840]","B,S,T；其他轴见模型参数","B[1,16];S_verify[1,8];L_KV独立未知；TP=1","config=bfloat16；激活/累加类型未核验","未核验","逻辑轴顺序；物理format未核验","逻辑轴顺序；物理format未核验","未评估候选","未评估候选","未评估候选","未核验","未实测","未实测","未实测","未实测","未核验","配置确认 + 数学推导；未核验完整调用链","https://huggingface.co/openbmb/MiniCPM3-RAG-LoRA/resolve/3ee34a2c7b518f2d9be23d7138a7d29300b240f8/config.json","logical [3840,768]","未核验","未核验","未核验","https://huggingface.co/openbmb/MiniCPM3-RAG-LoRA/resolve/3ee34a2c7b518f2d9be23d7138a7d29300b240f8/config.json","文本decode/verify；B[1,16],S[1,8]；TP=1逻辑参考；","Q_width=heads*(qk_nope+qk_rope)"
"root/layer_1","kv_compression","未核验","GEMM","[B,S,2560]","[B,S,288]","B,S,T；其他轴见模型参数","B[1,16];S_verify[1,8];L_KV独立未知；TP=1","config=bfloat16；激活/累加类型未核验","未核验","逻辑轴顺序；物理format未核验","逻辑轴顺序；物理format未核验","未评估候选","未评估候选","未评估候选","未核验","未实测","未实测","未实测","未实测","未核验","配置确认 + 数学推导；未核验完整调用链","https://huggingface.co/openbmb/MiniCPM3-RAG-LoRA/resolve/3ee34a2c7b518f2d9be23d7138a7d29300b240f8/config.json","logical [288,2560]","未核验","未核验","未核验","https://huggingface.co/openbmb/MiniCPM3-RAG-LoRA/resolve/3ee34a2c7b518f2d9be23d7138a7d29300b240f8/config.json","文本decode/verify；B[1,16],S[1,8]；TP=1逻辑参考；","KV_width=kv_lora_rank+qk_rope_head_dim"
"root/layer_1","MLA_cache_and_attention","未核验","MLA","Q:[B,S,40,96];KVc:[B,L_KV,256]","[B,S,2560]","B,S,T；其他轴见模型参数","B[1,16];S_verify[1,8];L_KV独立未知；TP=1","config=bfloat16；激活/累加类型未核验","未核验","逻辑轴顺序；物理format未核验","逻辑轴顺序；物理format未核验","未评估候选","未评估候选","未评估候选","未核验","未实测","未实测","未实测","未实测","未核验","配置确认 + 数学推导；未核验完整调用链","https://huggingface.co/openbmb/MiniCPM3-RAG-LoRA/resolve/3ee34a2c7b518f2d9be23d7138a7d29300b240f8/config.json","未核验","未核验","未核验","未核验","https://huggingface.co/openbmb/MiniCPM3-RAG-LoRA/resolve/3ee34a2c7b518f2d9be23d7138a7d29300b240f8/config.json","文本decode/verify；B[1,16],S[1,8]；TP=1逻辑参考；","KV展开/吸收、value维度、cache布局待实现核验"
"root/layer_1","attention_residual","未核验","elementwise","[B,S,2560];[B,S,2560]","[B,S,2560]","B,S,T；其他轴见模型参数","B[1,16];S_verify[1,8];L_KV独立未知；TP=1","config=bfloat16；激活/累加类型未核验","未核验","逻辑轴顺序；物理format未核验","逻辑轴顺序；物理format未核验","未评估候选","未评估候选","未评估候选","未核验","未实测","未实测","未实测","未实测","未核验","配置确认 + 数学推导；未核验完整调用链","https://huggingface.co/openbmb/MiniCPM3-RAG-LoRA/resolve/3ee34a2c7b518f2d9be23d7138a7d29300b240f8/config.json","未核验","未核验","未核验","未核验","https://huggingface.co/openbmb/MiniCPM3-RAG-LoRA/resolve/3ee34a2c7b518f2d9be23d7138a7d29300b240f8/config.json","文本decode/verify；B[1,16],S[1,8]；TP=1逻辑参考；","Y=X+branch（参考，实际残差策略未核验）"
"root/layer_1","post_attention_normalization","未核验","norm","[B,S,2560]","[B,S,2560]","B,S,T；其他轴见模型参数","B[1,16];S_verify[1,8];L_KV独立未知；TP=1","config=bfloat16；激活/累加类型未核验","未核验","逻辑轴顺序；物理format未核验","逻辑轴顺序；物理format未核验","未评估候选","未评估候选","未评估候选","未核验","未实测","未实测","未实测","未实测","未核验","配置确认 + 数学推导；未核验完整调用链","https://huggingface.co/openbmb/MiniCPM3-RAG-LoRA/resolve/3ee34a2c7b518f2d9be23d7138a7d29300b240f8/config.json","未核验","未核验","未核验","未核验","https://huggingface.co/openbmb/MiniCPM3-RAG-LoRA/resolve/3ee34a2c7b518f2d9be23d7138a7d29300b240f8/config.json","文本decode/verify；B[1,16],S[1,8]；TP=1逻辑参考；","类型与位置待源码核验"
"root/layer_1","FFN_up","未核验","GEMM","[B,S,2560]","[B,S,6400]","B,S,T；其他轴见模型参数","B[1,16];S_verify[1,8];L_KV独立未知；TP=1","config=bfloat16；激活/累加类型未核验","未核验","逻辑轴顺序；物理format未核验","逻辑轴顺序；物理format未核验","未评估候选","未评估候选","未评估候选","未核验","未实测","未实测","未实测","未实测","未核验","配置确认 + 数学推导；未核验完整调用链","https://huggingface.co/openbmb/MiniCPM3-RAG-LoRA/resolve/3ee34a2c7b518f2d9be23d7138a7d29300b240f8/config.json","logical [6400,2560]","未核验","未核验","未核验","https://huggingface.co/openbmb/MiniCPM3-RAG-LoRA/resolve/3ee34a2c7b518f2d9be23d7138a7d29300b240f8/config.json","文本decode/verify；B[1,16],S[1,8]；TP=1逻辑参考；","Y=X@W^T"
"root/layer_1","FFN_activation_and_optional_gate","未核验","activation","[B,S,6400]","[B,S,6400]","B,S,T；其他轴见模型参数","B[1,16];S_verify[1,8];L_KV独立未知；TP=1","config=bfloat16；激活/累加类型未核验","未核验","逻辑轴顺序；物理format未核验","逻辑轴顺序；物理format未核验","未评估候选","未评估候选","未评估候选","未核验","未实测","未实测","未实测","未实测","未核验","配置确认 + 数学推导；未核验完整调用链","https://huggingface.co/openbmb/MiniCPM3-RAG-LoRA/resolve/3ee34a2c7b518f2d9be23d7138a7d29300b240f8/config.json","未核验","未核验","未核验","未核验","https://huggingface.co/openbmb/MiniCPM3-RAG-LoRA/resolve/3ee34a2c7b518f2d9be23d7138a7d29300b240f8/config.json","文本decode/verify；B[1,16],S[1,8]；TP=1逻辑参考；是否额外gate矩阵与门控分支维度需要实现；不能仅由silu推定完整SwiGLU","config.hidden_act=silu"
"root/layer_1","FFN_down","未核验","GEMM","[B,S,6400]","[B,S,2560]","B,S,T；其他轴见模型参数","B[1,16];S_verify[1,8];L_KV独立未知；TP=1","config=bfloat16；激活/累加类型未核验","未核验","逻辑轴顺序；物理format未核验","逻辑轴顺序；物理format未核验","未评估候选","未评估候选","未评估候选","未核验","未实测","未实测","未实测","未实测","未核验","配置确认 + 数学推导；未核验完整调用链","https://huggingface.co/openbmb/MiniCPM3-RAG-LoRA/resolve/3ee34a2c7b518f2d9be23d7138a7d29300b240f8/config.json","logical [2560,6400]","未核验","未核验","未核验","https://huggingface.co/openbmb/MiniCPM3-RAG-LoRA/resolve/3ee34a2c7b518f2d9be23d7138a7d29300b240f8/config.json","文本decode/verify；B[1,16],S[1,8]；TP=1逻辑参考；","Y=X@W^T"
"root/layer_1","FFN_residual","未核验","elementwise","[B,S,2560];[B,S,2560]","[B,S,2560]","B,S,T；其他轴见模型参数","B[1,16];S_verify[1,8];L_KV独立未知；TP=1","config=bfloat16；激活/累加类型未核验","未核验","逻辑轴顺序；物理format未核验","逻辑轴顺序；物理format未核验","未评估候选","未评估候选","未评估候选","未核验","未实测","未实测","未实测","未实测","未核验","配置确认 + 数学推导；未核验完整调用链","https://huggingface.co/openbmb/MiniCPM3-RAG-LoRA/resolve/3ee34a2c7b518f2d9be23d7138a7d29300b240f8/config.json","未核验","未核验","未核验","未核验","https://huggingface.co/openbmb/MiniCPM3-RAG-LoRA/resolve/3ee34a2c7b518f2d9be23d7138a7d29300b240f8/config.json","文本decode/verify；B[1,16],S[1,8]；TP=1逻辑参考；","Y=X+branch（参考，实际残差策略未核验）"
"root/layer_2","input_normalization","未核验","norm","[B,S,2560]","[B,S,2560]","B,S,T；其他轴见模型参数","B[1,16];S_verify[1,8];L_KV独立未知；TP=1","config=bfloat16；激活/累加类型未核验","未核验","逻辑轴顺序；物理format未核验","逻辑轴顺序；物理format未核验","未评估候选","未评估候选","未评估候选","未核验","未实测","未实测","未实测","未实测","未核验","配置确认 + 数学推导；未核验完整调用链","https://huggingface.co/openbmb/MiniCPM3-RAG-LoRA/resolve/3ee34a2c7b518f2d9be23d7138a7d29300b240f8/config.json","未核验","未核验","未核验","未核验","https://huggingface.co/openbmb/MiniCPM3-RAG-LoRA/resolve/3ee34a2c7b518f2d9be23d7138a7d29300b240f8/config.json","文本decode/verify；B[1,16],S[1,8]；TP=1逻辑参考；","归一化类型/先后顺序待实现核验"
"root/layer_2","q_a_projection","未核验","GEMM","[B,S,2560]","[B,S,768]","B,S,T；其他轴见模型参数","B[1,16];S_verify[1,8];L_KV独立未知；TP=1","config=bfloat16；激活/累加类型未核验","未核验","逻辑轴顺序；物理format未核验","逻辑轴顺序；物理format未核验","未评估候选","未评估候选","未评估候选","未核验","未实测","未实测","未实测","未实测","未核验","配置确认 + 数学推导；未核验完整调用链","https://huggingface.co/openbmb/MiniCPM3-RAG-LoRA/resolve/3ee34a2c7b518f2d9be23d7138a7d29300b240f8/config.json","logical [768,2560]","未核验","未核验","未核验","https://huggingface.co/openbmb/MiniCPM3-RAG-LoRA/resolve/3ee34a2c7b518f2d9be23d7138a7d29300b240f8/config.json","文本decode/verify；B[1,16],S[1,8]；TP=1逻辑参考；","Y=X@W^T"
"root/layer_2","q_b_projection","未核验","GEMM","[B,S,768]","[B,S,3840]","B,S,T；其他轴见模型参数","B[1,16];S_verify[1,8];L_KV独立未知；TP=1","config=bfloat16；激活/累加类型未核验","未核验","逻辑轴顺序；物理format未核验","逻辑轴顺序；物理format未核验","未评估候选","未评估候选","未评估候选","未核验","未实测","未实测","未实测","未实测","未核验","配置确认 + 数学推导；未核验完整调用链","https://huggingface.co/openbmb/MiniCPM3-RAG-LoRA/resolve/3ee34a2c7b518f2d9be23d7138a7d29300b240f8/config.json","logical [3840,768]","未核验","未核验","未核验","https://huggingface.co/openbmb/MiniCPM3-RAG-LoRA/resolve/3ee34a2c7b518f2d9be23d7138a7d29300b240f8/config.json","文本decode/verify；B[1,16],S[1,8]；TP=1逻辑参考；","Q_width=heads*(qk_nope+qk_rope)"
"root/layer_2","kv_compression","未核验","GEMM","[B,S,2560]","[B,S,288]","B,S,T；其他轴见模型参数","B[1,16];S_verify[1,8];L_KV独立未知；TP=1","config=bfloat16；激活/累加类型未核验","未核验","逻辑轴顺序；物理format未核验","逻辑轴顺序；物理format未核验","未评估候选","未评估候选","未评估候选","未核验","未实测","未实测","未实测","未实测","未核验","配置确认 + 数学推导；未核验完整调用链","https://huggingface.co/openbmb/MiniCPM3-RAG-LoRA/resolve/3ee34a2c7b518f2d9be23d7138a7d29300b240f8/config.json","logical [288,2560]","未核验","未核验","未核验","https://huggingface.co/openbmb/MiniCPM3-RAG-LoRA/resolve/3ee34a2c7b518f2d9be23d7138a7d29300b240f8/config.json","文本decode/verify；B[1,16],S[1,8]；TP=1逻辑参考；","KV_width=kv_lora_rank+qk_rope_head_dim"
"root/layer_2","MLA_cache_and_attention","未核验","MLA","Q:[B,S,40,96];KVc:[B,L_KV,256]","[B,S,2560]","B,S,T；其他轴见模型参数","B[1,16];S_verify[1,8];L_KV独立未知；TP=1","config=bfloat16；激活/累加类型未核验","未核验","逻辑轴顺序；物理format未核验","逻辑轴顺序；物理format未核验","未评估候选","未评估候选","未评估候选","未核验","未实测","未实测","未实测","未实测","未核验","配置确认 + 数学推导；未核验完整调用链","https://huggingface.co/openbmb/MiniCPM3-RAG-LoRA/resolve/3ee34a2c7b518f2d9be23d7138a7d29300b240f8/config.json","未核验","未核验","未核验","未核验","https://huggingface.co/openbmb/MiniCPM3-RAG-LoRA/resolve/3ee34a2c7b518f2d9be23d7138a7d29300b240f8/config.json","文本decode/verify；B[1,16],S[1,8]；TP=1逻辑参考；","KV展开/吸收、value维度、cache布局待实现核验"
"root/layer_2","attention_residual","未核验","elementwise","[B,S,2560];[B,S,2560]","[B,S,2560]","B,S,T；其他轴见模型参数","B[1,16];S_verify[1,8];L_KV独立未知；TP=1","config=bfloat16；激活/累加类型未核验","未核验","逻辑轴顺序；物理format未核验","逻辑轴顺序；物理format未核验","未评估候选","未评估候选","未评估候选","未核验","未实测","未实测","未实测","未实测","未核验","配置确认 + 数学推导；未核验完整调用链","https://huggingface.co/openbmb/MiniCPM3-RAG-LoRA/resolve/3ee34a2c7b518f2d9be23d7138a7d29300b240f8/config.json","未核验","未核验","未核验","未核验","https://huggingface.co/openbmb/MiniCPM3-RAG-LoRA/resolve/3ee34a2c7b518f2d9be23d7138a7d29300b240f8/config.json","文本decode/verify；B[1,16],S[1,8]；TP=1逻辑参考；","Y=X+branch（参考，实际残差策略未核验）"
"root/layer_2","post_attention_normalization","未核验","norm","[B,S,2560]","[B,S,2560]","B,S,T；其他轴见模型参数","B[1,16];S_verify[1,8];L_KV独立未知；TP=1","config=bfloat16；激活/累加类型未核验","未核验","逻辑轴顺序；物理format未核验","逻辑轴顺序；物理format未核验","未评估候选","未评估候选","未评估候选","未核验","未实测","未实测","未实测","未实测","未核验","配置确认 + 数学推导；未核验完整调用链","https://huggingface.co/openbmb/MiniCPM3-RAG-LoRA/resolve/3ee34a2c7b518f2d9be23d7138a7d29300b240f8/config.json","未核验","未核验","未核验","未核验","https://huggingface.co/openbmb/MiniCPM3-RAG-LoRA/resolve/3ee34a2c7b518f2d9be23d7138a7d29300b240f8/config.json","文本decode/verify；B[1,16],S[1,8]；TP=1逻辑参考；","类型与位置待源码核验"
"root/layer_2","FFN_up","未核验","GEMM","[B,S,2560]","[B,S,6400]","B,S,T；其他轴见模型参数","B[1,16];S_verify[1,8];L_KV独立未知；TP=1","config=bfloat16；激活/累加类型未核验","未核验","逻辑轴顺序；物理format未核验","逻辑轴顺序；物理format未核验","未评估候选","未评估候选","未评估候选","未核验","未实测","未实测","未实测","未实测","未核验","配置确认 + 数学推导；未核验完整调用链","https://huggingface.co/openbmb/MiniCPM3-RAG-LoRA/resolve/3ee34a2c7b518f2d9be23d7138a7d29300b240f8/config.json","logical [6400,2560]","未核验","未核验","未核验","https://huggingface.co/openbmb/MiniCPM3-RAG-LoRA/resolve/3ee34a2c7b518f2d9be23d7138a7d29300b240f8/config.json","文本decode/verify；B[1,16],S[1,8]；TP=1逻辑参考；","Y=X@W^T"
"root/layer_2","FFN_activation_and_optional_gate","未核验","activation","[B,S,6400]","[B,S,6400]","B,S,T；其他轴见模型参数","B[1,16];S_verify[1,8];L_KV独立未知；TP=1","config=bfloat16；激活/累加类型未核验","未核验","逻辑轴顺序；物理format未核验","逻辑轴顺序；物理format未核验","未评估候选","未评估候选","未评估候选","未核验","未实测","未实测","未实测","未实测","未核验","配置确认 + 数学推导；未核验完整调用链","https://huggingface.co/openbmb/MiniCPM3-RAG-LoRA/resolve/3ee34a2c7b518f2d9be23d7138a7d29300b240f8/config.json","未核验","未核验","未核验","未核验","https://huggingface.co/openbmb/MiniCPM3-RAG-LoRA/resolve/3ee34a2c7b518f2d9be23d7138a7d29300b240f8/config.json","文本decode/verify；B[1,16],S[1,8]；TP=1逻辑参考；是否额外gate矩阵与门控分支维度需要实现；不能仅由silu推定完整SwiGLU","config.hidden_act=silu"
"root/layer_2","FFN_down","未核验","GEMM","[B,S,6400]","[B,S,2560]","B,S,T；其他轴见模型参数","B[1,16];S_verify[1,8];L_KV独立未知；TP=1","config=bfloat16；激活/累加类型未核验","未核验","逻辑轴顺序；物理format未核验","逻辑轴顺序；物理format未核验","未评估候选","未评估候选","未评估候选","未核验","未实测","未实测","未实测","未实测","未核验","配置确认 + 数学推导；未核验完整调用链","https://huggingface.co/openbmb/MiniCPM3-RAG-LoRA/resolve/3ee34a2c7b518f2d9be23d7138a7d29300b240f8/config.json","logical [2560,6400]","未核验","未核验","未核验","https://huggingface.co/openbmb/MiniCPM3-RAG-LoRA/resolve/3ee34a2c7b518f2d9be23d7138a7d29300b240f8/config.json","文本decode/verify；B[1,16],S[1,8]；TP=1逻辑参考；","Y=X@W^T"
"root/layer_2","FFN_residual","未核验","elementwise","[B,S,2560];[B,S,2560]","[B,S,2560]","B,S,T；其他轴见模型参数","B[1,16];S_verify[1,8];L_KV独立未知；TP=1","config=bfloat16；激活/累加类型未核验","未核验","逻辑轴顺序；物理format未核验","逻辑轴顺序；物理format未核验","未评估候选","未评估候选","未评估候选","未核验","未实测","未实测","未实测","未实测","未核验","配置确认 + 数学推导；未核验完整调用链","https://huggingface.co/openbmb/MiniCPM3-RAG-LoRA/resolve/3ee34a2c7b518f2d9be23d7138a7d29300b240f8/config.json","未核验","未核验","未核验","未核验","https://huggingface.co/openbmb/MiniCPM3-RAG-LoRA/resolve/3ee34a2c7b518f2d9be23d7138a7d29300b240f8/config.json","文本decode/verify；B[1,16],S[1,8]；TP=1逻辑参考；","Y=X+branch（参考，实际残差策略未核验）"
"root/layer_3","input_normalization","未核验","norm","[B,S,2560]","[B,S,2560]","B,S,T；其他轴见模型参数","B[1,16];S_verify[1,8];L_KV独立未知；TP=1","config=bfloat16；激活/累加类型未核验","未核验","逻辑轴顺序；物理format未核验","逻辑轴顺序；物理format未核验","未评估候选","未评估候选","未评估候选","未核验","未实测","未实测","未实测","未实测","未核验","配置确认 + 数学推导；未核验完整调用链","https://huggingface.co/openbmb/MiniCPM3-RAG-LoRA/resolve/3ee34a2c7b518f2d9be23d7138a7d29300b240f8/config.json","未核验","未核验","未核验","未核验","https://huggingface.co/openbmb/MiniCPM3-RAG-LoRA/resolve/3ee34a2c7b518f2d9be23d7138a7d29300b240f8/config.json","文本decode/verify；B[1,16],S[1,8]；TP=1逻辑参考；","归一化类型/先后顺序待实现核验"
"root/layer_3","q_a_projection","未核验","GEMM","[B,S,2560]","[B,S,768]","B,S,T；其他轴见模型参数","B[1,16];S_verify[1,8];L_KV独立未知；TP=1","config=bfloat16；激活/累加类型未核验","未核验","逻辑轴顺序；物理format未核验","逻辑轴顺序；物理format未核验","未评估候选","未评估候选","未评估候选","未核验","未实测","未实测","未实测","未实测","未核验","配置确认 + 数学推导；未核验完整调用链","https://huggingface.co/openbmb/MiniCPM3-RAG-LoRA/resolve/3ee34a2c7b518f2d9be23d7138a7d29300b240f8/config.json","logical [768,2560]","未核验","未核验","未核验","https://huggingface.co/openbmb/MiniCPM3-RAG-LoRA/resolve/3ee34a2c7b518f2d9be23d7138a7d29300b240f8/config.json","文本decode/verify；B[1,16],S[1,8]；TP=1逻辑参考；","Y=X@W^T"
"root/layer_3","q_b_projection","未核验","GEMM","[B,S,768]","[B,S,3840]","B,S,T；其他轴见模型参数","B[1,16];S_verify[1,8];L_KV独立未知；TP=1","config=bfloat16；激活/累加类型未核验","未核验","逻辑轴顺序；物理format未核验","逻辑轴顺序；物理format未核验","未评估候选","未评估候选","未评估候选","未核验","未实测","未实测","未实测","未实测","未核验","配置确认 + 数学推导；未核验完整调用链","https://huggingface.co/openbmb/MiniCPM3-RAG-LoRA/resolve/3ee34a2c7b518f2d9be23d7138a7d29300b240f8/config.json","logical [3840,768]","未核验","未核验","未核验","https://huggingface.co/openbmb/MiniCPM3-RAG-LoRA/resolve/3ee34a2c7b518f2d9be23d7138a7d29300b240f8/config.json","文本decode/verify；B[1,16],S[1,8]；TP=1逻辑参考；","Q_width=heads*(qk_nope+qk_rope)"
"root/layer_3","kv_compression","未核验","GEMM","[B,S,2560]","[B,S,288]","B,S,T；其他轴见模型参数","B[1,16];S_verify[1,8];L_KV独立未知；TP=1","config=bfloat16；激活/累加类型未核验","未核验","逻辑轴顺序；物理format未核验","逻辑轴顺序；物理format未核验","未评估候选","未评估候选","未评估候选","未核验","未实测","未实测","未实测","未实测","未核验","配置确认 + 数学推导；未核验完整调用链","https://huggingface.co/openbmb/MiniCPM3-RAG-LoRA/resolve/3ee34a2c7b518f2d9be23d7138a7d29300b240f8/config.json","logical [288,2560]","未核验","未核验","未核验","https://huggingface.co/openbmb/MiniCPM3-RAG-LoRA/resolve/3ee34a2c7b518f2d9be23d7138a7d29300b240f8/config.json","文本decode/verify；B[1,16],S[1,8]；TP=1逻辑参考；","KV_width=kv_lora_rank+qk_rope_head_dim"
"root/layer_3","MLA_cache_and_attention","未核验","MLA","Q:[B,S,40,96];KVc:[B,L_KV,256]","[B,S,2560]","B,S,T；其他轴见模型参数","B[1,16];S_verify[1,8];L_KV独立未知；TP=1","config=bfloat16；激活/累加类型未核验","未核验","逻辑轴顺序；物理format未核验","逻辑轴顺序；物理format未核验","未评估候选","未评估候选","未评估候选","未核验","未实测","未实测","未实测","未实测","未核验","配置确认 + 数学推导；未核验完整调用链","https://huggingface.co/openbmb/MiniCPM3-RAG-LoRA/resolve/3ee34a2c7b518f2d9be23d7138a7d29300b240f8/config.json","未核验","未核验","未核验","未核验","https://huggingface.co/openbmb/MiniCPM3-RAG-LoRA/resolve/3ee34a2c7b518f2d9be23d7138a7d29300b240f8/config.json","文本decode/verify；B[1,16],S[1,8]；TP=1逻辑参考；","KV展开/吸收、value维度、cache布局待实现核验"
"root/layer_3","attention_residual","未核验","elementwise","[B,S,2560];[B,S,2560]","[B,S,2560]","B,S,T；其他轴见模型参数","B[1,16];S_verify[1,8];L_KV独立未知；TP=1","config=bfloat16；激活/累加类型未核验","未核验","逻辑轴顺序；物理format未核验","逻辑轴顺序；物理format未核验","未评估候选","未评估候选","未评估候选","未核验","未实测","未实测","未实测","未实测","未核验","配置确认 + 数学推导；未核验完整调用链","https://huggingface.co/openbmb/MiniCPM3-RAG-LoRA/resolve/3ee34a2c7b518f2d9be23d7138a7d29300b240f8/config.json","未核验","未核验","未核验","未核验","https://huggingface.co/openbmb/MiniCPM3-RAG-LoRA/resolve/3ee34a2c7b518f2d9be23d7138a7d29300b240f8/config.json","文本decode/verify；B[1,16],S[1,8]；TP=1逻辑参考；","Y=X+branch（参考，实际残差策略未核验）"
"root/layer_3","post_attention_normalization","未核验","norm","[B,S,2560]","[B,S,2560]","B,S,T；其他轴见模型参数","B[1,16];S_verify[1,8];L_KV独立未知；TP=1","config=bfloat16；激活/累加类型未核验","未核验","逻辑轴顺序；物理format未核验","逻辑轴顺序；物理format未核验","未评估候选","未评估候选","未评估候选","未核验","未实测","未实测","未实测","未实测","未核验","配置确认 + 数学推导；未核验完整调用链","https://huggingface.co/openbmb/MiniCPM3-RAG-LoRA/resolve/3ee34a2c7b518f2d9be23d7138a7d29300b240f8/config.json","未核验","未核验","未核验","未核验","https://huggingface.co/openbmb/MiniCPM3-RAG-LoRA/resolve/3ee34a2c7b518f2d9be23d7138a7d29300b240f8/config.json","文本decode/verify；B[1,16],S[1,8]；TP=1逻辑参考；","类型与位置待源码核验"
"root/layer_3","FFN_up","未核验","GEMM","[B,S,2560]","[B,S,6400]","B,S,T；其他轴见模型参数","B[1,16];S_verify[1,8];L_KV独立未知；TP=1","config=bfloat16；激活/累加类型未核验","未核验","逻辑轴顺序；物理format未核验","逻辑轴顺序；物理format未核验","未评估候选","未评估候选","未评估候选","未核验","未实测","未实测","未实测","未实测","未核验","配置确认 + 数学推导；未核验完整调用链","https://huggingface.co/openbmb/MiniCPM3-RAG-LoRA/resolve/3ee34a2c7b518f2d9be23d7138a7d29300b240f8/config.json","logical [6400,2560]","未核验","未核验","未核验","https://huggingface.co/openbmb/MiniCPM3-RAG-LoRA/resolve/3ee34a2c7b518f2d9be23d7138a7d29300b240f8/config.json","文本decode/verify；B[1,16],S[1,8]；TP=1逻辑参考；","Y=X@W^T"
"root/layer_3","FFN_activation_and_optional_gate","未核验","activation","[B,S,6400]","[B,S,6400]","B,S,T；其他轴见模型参数","B[1,16];S_verify[1,8];L_KV独立未知；TP=1","config=bfloat16；激活/累加类型未核验","未核验","逻辑轴顺序；物理format未核验","逻辑轴顺序；物理format未核验","未评估候选","未评估候选","未评估候选","未核验","未实测","未实测","未实测","未实测","未核验","配置确认 + 数学推导；未核验完整调用链","https://huggingface.co/openbmb/MiniCPM3-RAG-LoRA/resolve/3ee34a2c7b518f2d9be23d7138a7d29300b240f8/config.json","未核验","未核验","未核验","未核验","https://huggingface.co/openbmb/MiniCPM3-RAG-LoRA/resolve/3ee34a2c7b518f2d9be23d7138a7d29300b240f8/config.json","文本decode/verify；B[1,16],S[1,8]；TP=1逻辑参考；是否额外gate矩阵与门控分支维度需要实现；不能仅由silu推定完整SwiGLU","config.hidden_act=silu"
"root/layer_3","FFN_down","未核验","GEMM","[B,S,6400]","[B,S,2560]","B,S,T；其他轴见模型参数","B[1,16];S_verify[1,8];L_KV独立未知；TP=1","config=bfloat16；激活/累加类型未核验","未核验","逻辑轴顺序；物理format未核验","逻辑轴顺序；物理format未核验","未评估候选","未评估候选","未评估候选","未核验","未实测","未实测","未实测","未实测","未核验","配置确认 + 数学推导；未核验完整调用链","https://huggingface.co/openbmb/MiniCPM3-RAG-LoRA/resolve/3ee34a2c7b518f2d9be23d7138a7d29300b240f8/config.json","logical [2560,6400]","未核验","未核验","未核验","https://huggingface.co/openbmb/MiniCPM3-RAG-LoRA/resolve/3ee34a2c7b518f2d9be23d7138a7d29300b240f8/config.json","文本decode/verify；B[1,16],S[1,8]；TP=1逻辑参考；","Y=X@W^T"
"root/layer_3","FFN_residual","未核验","elementwise","[B,S,2560];[B,S,2560]","[B,S,2560]","B,S,T；其他轴见模型参数","B[1,16];S_verify[1,8];L_KV独立未知；TP=1","config=bfloat16；激活/累加类型未核验","未核验","逻辑轴顺序；物理format未核验","逻辑轴顺序；物理format未核验","未评估候选","未评估候选","未评估候选","未核验","未实测","未实测","未实测","未实测","未核验","配置确认 + 数学推导；未核验完整调用链","https://huggingface.co/openbmb/MiniCPM3-RAG-LoRA/resolve/3ee34a2c7b518f2d9be23d7138a7d29300b240f8/config.json","未核验","未核验","未核验","未核验","https://huggingface.co/openbmb/MiniCPM3-RAG-LoRA/resolve/3ee34a2c7b518f2d9be23d7138a7d29300b240f8/config.json","文本decode/verify；B[1,16],S[1,8]；TP=1逻辑参考；","Y=X+branch（参考，实际残差策略未核验）"
"root/layer_4","input_normalization","未核验","norm","[B,S,2560]","[B,S,2560]","B,S,T；其他轴见模型参数","B[1,16];S_verify[1,8];L_KV独立未知；TP=1","config=bfloat16；激活/累加类型未核验","未核验","逻辑轴顺序；物理format未核验","逻辑轴顺序；物理format未核验","未评估候选","未评估候选","未评估候选","未核验","未实测","未实测","未实测","未实测","未核验","配置确认 + 数学推导；未核验完整调用链","https://huggingface.co/openbmb/MiniCPM3-RAG-LoRA/resolve/3ee34a2c7b518f2d9be23d7138a7d29300b240f8/config.json","未核验","未核验","未核验","未核验","https://huggingface.co/openbmb/MiniCPM3-RAG-LoRA/resolve/3ee34a2c7b518f2d9be23d7138a7d29300b240f8/config.json","文本decode/verify；B[1,16],S[1,8]；TP=1逻辑参考；","归一化类型/先后顺序待实现核验"
"root/layer_4","q_a_projection","未核验","GEMM","[B,S,2560]","[B,S,768]","B,S,T；其他轴见模型参数","B[1,16];S_verify[1,8];L_KV独立未知；TP=1","config=bfloat16；激活/累加类型未核验","未核验","逻辑轴顺序；物理format未核验","逻辑轴顺序；物理format未核验","未评估候选","未评估候选","未评估候选","未核验","未实测","未实测","未实测","未实测","未核验","配置确认 + 数学推导；未核验完整调用链","https://huggingface.co/openbmb/MiniCPM3-RAG-LoRA/resolve/3ee34a2c7b518f2d9be23d7138a7d29300b240f8/config.json","logical [768,2560]","未核验","未核验","未核验","https://huggingface.co/openbmb/MiniCPM3-RAG-LoRA/resolve/3ee34a2c7b518f2d9be23d7138a7d29300b240f8/config.json","文本decode/verify；B[1,16],S[1,8]；TP=1逻辑参考；","Y=X@W^T"
"root/layer_4","q_b_projection","未核验","GEMM","[B,S,768]","[B,S,3840]","B,S,T；其他轴见模型参数","B[1,16];S_verify[1,8];L_KV独立未知；TP=1","config=bfloat16；激活/累加类型未核验","未核验","逻辑轴顺序；物理format未核验","逻辑轴顺序；物理format未核验","未评估候选","未评估候选","未评估候选","未核验","未实测","未实测","未实测","未实测","未核验","配置确认 + 数学推导；未核验完整调用链","https://huggingface.co/openbmb/MiniCPM3-RAG-LoRA/resolve/3ee34a2c7b518f2d9be23d7138a7d29300b240f8/config.json","logical [3840,768]","未核验","未核验","未核验","https://huggingface.co/openbmb/MiniCPM3-RAG-LoRA/resolve/3ee34a2c7b518f2d9be23d7138a7d29300b240f8/config.json","文本decode/verify；B[1,16],S[1,8]；TP=1逻辑参考；","Q_width=heads*(qk_nope+qk_rope)"
"root/layer_4","kv_compression","未核验","GEMM","[B,S,2560]","[B,S,288]","B,S,T；其他轴见模型参数","B[1,16];S_verify[1,8];L_KV独立未知；TP=1","config=bfloat16；激活/累加类型未核验","未核验","逻辑轴顺序；物理format未核验","逻辑轴顺序；物理format未核验","未评估候选","未评估候选","未评估候选","未核验","未实测","未实测","未实测","未实测","未核验","配置确认 + 数学推导；未核验完整调用链","https://huggingface.co/openbmb/MiniCPM3-RAG-LoRA/resolve/3ee34a2c7b518f2d9be23d7138a7d29300b240f8/config.json","logical [288,2560]","未核验","未核验","未核验","https://huggingface.co/openbmb/MiniCPM3-RAG-LoRA/resolve/3ee34a2c7b518f2d9be23d7138a7d29300b240f8/config.json","文本decode/verify；B[1,16],S[1,8]；TP=1逻辑参考；","KV_width=kv_lora_rank+qk_rope_head_dim"
"root/layer_4","MLA_cache_and_attention","未核验","MLA","Q:[B,S,40,96];KVc:[B,L_KV,256]","[B,S,2560]","B,S,T；其他轴见模型参数","B[1,16];S_verify[1,8];L_KV独立未知；TP=1","config=bfloat16；激活/累加类型未核验","未核验","逻辑轴顺序；物理format未核验","逻辑轴顺序；物理format未核验","未评估候选","未评估候选","未评估候选","未核验","未实测","未实测","未实测","未实测","未核验","配置确认 + 数学推导；未核验完整调用链","https://huggingface.co/openbmb/MiniCPM3-RAG-LoRA/resolve/3ee34a2c7b518f2d9be23d7138a7d29300b240f8/config.json","未核验","未核验","未核验","未核验","https://huggingface.co/openbmb/MiniCPM3-RAG-LoRA/resolve/3ee34a2c7b518f2d9be23d7138a7d29300b240f8/config.json","文本decode/verify；B[1,16],S[1,8]；TP=1逻辑参考；","KV展开/吸收、value维度、cache布局待实现核验"
"root/layer_4","attention_residual","未核验","elementwise","[B,S,2560];[B,S,2560]","[B,S,2560]","B,S,T；其他轴见模型参数","B[1,16];S_verify[1,8];L_KV独立未知；TP=1","config=bfloat16；激活/累加类型未核验","未核验","逻辑轴顺序；物理format未核验","逻辑轴顺序；物理format未核验","未评估候选","未评估候选","未评估候选","未核验","未实测","未实测","未实测","未实测","未核验","配置确认 + 数学推导；未核验完整调用链","https://huggingface.co/openbmb/MiniCPM3-RAG-LoRA/resolve/3ee34a2c7b518f2d9be23d7138a7d29300b240f8/config.json","未核验","未核验","未核验","未核验","https://huggingface.co/openbmb/MiniCPM3-RAG-LoRA/resolve/3ee34a2c7b518f2d9be23d7138a7d29300b240f8/config.json","文本decode/verify；B[1,16],S[1,8]；TP=1逻辑参考；","Y=X+branch（参考，实际残差策略未核验）"
"root/layer_4","post_attention_normalization","未核验","norm","[B,S,2560]","[B,S,2560]","B,S,T；其他轴见模型参数","B[1,16];S_verify[1,8];L_KV独立未知；TP=1","config=bfloat16；激活/累加类型未核验","未核验","逻辑轴顺序；物理format未核验","逻辑轴顺序；物理format未核验","未评估候选","未评估候选","未评估候选","未核验","未实测","未实测","未实测","未实测","未核验","配置确认 + 数学推导；未核验完整调用链","https://huggingface.co/openbmb/MiniCPM3-RAG-LoRA/resolve/3ee34a2c7b518f2d9be23d7138a7d29300b240f8/config.json","未核验","未核验","未核验","未核验","https://huggingface.co/openbmb/MiniCPM3-RAG-LoRA/resolve/3ee34a2c7b518f2d9be23d7138a7d29300b240f8/config.json","文本decode/verify；B[1,16],S[1,8]；TP=1逻辑参考；","类型与位置待源码核验"
"root/layer_4","FFN_up","未核验","GEMM","[B,S,2560]","[B,S,6400]","B,S,T；其他轴见模型参数","B[1,16];S_verify[1,8];L_KV独立未知；TP=1","config=bfloat16；激活/累加类型未核验","未核验","逻辑轴顺序；物理format未核验","逻辑轴顺序；物理format未核验","未评估候选","未评估候选","未评估候选","未核验","未实测","未实测","未实测","未实测","未核验","配置确认 + 数学推导；未核验完整调用链","https://huggingface.co/openbmb/MiniCPM3-RAG-LoRA/resolve/3ee34a2c7b518f2d9be23d7138a7d29300b240f8/config.json","logical [6400,2560]","未核验","未核验","未核验","https://huggingface.co/openbmb/MiniCPM3-RAG-LoRA/resolve/3ee34a2c7b518f2d9be23d7138a7d29300b240f8/config.json","文本decode/verify；B[1,16],S[1,8]；TP=1逻辑参考；","Y=X@W^T"
"root/layer_4","FFN_activation_and_optional_gate","未核验","activation","[B,S,6400]","[B,S,6400]","B,S,T；其他轴见模型参数","B[1,16];S_verify[1,8];L_KV独立未知；TP=1","config=bfloat16；激活/累加类型未核验","未核验","逻辑轴顺序；物理format未核验","逻辑轴顺序；物理format未核验","未评估候选","未评估候选","未评估候选","未核验","未实测","未实测","未实测","未实测","未核验","配置确认 + 数学推导；未核验完整调用链","https://huggingface.co/openbmb/MiniCPM3-RAG-LoRA/resolve/3ee34a2c7b518f2d9be23d7138a7d29300b240f8/config.json","未核验","未核验","未核验","未核验","https://huggingface.co/openbmb/MiniCPM3-RAG-LoRA/resolve/3ee34a2c7b518f2d9be23d7138a7d29300b240f8/config.json","文本decode/verify；B[1,16],S[1,8]；TP=1逻辑参考；是否额外gate矩阵与门控分支维度需要实现；不能仅由silu推定完整SwiGLU","config.hidden_act=silu"
"root/layer_4","FFN_down","未核验","GEMM","[B,S,6400]","[B,S,2560]","B,S,T；其他轴见模型参数","B[1,16];S_verify[1,8];L_KV独立未知；TP=1","config=bfloat16；激活/累加类型未核验","未核验","逻辑轴顺序；物理format未核验","逻辑轴顺序；物理format未核验","未评估候选","未评估候选","未评估候选","未核验","未实测","未实测","未实测","未实测","未核验","配置确认 + 数学推导；未核验完整调用链","https://huggingface.co/openbmb/MiniCPM3-RAG-LoRA/resolve/3ee34a2c7b518f2d9be23d7138a7d29300b240f8/config.json","logical [2560,6400]","未核验","未核验","未核验","https://huggingface.co/openbmb/MiniCPM3-RAG-LoRA/resolve/3ee34a2c7b518f2d9be23d7138a7d29300b240f8/config.json","文本decode/verify；B[1,16],S[1,8]；TP=1逻辑参考；","Y=X@W^T"
"root/layer_4","FFN_residual","未核验","elementwise","[B,S,2560];[B,S,2560]","[B,S,2560]","B,S,T；其他轴见模型参数","B[1,16];S_verify[1,8];L_KV独立未知；TP=1","config=bfloat16；激活/累加类型未核验","未核验","逻辑轴顺序；物理format未核验","逻辑轴顺序；物理format未核验","未评估候选","未评估候选","未评估候选","未核验","未实测","未实测","未实测","未实测","未核验","配置确认 + 数学推导；未核验完整调用链","https://huggingface.co/openbmb/MiniCPM3-RAG-LoRA/resolve/3ee34a2c7b518f2d9be23d7138a7d29300b240f8/config.json","未核验","未核验","未核验","未核验","https://huggingface.co/openbmb/MiniCPM3-RAG-LoRA/resolve/3ee34a2c7b518f2d9be23d7138a7d29300b240f8/config.json","文本decode/verify；B[1,16],S[1,8]；TP=1逻辑参考；","Y=X+branch（参考，实际残差策略未核验）"
"root/layer_5","input_normalization","未核验","norm","[B,S,2560]","[B,S,2560]","B,S,T；其他轴见模型参数","B[1,16];S_verify[1,8];L_KV独立未知；TP=1","config=bfloat16；激活/累加类型未核验","未核验","逻辑轴顺序；物理format未核验","逻辑轴顺序；物理format未核验","未评估候选","未评估候选","未评估候选","未核验","未实测","未实测","未实测","未实测","未核验","配置确认 + 数学推导；未核验完整调用链","https://huggingface.co/openbmb/MiniCPM3-RAG-LoRA/resolve/3ee34a2c7b518f2d9be23d7138a7d29300b240f8/config.json","未核验","未核验","未核验","未核验","https://huggingface.co/openbmb/MiniCPM3-RAG-LoRA/resolve/3ee34a2c7b518f2d9be23d7138a7d29300b240f8/config.json","文本decode/verify；B[1,16],S[1,8]；TP=1逻辑参考；","归一化类型/先后顺序待实现核验"
"root/layer_5","q_a_projection","未核验","GEMM","[B,S,2560]","[B,S,768]","B,S,T；其他轴见模型参数","B[1,16];S_verify[1,8];L_KV独立未知；TP=1","config=bfloat16；激活/累加类型未核验","未核验","逻辑轴顺序；物理format未核验","逻辑轴顺序；物理format未核验","未评估候选","未评估候选","未评估候选","未核验","未实测","未实测","未实测","未实测","未核验","配置确认 + 数学推导；未核验完整调用链","https://huggingface.co/openbmb/MiniCPM3-RAG-LoRA/resolve/3ee34a2c7b518f2d9be23d7138a7d29300b240f8/config.json","logical [768,2560]","未核验","未核验","未核验","https://huggingface.co/openbmb/MiniCPM3-RAG-LoRA/resolve/3ee34a2c7b518f2d9be23d7138a7d29300b240f8/config.json","文本decode/verify；B[1,16],S[1,8]；TP=1逻辑参考；","Y=X@W^T"
"root/layer_5","q_b_projection","未核验","GEMM","[B,S,768]","[B,S,3840]","B,S,T；其他轴见模型参数","B[1,16];S_verify[1,8];L_KV独立未知；TP=1","config=bfloat16；激活/累加类型未核验","未核验","逻辑轴顺序；物理format未核验","逻辑轴顺序；物理format未核验","未评估候选","未评估候选","未评估候选","未核验","未实测","未实测","未实测","未实测","未核验","配置确认 + 数学推导；未核验完整调用链","https://huggingface.co/openbmb/MiniCPM3-RAG-LoRA/resolve/3ee34a2c7b518f2d9be23d7138a7d29300b240f8/config.json","logical [3840,768]","未核验","未核验","未核验","https://huggingface.co/openbmb/MiniCPM3-RAG-LoRA/resolve/3ee34a2c7b518f2d9be23d7138a7d29300b240f8/config.json","文本decode/verify；B[1,16],S[1,8]；TP=1逻辑参考；","Q_width=heads*(qk_nope+qk_rope)"
"root/layer_5","kv_compression","未核验","GEMM","[B,S,2560]","[B,S,288]","B,S,T；其他轴见模型参数","B[1,16];S_verify[1,8];L_KV独立未知；TP=1","config=bfloat16；激活/累加类型未核验","未核验","逻辑轴顺序；物理format未核验","逻辑轴顺序；物理format未核验","未评估候选","未评估候选","未评估候选","未核验","未实测","未实测","未实测","未实测","未核验","配置确认 + 数学推导；未核验完整调用链","https://huggingface.co/openbmb/MiniCPM3-RAG-LoRA/resolve/3ee34a2c7b518f2d9be23d7138a7d29300b240f8/config.json","logical [288,2560]","未核验","未核验","未核验","https://huggingface.co/openbmb/MiniCPM3-RAG-LoRA/resolve/3ee34a2c7b518f2d9be23d7138a7d29300b240f8/config.json","文本decode/verify；B[1,16],S[1,8]；TP=1逻辑参考；","KV_width=kv_lora_rank+qk_rope_head_dim"
"root/layer_5","MLA_cache_and_attention","未核验","MLA","Q:[B,S,40,96];KVc:[B,L_KV,256]","[B,S,2560]","B,S,T；其他轴见模型参数","B[1,16];S_verify[1,8];L_KV独立未知；TP=1","config=bfloat16；激活/累加类型未核验","未核验","逻辑轴顺序；物理format未核验","逻辑轴顺序；物理format未核验","未评估候选","未评估候选","未评估候选","未核验","未实测","未实测","未实测","未实测","未核验","配置确认 + 数学推导；未核验完整调用链","https://huggingface.co/openbmb/MiniCPM3-RAG-LoRA/resolve/3ee34a2c7b518f2d9be23d7138a7d29300b240f8/config.json","未核验","未核验","未核验","未核验","https://huggingface.co/openbmb/MiniCPM3-RAG-LoRA/resolve/3ee34a2c7b518f2d9be23d7138a7d29300b240f8/config.json","文本decode/verify；B[1,16],S[1,8]；TP=1逻辑参考；","KV展开/吸收、value维度、cache布局待实现核验"
"root/layer_5","attention_residual","未核验","elementwise","[B,S,2560];[B,S,2560]","[B,S,2560]","B,S,T；其他轴见模型参数","B[1,16];S_verify[1,8];L_KV独立未知；TP=1","config=bfloat16；激活/累加类型未核验","未核验","逻辑轴顺序；物理format未核验","逻辑轴顺序；物理format未核验","未评估候选","未评估候选","未评估候选","未核验","未实测","未实测","未实测","未实测","未核验","配置确认 + 数学推导；未核验完整调用链","https://huggingface.co/openbmb/MiniCPM3-RAG-LoRA/resolve/3ee34a2c7b518f2d9be23d7138a7d29300b240f8/config.json","未核验","未核验","未核验","未核验","https://huggingface.co/openbmb/MiniCPM3-RAG-LoRA/resolve/3ee34a2c7b518f2d9be23d7138a7d29300b240f8/config.json","文本decode/verify；B[1,16],S[1,8]；TP=1逻辑参考；","Y=X+branch（参考，实际残差策略未核验）"
"root/layer_5","post_attention_normalization","未核验","norm","[B,S,2560]","[B,S,2560]","B,S,T；其他轴见模型参数","B[1,16];S_verify[1,8];L_KV独立未知；TP=1","config=bfloat16；激活/累加类型未核验","未核验","逻辑轴顺序；物理format未核验","逻辑轴顺序；物理format未核验","未评估候选","未评估候选","未评估候选","未核验","未实测","未实测","未实测","未实测","未核验","配置确认 + 数学推导；未核验完整调用链","https://huggingface.co/openbmb/MiniCPM3-RAG-LoRA/resolve/3ee34a2c7b518f2d9be23d7138a7d29300b240f8/config.json","未核验","未核验","未核验","未核验","https://huggingface.co/openbmb/MiniCPM3-RAG-LoRA/resolve/3ee34a2c7b518f2d9be23d7138a7d29300b240f8/config.json","文本decode/verify；B[1,16],S[1,8]；TP=1逻辑参考；","类型与位置待源码核验"
"root/layer_5","FFN_up","未核验","GEMM","[B,S,2560]","[B,S,6400]","B,S,T；其他轴见模型参数","B[1,16];S_verify[1,8];L_KV独立未知；TP=1","config=bfloat16；激活/累加类型未核验","未核验","逻辑轴顺序；物理format未核验","逻辑轴顺序；物理format未核验","未评估候选","未评估候选","未评估候选","未核验","未实测","未实测","未实测","未实测","未核验","配置确认 + 数学推导；未核验完整调用链","https://huggingface.co/openbmb/MiniCPM3-RAG-LoRA/resolve/3ee34a2c7b518f2d9be23d7138a7d29300b240f8/config.json","logical [6400,2560]","未核验","未核验","未核验","https://huggingface.co/openbmb/MiniCPM3-RAG-LoRA/resolve/3ee34a2c7b518f2d9be23d7138a7d29300b240f8/config.json","文本decode/verify；B[1,16],S[1,8]；TP=1逻辑参考；","Y=X@W^T"
"root/layer_5","FFN_activation_and_optional_gate","未核验","activation","[B,S,6400]","[B,S,6400]","B,S,T；其他轴见模型参数","B[1,16];S_verify[1,8];L_KV独立未知；TP=1","config=bfloat16；激活/累加类型未核验","未核验","逻辑轴顺序；物理format未核验","逻辑轴顺序；物理format未核验","未评估候选","未评估候选","未评估候选","未核验","未实测","未实测","未实测","未实测","未核验","配置确认 + 数学推导；未核验完整调用链","https://huggingface.co/openbmb/MiniCPM3-RAG-LoRA/resolve/3ee34a2c7b518f2d9be23d7138a7d29300b240f8/config.json","未核验","未核验","未核验","未核验","https://huggingface.co/openbmb/MiniCPM3-RAG-LoRA/resolve/3ee34a2c7b518f2d9be23d7138a7d29300b240f8/config.json","文本decode/verify；B[1,16],S[1,8]；TP=1逻辑参考；是否额外gate矩阵与门控分支维度需要实现；不能仅由silu推定完整SwiGLU","config.hidden_act=silu"
"root/layer_5","FFN_down","未核验","GEMM","[B,S,6400]","[B,S,2560]","B,S,T；其他轴见模型参数","B[1,16];S_verify[1,8];L_KV独立未知；TP=1","config=bfloat16；激活/累加类型未核验","未核验","逻辑轴顺序；物理format未核验","逻辑轴顺序；物理format未核验","未评估候选","未评估候选","未评估候选","未核验","未实测","未实测","未实测","未实测","未核验","配置确认 + 数学推导；未核验完整调用链","https://huggingface.co/openbmb/MiniCPM3-RAG-LoRA/resolve/3ee34a2c7b518f2d9be23d7138a7d29300b240f8/config.json","logical [2560,6400]","未核验","未核验","未核验","https://huggingface.co/openbmb/MiniCPM3-RAG-LoRA/resolve/3ee34a2c7b518f2d9be23d7138a7d29300b240f8/config.json","文本decode/verify；B[1,16],S[1,8]；TP=1逻辑参考；","Y=X@W^T"
"root/layer_5","FFN_residual","未核验","elementwise","[B,S,2560];[B,S,2560]","[B,S,2560]","B,S,T；其他轴见模型参数","B[1,16];S_verify[1,8];L_KV独立未知；TP=1","config=bfloat16；激活/累加类型未核验","未核验","逻辑轴顺序；物理format未核验","逻辑轴顺序；物理format未核验","未评估候选","未评估候选","未评估候选","未核验","未实测","未实测","未实测","未实测","未核验","配置确认 + 数学推导；未核验完整调用链","https://huggingface.co/openbmb/MiniCPM3-RAG-LoRA/resolve/3ee34a2c7b518f2d9be23d7138a7d29300b240f8/config.json","未核验","未核验","未核验","未核验","https://huggingface.co/openbmb/MiniCPM3-RAG-LoRA/resolve/3ee34a2c7b518f2d9be23d7138a7d29300b240f8/config.json","文本decode/verify；B[1,16],S[1,8]；TP=1逻辑参考；","Y=X+branch（参考，实际残差策略未核验）"
"root/layer_6","input_normalization","未核验","norm","[B,S,2560]","[B,S,2560]","B,S,T；其他轴见模型参数","B[1,16];S_verify[1,8];L_KV独立未知；TP=1","config=bfloat16；激活/累加类型未核验","未核验","逻辑轴顺序；物理format未核验","逻辑轴顺序；物理format未核验","未评估候选","未评估候选","未评估候选","未核验","未实测","未实测","未实测","未实测","未核验","配置确认 + 数学推导；未核验完整调用链","https://huggingface.co/openbmb/MiniCPM3-RAG-LoRA/resolve/3ee34a2c7b518f2d9be23d7138a7d29300b240f8/config.json","未核验","未核验","未核验","未核验","https://huggingface.co/openbmb/MiniCPM3-RAG-LoRA/resolve/3ee34a2c7b518f2d9be23d7138a7d29300b240f8/config.json","文本decode/verify；B[1,16],S[1,8]；TP=1逻辑参考；","归一化类型/先后顺序待实现核验"
"root/layer_6","q_a_projection","未核验","GEMM","[B,S,2560]","[B,S,768]","B,S,T；其他轴见模型参数","B[1,16];S_verify[1,8];L_KV独立未知；TP=1","config=bfloat16；激活/累加类型未核验","未核验","逻辑轴顺序；物理format未核验","逻辑轴顺序；物理format未核验","未评估候选","未评估候选","未评估候选","未核验","未实测","未实测","未实测","未实测","未核验","配置确认 + 数学推导；未核验完整调用链","https://huggingface.co/openbmb/MiniCPM3-RAG-LoRA/resolve/3ee34a2c7b518f2d9be23d7138a7d29300b240f8/config.json","logical [768,2560]","未核验","未核验","未核验","https://huggingface.co/openbmb/MiniCPM3-RAG-LoRA/resolve/3ee34a2c7b518f2d9be23d7138a7d29300b240f8/config.json","文本decode/verify；B[1,16],S[1,8]；TP=1逻辑参考；","Y=X@W^T"
"root/layer_6","q_b_projection","未核验","GEMM","[B,S,768]","[B,S,3840]","B,S,T；其他轴见模型参数","B[1,16];S_verify[1,8];L_KV独立未知；TP=1","config=bfloat16；激活/累加类型未核验","未核验","逻辑轴顺序；物理format未核验","逻辑轴顺序；物理format未核验","未评估候选","未评估候选","未评估候选","未核验","未实测","未实测","未实测","未实测","未核验","配置确认 + 数学推导；未核验完整调用链","https://huggingface.co/openbmb/MiniCPM3-RAG-LoRA/resolve/3ee34a2c7b518f2d9be23d7138a7d29300b240f8/config.json","logical [3840,768]","未核验","未核验","未核验","https://huggingface.co/openbmb/MiniCPM3-RAG-LoRA/resolve/3ee34a2c7b518f2d9be23d7138a7d29300b240f8/config.json","文本decode/verify；B[1,16],S[1,8]；TP=1逻辑参考；","Q_width=heads*(qk_nope+qk_rope)"
"root/layer_6","kv_compression","未核验","GEMM","[B,S,2560]","[B,S,288]","B,S,T；其他轴见模型参数","B[1,16];S_verify[1,8];L_KV独立未知；TP=1","config=bfloat16；激活/累加类型未核验","未核验","逻辑轴顺序；物理format未核验","逻辑轴顺序；物理format未核验","未评估候选","未评估候选","未评估候选","未核验","未实测","未实测","未实测","未实测","未核验","配置确认 + 数学推导；未核验完整调用链","https://huggingface.co/openbmb/MiniCPM3-RAG-LoRA/resolve/3ee34a2c7b518f2d9be23d7138a7d29300b240f8/config.json","logical [288,2560]","未核验","未核验","未核验","https://huggingface.co/openbmb/MiniCPM3-RAG-LoRA/resolve/3ee34a2c7b518f2d9be23d7138a7d29300b240f8/config.json","文本decode/verify；B[1,16],S[1,8]；TP=1逻辑参考；","KV_width=kv_lora_rank+qk_rope_head_dim"
"root/layer_6","MLA_cache_and_attention","未核验","MLA","Q:[B,S,40,96];KVc:[B,L_KV,256]","[B,S,2560]","B,S,T；其他轴见模型参数","B[1,16];S_verify[1,8];L_KV独立未知；TP=1","config=bfloat16；激活/累加类型未核验","未核验","逻辑轴顺序；物理format未核验","逻辑轴顺序；物理format未核验","未评估候选","未评估候选","未评估候选","未核验","未实测","未实测","未实测","未实测","未核验","配置确认 + 数学推导；未核验完整调用链","https://huggingface.co/openbmb/MiniCPM3-RAG-LoRA/resolve/3ee34a2c7b518f2d9be23d7138a7d29300b240f8/config.json","未核验","未核验","未核验","未核验","https://huggingface.co/openbmb/MiniCPM3-RAG-LoRA/resolve/3ee34a2c7b518f2d9be23d7138a7d29300b240f8/config.json","文本decode/verify；B[1,16],S[1,8]；TP=1逻辑参考；","KV展开/吸收、value维度、cache布局待实现核验"
"root/layer_6","attention_residual","未核验","elementwise","[B,S,2560];[B,S,2560]","[B,S,2560]","B,S,T；其他轴见模型参数","B[1,16];S_verify[1,8];L_KV独立未知；TP=1","config=bfloat16；激活/累加类型未核验","未核验","逻辑轴顺序；物理format未核验","逻辑轴顺序；物理format未核验","未评估候选","未评估候选","未评估候选","未核验","未实测","未实测","未实测","未实测","未核验","配置确认 + 数学推导；未核验完整调用链","https://huggingface.co/openbmb/MiniCPM3-RAG-LoRA/resolve/3ee34a2c7b518f2d9be23d7138a7d29300b240f8/config.json","未核验","未核验","未核验","未核验","https://huggingface.co/openbmb/MiniCPM3-RAG-LoRA/resolve/3ee34a2c7b518f2d9be23d7138a7d29300b240f8/config.json","文本decode/verify；B[1,16],S[1,8]；TP=1逻辑参考；","Y=X+branch（参考，实际残差策略未核验）"
"root/layer_6","post_attention_normalization","未核验","norm","[B,S,2560]","[B,S,2560]","B,S,T；其他轴见模型参数","B[1,16];S_verify[1,8];L_KV独立未知；TP=1","config=bfloat16；激活/累加类型未核验","未核验","逻辑轴顺序；物理format未核验","逻辑轴顺序；物理format未核验","未评估候选","未评估候选","未评估候选","未核验","未实测","未实测","未实测","未实测","未核验","配置确认 + 数学推导；未核验完整调用链","https://huggingface.co/openbmb/MiniCPM3-RAG-LoRA/resolve/3ee34a2c7b518f2d9be23d7138a7d29300b240f8/config.json","未核验","未核验","未核验","未核验","https://huggingface.co/openbmb/MiniCPM3-RAG-LoRA/resolve/3ee34a2c7b518f2d9be23d7138a7d29300b240f8/config.json","文本decode/verify；B[1,16],S[1,8]；TP=1逻辑参考；","类型与位置待源码核验"
"root/layer_6","FFN_up","未核验","GEMM","[B,S,2560]","[B,S,6400]","B,S,T；其他轴见模型参数","B[1,16];S_verify[1,8];L_KV独立未知；TP=1","config=bfloat16；激活/累加类型未核验","未核验","逻辑轴顺序；物理format未核验","逻辑轴顺序；物理format未核验","未评估候选","未评估候选","未评估候选","未核验","未实测","未实测","未实测","未实测","未核验","配置确认 + 数学推导；未核验完整调用链","https://huggingface.co/openbmb/MiniCPM3-RAG-LoRA/resolve/3ee34a2c7b518f2d9be23d7138a7d29300b240f8/config.json","logical [6400,2560]","未核验","未核验","未核验","https://huggingface.co/openbmb/MiniCPM3-RAG-LoRA/resolve/3ee34a2c7b518f2d9be23d7138a7d29300b240f8/config.json","文本decode/verify；B[1,16],S[1,8]；TP=1逻辑参考；","Y=X@W^T"
"root/layer_6","FFN_activation_and_optional_gate","未核验","activation","[B,S,6400]","[B,S,6400]","B,S,T；其他轴见模型参数","B[1,16];S_verify[1,8];L_KV独立未知；TP=1","config=bfloat16；激活/累加类型未核验","未核验","逻辑轴顺序；物理format未核验","逻辑轴顺序；物理format未核验","未评估候选","未评估候选","未评估候选","未核验","未实测","未实测","未实测","未实测","未核验","配置确认 + 数学推导；未核验完整调用链","https://huggingface.co/openbmb/MiniCPM3-RAG-LoRA/resolve/3ee34a2c7b518f2d9be23d7138a7d29300b240f8/config.json","未核验","未核验","未核验","未核验","https://huggingface.co/openbmb/MiniCPM3-RAG-LoRA/resolve/3ee34a2c7b518f2d9be23d7138a7d29300b240f8/config.json","文本decode/verify；B[1,16],S[1,8]；TP=1逻辑参考；是否额外gate矩阵与门控分支维度需要实现；不能仅由silu推定完整SwiGLU","config.hidden_act=silu"
"root/layer_6","FFN_down","未核验","GEMM","[B,S,6400]","[B,S,2560]","B,S,T；其他轴见模型参数","B[1,16];S_verify[1,8];L_KV独立未知；TP=1","config=bfloat16；激活/累加类型未核验","未核验","逻辑轴顺序；物理format未核验","逻辑轴顺序；物理format未核验","未评估候选","未评估候选","未评估候选","未核验","未实测","未实测","未实测","未实测","未核验","配置确认 + 数学推导；未核验完整调用链","https://huggingface.co/openbmb/MiniCPM3-RAG-LoRA/resolve/3ee34a2c7b518f2d9be23d7138a7d29300b240f8/config.json","logical [2560,6400]","未核验","未核验","未核验","https://huggingface.co/openbmb/MiniCPM3-RAG-LoRA/resolve/3ee34a2c7b518f2d9be23d7138a7d29300b240f8/config.json","文本decode/verify；B[1,16],S[1,8]；TP=1逻辑参考；","Y=X@W^T"
"root/layer_6","FFN_residual","未核验","elementwise","[B,S,2560];[B,S,2560]","[B,S,2560]","B,S,T；其他轴见模型参数","B[1,16];S_verify[1,8];L_KV独立未知；TP=1","config=bfloat16；激活/累加类型未核验","未核验","逻辑轴顺序；物理format未核验","逻辑轴顺序；物理format未核验","未评估候选","未评估候选","未评估候选","未核验","未实测","未实测","未实测","未实测","未核验","配置确认 + 数学推导；未核验完整调用链","https://huggingface.co/openbmb/MiniCPM3-RAG-LoRA/resolve/3ee34a2c7b518f2d9be23d7138a7d29300b240f8/config.json","未核验","未核验","未核验","未核验","https://huggingface.co/openbmb/MiniCPM3-RAG-LoRA/resolve/3ee34a2c7b518f2d9be23d7138a7d29300b240f8/config.json","文本decode/verify；B[1,16],S[1,8]；TP=1逻辑参考；","Y=X+branch（参考，实际残差策略未核验）"
"root/layer_7","input_normalization","未核验","norm","[B,S,2560]","[B,S,2560]","B,S,T；其他轴见模型参数","B[1,16];S_verify[1,8];L_KV独立未知；TP=1","config=bfloat16；激活/累加类型未核验","未核验","逻辑轴顺序；物理format未核验","逻辑轴顺序；物理format未核验","未评估候选","未评估候选","未评估候选","未核验","未实测","未实测","未实测","未实测","未核验","配置确认 + 数学推导；未核验完整调用链","https://huggingface.co/openbmb/MiniCPM3-RAG-LoRA/resolve/3ee34a2c7b518f2d9be23d7138a7d29300b240f8/config.json","未核验","未核验","未核验","未核验","https://huggingface.co/openbmb/MiniCPM3-RAG-LoRA/resolve/3ee34a2c7b518f2d9be23d7138a7d29300b240f8/config.json","文本decode/verify；B[1,16],S[1,8]；TP=1逻辑参考；","归一化类型/先后顺序待实现核验"
"root/layer_7","q_a_projection","未核验","GEMM","[B,S,2560]","[B,S,768]","B,S,T；其他轴见模型参数","B[1,16];S_verify[1,8];L_KV独立未知；TP=1","config=bfloat16；激活/累加类型未核验","未核验","逻辑轴顺序；物理format未核验","逻辑轴顺序；物理format未核验","未评估候选","未评估候选","未评估候选","未核验","未实测","未实测","未实测","未实测","未核验","配置确认 + 数学推导；未核验完整调用链","https://huggingface.co/openbmb/MiniCPM3-RAG-LoRA/resolve/3ee34a2c7b518f2d9be23d7138a7d29300b240f8/config.json","logical [768,2560]","未核验","未核验","未核验","https://huggingface.co/openbmb/MiniCPM3-RAG-LoRA/resolve/3ee34a2c7b518f2d9be23d7138a7d29300b240f8/config.json","文本decode/verify；B[1,16],S[1,8]；TP=1逻辑参考；","Y=X@W^T"
"root/layer_7","q_b_projection","未核验","GEMM","[B,S,768]","[B,S,3840]","B,S,T；其他轴见模型参数","B[1,16];S_verify[1,8];L_KV独立未知；TP=1","config=bfloat16；激活/累加类型未核验","未核验","逻辑轴顺序；物理format未核验","逻辑轴顺序；物理format未核验","未评估候选","未评估候选","未评估候选","未核验","未实测","未实测","未实测","未实测","未核验","配置确认 + 数学推导；未核验完整调用链","https://huggingface.co/openbmb/MiniCPM3-RAG-LoRA/resolve/3ee34a2c7b518f2d9be23d7138a7d29300b240f8/config.json","logical [3840,768]","未核验","未核验","未核验","https://huggingface.co/openbmb/MiniCPM3-RAG-LoRA/resolve/3ee34a2c7b518f2d9be23d7138a7d29300b240f8/config.json","文本decode/verify；B[1,16],S[1,8]；TP=1逻辑参考；","Q_width=heads*(qk_nope+qk_rope)"
"root/layer_7","kv_compression","未核验","GEMM","[B,S,2560]","[B,S,288]","B,S,T；其他轴见模型参数","B[1,16];S_verify[1,8];L_KV独立未知；TP=1","config=bfloat16；激活/累加类型未核验","未核验","逻辑轴顺序；物理format未核验","逻辑轴顺序；物理format未核验","未评估候选","未评估候选","未评估候选","未核验","未实测","未实测","未实测","未实测","未核验","配置确认 + 数学推导；未核验完整调用链","https://huggingface.co/openbmb/MiniCPM3-RAG-LoRA/resolve/3ee34a2c7b518f2d9be23d7138a7d29300b240f8/config.json","logical [288,2560]","未核验","未核验","未核验","https://huggingface.co/openbmb/MiniCPM3-RAG-LoRA/resolve/3ee34a2c7b518f2d9be23d7138a7d29300b240f8/config.json","文本decode/verify；B[1,16],S[1,8]；TP=1逻辑参考；","KV_width=kv_lora_rank+qk_rope_head_dim"
"root/layer_7","MLA_cache_and_attention","未核验","MLA","Q:[B,S,40,96];KVc:[B,L_KV,256]","[B,S,2560]","B,S,T；其他轴见模型参数","B[1,16];S_verify[1,8];L_KV独立未知；TP=1","config=bfloat16；激活/累加类型未核验","未核验","逻辑轴顺序；物理format未核验","逻辑轴顺序；物理format未核验","未评估候选","未评估候选","未评估候选","未核验","未实测","未实测","未实测","未实测","未核验","配置确认 + 数学推导；未核验完整调用链","https://huggingface.co/openbmb/MiniCPM3-RAG-LoRA/resolve/3ee34a2c7b518f2d9be23d7138a7d29300b240f8/config.json","未核验","未核验","未核验","未核验","https://huggingface.co/openbmb/MiniCPM3-RAG-LoRA/resolve/3ee34a2c7b518f2d9be23d7138a7d29300b240f8/config.json","文本decode/verify；B[1,16],S[1,8]；TP=1逻辑参考；","KV展开/吸收、value维度、cache布局待实现核验"
"root/layer_7","attention_residual","未核验","elementwise","[B,S,2560];[B,S,2560]","[B,S,2560]","B,S,T；其他轴见模型参数","B[1,16];S_verify[1,8];L_KV独立未知；TP=1","config=bfloat16；激活/累加类型未核验","未核验","逻辑轴顺序；物理format未核验","逻辑轴顺序；物理format未核验","未评估候选","未评估候选","未评估候选","未核验","未实测","未实测","未实测","未实测","未核验","配置确认 + 数学推导；未核验完整调用链","https://huggingface.co/openbmb/MiniCPM3-RAG-LoRA/resolve/3ee34a2c7b518f2d9be23d7138a7d29300b240f8/config.json","未核验","未核验","未核验","未核验","https://huggingface.co/openbmb/MiniCPM3-RAG-LoRA/resolve/3ee34a2c7b518f2d9be23d7138a7d29300b240f8/config.json","文本decode/verify；B[1,16],S[1,8]；TP=1逻辑参考；","Y=X+branch（参考，实际残差策略未核验）"
"root/layer_7","post_attention_normalization","未核验","norm","[B,S,2560]","[B,S,2560]","B,S,T；其他轴见模型参数","B[1,16];S_verify[1,8];L_KV独立未知；TP=1","config=bfloat16；激活/累加类型未核验","未核验","逻辑轴顺序；物理format未核验","逻辑轴顺序；物理format未核验","未评估候选","未评估候选","未评估候选","未核验","未实测","未实测","未实测","未实测","未核验","配置确认 + 数学推导；未核验完整调用链","https://huggingface.co/openbmb/MiniCPM3-RAG-LoRA/resolve/3ee34a2c7b518f2d9be23d7138a7d29300b240f8/config.json","未核验","未核验","未核验","未核验","https://huggingface.co/openbmb/MiniCPM3-RAG-LoRA/resolve/3ee34a2c7b518f2d9be23d7138a7d29300b240f8/config.json","文本decode/verify；B[1,16],S[1,8]；TP=1逻辑参考；","类型与位置待源码核验"
"root/layer_7","FFN_up","未核验","GEMM","[B,S,2560]","[B,S,6400]","B,S,T；其他轴见模型参数","B[1,16];S_verify[1,8];L_KV独立未知；TP=1","config=bfloat16；激活/累加类型未核验","未核验","逻辑轴顺序；物理format未核验","逻辑轴顺序；物理format未核验","未评估候选","未评估候选","未评估候选","未核验","未实测","未实测","未实测","未实测","未核验","配置确认 + 数学推导；未核验完整调用链","https://huggingface.co/openbmb/MiniCPM3-RAG-LoRA/resolve/3ee34a2c7b518f2d9be23d7138a7d29300b240f8/config.json","logical [6400,2560]","未核验","未核验","未核验","https://huggingface.co/openbmb/MiniCPM3-RAG-LoRA/resolve/3ee34a2c7b518f2d9be23d7138a7d29300b240f8/config.json","文本decode/verify；B[1,16],S[1,8]；TP=1逻辑参考；","Y=X@W^T"
"root/layer_7","FFN_activation_and_optional_gate","未核验","activation","[B,S,6400]","[B,S,6400]","B,S,T；其他轴见模型参数","B[1,16];S_verify[1,8];L_KV独立未知；TP=1","config=bfloat16；激活/累加类型未核验","未核验","逻辑轴顺序；物理format未核验","逻辑轴顺序；物理format未核验","未评估候选","未评估候选","未评估候选","未核验","未实测","未实测","未实测","未实测","未核验","配置确认 + 数学推导；未核验完整调用链","https://huggingface.co/openbmb/MiniCPM3-RAG-LoRA/resolve/3ee34a2c7b518f2d9be23d7138a7d29300b240f8/config.json","未核验","未核验","未核验","未核验","https://huggingface.co/openbmb/MiniCPM3-RAG-LoRA/resolve/3ee34a2c7b518f2d9be23d7138a7d29300b240f8/config.json","文本decode/verify；B[1,16],S[1,8]；TP=1逻辑参考；是否额外gate矩阵与门控分支维度需要实现；不能仅由silu推定完整SwiGLU","config.hidden_act=silu"
"root/layer_7","FFN_down","未核验","GEMM","[B,S,6400]","[B,S,2560]","B,S,T；其他轴见模型参数","B[1,16];S_verify[1,8];L_KV独立未知；TP=1","config=bfloat16；激活/累加类型未核验","未核验","逻辑轴顺序；物理format未核验","逻辑轴顺序；物理format未核验","未评估候选","未评估候选","未评估候选","未核验","未实测","未实测","未实测","未实测","未核验","配置确认 + 数学推导；未核验完整调用链","https://huggingface.co/openbmb/MiniCPM3-RAG-LoRA/resolve/3ee34a2c7b518f2d9be23d7138a7d29300b240f8/config.json","logical [2560,6400]","未核验","未核验","未核验","https://huggingface.co/openbmb/MiniCPM3-RAG-LoRA/resolve/3ee34a2c7b518f2d9be23d7138a7d29300b240f8/config.json","文本decode/verify；B[1,16],S[1,8]；TP=1逻辑参考；","Y=X@W^T"
"root/layer_7","FFN_residual","未核验","elementwise","[B,S,2560];[B,S,2560]","[B,S,2560]","B,S,T；其他轴见模型参数","B[1,16];S_verify[1,8];L_KV独立未知；TP=1","config=bfloat16；激活/累加类型未核验","未核验","逻辑轴顺序；物理format未核验","逻辑轴顺序；物理format未核验","未评估候选","未评估候选","未评估候选","未核验","未实测","未实测","未实测","未实测","未核验","配置确认 + 数学推导；未核验完整调用链","https://huggingface.co/openbmb/MiniCPM3-RAG-LoRA/resolve/3ee34a2c7b518f2d9be23d7138a7d29300b240f8/config.json","未核验","未核验","未核验","未核验","https://huggingface.co/openbmb/MiniCPM3-RAG-LoRA/resolve/3ee34a2c7b518f2d9be23d7138a7d29300b240f8/config.json","文本decode/verify；B[1,16],S[1,8]；TP=1逻辑参考；","Y=X+branch（参考，实际残差策略未核验）"
"root/layer_8","input_normalization","未核验","norm","[B,S,2560]","[B,S,2560]","B,S,T；其他轴见模型参数","B[1,16];S_verify[1,8];L_KV独立未知；TP=1","config=bfloat16；激活/累加类型未核验","未核验","逻辑轴顺序；物理format未核验","逻辑轴顺序；物理format未核验","未评估候选","未评估候选","未评估候选","未核验","未实测","未实测","未实测","未实测","未核验","配置确认 + 数学推导；未核验完整调用链","https://huggingface.co/openbmb/MiniCPM3-RAG-LoRA/resolve/3ee34a2c7b518f2d9be23d7138a7d29300b240f8/config.json","未核验","未核验","未核验","未核验","https://huggingface.co/openbmb/MiniCPM3-RAG-LoRA/resolve/3ee34a2c7b518f2d9be23d7138a7d29300b240f8/config.json","文本decode/verify；B[1,16],S[1,8]；TP=1逻辑参考；","归一化类型/先后顺序待实现核验"
"root/layer_8","q_a_projection","未核验","GEMM","[B,S,2560]","[B,S,768]","B,S,T；其他轴见模型参数","B[1,16];S_verify[1,8];L_KV独立未知；TP=1","config=bfloat16；激活/累加类型未核验","未核验","逻辑轴顺序；物理format未核验","逻辑轴顺序；物理format未核验","未评估候选","未评估候选","未评估候选","未核验","未实测","未实测","未实测","未实测","未核验","配置确认 + 数学推导；未核验完整调用链","https://huggingface.co/openbmb/MiniCPM3-RAG-LoRA/resolve/3ee34a2c7b518f2d9be23d7138a7d29300b240f8/config.json","logical [768,2560]","未核验","未核验","未核验","https://huggingface.co/openbmb/MiniCPM3-RAG-LoRA/resolve/3ee34a2c7b518f2d9be23d7138a7d29300b240f8/config.json","文本decode/verify；B[1,16],S[1,8]；TP=1逻辑参考；","Y=X@W^T"
"root/layer_8","q_b_projection","未核验","GEMM","[B,S,768]","[B,S,3840]","B,S,T；其他轴见模型参数","B[1,16];S_verify[1,8];L_KV独立未知；TP=1","config=bfloat16；激活/累加类型未核验","未核验","逻辑轴顺序；物理format未核验","逻辑轴顺序；物理format未核验","未评估候选","未评估候选","未评估候选","未核验","未实测","未实测","未实测","未实测","未核验","配置确认 + 数学推导；未核验完整调用链","https://huggingface.co/openbmb/MiniCPM3-RAG-LoRA/resolve/3ee34a2c7b518f2d9be23d7138a7d29300b240f8/config.json","logical [3840,768]","未核验","未核验","未核验","https://huggingface.co/openbmb/MiniCPM3-RAG-LoRA/resolve/3ee34a2c7b518f2d9be23d7138a7d29300b240f8/config.json","文本decode/verify；B[1,16],S[1,8]；TP=1逻辑参考；","Q_width=heads*(qk_nope+qk_rope)"
"root/layer_8","kv_compression","未核验","GEMM","[B,S,2560]","[B,S,288]","B,S,T；其他轴见模型参数","B[1,16];S_verify[1,8];L_KV独立未知；TP=1","config=bfloat16；激活/累加类型未核验","未核验","逻辑轴顺序；物理format未核验","逻辑轴顺序；物理format未核验","未评估候选","未评估候选","未评估候选","未核验","未实测","未实测","未实测","未实测","未核验","配置确认 + 数学推导；未核验完整调用链","https://huggingface.co/openbmb/MiniCPM3-RAG-LoRA/resolve/3ee34a2c7b518f2d9be23d7138a7d29300b240f8/config.json","logical [288,2560]","未核验","未核验","未核验","https://huggingface.co/openbmb/MiniCPM3-RAG-LoRA/resolve/3ee34a2c7b518f2d9be23d7138a7d29300b240f8/config.json","文本decode/verify；B[1,16],S[1,8]；TP=1逻辑参考；","KV_width=kv_lora_rank+qk_rope_head_dim"
"root/layer_8","MLA_cache_and_attention","未核验","MLA","Q:[B,S,40,96];KVc:[B,L_KV,256]","[B,S,2560]","B,S,T；其他轴见模型参数","B[1,16];S_verify[1,8];L_KV独立未知；TP=1","config=bfloat16；激活/累加类型未核验","未核验","逻辑轴顺序；物理format未核验","逻辑轴顺序；物理format未核验","未评估候选","未评估候选","未评估候选","未核验","未实测","未实测","未实测","未实测","未核验","配置确认 + 数学推导；未核验完整调用链","https://huggingface.co/openbmb/MiniCPM3-RAG-LoRA/resolve/3ee34a2c7b518f2d9be23d7138a7d29300b240f8/config.json","未核验","未核验","未核验","未核验","https://huggingface.co/openbmb/MiniCPM3-RAG-LoRA/resolve/3ee34a2c7b518f2d9be23d7138a7d29300b240f8/config.json","文本decode/verify；B[1,16],S[1,8]；TP=1逻辑参考；","KV展开/吸收、value维度、cache布局待实现核验"
"root/layer_8","attention_residual","未核验","elementwise","[B,S,2560];[B,S,2560]","[B,S,2560]","B,S,T；其他轴见模型参数","B[1,16];S_verify[1,8];L_KV独立未知；TP=1","config=bfloat16；激活/累加类型未核验","未核验","逻辑轴顺序；物理format未核验","逻辑轴顺序；物理format未核验","未评估候选","未评估候选","未评估候选","未核验","未实测","未实测","未实测","未实测","未核验","配置确认 + 数学推导；未核验完整调用链","https://huggingface.co/openbmb/MiniCPM3-RAG-LoRA/resolve/3ee34a2c7b518f2d9be23d7138a7d29300b240f8/config.json","未核验","未核验","未核验","未核验","https://huggingface.co/openbmb/MiniCPM3-RAG-LoRA/resolve/3ee34a2c7b518f2d9be23d7138a7d29300b240f8/config.json","文本decode/verify；B[1,16],S[1,8]；TP=1逻辑参考；","Y=X+branch（参考，实际残差策略未核验）"
"root/layer_8","post_attention_normalization","未核验","norm","[B,S,2560]","[B,S,2560]","B,S,T；其他轴见模型参数","B[1,16];S_verify[1,8];L_KV独立未知；TP=1","config=bfloat16；激活/累加类型未核验","未核验","逻辑轴顺序；物理format未核验","逻辑轴顺序；物理format未核验","未评估候选","未评估候选","未评估候选","未核验","未实测","未实测","未实测","未实测","未核验","配置确认 + 数学推导；未核验完整调用链","https://huggingface.co/openbmb/MiniCPM3-RAG-LoRA/resolve/3ee34a2c7b518f2d9be23d7138a7d29300b240f8/config.json","未核验","未核验","未核验","未核验","https://huggingface.co/openbmb/MiniCPM3-RAG-LoRA/resolve/3ee34a2c7b518f2d9be23d7138a7d29300b240f8/config.json","文本decode/verify；B[1,16],S[1,8]；TP=1逻辑参考；","类型与位置待源码核验"
"root/layer_8","FFN_up","未核验","GEMM","[B,S,2560]","[B,S,6400]","B,S,T；其他轴见模型参数","B[1,16];S_verify[1,8];L_KV独立未知；TP=1","config=bfloat16；激活/累加类型未核验","未核验","逻辑轴顺序；物理format未核验","逻辑轴顺序；物理format未核验","未评估候选","未评估候选","未评估候选","未核验","未实测","未实测","未实测","未实测","未核验","配置确认 + 数学推导；未核验完整调用链","https://huggingface.co/openbmb/MiniCPM3-RAG-LoRA/resolve/3ee34a2c7b518f2d9be23d7138a7d29300b240f8/config.json","logical [6400,2560]","未核验","未核验","未核验","https://huggingface.co/openbmb/MiniCPM3-RAG-LoRA/resolve/3ee34a2c7b518f2d9be23d7138a7d29300b240f8/config.json","文本decode/verify；B[1,16],S[1,8]；TP=1逻辑参考；","Y=X@W^T"
"root/layer_8","FFN_activation_and_optional_gate","未核验","activation","[B,S,6400]","[B,S,6400]","B,S,T；其他轴见模型参数","B[1,16];S_verify[1,8];L_KV独立未知；TP=1","config=bfloat16；激活/累加类型未核验","未核验","逻辑轴顺序；物理format未核验","逻辑轴顺序；物理format未核验","未评估候选","未评估候选","未评估候选","未核验","未实测","未实测","未实测","未实测","未核验","配置确认 + 数学推导；未核验完整调用链","https://huggingface.co/openbmb/MiniCPM3-RAG-LoRA/resolve/3ee34a2c7b518f2d9be23d7138a7d29300b240f8/config.json","未核验","未核验","未核验","未核验","https://huggingface.co/openbmb/MiniCPM3-RAG-LoRA/resolve/3ee34a2c7b518f2d9be23d7138a7d29300b240f8/config.json","文本decode/verify；B[1,16],S[1,8]；TP=1逻辑参考；是否额外gate矩阵与门控分支维度需要实现；不能仅由silu推定完整SwiGLU","config.hidden_act=silu"
"root/layer_8","FFN_down","未核验","GEMM","[B,S,6400]","[B,S,2560]","B,S,T；其他轴见模型参数","B[1,16];S_verify[1,8];L_KV独立未知；TP=1","config=bfloat16；激活/累加类型未核验","未核验","逻辑轴顺序；物理format未核验","逻辑轴顺序；物理format未核验","未评估候选","未评估候选","未评估候选","未核验","未实测","未实测","未实测","未实测","未核验","配置确认 + 数学推导；未核验完整调用链","https://huggingface.co/openbmb/MiniCPM3-RAG-LoRA/resolve/3ee34a2c7b518f2d9be23d7138a7d29300b240f8/config.json","logical [2560,6400]","未核验","未核验","未核验","https://huggingface.co/openbmb/MiniCPM3-RAG-LoRA/resolve/3ee34a2c7b518f2d9be23d7138a7d29300b240f8/config.json","文本decode/verify；B[1,16],S[1,8]；TP=1逻辑参考；","Y=X@W^T"
"root/layer_8","FFN_residual","未核验","elementwise","[B,S,2560];[B,S,2560]","[B,S,2560]","B,S,T；其他轴见模型参数","B[1,16];S_verify[1,8];L_KV独立未知；TP=1","config=bfloat16；激活/累加类型未核验","未核验","逻辑轴顺序；物理format未核验","逻辑轴顺序；物理format未核验","未评估候选","未评估候选","未评估候选","未核验","未实测","未实测","未实测","未实测","未核验","配置确认 + 数学推导；未核验完整调用链","https://huggingface.co/openbmb/MiniCPM3-RAG-LoRA/resolve/3ee34a2c7b518f2d9be23d7138a7d29300b240f8/config.json","未核验","未核验","未核验","未核验","https://huggingface.co/openbmb/MiniCPM3-RAG-LoRA/resolve/3ee34a2c7b518f2d9be23d7138a7d29300b240f8/config.json","文本decode/verify；B[1,16],S[1,8]；TP=1逻辑参考；","Y=X+branch（参考，实际残差策略未核验）"
"root/layer_9","input_normalization","未核验","norm","[B,S,2560]","[B,S,2560]","B,S,T；其他轴见模型参数","B[1,16];S_verify[1,8];L_KV独立未知；TP=1","config=bfloat16；激活/累加类型未核验","未核验","逻辑轴顺序；物理format未核验","逻辑轴顺序；物理format未核验","未评估候选","未评估候选","未评估候选","未核验","未实测","未实测","未实测","未实测","未核验","配置确认 + 数学推导；未核验完整调用链","https://huggingface.co/openbmb/MiniCPM3-RAG-LoRA/resolve/3ee34a2c7b518f2d9be23d7138a7d29300b240f8/config.json","未核验","未核验","未核验","未核验","https://huggingface.co/openbmb/MiniCPM3-RAG-LoRA/resolve/3ee34a2c7b518f2d9be23d7138a7d29300b240f8/config.json","文本decode/verify；B[1,16],S[1,8]；TP=1逻辑参考；","归一化类型/先后顺序待实现核验"
"root/layer_9","q_a_projection","未核验","GEMM","[B,S,2560]","[B,S,768]","B,S,T；其他轴见模型参数","B[1,16];S_verify[1,8];L_KV独立未知；TP=1","config=bfloat16；激活/累加类型未核验","未核验","逻辑轴顺序；物理format未核验","逻辑轴顺序；物理format未核验","未评估候选","未评估候选","未评估候选","未核验","未实测","未实测","未实测","未实测","未核验","配置确认 + 数学推导；未核验完整调用链","https://huggingface.co/openbmb/MiniCPM3-RAG-LoRA/resolve/3ee34a2c7b518f2d9be23d7138a7d29300b240f8/config.json","logical [768,2560]","未核验","未核验","未核验","https://huggingface.co/openbmb/MiniCPM3-RAG-LoRA/resolve/3ee34a2c7b518f2d9be23d7138a7d29300b240f8/config.json","文本decode/verify；B[1,16],S[1,8]；TP=1逻辑参考；","Y=X@W^T"
"root/layer_9","q_b_projection","未核验","GEMM","[B,S,768]","[B,S,3840]","B,S,T；其他轴见模型参数","B[1,16];S_verify[1,8];L_KV独立未知；TP=1","config=bfloat16；激活/累加类型未核验","未核验","逻辑轴顺序；物理format未核验","逻辑轴顺序；物理format未核验","未评估候选","未评估候选","未评估候选","未核验","未实测","未实测","未实测","未实测","未核验","配置确认 + 数学推导；未核验完整调用链","https://huggingface.co/openbmb/MiniCPM3-RAG-LoRA/resolve/3ee34a2c7b518f2d9be23d7138a7d29300b240f8/config.json","logical [3840,768]","未核验","未核验","未核验","https://huggingface.co/openbmb/MiniCPM3-RAG-LoRA/resolve/3ee34a2c7b518f2d9be23d7138a7d29300b240f8/config.json","文本decode/verify；B[1,16],S[1,8]；TP=1逻辑参考；","Q_width=heads*(qk_nope+qk_rope)"
"root/layer_9","kv_compression","未核验","GEMM","[B,S,2560]","[B,S,288]","B,S,T；其他轴见模型参数","B[1,16];S_verify[1,8];L_KV独立未知；TP=1","config=bfloat16；激活/累加类型未核验","未核验","逻辑轴顺序；物理format未核验","逻辑轴顺序；物理format未核验","未评估候选","未评估候选","未评估候选","未核验","未实测","未实测","未实测","未实测","未核验","配置确认 + 数学推导；未核验完整调用链","https://huggingface.co/openbmb/MiniCPM3-RAG-LoRA/resolve/3ee34a2c7b518f2d9be23d7138a7d29300b240f8/config.json","logical [288,2560]","未核验","未核验","未核验","https://huggingface.co/openbmb/MiniCPM3-RAG-LoRA/resolve/3ee34a2c7b518f2d9be23d7138a7d29300b240f8/config.json","文本decode/verify；B[1,16],S[1,8]；TP=1逻辑参考；","KV_width=kv_lora_rank+qk_rope_head_dim"
"root/layer_9","MLA_cache_and_attention","未核验","MLA","Q:[B,S,40,96];KVc:[B,L_KV,256]","[B,S,2560]","B,S,T；其他轴见模型参数","B[1,16];S_verify[1,8];L_KV独立未知；TP=1","config=bfloat16；激活/累加类型未核验","未核验","逻辑轴顺序；物理format未核验","逻辑轴顺序；物理format未核验","未评估候选","未评估候选","未评估候选","未核验","未实测","未实测","未实测","未实测","未核验","配置确认 + 数学推导；未核验完整调用链","https://huggingface.co/openbmb/MiniCPM3-RAG-LoRA/resolve/3ee34a2c7b518f2d9be23d7138a7d29300b240f8/config.json","未核验","未核验","未核验","未核验","https://huggingface.co/openbmb/MiniCPM3-RAG-LoRA/resolve/3ee34a2c7b518f2d9be23d7138a7d29300b240f8/config.json","文本decode/verify；B[1,16],S[1,8]；TP=1逻辑参考；","KV展开/吸收、value维度、cache布局待实现核验"
"root/layer_9","attention_residual","未核验","elementwise","[B,S,2560];[B,S,2560]","[B,S,2560]","B,S,T；其他轴见模型参数","B[1,16];S_verify[1,8];L_KV独立未知；TP=1","config=bfloat16；激活/累加类型未核验","未核验","逻辑轴顺序；物理format未核验","逻辑轴顺序；物理format未核验","未评估候选","未评估候选","未评估候选","未核验","未实测","未实测","未实测","未实测","未核验","配置确认 + 数学推导；未核验完整调用链","https://huggingface.co/openbmb/MiniCPM3-RAG-LoRA/resolve/3ee34a2c7b518f2d9be23d7138a7d29300b240f8/config.json","未核验","未核验","未核验","未核验","https://huggingface.co/openbmb/MiniCPM3-RAG-LoRA/resolve/3ee34a2c7b518f2d9be23d7138a7d29300b240f8/config.json","文本decode/verify；B[1,16],S[1,8]；TP=1逻辑参考；","Y=X+branch（参考，实际残差策略未核验）"
"root/layer_9","post_attention_normalization","未核验","norm","[B,S,2560]","[B,S,2560]","B,S,T；其他轴见模型参数","B[1,16];S_verify[1,8];L_KV独立未知；TP=1","config=bfloat16；激活/累加类型未核验","未核验","逻辑轴顺序；物理format未核验","逻辑轴顺序；物理format未核验","未评估候选","未评估候选","未评估候选","未核验","未实测","未实测","未实测","未实测","未核验","配置确认 + 数学推导；未核验完整调用链","https://huggingface.co/openbmb/MiniCPM3-RAG-LoRA/resolve/3ee34a2c7b518f2d9be23d7138a7d29300b240f8/config.json","未核验","未核验","未核验","未核验","https://huggingface.co/openbmb/MiniCPM3-RAG-LoRA/resolve/3ee34a2c7b518f2d9be23d7138a7d29300b240f8/config.json","文本decode/verify；B[1,16],S[1,8]；TP=1逻辑参考；","类型与位置待源码核验"
"root/layer_9","FFN_up","未核验","GEMM","[B,S,2560]","[B,S,6400]","B,S,T；其他轴见模型参数","B[1,16];S_verify[1,8];L_KV独立未知；TP=1","config=bfloat16；激活/累加类型未核验","未核验","逻辑轴顺序；物理format未核验","逻辑轴顺序；物理format未核验","未评估候选","未评估候选","未评估候选","未核验","未实测","未实测","未实测","未实测","未核验","配置确认 + 数学推导；未核验完整调用链","https://huggingface.co/openbmb/MiniCPM3-RAG-LoRA/resolve/3ee34a2c7b518f2d9be23d7138a7d29300b240f8/config.json","logical [6400,2560]","未核验","未核验","未核验","https://huggingface.co/openbmb/MiniCPM3-RAG-LoRA/resolve/3ee34a2c7b518f2d9be23d7138a7d29300b240f8/config.json","文本decode/verify；B[1,16],S[1,8]；TP=1逻辑参考；","Y=X@W^T"
"root/layer_9","FFN_activation_and_optional_gate","未核验","activation","[B,S,6400]","[B,S,6400]","B,S,T；其他轴见模型参数","B[1,16];S_verify[1,8];L_KV独立未知；TP=1","config=bfloat16；激活/累加类型未核验","未核验","逻辑轴顺序；物理format未核验","逻辑轴顺序；物理format未核验","未评估候选","未评估候选","未评估候选","未核验","未实测","未实测","未实测","未实测","未核验","配置确认 + 数学推导；未核验完整调用链","https://huggingface.co/openbmb/MiniCPM3-RAG-LoRA/resolve/3ee34a2c7b518f2d9be23d7138a7d29300b240f8/config.json","未核验","未核验","未核验","未核验","https://huggingface.co/openbmb/MiniCPM3-RAG-LoRA/resolve/3ee34a2c7b518f2d9be23d7138a7d29300b240f8/config.json","文本decode/verify；B[1,16],S[1,8]；TP=1逻辑参考；是否额外gate矩阵与门控分支维度需要实现；不能仅由silu推定完整SwiGLU","config.hidden_act=silu"
"root/layer_9","FFN_down","未核验","GEMM","[B,S,6400]","[B,S,2560]","B,S,T；其他轴见模型参数","B[1,16];S_verify[1,8];L_KV独立未知；TP=1","config=bfloat16；激活/累加类型未核验","未核验","逻辑轴顺序；物理format未核验","逻辑轴顺序；物理format未核验","未评估候选","未评估候选","未评估候选","未核验","未实测","未实测","未实测","未实测","未核验","配置确认 + 数学推导；未核验完整调用链","https://huggingface.co/openbmb/MiniCPM3-RAG-LoRA/resolve/3ee34a2c7b518f2d9be23d7138a7d29300b240f8/config.json","logical [2560,6400]","未核验","未核验","未核验","https://huggingface.co/openbmb/MiniCPM3-RAG-LoRA/resolve/3ee34a2c7b518f2d9be23d7138a7d29300b240f8/config.json","文本decode/verify；B[1,16],S[1,8]；TP=1逻辑参考；","Y=X@W^T"
"root/layer_9","FFN_residual","未核验","elementwise","[B,S,2560];[B,S,2560]","[B,S,2560]","B,S,T；其他轴见模型参数","B[1,16];S_verify[1,8];L_KV独立未知；TP=1","config=bfloat16；激活/累加类型未核验","未核验","逻辑轴顺序；物理format未核验","逻辑轴顺序；物理format未核验","未评估候选","未评估候选","未评估候选","未核验","未实测","未实测","未实测","未实测","未核验","配置确认 + 数学推导；未核验完整调用链","https://huggingface.co/openbmb/MiniCPM3-RAG-LoRA/resolve/3ee34a2c7b518f2d9be23d7138a7d29300b240f8/config.json","未核验","未核验","未核验","未核验","https://huggingface.co/openbmb/MiniCPM3-RAG-LoRA/resolve/3ee34a2c7b518f2d9be23d7138a7d29300b240f8/config.json","文本decode/verify；B[1,16],S[1,8]；TP=1逻辑参考；","Y=X+branch（参考，实际残差策略未核验）"
"root/layer_10","input_normalization","未核验","norm","[B,S,2560]","[B,S,2560]","B,S,T；其他轴见模型参数","B[1,16];S_verify[1,8];L_KV独立未知；TP=1","config=bfloat16；激活/累加类型未核验","未核验","逻辑轴顺序；物理format未核验","逻辑轴顺序；物理format未核验","未评估候选","未评估候选","未评估候选","未核验","未实测","未实测","未实测","未实测","未核验","配置确认 + 数学推导；未核验完整调用链","https://huggingface.co/openbmb/MiniCPM3-RAG-LoRA/resolve/3ee34a2c7b518f2d9be23d7138a7d29300b240f8/config.json","未核验","未核验","未核验","未核验","https://huggingface.co/openbmb/MiniCPM3-RAG-LoRA/resolve/3ee34a2c7b518f2d9be23d7138a7d29300b240f8/config.json","文本decode/verify；B[1,16],S[1,8]；TP=1逻辑参考；","归一化类型/先后顺序待实现核验"
"root/layer_10","q_a_projection","未核验","GEMM","[B,S,2560]","[B,S,768]","B,S,T；其他轴见模型参数","B[1,16];S_verify[1,8];L_KV独立未知；TP=1","config=bfloat16；激活/累加类型未核验","未核验","逻辑轴顺序；物理format未核验","逻辑轴顺序；物理format未核验","未评估候选","未评估候选","未评估候选","未核验","未实测","未实测","未实测","未实测","未核验","配置确认 + 数学推导；未核验完整调用链","https://huggingface.co/openbmb/MiniCPM3-RAG-LoRA/resolve/3ee34a2c7b518f2d9be23d7138a7d29300b240f8/config.json","logical [768,2560]","未核验","未核验","未核验","https://huggingface.co/openbmb/MiniCPM3-RAG-LoRA/resolve/3ee34a2c7b518f2d9be23d7138a7d29300b240f8/config.json","文本decode/verify；B[1,16],S[1,8]；TP=1逻辑参考；","Y=X@W^T"
"root/layer_10","q_b_projection","未核验","GEMM","[B,S,768]","[B,S,3840]","B,S,T；其他轴见模型参数","B[1,16];S_verify[1,8];L_KV独立未知；TP=1","config=bfloat16；激活/累加类型未核验","未核验","逻辑轴顺序；物理format未核验","逻辑轴顺序；物理format未核验","未评估候选","未评估候选","未评估候选","未核验","未实测","未实测","未实测","未实测","未核验","配置确认 + 数学推导；未核验完整调用链","https://huggingface.co/openbmb/MiniCPM3-RAG-LoRA/resolve/3ee34a2c7b518f2d9be23d7138a7d29300b240f8/config.json","logical [3840,768]","未核验","未核验","未核验","https://huggingface.co/openbmb/MiniCPM3-RAG-LoRA/resolve/3ee34a2c7b518f2d9be23d7138a7d29300b240f8/config.json","文本decode/verify；B[1,16],S[1,8]；TP=1逻辑参考；","Q_width=heads*(qk_nope+qk_rope)"
"root/layer_10","kv_compression","未核验","GEMM","[B,S,2560]","[B,S,288]","B,S,T；其他轴见模型参数","B[1,16];S_verify[1,8];L_KV独立未知；TP=1","config=bfloat16；激活/累加类型未核验","未核验","逻辑轴顺序；物理format未核验","逻辑轴顺序；物理format未核验","未评估候选","未评估候选","未评估候选","未核验","未实测","未实测","未实测","未实测","未核验","配置确认 + 数学推导；未核验完整调用链","https://huggingface.co/openbmb/MiniCPM3-RAG-LoRA/resolve/3ee34a2c7b518f2d9be23d7138a7d29300b240f8/config.json","logical [288,2560]","未核验","未核验","未核验","https://huggingface.co/openbmb/MiniCPM3-RAG-LoRA/resolve/3ee34a2c7b518f2d9be23d7138a7d29300b240f8/config.json","文本decode/verify；B[1,16],S[1,8]；TP=1逻辑参考；","KV_width=kv_lora_rank+qk_rope_head_dim"
"root/layer_10","MLA_cache_and_attention","未核验","MLA","Q:[B,S,40,96];KVc:[B,L_KV,256]","[B,S,2560]","B,S,T；其他轴见模型参数","B[1,16];S_verify[1,8];L_KV独立未知；TP=1","config=bfloat16；激活/累加类型未核验","未核验","逻辑轴顺序；物理format未核验","逻辑轴顺序；物理format未核验","未评估候选","未评估候选","未评估候选","未核验","未实测","未实测","未实测","未实测","未核验","配置确认 + 数学推导；未核验完整调用链","https://huggingface.co/openbmb/MiniCPM3-RAG-LoRA/resolve/3ee34a2c7b518f2d9be23d7138a7d29300b240f8/config.json","未核验","未核验","未核验","未核验","https://huggingface.co/openbmb/MiniCPM3-RAG-LoRA/resolve/3ee34a2c7b518f2d9be23d7138a7d29300b240f8/config.json","文本decode/verify；B[1,16],S[1,8]；TP=1逻辑参考；","KV展开/吸收、value维度、cache布局待实现核验"
"root/layer_10","attention_residual","未核验","elementwise","[B,S,2560];[B,S,2560]","[B,S,2560]","B,S,T；其他轴见模型参数","B[1,16];S_verify[1,8];L_KV独立未知；TP=1","config=bfloat16；激活/累加类型未核验","未核验","逻辑轴顺序；物理format未核验","逻辑轴顺序；物理format未核验","未评估候选","未评估候选","未评估候选","未核验","未实测","未实测","未实测","未实测","未核验","配置确认 + 数学推导；未核验完整调用链","https://huggingface.co/openbmb/MiniCPM3-RAG-LoRA/resolve/3ee34a2c7b518f2d9be23d7138a7d29300b240f8/config.json","未核验","未核验","未核验","未核验","https://huggingface.co/openbmb/MiniCPM3-RAG-LoRA/resolve/3ee34a2c7b518f2d9be23d7138a7d29300b240f8/config.json","文本decode/verify；B[1,16],S[1,8]；TP=1逻辑参考；","Y=X+branch（参考，实际残差策略未核验）"
"root/layer_10","post_attention_normalization","未核验","norm","[B,S,2560]","[B,S,2560]","B,S,T；其他轴见模型参数","B[1,16];S_verify[1,8];L_KV独立未知；TP=1","config=bfloat16；激活/累加类型未核验","未核验","逻辑轴顺序；物理format未核验","逻辑轴顺序；物理format未核验","未评估候选","未评估候选","未评估候选","未核验","未实测","未实测","未实测","未实测","未核验","配置确认 + 数学推导；未核验完整调用链","https://huggingface.co/openbmb/MiniCPM3-RAG-LoRA/resolve/3ee34a2c7b518f2d9be23d7138a7d29300b240f8/config.json","未核验","未核验","未核验","未核验","https://huggingface.co/openbmb/MiniCPM3-RAG-LoRA/resolve/3ee34a2c7b518f2d9be23d7138a7d29300b240f8/config.json","文本decode/verify；B[1,16],S[1,8]；TP=1逻辑参考；","类型与位置待源码核验"
"root/layer_10","FFN_up","未核验","GEMM","[B,S,2560]","[B,S,6400]","B,S,T；其他轴见模型参数","B[1,16];S_verify[1,8];L_KV独立未知；TP=1","config=bfloat16；激活/累加类型未核验","未核验","逻辑轴顺序；物理format未核验","逻辑轴顺序；物理format未核验","未评估候选","未评估候选","未评估候选","未核验","未实测","未实测","未实测","未实测","未核验","配置确认 + 数学推导；未核验完整调用链","https://huggingface.co/openbmb/MiniCPM3-RAG-LoRA/resolve/3ee34a2c7b518f2d9be23d7138a7d29300b240f8/config.json","logical [6400,2560]","未核验","未核验","未核验","https://huggingface.co/openbmb/MiniCPM3-RAG-LoRA/resolve/3ee34a2c7b518f2d9be23d7138a7d29300b240f8/config.json","文本decode/verify；B[1,16],S[1,8]；TP=1逻辑参考；","Y=X@W^T"
"root/layer_10","FFN_activation_and_optional_gate","未核验","activation","[B,S,6400]","[B,S,6400]","B,S,T；其他轴见模型参数","B[1,16];S_verify[1,8];L_KV独立未知；TP=1","config=bfloat16；激活/累加类型未核验","未核验","逻辑轴顺序；物理format未核验","逻辑轴顺序；物理format未核验","未评估候选","未评估候选","未评估候选","未核验","未实测","未实测","未实测","未实测","未核验","配置确认 + 数学推导；未核验完整调用链","https://huggingface.co/openbmb/MiniCPM3-RAG-LoRA/resolve/3ee34a2c7b518f2d9be23d7138a7d29300b240f8/config.json","未核验","未核验","未核验","未核验","https://huggingface.co/openbmb/MiniCPM3-RAG-LoRA/resolve/3ee34a2c7b518f2d9be23d7138a7d29300b240f8/config.json","文本decode/verify；B[1,16],S[1,8]；TP=1逻辑参考；是否额外gate矩阵与门控分支维度需要实现；不能仅由silu推定完整SwiGLU","config.hidden_act=silu"
"root/layer_10","FFN_down","未核验","GEMM","[B,S,6400]","[B,S,2560]","B,S,T；其他轴见模型参数","B[1,16];S_verify[1,8];L_KV独立未知；TP=1","config=bfloat16；激活/累加类型未核验","未核验","逻辑轴顺序；物理format未核验","逻辑轴顺序；物理format未核验","未评估候选","未评估候选","未评估候选","未核验","未实测","未实测","未实测","未实测","未核验","配置确认 + 数学推导；未核验完整调用链","https://huggingface.co/openbmb/MiniCPM3-RAG-LoRA/resolve/3ee34a2c7b518f2d9be23d7138a7d29300b240f8/config.json","logical [2560,6400]","未核验","未核验","未核验","https://huggingface.co/openbmb/MiniCPM3-RAG-LoRA/resolve/3ee34a2c7b518f2d9be23d7138a7d29300b240f8/config.json","文本decode/verify；B[1,16],S[1,8]；TP=1逻辑参考；","Y=X@W^T"
"root/layer_10","FFN_residual","未核验","elementwise","[B,S,2560];[B,S,2560]","[B,S,2560]","B,S,T；其他轴见模型参数","B[1,16];S_verify[1,8];L_KV独立未知；TP=1","config=bfloat16；激活/累加类型未核验","未核验","逻辑轴顺序；物理format未核验","逻辑轴顺序；物理format未核验","未评估候选","未评估候选","未评估候选","未核验","未实测","未实测","未实测","未实测","未核验","配置确认 + 数学推导；未核验完整调用链","https://huggingface.co/openbmb/MiniCPM3-RAG-LoRA/resolve/3ee34a2c7b518f2d9be23d7138a7d29300b240f8/config.json","未核验","未核验","未核验","未核验","https://huggingface.co/openbmb/MiniCPM3-RAG-LoRA/resolve/3ee34a2c7b518f2d9be23d7138a7d29300b240f8/config.json","文本decode/verify；B[1,16],S[1,8]；TP=1逻辑参考；","Y=X+branch（参考，实际残差策略未核验）"
"root/layer_11","input_normalization","未核验","norm","[B,S,2560]","[B,S,2560]","B,S,T；其他轴见模型参数","B[1,16];S_verify[1,8];L_KV独立未知；TP=1","config=bfloat16；激活/累加类型未核验","未核验","逻辑轴顺序；物理format未核验","逻辑轴顺序；物理format未核验","未评估候选","未评估候选","未评估候选","未核验","未实测","未实测","未实测","未实测","未核验","配置确认 + 数学推导；未核验完整调用链","https://huggingface.co/openbmb/MiniCPM3-RAG-LoRA/resolve/3ee34a2c7b518f2d9be23d7138a7d29300b240f8/config.json","未核验","未核验","未核验","未核验","https://huggingface.co/openbmb/MiniCPM3-RAG-LoRA/resolve/3ee34a2c7b518f2d9be23d7138a7d29300b240f8/config.json","文本decode/verify；B[1,16],S[1,8]；TP=1逻辑参考；","归一化类型/先后顺序待实现核验"
"root/layer_11","q_a_projection","未核验","GEMM","[B,S,2560]","[B,S,768]","B,S,T；其他轴见模型参数","B[1,16];S_verify[1,8];L_KV独立未知；TP=1","config=bfloat16；激活/累加类型未核验","未核验","逻辑轴顺序；物理format未核验","逻辑轴顺序；物理format未核验","未评估候选","未评估候选","未评估候选","未核验","未实测","未实测","未实测","未实测","未核验","配置确认 + 数学推导；未核验完整调用链","https://huggingface.co/openbmb/MiniCPM3-RAG-LoRA/resolve/3ee34a2c7b518f2d9be23d7138a7d29300b240f8/config.json","logical [768,2560]","未核验","未核验","未核验","https://huggingface.co/openbmb/MiniCPM3-RAG-LoRA/resolve/3ee34a2c7b518f2d9be23d7138a7d29300b240f8/config.json","文本decode/verify；B[1,16],S[1,8]；TP=1逻辑参考；","Y=X@W^T"
"root/layer_11","q_b_projection","未核验","GEMM","[B,S,768]","[B,S,3840]","B,S,T；其他轴见模型参数","B[1,16];S_verify[1,8];L_KV独立未知；TP=1","config=bfloat16；激活/累加类型未核验","未核验","逻辑轴顺序；物理format未核验","逻辑轴顺序；物理format未核验","未评估候选","未评估候选","未评估候选","未核验","未实测","未实测","未实测","未实测","未核验","配置确认 + 数学推导；未核验完整调用链","https://huggingface.co/openbmb/MiniCPM3-RAG-LoRA/resolve/3ee34a2c7b518f2d9be23d7138a7d29300b240f8/config.json","logical [3840,768]","未核验","未核验","未核验","https://huggingface.co/openbmb/MiniCPM3-RAG-LoRA/resolve/3ee34a2c7b518f2d9be23d7138a7d29300b240f8/config.json","文本decode/verify；B[1,16],S[1,8]；TP=1逻辑参考；","Q_width=heads*(qk_nope+qk_rope)"
"root/layer_11","kv_compression","未核验","GEMM","[B,S,2560]","[B,S,288]","B,S,T；其他轴见模型参数","B[1,16];S_verify[1,8];L_KV独立未知；TP=1","config=bfloat16；激活/累加类型未核验","未核验","逻辑轴顺序；物理format未核验","逻辑轴顺序；物理format未核验","未评估候选","未评估候选","未评估候选","未核验","未实测","未实测","未实测","未实测","未核验","配置确认 + 数学推导；未核验完整调用链","https://huggingface.co/openbmb/MiniCPM3-RAG-LoRA/resolve/3ee34a2c7b518f2d9be23d7138a7d29300b240f8/config.json","logical [288,2560]","未核验","未核验","未核验","https://huggingface.co/openbmb/MiniCPM3-RAG-LoRA/resolve/3ee34a2c7b518f2d9be23d7138a7d29300b240f8/config.json","文本decode/verify；B[1,16],S[1,8]；TP=1逻辑参考；","KV_width=kv_lora_rank+qk_rope_head_dim"
"root/layer_11","MLA_cache_and_attention","未核验","MLA","Q:[B,S,40,96];KVc:[B,L_KV,256]","[B,S,2560]","B,S,T；其他轴见模型参数","B[1,16];S_verify[1,8];L_KV独立未知；TP=1","config=bfloat16；激活/累加类型未核验","未核验","逻辑轴顺序；物理format未核验","逻辑轴顺序；物理format未核验","未评估候选","未评估候选","未评估候选","未核验","未实测","未实测","未实测","未实测","未核验","配置确认 + 数学推导；未核验完整调用链","https://huggingface.co/openbmb/MiniCPM3-RAG-LoRA/resolve/3ee34a2c7b518f2d9be23d7138a7d29300b240f8/config.json","未核验","未核验","未核验","未核验","https://huggingface.co/openbmb/MiniCPM3-RAG-LoRA/resolve/3ee34a2c7b518f2d9be23d7138a7d29300b240f8/config.json","文本decode/verify；B[1,16],S[1,8]；TP=1逻辑参考；","KV展开/吸收、value维度、cache布局待实现核验"
"root/layer_11","attention_residual","未核验","elementwise","[B,S,2560];[B,S,2560]","[B,S,2560]","B,S,T；其他轴见模型参数","B[1,16];S_verify[1,8];L_KV独立未知；TP=1","config=bfloat16；激活/累加类型未核验","未核验","逻辑轴顺序；物理format未核验","逻辑轴顺序；物理format未核验","未评估候选","未评估候选","未评估候选","未核验","未实测","未实测","未实测","未实测","未核验","配置确认 + 数学推导；未核验完整调用链","https://huggingface.co/openbmb/MiniCPM3-RAG-LoRA/resolve/3ee34a2c7b518f2d9be23d7138a7d29300b240f8/config.json","未核验","未核验","未核验","未核验","https://huggingface.co/openbmb/MiniCPM3-RAG-LoRA/resolve/3ee34a2c7b518f2d9be23d7138a7d29300b240f8/config.json","文本decode/verify；B[1,16],S[1,8]；TP=1逻辑参考；","Y=X+branch（参考，实际残差策略未核验）"
"root/layer_11","post_attention_normalization","未核验","norm","[B,S,2560]","[B,S,2560]","B,S,T；其他轴见模型参数","B[1,16];S_verify[1,8];L_KV独立未知；TP=1","config=bfloat16；激活/累加类型未核验","未核验","逻辑轴顺序；物理format未核验","逻辑轴顺序；物理format未核验","未评估候选","未评估候选","未评估候选","未核验","未实测","未实测","未实测","未实测","未核验","配置确认 + 数学推导；未核验完整调用链","https://huggingface.co/openbmb/MiniCPM3-RAG-LoRA/resolve/3ee34a2c7b518f2d9be23d7138a7d29300b240f8/config.json","未核验","未核验","未核验","未核验","https://huggingface.co/openbmb/MiniCPM3-RAG-LoRA/resolve/3ee34a2c7b518f2d9be23d7138a7d29300b240f8/config.json","文本decode/verify；B[1,16],S[1,8]；TP=1逻辑参考；","类型与位置待源码核验"
"root/layer_11","FFN_up","未核验","GEMM","[B,S,2560]","[B,S,6400]","B,S,T；其他轴见模型参数","B[1,16];S_verify[1,8];L_KV独立未知；TP=1","config=bfloat16；激活/累加类型未核验","未核验","逻辑轴顺序；物理format未核验","逻辑轴顺序；物理format未核验","未评估候选","未评估候选","未评估候选","未核验","未实测","未实测","未实测","未实测","未核验","配置确认 + 数学推导；未核验完整调用链","https://huggingface.co/openbmb/MiniCPM3-RAG-LoRA/resolve/3ee34a2c7b518f2d9be23d7138a7d29300b240f8/config.json","logical [6400,2560]","未核验","未核验","未核验","https://huggingface.co/openbmb/MiniCPM3-RAG-LoRA/resolve/3ee34a2c7b518f2d9be23d7138a7d29300b240f8/config.json","文本decode/verify；B[1,16],S[1,8]；TP=1逻辑参考；","Y=X@W^T"
"root/layer_11","FFN_activation_and_optional_gate","未核验","activation","[B,S,6400]","[B,S,6400]","B,S,T；其他轴见模型参数","B[1,16];S_verify[1,8];L_KV独立未知；TP=1","config=bfloat16；激活/累加类型未核验","未核验","逻辑轴顺序；物理format未核验","逻辑轴顺序；物理format未核验","未评估候选","未评估候选","未评估候选","未核验","未实测","未实测","未实测","未实测","未核验","配置确认 + 数学推导；未核验完整调用链","https://huggingface.co/openbmb/MiniCPM3-RAG-LoRA/resolve/3ee34a2c7b518f2d9be23d7138a7d29300b240f8/config.json","未核验","未核验","未核验","未核验","https://huggingface.co/openbmb/MiniCPM3-RAG-LoRA/resolve/3ee34a2c7b518f2d9be23d7138a7d29300b240f8/config.json","文本decode/verify；B[1,16],S[1,8]；TP=1逻辑参考；是否额外gate矩阵与门控分支维度需要实现；不能仅由silu推定完整SwiGLU","config.hidden_act=silu"
"root/layer_11","FFN_down","未核验","GEMM","[B,S,6400]","[B,S,2560]","B,S,T；其他轴见模型参数","B[1,16];S_verify[1,8];L_KV独立未知；TP=1","config=bfloat16；激活/累加类型未核验","未核验","逻辑轴顺序；物理format未核验","逻辑轴顺序；物理format未核验","未评估候选","未评估候选","未评估候选","未核验","未实测","未实测","未实测","未实测","未核验","配置确认 + 数学推导；未核验完整调用链","https://huggingface.co/openbmb/MiniCPM3-RAG-LoRA/resolve/3ee34a2c7b518f2d9be23d7138a7d29300b240f8/config.json","logical [2560,6400]","未核验","未核验","未核验","https://huggingface.co/openbmb/MiniCPM3-RAG-LoRA/resolve/3ee34a2c7b518f2d9be23d7138a7d29300b240f8/config.json","文本decode/verify；B[1,16],S[1,8]；TP=1逻辑参考；","Y=X@W^T"
"root/layer_11","FFN_residual","未核验","elementwise","[B,S,2560];[B,S,2560]","[B,S,2560]","B,S,T；其他轴见模型参数","B[1,16];S_verify[1,8];L_KV独立未知；TP=1","config=bfloat16；激活/累加类型未核验","未核验","逻辑轴顺序；物理format未核验","逻辑轴顺序；物理format未核验","未评估候选","未评估候选","未评估候选","未核验","未实测","未实测","未实测","未实测","未核验","配置确认 + 数学推导；未核验完整调用链","https://huggingface.co/openbmb/MiniCPM3-RAG-LoRA/resolve/3ee34a2c7b518f2d9be23d7138a7d29300b240f8/config.json","未核验","未核验","未核验","未核验","https://huggingface.co/openbmb/MiniCPM3-RAG-LoRA/resolve/3ee34a2c7b518f2d9be23d7138a7d29300b240f8/config.json","文本decode/verify；B[1,16],S[1,8]；TP=1逻辑参考；","Y=X+branch（参考，实际残差策略未核验）"
"root/layer_12","input_normalization","未核验","norm","[B,S,2560]","[B,S,2560]","B,S,T；其他轴见模型参数","B[1,16];S_verify[1,8];L_KV独立未知；TP=1","config=bfloat16；激活/累加类型未核验","未核验","逻辑轴顺序；物理format未核验","逻辑轴顺序；物理format未核验","未评估候选","未评估候选","未评估候选","未核验","未实测","未实测","未实测","未实测","未核验","配置确认 + 数学推导；未核验完整调用链","https://huggingface.co/openbmb/MiniCPM3-RAG-LoRA/resolve/3ee34a2c7b518f2d9be23d7138a7d29300b240f8/config.json","未核验","未核验","未核验","未核验","https://huggingface.co/openbmb/MiniCPM3-RAG-LoRA/resolve/3ee34a2c7b518f2d9be23d7138a7d29300b240f8/config.json","文本decode/verify；B[1,16],S[1,8]；TP=1逻辑参考；","归一化类型/先后顺序待实现核验"
"root/layer_12","q_a_projection","未核验","GEMM","[B,S,2560]","[B,S,768]","B,S,T；其他轴见模型参数","B[1,16];S_verify[1,8];L_KV独立未知；TP=1","config=bfloat16；激活/累加类型未核验","未核验","逻辑轴顺序；物理format未核验","逻辑轴顺序；物理format未核验","未评估候选","未评估候选","未评估候选","未核验","未实测","未实测","未实测","未实测","未核验","配置确认 + 数学推导；未核验完整调用链","https://huggingface.co/openbmb/MiniCPM3-RAG-LoRA/resolve/3ee34a2c7b518f2d9be23d7138a7d29300b240f8/config.json","logical [768,2560]","未核验","未核验","未核验","https://huggingface.co/openbmb/MiniCPM3-RAG-LoRA/resolve/3ee34a2c7b518f2d9be23d7138a7d29300b240f8/config.json","文本decode/verify；B[1,16],S[1,8]；TP=1逻辑参考；","Y=X@W^T"
"root/layer_12","q_b_projection","未核验","GEMM","[B,S,768]","[B,S,3840]","B,S,T；其他轴见模型参数","B[1,16];S_verify[1,8];L_KV独立未知；TP=1","config=bfloat16；激活/累加类型未核验","未核验","逻辑轴顺序；物理format未核验","逻辑轴顺序；物理format未核验","未评估候选","未评估候选","未评估候选","未核验","未实测","未实测","未实测","未实测","未核验","配置确认 + 数学推导；未核验完整调用链","https://huggingface.co/openbmb/MiniCPM3-RAG-LoRA/resolve/3ee34a2c7b518f2d9be23d7138a7d29300b240f8/config.json","logical [3840,768]","未核验","未核验","未核验","https://huggingface.co/openbmb/MiniCPM3-RAG-LoRA/resolve/3ee34a2c7b518f2d9be23d7138a7d29300b240f8/config.json","文本decode/verify；B[1,16],S[1,8]；TP=1逻辑参考；","Q_width=heads*(qk_nope+qk_rope)"
"root/layer_12","kv_compression","未核验","GEMM","[B,S,2560]","[B,S,288]","B,S,T；其他轴见模型参数","B[1,16];S_verify[1,8];L_KV独立未知；TP=1","config=bfloat16；激活/累加类型未核验","未核验","逻辑轴顺序；物理format未核验","逻辑轴顺序；物理format未核验","未评估候选","未评估候选","未评估候选","未核验","未实测","未实测","未实测","未实测","未核验","配置确认 + 数学推导；未核验完整调用链","https://huggingface.co/openbmb/MiniCPM3-RAG-LoRA/resolve/3ee34a2c7b518f2d9be23d7138a7d29300b240f8/config.json","logical [288,2560]","未核验","未核验","未核验","https://huggingface.co/openbmb/MiniCPM3-RAG-LoRA/resolve/3ee34a2c7b518f2d9be23d7138a7d29300b240f8/config.json","文本decode/verify；B[1,16],S[1,8]；TP=1逻辑参考；","KV_width=kv_lora_rank+qk_rope_head_dim"
"root/layer_12","MLA_cache_and_attention","未核验","MLA","Q:[B,S,40,96];KVc:[B,L_KV,256]","[B,S,2560]","B,S,T；其他轴见模型参数","B[1,16];S_verify[1,8];L_KV独立未知；TP=1","config=bfloat16；激活/累加类型未核验","未核验","逻辑轴顺序；物理format未核验","逻辑轴顺序；物理format未核验","未评估候选","未评估候选","未评估候选","未核验","未实测","未实测","未实测","未实测","未核验","配置确认 + 数学推导；未核验完整调用链","https://huggingface.co/openbmb/MiniCPM3-RAG-LoRA/resolve/3ee34a2c7b518f2d9be23d7138a7d29300b240f8/config.json","未核验","未核验","未核验","未核验","https://huggingface.co/openbmb/MiniCPM3-RAG-LoRA/resolve/3ee34a2c7b518f2d9be23d7138a7d29300b240f8/config.json","文本decode/verify；B[1,16],S[1,8]；TP=1逻辑参考；","KV展开/吸收、value维度、cache布局待实现核验"
"root/layer_12","attention_residual","未核验","elementwise","[B,S,2560];[B,S,2560]","[B,S,2560]","B,S,T；其他轴见模型参数","B[1,16];S_verify[1,8];L_KV独立未知；TP=1","config=bfloat16；激活/累加类型未核验","未核验","逻辑轴顺序；物理format未核验","逻辑轴顺序；物理format未核验","未评估候选","未评估候选","未评估候选","未核验","未实测","未实测","未实测","未实测","未核验","配置确认 + 数学推导；未核验完整调用链","https://huggingface.co/openbmb/MiniCPM3-RAG-LoRA/resolve/3ee34a2c7b518f2d9be23d7138a7d29300b240f8/config.json","未核验","未核验","未核验","未核验","https://huggingface.co/openbmb/MiniCPM3-RAG-LoRA/resolve/3ee34a2c7b518f2d9be23d7138a7d29300b240f8/config.json","文本decode/verify；B[1,16],S[1,8]；TP=1逻辑参考；","Y=X+branch（参考，实际残差策略未核验）"
"root/layer_12","post_attention_normalization","未核验","norm","[B,S,2560]","[B,S,2560]","B,S,T；其他轴见模型参数","B[1,16];S_verify[1,8];L_KV独立未知；TP=1","config=bfloat16；激活/累加类型未核验","未核验","逻辑轴顺序；物理format未核验","逻辑轴顺序；物理format未核验","未评估候选","未评估候选","未评估候选","未核验","未实测","未实测","未实测","未实测","未核验","配置确认 + 数学推导；未核验完整调用链","https://huggingface.co/openbmb/MiniCPM3-RAG-LoRA/resolve/3ee34a2c7b518f2d9be23d7138a7d29300b240f8/config.json","未核验","未核验","未核验","未核验","https://huggingface.co/openbmb/MiniCPM3-RAG-LoRA/resolve/3ee34a2c7b518f2d9be23d7138a7d29300b240f8/config.json","文本decode/verify；B[1,16],S[1,8]；TP=1逻辑参考；","类型与位置待源码核验"
"root/layer_12","FFN_up","未核验","GEMM","[B,S,2560]","[B,S,6400]","B,S,T；其他轴见模型参数","B[1,16];S_verify[1,8];L_KV独立未知；TP=1","config=bfloat16；激活/累加类型未核验","未核验","逻辑轴顺序；物理format未核验","逻辑轴顺序；物理format未核验","未评估候选","未评估候选","未评估候选","未核验","未实测","未实测","未实测","未实测","未核验","配置确认 + 数学推导；未核验完整调用链","https://huggingface.co/openbmb/MiniCPM3-RAG-LoRA/resolve/3ee34a2c7b518f2d9be23d7138a7d29300b240f8/config.json","logical [6400,2560]","未核验","未核验","未核验","https://huggingface.co/openbmb/MiniCPM3-RAG-LoRA/resolve/3ee34a2c7b518f2d9be23d7138a7d29300b240f8/config.json","文本decode/verify；B[1,16],S[1,8]；TP=1逻辑参考；","Y=X@W^T"
"root/layer_12","FFN_activation_and_optional_gate","未核验","activation","[B,S,6400]","[B,S,6400]","B,S,T；其他轴见模型参数","B[1,16];S_verify[1,8];L_KV独立未知；TP=1","config=bfloat16；激活/累加类型未核验","未核验","逻辑轴顺序；物理format未核验","逻辑轴顺序；物理format未核验","未评估候选","未评估候选","未评估候选","未核验","未实测","未实测","未实测","未实测","未核验","配置确认 + 数学推导；未核验完整调用链","https://huggingface.co/openbmb/MiniCPM3-RAG-LoRA/resolve/3ee34a2c7b518f2d9be23d7138a7d29300b240f8/config.json","未核验","未核验","未核验","未核验","https://huggingface.co/openbmb/MiniCPM3-RAG-LoRA/resolve/3ee34a2c7b518f2d9be23d7138a7d29300b240f8/config.json","文本decode/verify；B[1,16],S[1,8]；TP=1逻辑参考；是否额外gate矩阵与门控分支维度需要实现；不能仅由silu推定完整SwiGLU","config.hidden_act=silu"
"root/layer_12","FFN_down","未核验","GEMM","[B,S,6400]","[B,S,2560]","B,S,T；其他轴见模型参数","B[1,16];S_verify[1,8];L_KV独立未知；TP=1","config=bfloat16；激活/累加类型未核验","未核验","逻辑轴顺序；物理format未核验","逻辑轴顺序；物理format未核验","未评估候选","未评估候选","未评估候选","未核验","未实测","未实测","未实测","未实测","未核验","配置确认 + 数学推导；未核验完整调用链","https://huggingface.co/openbmb/MiniCPM3-RAG-LoRA/resolve/3ee34a2c7b518f2d9be23d7138a7d29300b240f8/config.json","logical [2560,6400]","未核验","未核验","未核验","https://huggingface.co/openbmb/MiniCPM3-RAG-LoRA/resolve/3ee34a2c7b518f2d9be23d7138a7d29300b240f8/config.json","文本decode/verify；B[1,16],S[1,8]；TP=1逻辑参考；","Y=X@W^T"
"root/layer_12","FFN_residual","未核验","elementwise","[B,S,2560];[B,S,2560]","[B,S,2560]","B,S,T；其他轴见模型参数","B[1,16];S_verify[1,8];L_KV独立未知；TP=1","config=bfloat16；激活/累加类型未核验","未核验","逻辑轴顺序；物理format未核验","逻辑轴顺序；物理format未核验","未评估候选","未评估候选","未评估候选","未核验","未实测","未实测","未实测","未实测","未核验","配置确认 + 数学推导；未核验完整调用链","https://huggingface.co/openbmb/MiniCPM3-RAG-LoRA/resolve/3ee34a2c7b518f2d9be23d7138a7d29300b240f8/config.json","未核验","未核验","未核验","未核验","https://huggingface.co/openbmb/MiniCPM3-RAG-LoRA/resolve/3ee34a2c7b518f2d9be23d7138a7d29300b240f8/config.json","文本decode/verify；B[1,16],S[1,8]；TP=1逻辑参考；","Y=X+branch（参考，实际残差策略未核验）"
"root/layer_13","input_normalization","未核验","norm","[B,S,2560]","[B,S,2560]","B,S,T；其他轴见模型参数","B[1,16];S_verify[1,8];L_KV独立未知；TP=1","config=bfloat16；激活/累加类型未核验","未核验","逻辑轴顺序；物理format未核验","逻辑轴顺序；物理format未核验","未评估候选","未评估候选","未评估候选","未核验","未实测","未实测","未实测","未实测","未核验","配置确认 + 数学推导；未核验完整调用链","https://huggingface.co/openbmb/MiniCPM3-RAG-LoRA/resolve/3ee34a2c7b518f2d9be23d7138a7d29300b240f8/config.json","未核验","未核验","未核验","未核验","https://huggingface.co/openbmb/MiniCPM3-RAG-LoRA/resolve/3ee34a2c7b518f2d9be23d7138a7d29300b240f8/config.json","文本decode/verify；B[1,16],S[1,8]；TP=1逻辑参考；","归一化类型/先后顺序待实现核验"
"root/layer_13","q_a_projection","未核验","GEMM","[B,S,2560]","[B,S,768]","B,S,T；其他轴见模型参数","B[1,16];S_verify[1,8];L_KV独立未知；TP=1","config=bfloat16；激活/累加类型未核验","未核验","逻辑轴顺序；物理format未核验","逻辑轴顺序；物理format未核验","未评估候选","未评估候选","未评估候选","未核验","未实测","未实测","未实测","未实测","未核验","配置确认 + 数学推导；未核验完整调用链","https://huggingface.co/openbmb/MiniCPM3-RAG-LoRA/resolve/3ee34a2c7b518f2d9be23d7138a7d29300b240f8/config.json","logical [768,2560]","未核验","未核验","未核验","https://huggingface.co/openbmb/MiniCPM3-RAG-LoRA/resolve/3ee34a2c7b518f2d9be23d7138a7d29300b240f8/config.json","文本decode/verify；B[1,16],S[1,8]；TP=1逻辑参考；","Y=X@W^T"
"root/layer_13","q_b_projection","未核验","GEMM","[B,S,768]","[B,S,3840]","B,S,T；其他轴见模型参数","B[1,16];S_verify[1,8];L_KV独立未知；TP=1","config=bfloat16；激活/累加类型未核验","未核验","逻辑轴顺序；物理format未核验","逻辑轴顺序；物理format未核验","未评估候选","未评估候选","未评估候选","未核验","未实测","未实测","未实测","未实测","未核验","配置确认 + 数学推导；未核验完整调用链","https://huggingface.co/openbmb/MiniCPM3-RAG-LoRA/resolve/3ee34a2c7b518f2d9be23d7138a7d29300b240f8/config.json","logical [3840,768]","未核验","未核验","未核验","https://huggingface.co/openbmb/MiniCPM3-RAG-LoRA/resolve/3ee34a2c7b518f2d9be23d7138a7d29300b240f8/config.json","文本decode/verify；B[1,16],S[1,8]；TP=1逻辑参考；","Q_width=heads*(qk_nope+qk_rope)"
"root/layer_13","kv_compression","未核验","GEMM","[B,S,2560]","[B,S,288]","B,S,T；其他轴见模型参数","B[1,16];S_verify[1,8];L_KV独立未知；TP=1","config=bfloat16；激活/累加类型未核验","未核验","逻辑轴顺序；物理format未核验","逻辑轴顺序；物理format未核验","未评估候选","未评估候选","未评估候选","未核验","未实测","未实测","未实测","未实测","未核验","配置确认 + 数学推导；未核验完整调用链","https://huggingface.co/openbmb/MiniCPM3-RAG-LoRA/resolve/3ee34a2c7b518f2d9be23d7138a7d29300b240f8/config.json","logical [288,2560]","未核验","未核验","未核验","https://huggingface.co/openbmb/MiniCPM3-RAG-LoRA/resolve/3ee34a2c7b518f2d9be23d7138a7d29300b240f8/config.json","文本decode/verify；B[1,16],S[1,8]；TP=1逻辑参考；","KV_width=kv_lora_rank+qk_rope_head_dim"
"root/layer_13","MLA_cache_and_attention","未核验","MLA","Q:[B,S,40,96];KVc:[B,L_KV,256]","[B,S,2560]","B,S,T；其他轴见模型参数","B[1,16];S_verify[1,8];L_KV独立未知；TP=1","config=bfloat16；激活/累加类型未核验","未核验","逻辑轴顺序；物理format未核验","逻辑轴顺序；物理format未核验","未评估候选","未评估候选","未评估候选","未核验","未实测","未实测","未实测","未实测","未核验","配置确认 + 数学推导；未核验完整调用链","https://huggingface.co/openbmb/MiniCPM3-RAG-LoRA/resolve/3ee34a2c7b518f2d9be23d7138a7d29300b240f8/config.json","未核验","未核验","未核验","未核验","https://huggingface.co/openbmb/MiniCPM3-RAG-LoRA/resolve/3ee34a2c7b518f2d9be23d7138a7d29300b240f8/config.json","文本decode/verify；B[1,16],S[1,8]；TP=1逻辑参考；","KV展开/吸收、value维度、cache布局待实现核验"
"root/layer_13","attention_residual","未核验","elementwise","[B,S,2560];[B,S,2560]","[B,S,2560]","B,S,T；其他轴见模型参数","B[1,16];S_verify[1,8];L_KV独立未知；TP=1","config=bfloat16；激活/累加类型未核验","未核验","逻辑轴顺序；物理format未核验","逻辑轴顺序；物理format未核验","未评估候选","未评估候选","未评估候选","未核验","未实测","未实测","未实测","未实测","未核验","配置确认 + 数学推导；未核验完整调用链","https://huggingface.co/openbmb/MiniCPM3-RAG-LoRA/resolve/3ee34a2c7b518f2d9be23d7138a7d29300b240f8/config.json","未核验","未核验","未核验","未核验","https://huggingface.co/openbmb/MiniCPM3-RAG-LoRA/resolve/3ee34a2c7b518f2d9be23d7138a7d29300b240f8/config.json","文本decode/verify；B[1,16],S[1,8]；TP=1逻辑参考；","Y=X+branch（参考，实际残差策略未核验）"
"root/layer_13","post_attention_normalization","未核验","norm","[B,S,2560]","[B,S,2560]","B,S,T；其他轴见模型参数","B[1,16];S_verify[1,8];L_KV独立未知；TP=1","config=bfloat16；激活/累加类型未核验","未核验","逻辑轴顺序；物理format未核验","逻辑轴顺序；物理format未核验","未评估候选","未评估候选","未评估候选","未核验","未实测","未实测","未实测","未实测","未核验","配置确认 + 数学推导；未核验完整调用链","https://huggingface.co/openbmb/MiniCPM3-RAG-LoRA/resolve/3ee34a2c7b518f2d9be23d7138a7d29300b240f8/config.json","未核验","未核验","未核验","未核验","https://huggingface.co/openbmb/MiniCPM3-RAG-LoRA/resolve/3ee34a2c7b518f2d9be23d7138a7d29300b240f8/config.json","文本decode/verify；B[1,16],S[1,8]；TP=1逻辑参考；","类型与位置待源码核验"
"root/layer_13","FFN_up","未核验","GEMM","[B,S,2560]","[B,S,6400]","B,S,T；其他轴见模型参数","B[1,16];S_verify[1,8];L_KV独立未知；TP=1","config=bfloat16；激活/累加类型未核验","未核验","逻辑轴顺序；物理format未核验","逻辑轴顺序；物理format未核验","未评估候选","未评估候选","未评估候选","未核验","未实测","未实测","未实测","未实测","未核验","配置确认 + 数学推导；未核验完整调用链","https://huggingface.co/openbmb/MiniCPM3-RAG-LoRA/resolve/3ee34a2c7b518f2d9be23d7138a7d29300b240f8/config.json","logical [6400,2560]","未核验","未核验","未核验","https://huggingface.co/openbmb/MiniCPM3-RAG-LoRA/resolve/3ee34a2c7b518f2d9be23d7138a7d29300b240f8/config.json","文本decode/verify；B[1,16],S[1,8]；TP=1逻辑参考；","Y=X@W^T"
"root/layer_13","FFN_activation_and_optional_gate","未核验","activation","[B,S,6400]","[B,S,6400]","B,S,T；其他轴见模型参数","B[1,16];S_verify[1,8];L_KV独立未知；TP=1","config=bfloat16；激活/累加类型未核验","未核验","逻辑轴顺序；物理format未核验","逻辑轴顺序；物理format未核验","未评估候选","未评估候选","未评估候选","未核验","未实测","未实测","未实测","未实测","未核验","配置确认 + 数学推导；未核验完整调用链","https://huggingface.co/openbmb/MiniCPM3-RAG-LoRA/resolve/3ee34a2c7b518f2d9be23d7138a7d29300b240f8/config.json","未核验","未核验","未核验","未核验","https://huggingface.co/openbmb/MiniCPM3-RAG-LoRA/resolve/3ee34a2c7b518f2d9be23d7138a7d29300b240f8/config.json","文本decode/verify；B[1,16],S[1,8]；TP=1逻辑参考；是否额外gate矩阵与门控分支维度需要实现；不能仅由silu推定完整SwiGLU","config.hidden_act=silu"
"root/layer_13","FFN_down","未核验","GEMM","[B,S,6400]","[B,S,2560]","B,S,T；其他轴见模型参数","B[1,16];S_verify[1,8];L_KV独立未知；TP=1","config=bfloat16；激活/累加类型未核验","未核验","逻辑轴顺序；物理format未核验","逻辑轴顺序；物理format未核验","未评估候选","未评估候选","未评估候选","未核验","未实测","未实测","未实测","未实测","未核验","配置确认 + 数学推导；未核验完整调用链","https://huggingface.co/openbmb/MiniCPM3-RAG-LoRA/resolve/3ee34a2c7b518f2d9be23d7138a7d29300b240f8/config.json","logical [2560,6400]","未核验","未核验","未核验","https://huggingface.co/openbmb/MiniCPM3-RAG-LoRA/resolve/3ee34a2c7b518f2d9be23d7138a7d29300b240f8/config.json","文本decode/verify；B[1,16],S[1,8]；TP=1逻辑参考；","Y=X@W^T"
"root/layer_13","FFN_residual","未核验","elementwise","[B,S,2560];[B,S,2560]","[B,S,2560]","B,S,T；其他轴见模型参数","B[1,16];S_verify[1,8];L_KV独立未知；TP=1","config=bfloat16；激活/累加类型未核验","未核验","逻辑轴顺序；物理format未核验","逻辑轴顺序；物理format未核验","未评估候选","未评估候选","未评估候选","未核验","未实测","未实测","未实测","未实测","未核验","配置确认 + 数学推导；未核验完整调用链","https://huggingface.co/openbmb/MiniCPM3-RAG-LoRA/resolve/3ee34a2c7b518f2d9be23d7138a7d29300b240f8/config.json","未核验","未核验","未核验","未核验","https://huggingface.co/openbmb/MiniCPM3-RAG-LoRA/resolve/3ee34a2c7b518f2d9be23d7138a7d29300b240f8/config.json","文本decode/verify；B[1,16],S[1,8]；TP=1逻辑参考；","Y=X+branch（参考，实际残差策略未核验）"
"root/layer_14","input_normalization","未核验","norm","[B,S,2560]","[B,S,2560]","B,S,T；其他轴见模型参数","B[1,16];S_verify[1,8];L_KV独立未知；TP=1","config=bfloat16；激活/累加类型未核验","未核验","逻辑轴顺序；物理format未核验","逻辑轴顺序；物理format未核验","未评估候选","未评估候选","未评估候选","未核验","未实测","未实测","未实测","未实测","未核验","配置确认 + 数学推导；未核验完整调用链","https://huggingface.co/openbmb/MiniCPM3-RAG-LoRA/resolve/3ee34a2c7b518f2d9be23d7138a7d29300b240f8/config.json","未核验","未核验","未核验","未核验","https://huggingface.co/openbmb/MiniCPM3-RAG-LoRA/resolve/3ee34a2c7b518f2d9be23d7138a7d29300b240f8/config.json","文本decode/verify；B[1,16],S[1,8]；TP=1逻辑参考；","归一化类型/先后顺序待实现核验"
"root/layer_14","q_a_projection","未核验","GEMM","[B,S,2560]","[B,S,768]","B,S,T；其他轴见模型参数","B[1,16];S_verify[1,8];L_KV独立未知；TP=1","config=bfloat16；激活/累加类型未核验","未核验","逻辑轴顺序；物理format未核验","逻辑轴顺序；物理format未核验","未评估候选","未评估候选","未评估候选","未核验","未实测","未实测","未实测","未实测","未核验","配置确认 + 数学推导；未核验完整调用链","https://huggingface.co/openbmb/MiniCPM3-RAG-LoRA/resolve/3ee34a2c7b518f2d9be23d7138a7d29300b240f8/config.json","logical [768,2560]","未核验","未核验","未核验","https://huggingface.co/openbmb/MiniCPM3-RAG-LoRA/resolve/3ee34a2c7b518f2d9be23d7138a7d29300b240f8/config.json","文本decode/verify；B[1,16],S[1,8]；TP=1逻辑参考；","Y=X@W^T"
"root/layer_14","q_b_projection","未核验","GEMM","[B,S,768]","[B,S,3840]","B,S,T；其他轴见模型参数","B[1,16];S_verify[1,8];L_KV独立未知；TP=1","config=bfloat16；激活/累加类型未核验","未核验","逻辑轴顺序；物理format未核验","逻辑轴顺序；物理format未核验","未评估候选","未评估候选","未评估候选","未核验","未实测","未实测","未实测","未实测","未核验","配置确认 + 数学推导；未核验完整调用链","https://huggingface.co/openbmb/MiniCPM3-RAG-LoRA/resolve/3ee34a2c7b518f2d9be23d7138a7d29300b240f8/config.json","logical [3840,768]","未核验","未核验","未核验","https://huggingface.co/openbmb/MiniCPM3-RAG-LoRA/resolve/3ee34a2c7b518f2d9be23d7138a7d29300b240f8/config.json","文本decode/verify；B[1,16],S[1,8]；TP=1逻辑参考；","Q_width=heads*(qk_nope+qk_rope)"
"root/layer_14","kv_compression","未核验","GEMM","[B,S,2560]","[B,S,288]","B,S,T；其他轴见模型参数","B[1,16];S_verify[1,8];L_KV独立未知；TP=1","config=bfloat16；激活/累加类型未核验","未核验","逻辑轴顺序；物理format未核验","逻辑轴顺序；物理format未核验","未评估候选","未评估候选","未评估候选","未核验","未实测","未实测","未实测","未实测","未核验","配置确认 + 数学推导；未核验完整调用链","https://huggingface.co/openbmb/MiniCPM3-RAG-LoRA/resolve/3ee34a2c7b518f2d9be23d7138a7d29300b240f8/config.json","logical [288,2560]","未核验","未核验","未核验","https://huggingface.co/openbmb/MiniCPM3-RAG-LoRA/resolve/3ee34a2c7b518f2d9be23d7138a7d29300b240f8/config.json","文本decode/verify；B[1,16],S[1,8]；TP=1逻辑参考；","KV_width=kv_lora_rank+qk_rope_head_dim"
"root/layer_14","MLA_cache_and_attention","未核验","MLA","Q:[B,S,40,96];KVc:[B,L_KV,256]","[B,S,2560]","B,S,T；其他轴见模型参数","B[1,16];S_verify[1,8];L_KV独立未知；TP=1","config=bfloat16；激活/累加类型未核验","未核验","逻辑轴顺序；物理format未核验","逻辑轴顺序；物理format未核验","未评估候选","未评估候选","未评估候选","未核验","未实测","未实测","未实测","未实测","未核验","配置确认 + 数学推导；未核验完整调用链","https://huggingface.co/openbmb/MiniCPM3-RAG-LoRA/resolve/3ee34a2c7b518f2d9be23d7138a7d29300b240f8/config.json","未核验","未核验","未核验","未核验","https://huggingface.co/openbmb/MiniCPM3-RAG-LoRA/resolve/3ee34a2c7b518f2d9be23d7138a7d29300b240f8/config.json","文本decode/verify；B[1,16],S[1,8]；TP=1逻辑参考；","KV展开/吸收、value维度、cache布局待实现核验"
"root/layer_14","attention_residual","未核验","elementwise","[B,S,2560];[B,S,2560]","[B,S,2560]","B,S,T；其他轴见模型参数","B[1,16];S_verify[1,8];L_KV独立未知；TP=1","config=bfloat16；激活/累加类型未核验","未核验","逻辑轴顺序；物理format未核验","逻辑轴顺序；物理format未核验","未评估候选","未评估候选","未评估候选","未核验","未实测","未实测","未实测","未实测","未核验","配置确认 + 数学推导；未核验完整调用链","https://huggingface.co/openbmb/MiniCPM3-RAG-LoRA/resolve/3ee34a2c7b518f2d9be23d7138a7d29300b240f8/config.json","未核验","未核验","未核验","未核验","https://huggingface.co/openbmb/MiniCPM3-RAG-LoRA/resolve/3ee34a2c7b518f2d9be23d7138a7d29300b240f8/config.json","文本decode/verify；B[1,16],S[1,8]；TP=1逻辑参考；","Y=X+branch（参考，实际残差策略未核验）"
"root/layer_14","post_attention_normalization","未核验","norm","[B,S,2560]","[B,S,2560]","B,S,T；其他轴见模型参数","B[1,16];S_verify[1,8];L_KV独立未知；TP=1","config=bfloat16；激活/累加类型未核验","未核验","逻辑轴顺序；物理format未核验","逻辑轴顺序；物理format未核验","未评估候选","未评估候选","未评估候选","未核验","未实测","未实测","未实测","未实测","未核验","配置确认 + 数学推导；未核验完整调用链","https://huggingface.co/openbmb/MiniCPM3-RAG-LoRA/resolve/3ee34a2c7b518f2d9be23d7138a7d29300b240f8/config.json","未核验","未核验","未核验","未核验","https://huggingface.co/openbmb/MiniCPM3-RAG-LoRA/resolve/3ee34a2c7b518f2d9be23d7138a7d29300b240f8/config.json","文本decode/verify；B[1,16],S[1,8]；TP=1逻辑参考；","类型与位置待源码核验"
"root/layer_14","FFN_up","未核验","GEMM","[B,S,2560]","[B,S,6400]","B,S,T；其他轴见模型参数","B[1,16];S_verify[1,8];L_KV独立未知；TP=1","config=bfloat16；激活/累加类型未核验","未核验","逻辑轴顺序；物理format未核验","逻辑轴顺序；物理format未核验","未评估候选","未评估候选","未评估候选","未核验","未实测","未实测","未实测","未实测","未核验","配置确认 + 数学推导；未核验完整调用链","https://huggingface.co/openbmb/MiniCPM3-RAG-LoRA/resolve/3ee34a2c7b518f2d9be23d7138a7d29300b240f8/config.json","logical [6400,2560]","未核验","未核验","未核验","https://huggingface.co/openbmb/MiniCPM3-RAG-LoRA/resolve/3ee34a2c7b518f2d9be23d7138a7d29300b240f8/config.json","文本decode/verify；B[1,16],S[1,8]；TP=1逻辑参考；","Y=X@W^T"
"root/layer_14","FFN_activation_and_optional_gate","未核验","activation","[B,S,6400]","[B,S,6400]","B,S,T；其他轴见模型参数","B[1,16];S_verify[1,8];L_KV独立未知；TP=1","config=bfloat16；激活/累加类型未核验","未核验","逻辑轴顺序；物理format未核验","逻辑轴顺序；物理format未核验","未评估候选","未评估候选","未评估候选","未核验","未实测","未实测","未实测","未实测","未核验","配置确认 + 数学推导；未核验完整调用链","https://huggingface.co/openbmb/MiniCPM3-RAG-LoRA/resolve/3ee34a2c7b518f2d9be23d7138a7d29300b240f8/config.json","未核验","未核验","未核验","未核验","https://huggingface.co/openbmb/MiniCPM3-RAG-LoRA/resolve/3ee34a2c7b518f2d9be23d7138a7d29300b240f8/config.json","文本decode/verify；B[1,16],S[1,8]；TP=1逻辑参考；是否额外gate矩阵与门控分支维度需要实现；不能仅由silu推定完整SwiGLU","config.hidden_act=silu"
"root/layer_14","FFN_down","未核验","GEMM","[B,S,6400]","[B,S,2560]","B,S,T；其他轴见模型参数","B[1,16];S_verify[1,8];L_KV独立未知；TP=1","config=bfloat16；激活/累加类型未核验","未核验","逻辑轴顺序；物理format未核验","逻辑轴顺序；物理format未核验","未评估候选","未评估候选","未评估候选","未核验","未实测","未实测","未实测","未实测","未核验","配置确认 + 数学推导；未核验完整调用链","https://huggingface.co/openbmb/MiniCPM3-RAG-LoRA/resolve/3ee34a2c7b518f2d9be23d7138a7d29300b240f8/config.json","logical [2560,6400]","未核验","未核验","未核验","https://huggingface.co/openbmb/MiniCPM3-RAG-LoRA/resolve/3ee34a2c7b518f2d9be23d7138a7d29300b240f8/config.json","文本decode/verify；B[1,16],S[1,8]；TP=1逻辑参考；","Y=X@W^T"
"root/layer_14","FFN_residual","未核验","elementwise","[B,S,2560];[B,S,2560]","[B,S,2560]","B,S,T；其他轴见模型参数","B[1,16];S_verify[1,8];L_KV独立未知；TP=1","config=bfloat16；激活/累加类型未核验","未核验","逻辑轴顺序；物理format未核验","逻辑轴顺序；物理format未核验","未评估候选","未评估候选","未评估候选","未核验","未实测","未实测","未实测","未实测","未核验","配置确认 + 数学推导；未核验完整调用链","https://huggingface.co/openbmb/MiniCPM3-RAG-LoRA/resolve/3ee34a2c7b518f2d9be23d7138a7d29300b240f8/config.json","未核验","未核验","未核验","未核验","https://huggingface.co/openbmb/MiniCPM3-RAG-LoRA/resolve/3ee34a2c7b518f2d9be23d7138a7d29300b240f8/config.json","文本decode/verify；B[1,16],S[1,8]；TP=1逻辑参考；","Y=X+branch（参考，实际残差策略未核验）"
"root/layer_15","input_normalization","未核验","norm","[B,S,2560]","[B,S,2560]","B,S,T；其他轴见模型参数","B[1,16];S_verify[1,8];L_KV独立未知；TP=1","config=bfloat16；激活/累加类型未核验","未核验","逻辑轴顺序；物理format未核验","逻辑轴顺序；物理format未核验","未评估候选","未评估候选","未评估候选","未核验","未实测","未实测","未实测","未实测","未核验","配置确认 + 数学推导；未核验完整调用链","https://huggingface.co/openbmb/MiniCPM3-RAG-LoRA/resolve/3ee34a2c7b518f2d9be23d7138a7d29300b240f8/config.json","未核验","未核验","未核验","未核验","https://huggingface.co/openbmb/MiniCPM3-RAG-LoRA/resolve/3ee34a2c7b518f2d9be23d7138a7d29300b240f8/config.json","文本decode/verify；B[1,16],S[1,8]；TP=1逻辑参考；","归一化类型/先后顺序待实现核验"
"root/layer_15","q_a_projection","未核验","GEMM","[B,S,2560]","[B,S,768]","B,S,T；其他轴见模型参数","B[1,16];S_verify[1,8];L_KV独立未知；TP=1","config=bfloat16；激活/累加类型未核验","未核验","逻辑轴顺序；物理format未核验","逻辑轴顺序；物理format未核验","未评估候选","未评估候选","未评估候选","未核验","未实测","未实测","未实测","未实测","未核验","配置确认 + 数学推导；未核验完整调用链","https://huggingface.co/openbmb/MiniCPM3-RAG-LoRA/resolve/3ee34a2c7b518f2d9be23d7138a7d29300b240f8/config.json","logical [768,2560]","未核验","未核验","未核验","https://huggingface.co/openbmb/MiniCPM3-RAG-LoRA/resolve/3ee34a2c7b518f2d9be23d7138a7d29300b240f8/config.json","文本decode/verify；B[1,16],S[1,8]；TP=1逻辑参考；","Y=X@W^T"
"root/layer_15","q_b_projection","未核验","GEMM","[B,S,768]","[B,S,3840]","B,S,T；其他轴见模型参数","B[1,16];S_verify[1,8];L_KV独立未知；TP=1","config=bfloat16；激活/累加类型未核验","未核验","逻辑轴顺序；物理format未核验","逻辑轴顺序；物理format未核验","未评估候选","未评估候选","未评估候选","未核验","未实测","未实测","未实测","未实测","未核验","配置确认 + 数学推导；未核验完整调用链","https://huggingface.co/openbmb/MiniCPM3-RAG-LoRA/resolve/3ee34a2c7b518f2d9be23d7138a7d29300b240f8/config.json","logical [3840,768]","未核验","未核验","未核验","https://huggingface.co/openbmb/MiniCPM3-RAG-LoRA/resolve/3ee34a2c7b518f2d9be23d7138a7d29300b240f8/config.json","文本decode/verify；B[1,16],S[1,8]；TP=1逻辑参考；","Q_width=heads*(qk_nope+qk_rope)"
"root/layer_15","kv_compression","未核验","GEMM","[B,S,2560]","[B,S,288]","B,S,T；其他轴见模型参数","B[1,16];S_verify[1,8];L_KV独立未知；TP=1","config=bfloat16；激活/累加类型未核验","未核验","逻辑轴顺序；物理format未核验","逻辑轴顺序；物理format未核验","未评估候选","未评估候选","未评估候选","未核验","未实测","未实测","未实测","未实测","未核验","配置确认 + 数学推导；未核验完整调用链","https://huggingface.co/openbmb/MiniCPM3-RAG-LoRA/resolve/3ee34a2c7b518f2d9be23d7138a7d29300b240f8/config.json","logical [288,2560]","未核验","未核验","未核验","https://huggingface.co/openbmb/MiniCPM3-RAG-LoRA/resolve/3ee34a2c7b518f2d9be23d7138a7d29300b240f8/config.json","文本decode/verify；B[1,16],S[1,8]；TP=1逻辑参考；","KV_width=kv_lora_rank+qk_rope_head_dim"
"root/layer_15","MLA_cache_and_attention","未核验","MLA","Q:[B,S,40,96];KVc:[B,L_KV,256]","[B,S,2560]","B,S,T；其他轴见模型参数","B[1,16];S_verify[1,8];L_KV独立未知；TP=1","config=bfloat16；激活/累加类型未核验","未核验","逻辑轴顺序；物理format未核验","逻辑轴顺序；物理format未核验","未评估候选","未评估候选","未评估候选","未核验","未实测","未实测","未实测","未实测","未核验","配置确认 + 数学推导；未核验完整调用链","https://huggingface.co/openbmb/MiniCPM3-RAG-LoRA/resolve/3ee34a2c7b518f2d9be23d7138a7d29300b240f8/config.json","未核验","未核验","未核验","未核验","https://huggingface.co/openbmb/MiniCPM3-RAG-LoRA/resolve/3ee34a2c7b518f2d9be23d7138a7d29300b240f8/config.json","文本decode/verify；B[1,16],S[1,8]；TP=1逻辑参考；","KV展开/吸收、value维度、cache布局待实现核验"
"root/layer_15","attention_residual","未核验","elementwise","[B,S,2560];[B,S,2560]","[B,S,2560]","B,S,T；其他轴见模型参数","B[1,16];S_verify[1,8];L_KV独立未知；TP=1","config=bfloat16；激活/累加类型未核验","未核验","逻辑轴顺序；物理format未核验","逻辑轴顺序；物理format未核验","未评估候选","未评估候选","未评估候选","未核验","未实测","未实测","未实测","未实测","未核验","配置确认 + 数学推导；未核验完整调用链","https://huggingface.co/openbmb/MiniCPM3-RAG-LoRA/resolve/3ee34a2c7b518f2d9be23d7138a7d29300b240f8/config.json","未核验","未核验","未核验","未核验","https://huggingface.co/openbmb/MiniCPM3-RAG-LoRA/resolve/3ee34a2c7b518f2d9be23d7138a7d29300b240f8/config.json","文本decode/verify；B[1,16],S[1,8]；TP=1逻辑参考；","Y=X+branch（参考，实际残差策略未核验）"
"root/layer_15","post_attention_normalization","未核验","norm","[B,S,2560]","[B,S,2560]","B,S,T；其他轴见模型参数","B[1,16];S_verify[1,8];L_KV独立未知；TP=1","config=bfloat16；激活/累加类型未核验","未核验","逻辑轴顺序；物理format未核验","逻辑轴顺序；物理format未核验","未评估候选","未评估候选","未评估候选","未核验","未实测","未实测","未实测","未实测","未核验","配置确认 + 数学推导；未核验完整调用链","https://huggingface.co/openbmb/MiniCPM3-RAG-LoRA/resolve/3ee34a2c7b518f2d9be23d7138a7d29300b240f8/config.json","未核验","未核验","未核验","未核验","https://huggingface.co/openbmb/MiniCPM3-RAG-LoRA/resolve/3ee34a2c7b518f2d9be23d7138a7d29300b240f8/config.json","文本decode/verify；B[1,16],S[1,8]；TP=1逻辑参考；","类型与位置待源码核验"
"root/layer_15","FFN_up","未核验","GEMM","[B,S,2560]","[B,S,6400]","B,S,T；其他轴见模型参数","B[1,16];S_verify[1,8];L_KV独立未知；TP=1","config=bfloat16；激活/累加类型未核验","未核验","逻辑轴顺序；物理format未核验","逻辑轴顺序；物理format未核验","未评估候选","未评估候选","未评估候选","未核验","未实测","未实测","未实测","未实测","未核验","配置确认 + 数学推导；未核验完整调用链","https://huggingface.co/openbmb/MiniCPM3-RAG-LoRA/resolve/3ee34a2c7b518f2d9be23d7138a7d29300b240f8/config.json","logical [6400,2560]","未核验","未核验","未核验","https://huggingface.co/openbmb/MiniCPM3-RAG-LoRA/resolve/3ee34a2c7b518f2d9be23d7138a7d29300b240f8/config.json","文本decode/verify；B[1,16],S[1,8]；TP=1逻辑参考；","Y=X@W^T"
"root/layer_15","FFN_activation_and_optional_gate","未核验","activation","[B,S,6400]","[B,S,6400]","B,S,T；其他轴见模型参数","B[1,16];S_verify[1,8];L_KV独立未知；TP=1","config=bfloat16；激活/累加类型未核验","未核验","逻辑轴顺序；物理format未核验","逻辑轴顺序；物理format未核验","未评估候选","未评估候选","未评估候选","未核验","未实测","未实测","未实测","未实测","未核验","配置确认 + 数学推导；未核验完整调用链","https://huggingface.co/openbmb/MiniCPM3-RAG-LoRA/resolve/3ee34a2c7b518f2d9be23d7138a7d29300b240f8/config.json","未核验","未核验","未核验","未核验","https://huggingface.co/openbmb/MiniCPM3-RAG-LoRA/resolve/3ee34a2c7b518f2d9be23d7138a7d29300b240f8/config.json","文本decode/verify；B[1,16],S[1,8]；TP=1逻辑参考；是否额外gate矩阵与门控分支维度需要实现；不能仅由silu推定完整SwiGLU","config.hidden_act=silu"
"root/layer_15","FFN_down","未核验","GEMM","[B,S,6400]","[B,S,2560]","B,S,T；其他轴见模型参数","B[1,16];S_verify[1,8];L_KV独立未知；TP=1","config=bfloat16；激活/累加类型未核验","未核验","逻辑轴顺序；物理format未核验","逻辑轴顺序；物理format未核验","未评估候选","未评估候选","未评估候选","未核验","未实测","未实测","未实测","未实测","未核验","配置确认 + 数学推导；未核验完整调用链","https://huggingface.co/openbmb/MiniCPM3-RAG-LoRA/resolve/3ee34a2c7b518f2d9be23d7138a7d29300b240f8/config.json","logical [2560,6400]","未核验","未核验","未核验","https://huggingface.co/openbmb/MiniCPM3-RAG-LoRA/resolve/3ee34a2c7b518f2d9be23d7138a7d29300b240f8/config.json","文本decode/verify；B[1,16],S[1,8]；TP=1逻辑参考；","Y=X@W^T"
"root/layer_15","FFN_residual","未核验","elementwise","[B,S,2560];[B,S,2560]","[B,S,2560]","B,S,T；其他轴见模型参数","B[1,16];S_verify[1,8];L_KV独立未知；TP=1","config=bfloat16；激活/累加类型未核验","未核验","逻辑轴顺序；物理format未核验","逻辑轴顺序；物理format未核验","未评估候选","未评估候选","未评估候选","未核验","未实测","未实测","未实测","未实测","未核验","配置确认 + 数学推导；未核验完整调用链","https://huggingface.co/openbmb/MiniCPM3-RAG-LoRA/resolve/3ee34a2c7b518f2d9be23d7138a7d29300b240f8/config.json","未核验","未核验","未核验","未核验","https://huggingface.co/openbmb/MiniCPM3-RAG-LoRA/resolve/3ee34a2c7b518f2d9be23d7138a7d29300b240f8/config.json","文本decode/verify；B[1,16],S[1,8]；TP=1逻辑参考；","Y=X+branch（参考，实际残差策略未核验）"
"root/layer_16","input_normalization","未核验","norm","[B,S,2560]","[B,S,2560]","B,S,T；其他轴见模型参数","B[1,16];S_verify[1,8];L_KV独立未知；TP=1","config=bfloat16；激活/累加类型未核验","未核验","逻辑轴顺序；物理format未核验","逻辑轴顺序；物理format未核验","未评估候选","未评估候选","未评估候选","未核验","未实测","未实测","未实测","未实测","未核验","配置确认 + 数学推导；未核验完整调用链","https://huggingface.co/openbmb/MiniCPM3-RAG-LoRA/resolve/3ee34a2c7b518f2d9be23d7138a7d29300b240f8/config.json","未核验","未核验","未核验","未核验","https://huggingface.co/openbmb/MiniCPM3-RAG-LoRA/resolve/3ee34a2c7b518f2d9be23d7138a7d29300b240f8/config.json","文本decode/verify；B[1,16],S[1,8]；TP=1逻辑参考；","归一化类型/先后顺序待实现核验"
"root/layer_16","q_a_projection","未核验","GEMM","[B,S,2560]","[B,S,768]","B,S,T；其他轴见模型参数","B[1,16];S_verify[1,8];L_KV独立未知；TP=1","config=bfloat16；激活/累加类型未核验","未核验","逻辑轴顺序；物理format未核验","逻辑轴顺序；物理format未核验","未评估候选","未评估候选","未评估候选","未核验","未实测","未实测","未实测","未实测","未核验","配置确认 + 数学推导；未核验完整调用链","https://huggingface.co/openbmb/MiniCPM3-RAG-LoRA/resolve/3ee34a2c7b518f2d9be23d7138a7d29300b240f8/config.json","logical [768,2560]","未核验","未核验","未核验","https://huggingface.co/openbmb/MiniCPM3-RAG-LoRA/resolve/3ee34a2c7b518f2d9be23d7138a7d29300b240f8/config.json","文本decode/verify；B[1,16],S[1,8]；TP=1逻辑参考；","Y=X@W^T"
"root/layer_16","q_b_projection","未核验","GEMM","[B,S,768]","[B,S,3840]","B,S,T；其他轴见模型参数","B[1,16];S_verify[1,8];L_KV独立未知；TP=1","config=bfloat16；激活/累加类型未核验","未核验","逻辑轴顺序；物理format未核验","逻辑轴顺序；物理format未核验","未评估候选","未评估候选","未评估候选","未核验","未实测","未实测","未实测","未实测","未核验","配置确认 + 数学推导；未核验完整调用链","https://huggingface.co/openbmb/MiniCPM3-RAG-LoRA/resolve/3ee34a2c7b518f2d9be23d7138a7d29300b240f8/config.json","logical [3840,768]","未核验","未核验","未核验","https://huggingface.co/openbmb/MiniCPM3-RAG-LoRA/resolve/3ee34a2c7b518f2d9be23d7138a7d29300b240f8/config.json","文本decode/verify；B[1,16],S[1,8]；TP=1逻辑参考；","Q_width=heads*(qk_nope+qk_rope)"
"root/layer_16","kv_compression","未核验","GEMM","[B,S,2560]","[B,S,288]","B,S,T；其他轴见模型参数","B[1,16];S_verify[1,8];L_KV独立未知；TP=1","config=bfloat16；激活/累加类型未核验","未核验","逻辑轴顺序；物理format未核验","逻辑轴顺序；物理format未核验","未评估候选","未评估候选","未评估候选","未核验","未实测","未实测","未实测","未实测","未核验","配置确认 + 数学推导；未核验完整调用链","https://huggingface.co/openbmb/MiniCPM3-RAG-LoRA/resolve/3ee34a2c7b518f2d9be23d7138a7d29300b240f8/config.json","logical [288,2560]","未核验","未核验","未核验","https://huggingface.co/openbmb/MiniCPM3-RAG-LoRA/resolve/3ee34a2c7b518f2d9be23d7138a7d29300b240f8/config.json","文本decode/verify；B[1,16],S[1,8]；TP=1逻辑参考；","KV_width=kv_lora_rank+qk_rope_head_dim"
"root/layer_16","MLA_cache_and_attention","未核验","MLA","Q:[B,S,40,96];KVc:[B,L_KV,256]","[B,S,2560]","B,S,T；其他轴见模型参数","B[1,16];S_verify[1,8];L_KV独立未知；TP=1","config=bfloat16；激活/累加类型未核验","未核验","逻辑轴顺序；物理format未核验","逻辑轴顺序；物理format未核验","未评估候选","未评估候选","未评估候选","未核验","未实测","未实测","未实测","未实测","未核验","配置确认 + 数学推导；未核验完整调用链","https://huggingface.co/openbmb/MiniCPM3-RAG-LoRA/resolve/3ee34a2c7b518f2d9be23d7138a7d29300b240f8/config.json","未核验","未核验","未核验","未核验","https://huggingface.co/openbmb/MiniCPM3-RAG-LoRA/resolve/3ee34a2c7b518f2d9be23d7138a7d29300b240f8/config.json","文本decode/verify；B[1,16],S[1,8]；TP=1逻辑参考；","KV展开/吸收、value维度、cache布局待实现核验"
"root/layer_16","attention_residual","未核验","elementwise","[B,S,2560];[B,S,2560]","[B,S,2560]","B,S,T；其他轴见模型参数","B[1,16];S_verify[1,8];L_KV独立未知；TP=1","config=bfloat16；激活/累加类型未核验","未核验","逻辑轴顺序；物理format未核验","逻辑轴顺序；物理format未核验","未评估候选","未评估候选","未评估候选","未核验","未实测","未实测","未实测","未实测","未核验","配置确认 + 数学推导；未核验完整调用链","https://huggingface.co/openbmb/MiniCPM3-RAG-LoRA/resolve/3ee34a2c7b518f2d9be23d7138a7d29300b240f8/config.json","未核验","未核验","未核验","未核验","https://huggingface.co/openbmb/MiniCPM3-RAG-LoRA/resolve/3ee34a2c7b518f2d9be23d7138a7d29300b240f8/config.json","文本decode/verify；B[1,16],S[1,8]；TP=1逻辑参考；","Y=X+branch（参考，实际残差策略未核验）"
"root/layer_16","post_attention_normalization","未核验","norm","[B,S,2560]","[B,S,2560]","B,S,T；其他轴见模型参数","B[1,16];S_verify[1,8];L_KV独立未知；TP=1","config=bfloat16；激活/累加类型未核验","未核验","逻辑轴顺序；物理format未核验","逻辑轴顺序；物理format未核验","未评估候选","未评估候选","未评估候选","未核验","未实测","未实测","未实测","未实测","未核验","配置确认 + 数学推导；未核验完整调用链","https://huggingface.co/openbmb/MiniCPM3-RAG-LoRA/resolve/3ee34a2c7b518f2d9be23d7138a7d29300b240f8/config.json","未核验","未核验","未核验","未核验","https://huggingface.co/openbmb/MiniCPM3-RAG-LoRA/resolve/3ee34a2c7b518f2d9be23d7138a7d29300b240f8/config.json","文本decode/verify；B[1,16],S[1,8]；TP=1逻辑参考；","类型与位置待源码核验"
"root/layer_16","FFN_up","未核验","GEMM","[B,S,2560]","[B,S,6400]","B,S,T；其他轴见模型参数","B[1,16];S_verify[1,8];L_KV独立未知；TP=1","config=bfloat16；激活/累加类型未核验","未核验","逻辑轴顺序；物理format未核验","逻辑轴顺序；物理format未核验","未评估候选","未评估候选","未评估候选","未核验","未实测","未实测","未实测","未实测","未核验","配置确认 + 数学推导；未核验完整调用链","https://huggingface.co/openbmb/MiniCPM3-RAG-LoRA/resolve/3ee34a2c7b518f2d9be23d7138a7d29300b240f8/config.json","logical [6400,2560]","未核验","未核验","未核验","https://huggingface.co/openbmb/MiniCPM3-RAG-LoRA/resolve/3ee34a2c7b518f2d9be23d7138a7d29300b240f8/config.json","文本decode/verify；B[1,16],S[1,8]；TP=1逻辑参考；","Y=X@W^T"
"root/layer_16","FFN_activation_and_optional_gate","未核验","activation","[B,S,6400]","[B,S,6400]","B,S,T；其他轴见模型参数","B[1,16];S_verify[1,8];L_KV独立未知；TP=1","config=bfloat16；激活/累加类型未核验","未核验","逻辑轴顺序；物理format未核验","逻辑轴顺序；物理format未核验","未评估候选","未评估候选","未评估候选","未核验","未实测","未实测","未实测","未实测","未核验","配置确认 + 数学推导；未核验完整调用链","https://huggingface.co/openbmb/MiniCPM3-RAG-LoRA/resolve/3ee34a2c7b518f2d9be23d7138a7d29300b240f8/config.json","未核验","未核验","未核验","未核验","https://huggingface.co/openbmb/MiniCPM3-RAG-LoRA/resolve/3ee34a2c7b518f2d9be23d7138a7d29300b240f8/config.json","文本decode/verify；B[1,16],S[1,8]；TP=1逻辑参考；是否额外gate矩阵与门控分支维度需要实现；不能仅由silu推定完整SwiGLU","config.hidden_act=silu"
"root/layer_16","FFN_down","未核验","GEMM","[B,S,6400]","[B,S,2560]","B,S,T；其他轴见模型参数","B[1,16];S_verify[1,8];L_KV独立未知；TP=1","config=bfloat16；激活/累加类型未核验","未核验","逻辑轴顺序；物理format未核验","逻辑轴顺序；物理format未核验","未评估候选","未评估候选","未评估候选","未核验","未实测","未实测","未实测","未实测","未核验","配置确认 + 数学推导；未核验完整调用链","https://huggingface.co/openbmb/MiniCPM3-RAG-LoRA/resolve/3ee34a2c7b518f2d9be23d7138a7d29300b240f8/config.json","logical [2560,6400]","未核验","未核验","未核验","https://huggingface.co/openbmb/MiniCPM3-RAG-LoRA/resolve/3ee34a2c7b518f2d9be23d7138a7d29300b240f8/config.json","文本decode/verify；B[1,16],S[1,8]；TP=1逻辑参考；","Y=X@W^T"
"root/layer_16","FFN_residual","未核验","elementwise","[B,S,2560];[B,S,2560]","[B,S,2560]","B,S,T；其他轴见模型参数","B[1,16];S_verify[1,8];L_KV独立未知；TP=1","config=bfloat16；激活/累加类型未核验","未核验","逻辑轴顺序；物理format未核验","逻辑轴顺序；物理format未核验","未评估候选","未评估候选","未评估候选","未核验","未实测","未实测","未实测","未实测","未核验","配置确认 + 数学推导；未核验完整调用链","https://huggingface.co/openbmb/MiniCPM3-RAG-LoRA/resolve/3ee34a2c7b518f2d9be23d7138a7d29300b240f8/config.json","未核验","未核验","未核验","未核验","https://huggingface.co/openbmb/MiniCPM3-RAG-LoRA/resolve/3ee34a2c7b518f2d9be23d7138a7d29300b240f8/config.json","文本decode/verify；B[1,16],S[1,8]；TP=1逻辑参考；","Y=X+branch（参考，实际残差策略未核验）"
"root/layer_17","input_normalization","未核验","norm","[B,S,2560]","[B,S,2560]","B,S,T；其他轴见模型参数","B[1,16];S_verify[1,8];L_KV独立未知；TP=1","config=bfloat16；激活/累加类型未核验","未核验","逻辑轴顺序；物理format未核验","逻辑轴顺序；物理format未核验","未评估候选","未评估候选","未评估候选","未核验","未实测","未实测","未实测","未实测","未核验","配置确认 + 数学推导；未核验完整调用链","https://huggingface.co/openbmb/MiniCPM3-RAG-LoRA/resolve/3ee34a2c7b518f2d9be23d7138a7d29300b240f8/config.json","未核验","未核验","未核验","未核验","https://huggingface.co/openbmb/MiniCPM3-RAG-LoRA/resolve/3ee34a2c7b518f2d9be23d7138a7d29300b240f8/config.json","文本decode/verify；B[1,16],S[1,8]；TP=1逻辑参考；","归一化类型/先后顺序待实现核验"
"root/layer_17","q_a_projection","未核验","GEMM","[B,S,2560]","[B,S,768]","B,S,T；其他轴见模型参数","B[1,16];S_verify[1,8];L_KV独立未知；TP=1","config=bfloat16；激活/累加类型未核验","未核验","逻辑轴顺序；物理format未核验","逻辑轴顺序；物理format未核验","未评估候选","未评估候选","未评估候选","未核验","未实测","未实测","未实测","未实测","未核验","配置确认 + 数学推导；未核验完整调用链","https://huggingface.co/openbmb/MiniCPM3-RAG-LoRA/resolve/3ee34a2c7b518f2d9be23d7138a7d29300b240f8/config.json","logical [768,2560]","未核验","未核验","未核验","https://huggingface.co/openbmb/MiniCPM3-RAG-LoRA/resolve/3ee34a2c7b518f2d9be23d7138a7d29300b240f8/config.json","文本decode/verify；B[1,16],S[1,8]；TP=1逻辑参考；","Y=X@W^T"
"root/layer_17","q_b_projection","未核验","GEMM","[B,S,768]","[B,S,3840]","B,S,T；其他轴见模型参数","B[1,16];S_verify[1,8];L_KV独立未知；TP=1","config=bfloat16；激活/累加类型未核验","未核验","逻辑轴顺序；物理format未核验","逻辑轴顺序；物理format未核验","未评估候选","未评估候选","未评估候选","未核验","未实测","未实测","未实测","未实测","未核验","配置确认 + 数学推导；未核验完整调用链","https://huggingface.co/openbmb/MiniCPM3-RAG-LoRA/resolve/3ee34a2c7b518f2d9be23d7138a7d29300b240f8/config.json","logical [3840,768]","未核验","未核验","未核验","https://huggingface.co/openbmb/MiniCPM3-RAG-LoRA/resolve/3ee34a2c7b518f2d9be23d7138a7d29300b240f8/config.json","文本decode/verify；B[1,16],S[1,8]；TP=1逻辑参考；","Q_width=heads*(qk_nope+qk_rope)"
"root/layer_17","kv_compression","未核验","GEMM","[B,S,2560]","[B,S,288]","B,S,T；其他轴见模型参数","B[1,16];S_verify[1,8];L_KV独立未知；TP=1","config=bfloat16；激活/累加类型未核验","未核验","逻辑轴顺序；物理format未核验","逻辑轴顺序；物理format未核验","未评估候选","未评估候选","未评估候选","未核验","未实测","未实测","未实测","未实测","未核验","配置确认 + 数学推导；未核验完整调用链","https://huggingface.co/openbmb/MiniCPM3-RAG-LoRA/resolve/3ee34a2c7b518f2d9be23d7138a7d29300b240f8/config.json","logical [288,2560]","未核验","未核验","未核验","https://huggingface.co/openbmb/MiniCPM3-RAG-LoRA/resolve/3ee34a2c7b518f2d9be23d7138a7d29300b240f8/config.json","文本decode/verify；B[1,16],S[1,8]；TP=1逻辑参考；","KV_width=kv_lora_rank+qk_rope_head_dim"
"root/layer_17","MLA_cache_and_attention","未核验","MLA","Q:[B,S,40,96];KVc:[B,L_KV,256]","[B,S,2560]","B,S,T；其他轴见模型参数","B[1,16];S_verify[1,8];L_KV独立未知；TP=1","config=bfloat16；激活/累加类型未核验","未核验","逻辑轴顺序；物理format未核验","逻辑轴顺序；物理format未核验","未评估候选","未评估候选","未评估候选","未核验","未实测","未实测","未实测","未实测","未核验","配置确认 + 数学推导；未核验完整调用链","https://huggingface.co/openbmb/MiniCPM3-RAG-LoRA/resolve/3ee34a2c7b518f2d9be23d7138a7d29300b240f8/config.json","未核验","未核验","未核验","未核验","https://huggingface.co/openbmb/MiniCPM3-RAG-LoRA/resolve/3ee34a2c7b518f2d9be23d7138a7d29300b240f8/config.json","文本decode/verify；B[1,16],S[1,8]；TP=1逻辑参考；","KV展开/吸收、value维度、cache布局待实现核验"
"root/layer_17","attention_residual","未核验","elementwise","[B,S,2560];[B,S,2560]","[B,S,2560]","B,S,T；其他轴见模型参数","B[1,16];S_verify[1,8];L_KV独立未知；TP=1","config=bfloat16；激活/累加类型未核验","未核验","逻辑轴顺序；物理format未核验","逻辑轴顺序；物理format未核验","未评估候选","未评估候选","未评估候选","未核验","未实测","未实测","未实测","未实测","未核验","配置确认 + 数学推导；未核验完整调用链","https://huggingface.co/openbmb/MiniCPM3-RAG-LoRA/resolve/3ee34a2c7b518f2d9be23d7138a7d29300b240f8/config.json","未核验","未核验","未核验","未核验","https://huggingface.co/openbmb/MiniCPM3-RAG-LoRA/resolve/3ee34a2c7b518f2d9be23d7138a7d29300b240f8/config.json","文本decode/verify；B[1,16],S[1,8]；TP=1逻辑参考；","Y=X+branch（参考，实际残差策略未核验）"
"root/layer_17","post_attention_normalization","未核验","norm","[B,S,2560]","[B,S,2560]","B,S,T；其他轴见模型参数","B[1,16];S_verify[1,8];L_KV独立未知；TP=1","config=bfloat16；激活/累加类型未核验","未核验","逻辑轴顺序；物理format未核验","逻辑轴顺序；物理format未核验","未评估候选","未评估候选","未评估候选","未核验","未实测","未实测","未实测","未实测","未核验","配置确认 + 数学推导；未核验完整调用链","https://huggingface.co/openbmb/MiniCPM3-RAG-LoRA/resolve/3ee34a2c7b518f2d9be23d7138a7d29300b240f8/config.json","未核验","未核验","未核验","未核验","https://huggingface.co/openbmb/MiniCPM3-RAG-LoRA/resolve/3ee34a2c7b518f2d9be23d7138a7d29300b240f8/config.json","文本decode/verify；B[1,16],S[1,8]；TP=1逻辑参考；","类型与位置待源码核验"
"root/layer_17","FFN_up","未核验","GEMM","[B,S,2560]","[B,S,6400]","B,S,T；其他轴见模型参数","B[1,16];S_verify[1,8];L_KV独立未知；TP=1","config=bfloat16；激活/累加类型未核验","未核验","逻辑轴顺序；物理format未核验","逻辑轴顺序；物理format未核验","未评估候选","未评估候选","未评估候选","未核验","未实测","未实测","未实测","未实测","未核验","配置确认 + 数学推导；未核验完整调用链","https://huggingface.co/openbmb/MiniCPM3-RAG-LoRA/resolve/3ee34a2c7b518f2d9be23d7138a7d29300b240f8/config.json","logical [6400,2560]","未核验","未核验","未核验","https://huggingface.co/openbmb/MiniCPM3-RAG-LoRA/resolve/3ee34a2c7b518f2d9be23d7138a7d29300b240f8/config.json","文本decode/verify；B[1,16],S[1,8]；TP=1逻辑参考；","Y=X@W^T"
"root/layer_17","FFN_activation_and_optional_gate","未核验","activation","[B,S,6400]","[B,S,6400]","B,S,T；其他轴见模型参数","B[1,16];S_verify[1,8];L_KV独立未知；TP=1","config=bfloat16；激活/累加类型未核验","未核验","逻辑轴顺序；物理format未核验","逻辑轴顺序；物理format未核验","未评估候选","未评估候选","未评估候选","未核验","未实测","未实测","未实测","未实测","未核验","配置确认 + 数学推导；未核验完整调用链","https://huggingface.co/openbmb/MiniCPM3-RAG-LoRA/resolve/3ee34a2c7b518f2d9be23d7138a7d29300b240f8/config.json","未核验","未核验","未核验","未核验","https://huggingface.co/openbmb/MiniCPM3-RAG-LoRA/resolve/3ee34a2c7b518f2d9be23d7138a7d29300b240f8/config.json","文本decode/verify；B[1,16],S[1,8]；TP=1逻辑参考；是否额外gate矩阵与门控分支维度需要实现；不能仅由silu推定完整SwiGLU","config.hidden_act=silu"
"root/layer_17","FFN_down","未核验","GEMM","[B,S,6400]","[B,S,2560]","B,S,T；其他轴见模型参数","B[1,16];S_verify[1,8];L_KV独立未知；TP=1","config=bfloat16；激活/累加类型未核验","未核验","逻辑轴顺序；物理format未核验","逻辑轴顺序；物理format未核验","未评估候选","未评估候选","未评估候选","未核验","未实测","未实测","未实测","未实测","未核验","配置确认 + 数学推导；未核验完整调用链","https://huggingface.co/openbmb/MiniCPM3-RAG-LoRA/resolve/3ee34a2c7b518f2d9be23d7138a7d29300b240f8/config.json","logical [2560,6400]","未核验","未核验","未核验","https://huggingface.co/openbmb/MiniCPM3-RAG-LoRA/resolve/3ee34a2c7b518f2d9be23d7138a7d29300b240f8/config.json","文本decode/verify；B[1,16],S[1,8]；TP=1逻辑参考；","Y=X@W^T"
"root/layer_17","FFN_residual","未核验","elementwise","[B,S,2560];[B,S,2560]","[B,S,2560]","B,S,T；其他轴见模型参数","B[1,16];S_verify[1,8];L_KV独立未知；TP=1","config=bfloat16；激活/累加类型未核验","未核验","逻辑轴顺序；物理format未核验","逻辑轴顺序；物理format未核验","未评估候选","未评估候选","未评估候选","未核验","未实测","未实测","未实测","未实测","未核验","配置确认 + 数学推导；未核验完整调用链","https://huggingface.co/openbmb/MiniCPM3-RAG-LoRA/resolve/3ee34a2c7b518f2d9be23d7138a7d29300b240f8/config.json","未核验","未核验","未核验","未核验","https://huggingface.co/openbmb/MiniCPM3-RAG-LoRA/resolve/3ee34a2c7b518f2d9be23d7138a7d29300b240f8/config.json","文本decode/verify；B[1,16],S[1,8]；TP=1逻辑参考；","Y=X+branch（参考，实际残差策略未核验）"
"root/layer_18","input_normalization","未核验","norm","[B,S,2560]","[B,S,2560]","B,S,T；其他轴见模型参数","B[1,16];S_verify[1,8];L_KV独立未知；TP=1","config=bfloat16；激活/累加类型未核验","未核验","逻辑轴顺序；物理format未核验","逻辑轴顺序；物理format未核验","未评估候选","未评估候选","未评估候选","未核验","未实测","未实测","未实测","未实测","未核验","配置确认 + 数学推导；未核验完整调用链","https://huggingface.co/openbmb/MiniCPM3-RAG-LoRA/resolve/3ee34a2c7b518f2d9be23d7138a7d29300b240f8/config.json","未核验","未核验","未核验","未核验","https://huggingface.co/openbmb/MiniCPM3-RAG-LoRA/resolve/3ee34a2c7b518f2d9be23d7138a7d29300b240f8/config.json","文本decode/verify；B[1,16],S[1,8]；TP=1逻辑参考；","归一化类型/先后顺序待实现核验"
"root/layer_18","q_a_projection","未核验","GEMM","[B,S,2560]","[B,S,768]","B,S,T；其他轴见模型参数","B[1,16];S_verify[1,8];L_KV独立未知；TP=1","config=bfloat16；激活/累加类型未核验","未核验","逻辑轴顺序；物理format未核验","逻辑轴顺序；物理format未核验","未评估候选","未评估候选","未评估候选","未核验","未实测","未实测","未实测","未实测","未核验","配置确认 + 数学推导；未核验完整调用链","https://huggingface.co/openbmb/MiniCPM3-RAG-LoRA/resolve/3ee34a2c7b518f2d9be23d7138a7d29300b240f8/config.json","logical [768,2560]","未核验","未核验","未核验","https://huggingface.co/openbmb/MiniCPM3-RAG-LoRA/resolve/3ee34a2c7b518f2d9be23d7138a7d29300b240f8/config.json","文本decode/verify；B[1,16],S[1,8]；TP=1逻辑参考；","Y=X@W^T"
"root/layer_18","q_b_projection","未核验","GEMM","[B,S,768]","[B,S,3840]","B,S,T；其他轴见模型参数","B[1,16];S_verify[1,8];L_KV独立未知；TP=1","config=bfloat16；激活/累加类型未核验","未核验","逻辑轴顺序；物理format未核验","逻辑轴顺序；物理format未核验","未评估候选","未评估候选","未评估候选","未核验","未实测","未实测","未实测","未实测","未核验","配置确认 + 数学推导；未核验完整调用链","https://huggingface.co/openbmb/MiniCPM3-RAG-LoRA/resolve/3ee34a2c7b518f2d9be23d7138a7d29300b240f8/config.json","logical [3840,768]","未核验","未核验","未核验","https://huggingface.co/openbmb/MiniCPM3-RAG-LoRA/resolve/3ee34a2c7b518f2d9be23d7138a7d29300b240f8/config.json","文本decode/verify；B[1,16],S[1,8]；TP=1逻辑参考；","Q_width=heads*(qk_nope+qk_rope)"
"root/layer_18","kv_compression","未核验","GEMM","[B,S,2560]","[B,S,288]","B,S,T；其他轴见模型参数","B[1,16];S_verify[1,8];L_KV独立未知；TP=1","config=bfloat16；激活/累加类型未核验","未核验","逻辑轴顺序；物理format未核验","逻辑轴顺序；物理format未核验","未评估候选","未评估候选","未评估候选","未核验","未实测","未实测","未实测","未实测","未核验","配置确认 + 数学推导；未核验完整调用链","https://huggingface.co/openbmb/MiniCPM3-RAG-LoRA/resolve/3ee34a2c7b518f2d9be23d7138a7d29300b240f8/config.json","logical [288,2560]","未核验","未核验","未核验","https://huggingface.co/openbmb/MiniCPM3-RAG-LoRA/resolve/3ee34a2c7b518f2d9be23d7138a7d29300b240f8/config.json","文本decode/verify；B[1,16],S[1,8]；TP=1逻辑参考；","KV_width=kv_lora_rank+qk_rope_head_dim"
"root/layer_18","MLA_cache_and_attention","未核验","MLA","Q:[B,S,40,96];KVc:[B,L_KV,256]","[B,S,2560]","B,S,T；其他轴见模型参数","B[1,16];S_verify[1,8];L_KV独立未知；TP=1","config=bfloat16；激活/累加类型未核验","未核验","逻辑轴顺序；物理format未核验","逻辑轴顺序；物理format未核验","未评估候选","未评估候选","未评估候选","未核验","未实测","未实测","未实测","未实测","未核验","配置确认 + 数学推导；未核验完整调用链","https://huggingface.co/openbmb/MiniCPM3-RAG-LoRA/resolve/3ee34a2c7b518f2d9be23d7138a7d29300b240f8/config.json","未核验","未核验","未核验","未核验","https://huggingface.co/openbmb/MiniCPM3-RAG-LoRA/resolve/3ee34a2c7b518f2d9be23d7138a7d29300b240f8/config.json","文本decode/verify；B[1,16],S[1,8]；TP=1逻辑参考；","KV展开/吸收、value维度、cache布局待实现核验"
"root/layer_18","attention_residual","未核验","elementwise","[B,S,2560];[B,S,2560]","[B,S,2560]","B,S,T；其他轴见模型参数","B[1,16];S_verify[1,8];L_KV独立未知；TP=1","config=bfloat16；激活/累加类型未核验","未核验","逻辑轴顺序；物理format未核验","逻辑轴顺序；物理format未核验","未评估候选","未评估候选","未评估候选","未核验","未实测","未实测","未实测","未实测","未核验","配置确认 + 数学推导；未核验完整调用链","https://huggingface.co/openbmb/MiniCPM3-RAG-LoRA/resolve/3ee34a2c7b518f2d9be23d7138a7d29300b240f8/config.json","未核验","未核验","未核验","未核验","https://huggingface.co/openbmb/MiniCPM3-RAG-LoRA/resolve/3ee34a2c7b518f2d9be23d7138a7d29300b240f8/config.json","文本decode/verify；B[1,16],S[1,8]；TP=1逻辑参考；","Y=X+branch（参考，实际残差策略未核验）"
"root/layer_18","post_attention_normalization","未核验","norm","[B,S,2560]","[B,S,2560]","B,S,T；其他轴见模型参数","B[1,16];S_verify[1,8];L_KV独立未知；TP=1","config=bfloat16；激活/累加类型未核验","未核验","逻辑轴顺序；物理format未核验","逻辑轴顺序；物理format未核验","未评估候选","未评估候选","未评估候选","未核验","未实测","未实测","未实测","未实测","未核验","配置确认 + 数学推导；未核验完整调用链","https://huggingface.co/openbmb/MiniCPM3-RAG-LoRA/resolve/3ee34a2c7b518f2d9be23d7138a7d29300b240f8/config.json","未核验","未核验","未核验","未核验","https://huggingface.co/openbmb/MiniCPM3-RAG-LoRA/resolve/3ee34a2c7b518f2d9be23d7138a7d29300b240f8/config.json","文本decode/verify；B[1,16],S[1,8]；TP=1逻辑参考；","类型与位置待源码核验"
"root/layer_18","FFN_up","未核验","GEMM","[B,S,2560]","[B,S,6400]","B,S,T；其他轴见模型参数","B[1,16];S_verify[1,8];L_KV独立未知；TP=1","config=bfloat16；激活/累加类型未核验","未核验","逻辑轴顺序；物理format未核验","逻辑轴顺序；物理format未核验","未评估候选","未评估候选","未评估候选","未核验","未实测","未实测","未实测","未实测","未核验","配置确认 + 数学推导；未核验完整调用链","https://huggingface.co/openbmb/MiniCPM3-RAG-LoRA/resolve/3ee34a2c7b518f2d9be23d7138a7d29300b240f8/config.json","logical [6400,2560]","未核验","未核验","未核验","https://huggingface.co/openbmb/MiniCPM3-RAG-LoRA/resolve/3ee34a2c7b518f2d9be23d7138a7d29300b240f8/config.json","文本decode/verify；B[1,16],S[1,8]；TP=1逻辑参考；","Y=X@W^T"
"root/layer_18","FFN_activation_and_optional_gate","未核验","activation","[B,S,6400]","[B,S,6400]","B,S,T；其他轴见模型参数","B[1,16];S_verify[1,8];L_KV独立未知；TP=1","config=bfloat16；激活/累加类型未核验","未核验","逻辑轴顺序；物理format未核验","逻辑轴顺序；物理format未核验","未评估候选","未评估候选","未评估候选","未核验","未实测","未实测","未实测","未实测","未核验","配置确认 + 数学推导；未核验完整调用链","https://huggingface.co/openbmb/MiniCPM3-RAG-LoRA/resolve/3ee34a2c7b518f2d9be23d7138a7d29300b240f8/config.json","未核验","未核验","未核验","未核验","https://huggingface.co/openbmb/MiniCPM3-RAG-LoRA/resolve/3ee34a2c7b518f2d9be23d7138a7d29300b240f8/config.json","文本decode/verify；B[1,16],S[1,8]；TP=1逻辑参考；是否额外gate矩阵与门控分支维度需要实现；不能仅由silu推定完整SwiGLU","config.hidden_act=silu"
"root/layer_18","FFN_down","未核验","GEMM","[B,S,6400]","[B,S,2560]","B,S,T；其他轴见模型参数","B[1,16];S_verify[1,8];L_KV独立未知；TP=1","config=bfloat16；激活/累加类型未核验","未核验","逻辑轴顺序；物理format未核验","逻辑轴顺序；物理format未核验","未评估候选","未评估候选","未评估候选","未核验","未实测","未实测","未实测","未实测","未核验","配置确认 + 数学推导；未核验完整调用链","https://huggingface.co/openbmb/MiniCPM3-RAG-LoRA/resolve/3ee34a2c7b518f2d9be23d7138a7d29300b240f8/config.json","logical [2560,6400]","未核验","未核验","未核验","https://huggingface.co/openbmb/MiniCPM3-RAG-LoRA/resolve/3ee34a2c7b518f2d9be23d7138a7d29300b240f8/config.json","文本decode/verify；B[1,16],S[1,8]；TP=1逻辑参考；","Y=X@W^T"
"root/layer_18","FFN_residual","未核验","elementwise","[B,S,2560];[B,S,2560]","[B,S,2560]","B,S,T；其他轴见模型参数","B[1,16];S_verify[1,8];L_KV独立未知；TP=1","config=bfloat16；激活/累加类型未核验","未核验","逻辑轴顺序；物理format未核验","逻辑轴顺序；物理format未核验","未评估候选","未评估候选","未评估候选","未核验","未实测","未实测","未实测","未实测","未核验","配置确认 + 数学推导；未核验完整调用链","https://huggingface.co/openbmb/MiniCPM3-RAG-LoRA/resolve/3ee34a2c7b518f2d9be23d7138a7d29300b240f8/config.json","未核验","未核验","未核验","未核验","https://huggingface.co/openbmb/MiniCPM3-RAG-LoRA/resolve/3ee34a2c7b518f2d9be23d7138a7d29300b240f8/config.json","文本decode/verify；B[1,16],S[1,8]；TP=1逻辑参考；","Y=X+branch（参考，实际残差策略未核验）"
"root/layer_19","input_normalization","未核验","norm","[B,S,2560]","[B,S,2560]","B,S,T；其他轴见模型参数","B[1,16];S_verify[1,8];L_KV独立未知；TP=1","config=bfloat16；激活/累加类型未核验","未核验","逻辑轴顺序；物理format未核验","逻辑轴顺序；物理format未核验","未评估候选","未评估候选","未评估候选","未核验","未实测","未实测","未实测","未实测","未核验","配置确认 + 数学推导；未核验完整调用链","https://huggingface.co/openbmb/MiniCPM3-RAG-LoRA/resolve/3ee34a2c7b518f2d9be23d7138a7d29300b240f8/config.json","未核验","未核验","未核验","未核验","https://huggingface.co/openbmb/MiniCPM3-RAG-LoRA/resolve/3ee34a2c7b518f2d9be23d7138a7d29300b240f8/config.json","文本decode/verify；B[1,16],S[1,8]；TP=1逻辑参考；","归一化类型/先后顺序待实现核验"
"root/layer_19","q_a_projection","未核验","GEMM","[B,S,2560]","[B,S,768]","B,S,T；其他轴见模型参数","B[1,16];S_verify[1,8];L_KV独立未知；TP=1","config=bfloat16；激活/累加类型未核验","未核验","逻辑轴顺序；物理format未核验","逻辑轴顺序；物理format未核验","未评估候选","未评估候选","未评估候选","未核验","未实测","未实测","未实测","未实测","未核验","配置确认 + 数学推导；未核验完整调用链","https://huggingface.co/openbmb/MiniCPM3-RAG-LoRA/resolve/3ee34a2c7b518f2d9be23d7138a7d29300b240f8/config.json","logical [768,2560]","未核验","未核验","未核验","https://huggingface.co/openbmb/MiniCPM3-RAG-LoRA/resolve/3ee34a2c7b518f2d9be23d7138a7d29300b240f8/config.json","文本decode/verify；B[1,16],S[1,8]；TP=1逻辑参考；","Y=X@W^T"
"root/layer_19","q_b_projection","未核验","GEMM","[B,S,768]","[B,S,3840]","B,S,T；其他轴见模型参数","B[1,16];S_verify[1,8];L_KV独立未知；TP=1","config=bfloat16；激活/累加类型未核验","未核验","逻辑轴顺序；物理format未核验","逻辑轴顺序；物理format未核验","未评估候选","未评估候选","未评估候选","未核验","未实测","未实测","未实测","未实测","未核验","配置确认 + 数学推导；未核验完整调用链","https://huggingface.co/openbmb/MiniCPM3-RAG-LoRA/resolve/3ee34a2c7b518f2d9be23d7138a7d29300b240f8/config.json","logical [3840,768]","未核验","未核验","未核验","https://huggingface.co/openbmb/MiniCPM3-RAG-LoRA/resolve/3ee34a2c7b518f2d9be23d7138a7d29300b240f8/config.json","文本decode/verify；B[1,16],S[1,8]；TP=1逻辑参考；","Q_width=heads*(qk_nope+qk_rope)"
"root/layer_19","kv_compression","未核验","GEMM","[B,S,2560]","[B,S,288]","B,S,T；其他轴见模型参数","B[1,16];S_verify[1,8];L_KV独立未知；TP=1","config=bfloat16；激活/累加类型未核验","未核验","逻辑轴顺序；物理format未核验","逻辑轴顺序；物理format未核验","未评估候选","未评估候选","未评估候选","未核验","未实测","未实测","未实测","未实测","未核验","配置确认 + 数学推导；未核验完整调用链","https://huggingface.co/openbmb/MiniCPM3-RAG-LoRA/resolve/3ee34a2c7b518f2d9be23d7138a7d29300b240f8/config.json","logical [288,2560]","未核验","未核验","未核验","https://huggingface.co/openbmb/MiniCPM3-RAG-LoRA/resolve/3ee34a2c7b518f2d9be23d7138a7d29300b240f8/config.json","文本decode/verify；B[1,16],S[1,8]；TP=1逻辑参考；","KV_width=kv_lora_rank+qk_rope_head_dim"
"root/layer_19","MLA_cache_and_attention","未核验","MLA","Q:[B,S,40,96];KVc:[B,L_KV,256]","[B,S,2560]","B,S,T；其他轴见模型参数","B[1,16];S_verify[1,8];L_KV独立未知；TP=1","config=bfloat16；激活/累加类型未核验","未核验","逻辑轴顺序；物理format未核验","逻辑轴顺序；物理format未核验","未评估候选","未评估候选","未评估候选","未核验","未实测","未实测","未实测","未实测","未核验","配置确认 + 数学推导；未核验完整调用链","https://huggingface.co/openbmb/MiniCPM3-RAG-LoRA/resolve/3ee34a2c7b518f2d9be23d7138a7d29300b240f8/config.json","未核验","未核验","未核验","未核验","https://huggingface.co/openbmb/MiniCPM3-RAG-LoRA/resolve/3ee34a2c7b518f2d9be23d7138a7d29300b240f8/config.json","文本decode/verify；B[1,16],S[1,8]；TP=1逻辑参考；","KV展开/吸收、value维度、cache布局待实现核验"
"root/layer_19","attention_residual","未核验","elementwise","[B,S,2560];[B,S,2560]","[B,S,2560]","B,S,T；其他轴见模型参数","B[1,16];S_verify[1,8];L_KV独立未知；TP=1","config=bfloat16；激活/累加类型未核验","未核验","逻辑轴顺序；物理format未核验","逻辑轴顺序；物理format未核验","未评估候选","未评估候选","未评估候选","未核验","未实测","未实测","未实测","未实测","未核验","配置确认 + 数学推导；未核验完整调用链","https://huggingface.co/openbmb/MiniCPM3-RAG-LoRA/resolve/3ee34a2c7b518f2d9be23d7138a7d29300b240f8/config.json","未核验","未核验","未核验","未核验","https://huggingface.co/openbmb/MiniCPM3-RAG-LoRA/resolve/3ee34a2c7b518f2d9be23d7138a7d29300b240f8/config.json","文本decode/verify；B[1,16],S[1,8]；TP=1逻辑参考；","Y=X+branch（参考，实际残差策略未核验）"
"root/layer_19","post_attention_normalization","未核验","norm","[B,S,2560]","[B,S,2560]","B,S,T；其他轴见模型参数","B[1,16];S_verify[1,8];L_KV独立未知；TP=1","config=bfloat16；激活/累加类型未核验","未核验","逻辑轴顺序；物理format未核验","逻辑轴顺序；物理format未核验","未评估候选","未评估候选","未评估候选","未核验","未实测","未实测","未实测","未实测","未核验","配置确认 + 数学推导；未核验完整调用链","https://huggingface.co/openbmb/MiniCPM3-RAG-LoRA/resolve/3ee34a2c7b518f2d9be23d7138a7d29300b240f8/config.json","未核验","未核验","未核验","未核验","https://huggingface.co/openbmb/MiniCPM3-RAG-LoRA/resolve/3ee34a2c7b518f2d9be23d7138a7d29300b240f8/config.json","文本decode/verify；B[1,16],S[1,8]；TP=1逻辑参考；","类型与位置待源码核验"
"root/layer_19","FFN_up","未核验","GEMM","[B,S,2560]","[B,S,6400]","B,S,T；其他轴见模型参数","B[1,16];S_verify[1,8];L_KV独立未知；TP=1","config=bfloat16；激活/累加类型未核验","未核验","逻辑轴顺序；物理format未核验","逻辑轴顺序；物理format未核验","未评估候选","未评估候选","未评估候选","未核验","未实测","未实测","未实测","未实测","未核验","配置确认 + 数学推导；未核验完整调用链","https://huggingface.co/openbmb/MiniCPM3-RAG-LoRA/resolve/3ee34a2c7b518f2d9be23d7138a7d29300b240f8/config.json","logical [6400,2560]","未核验","未核验","未核验","https://huggingface.co/openbmb/MiniCPM3-RAG-LoRA/resolve/3ee34a2c7b518f2d9be23d7138a7d29300b240f8/config.json","文本decode/verify；B[1,16],S[1,8]；TP=1逻辑参考；","Y=X@W^T"
"root/layer_19","FFN_activation_and_optional_gate","未核验","activation","[B,S,6400]","[B,S,6400]","B,S,T；其他轴见模型参数","B[1,16];S_verify[1,8];L_KV独立未知；TP=1","config=bfloat16；激活/累加类型未核验","未核验","逻辑轴顺序；物理format未核验","逻辑轴顺序；物理format未核验","未评估候选","未评估候选","未评估候选","未核验","未实测","未实测","未实测","未实测","未核验","配置确认 + 数学推导；未核验完整调用链","https://huggingface.co/openbmb/MiniCPM3-RAG-LoRA/resolve/3ee34a2c7b518f2d9be23d7138a7d29300b240f8/config.json","未核验","未核验","未核验","未核验","https://huggingface.co/openbmb/MiniCPM3-RAG-LoRA/resolve/3ee34a2c7b518f2d9be23d7138a7d29300b240f8/config.json","文本decode/verify；B[1,16],S[1,8]；TP=1逻辑参考；是否额外gate矩阵与门控分支维度需要实现；不能仅由silu推定完整SwiGLU","config.hidden_act=silu"
"root/layer_19","FFN_down","未核验","GEMM","[B,S,6400]","[B,S,2560]","B,S,T；其他轴见模型参数","B[1,16];S_verify[1,8];L_KV独立未知；TP=1","config=bfloat16；激活/累加类型未核验","未核验","逻辑轴顺序；物理format未核验","逻辑轴顺序；物理format未核验","未评估候选","未评估候选","未评估候选","未核验","未实测","未实测","未实测","未实测","未核验","配置确认 + 数学推导；未核验完整调用链","https://huggingface.co/openbmb/MiniCPM3-RAG-LoRA/resolve/3ee34a2c7b518f2d9be23d7138a7d29300b240f8/config.json","logical [2560,6400]","未核验","未核验","未核验","https://huggingface.co/openbmb/MiniCPM3-RAG-LoRA/resolve/3ee34a2c7b518f2d9be23d7138a7d29300b240f8/config.json","文本decode/verify；B[1,16],S[1,8]；TP=1逻辑参考；","Y=X@W^T"
"root/layer_19","FFN_residual","未核验","elementwise","[B,S,2560];[B,S,2560]","[B,S,2560]","B,S,T；其他轴见模型参数","B[1,16];S_verify[1,8];L_KV独立未知；TP=1","config=bfloat16；激活/累加类型未核验","未核验","逻辑轴顺序；物理format未核验","逻辑轴顺序；物理format未核验","未评估候选","未评估候选","未评估候选","未核验","未实测","未实测","未实测","未实测","未核验","配置确认 + 数学推导；未核验完整调用链","https://huggingface.co/openbmb/MiniCPM3-RAG-LoRA/resolve/3ee34a2c7b518f2d9be23d7138a7d29300b240f8/config.json","未核验","未核验","未核验","未核验","https://huggingface.co/openbmb/MiniCPM3-RAG-LoRA/resolve/3ee34a2c7b518f2d9be23d7138a7d29300b240f8/config.json","文本decode/verify；B[1,16],S[1,8]；TP=1逻辑参考；","Y=X+branch（参考，实际残差策略未核验）"
"root/layer_20","input_normalization","未核验","norm","[B,S,2560]","[B,S,2560]","B,S,T；其他轴见模型参数","B[1,16];S_verify[1,8];L_KV独立未知；TP=1","config=bfloat16；激活/累加类型未核验","未核验","逻辑轴顺序；物理format未核验","逻辑轴顺序；物理format未核验","未评估候选","未评估候选","未评估候选","未核验","未实测","未实测","未实测","未实测","未核验","配置确认 + 数学推导；未核验完整调用链","https://huggingface.co/openbmb/MiniCPM3-RAG-LoRA/resolve/3ee34a2c7b518f2d9be23d7138a7d29300b240f8/config.json","未核验","未核验","未核验","未核验","https://huggingface.co/openbmb/MiniCPM3-RAG-LoRA/resolve/3ee34a2c7b518f2d9be23d7138a7d29300b240f8/config.json","文本decode/verify；B[1,16],S[1,8]；TP=1逻辑参考；","归一化类型/先后顺序待实现核验"
"root/layer_20","q_a_projection","未核验","GEMM","[B,S,2560]","[B,S,768]","B,S,T；其他轴见模型参数","B[1,16];S_verify[1,8];L_KV独立未知；TP=1","config=bfloat16；激活/累加类型未核验","未核验","逻辑轴顺序；物理format未核验","逻辑轴顺序；物理format未核验","未评估候选","未评估候选","未评估候选","未核验","未实测","未实测","未实测","未实测","未核验","配置确认 + 数学推导；未核验完整调用链","https://huggingface.co/openbmb/MiniCPM3-RAG-LoRA/resolve/3ee34a2c7b518f2d9be23d7138a7d29300b240f8/config.json","logical [768,2560]","未核验","未核验","未核验","https://huggingface.co/openbmb/MiniCPM3-RAG-LoRA/resolve/3ee34a2c7b518f2d9be23d7138a7d29300b240f8/config.json","文本decode/verify；B[1,16],S[1,8]；TP=1逻辑参考；","Y=X@W^T"
"root/layer_20","q_b_projection","未核验","GEMM","[B,S,768]","[B,S,3840]","B,S,T；其他轴见模型参数","B[1,16];S_verify[1,8];L_KV独立未知；TP=1","config=bfloat16；激活/累加类型未核验","未核验","逻辑轴顺序；物理format未核验","逻辑轴顺序；物理format未核验","未评估候选","未评估候选","未评估候选","未核验","未实测","未实测","未实测","未实测","未核验","配置确认 + 数学推导；未核验完整调用链","https://huggingface.co/openbmb/MiniCPM3-RAG-LoRA/resolve/3ee34a2c7b518f2d9be23d7138a7d29300b240f8/config.json","logical [3840,768]","未核验","未核验","未核验","https://huggingface.co/openbmb/MiniCPM3-RAG-LoRA/resolve/3ee34a2c7b518f2d9be23d7138a7d29300b240f8/config.json","文本decode/verify；B[1,16],S[1,8]；TP=1逻辑参考；","Q_width=heads*(qk_nope+qk_rope)"
"root/layer_20","kv_compression","未核验","GEMM","[B,S,2560]","[B,S,288]","B,S,T；其他轴见模型参数","B[1,16];S_verify[1,8];L_KV独立未知；TP=1","config=bfloat16；激活/累加类型未核验","未核验","逻辑轴顺序；物理format未核验","逻辑轴顺序；物理format未核验","未评估候选","未评估候选","未评估候选","未核验","未实测","未实测","未实测","未实测","未核验","配置确认 + 数学推导；未核验完整调用链","https://huggingface.co/openbmb/MiniCPM3-RAG-LoRA/resolve/3ee34a2c7b518f2d9be23d7138a7d29300b240f8/config.json","logical [288,2560]","未核验","未核验","未核验","https://huggingface.co/openbmb/MiniCPM3-RAG-LoRA/resolve/3ee34a2c7b518f2d9be23d7138a7d29300b240f8/config.json","文本decode/verify；B[1,16],S[1,8]；TP=1逻辑参考；","KV_width=kv_lora_rank+qk_rope_head_dim"
"root/layer_20","MLA_cache_and_attention","未核验","MLA","Q:[B,S,40,96];KVc:[B,L_KV,256]","[B,S,2560]","B,S,T；其他轴见模型参数","B[1,16];S_verify[1,8];L_KV独立未知；TP=1","config=bfloat16；激活/累加类型未核验","未核验","逻辑轴顺序；物理format未核验","逻辑轴顺序；物理format未核验","未评估候选","未评估候选","未评估候选","未核验","未实测","未实测","未实测","未实测","未核验","配置确认 + 数学推导；未核验完整调用链","https://huggingface.co/openbmb/MiniCPM3-RAG-LoRA/resolve/3ee34a2c7b518f2d9be23d7138a7d29300b240f8/config.json","未核验","未核验","未核验","未核验","https://huggingface.co/openbmb/MiniCPM3-RAG-LoRA/resolve/3ee34a2c7b518f2d9be23d7138a7d29300b240f8/config.json","文本decode/verify；B[1,16],S[1,8]；TP=1逻辑参考；","KV展开/吸收、value维度、cache布局待实现核验"
"root/layer_20","attention_residual","未核验","elementwise","[B,S,2560];[B,S,2560]","[B,S,2560]","B,S,T；其他轴见模型参数","B[1,16];S_verify[1,8];L_KV独立未知；TP=1","config=bfloat16；激活/累加类型未核验","未核验","逻辑轴顺序；物理format未核验","逻辑轴顺序；物理format未核验","未评估候选","未评估候选","未评估候选","未核验","未实测","未实测","未实测","未实测","未核验","配置确认 + 数学推导；未核验完整调用链","https://huggingface.co/openbmb/MiniCPM3-RAG-LoRA/resolve/3ee34a2c7b518f2d9be23d7138a7d29300b240f8/config.json","未核验","未核验","未核验","未核验","https://huggingface.co/openbmb/MiniCPM3-RAG-LoRA/resolve/3ee34a2c7b518f2d9be23d7138a7d29300b240f8/config.json","文本decode/verify；B[1,16],S[1,8]；TP=1逻辑参考；","Y=X+branch（参考，实际残差策略未核验）"
"root/layer_20","post_attention_normalization","未核验","norm","[B,S,2560]","[B,S,2560]","B,S,T；其他轴见模型参数","B[1,16];S_verify[1,8];L_KV独立未知；TP=1","config=bfloat16；激活/累加类型未核验","未核验","逻辑轴顺序；物理format未核验","逻辑轴顺序；物理format未核验","未评估候选","未评估候选","未评估候选","未核验","未实测","未实测","未实测","未实测","未核验","配置确认 + 数学推导；未核验完整调用链","https://huggingface.co/openbmb/MiniCPM3-RAG-LoRA/resolve/3ee34a2c7b518f2d9be23d7138a7d29300b240f8/config.json","未核验","未核验","未核验","未核验","https://huggingface.co/openbmb/MiniCPM3-RAG-LoRA/resolve/3ee34a2c7b518f2d9be23d7138a7d29300b240f8/config.json","文本decode/verify；B[1,16],S[1,8]；TP=1逻辑参考；","类型与位置待源码核验"
"root/layer_20","FFN_up","未核验","GEMM","[B,S,2560]","[B,S,6400]","B,S,T；其他轴见模型参数","B[1,16];S_verify[1,8];L_KV独立未知；TP=1","config=bfloat16；激活/累加类型未核验","未核验","逻辑轴顺序；物理format未核验","逻辑轴顺序；物理format未核验","未评估候选","未评估候选","未评估候选","未核验","未实测","未实测","未实测","未实测","未核验","配置确认 + 数学推导；未核验完整调用链","https://huggingface.co/openbmb/MiniCPM3-RAG-LoRA/resolve/3ee34a2c7b518f2d9be23d7138a7d29300b240f8/config.json","logical [6400,2560]","未核验","未核验","未核验","https://huggingface.co/openbmb/MiniCPM3-RAG-LoRA/resolve/3ee34a2c7b518f2d9be23d7138a7d29300b240f8/config.json","文本decode/verify；B[1,16],S[1,8]；TP=1逻辑参考；","Y=X@W^T"
"root/layer_20","FFN_activation_and_optional_gate","未核验","activation","[B,S,6400]","[B,S,6400]","B,S,T；其他轴见模型参数","B[1,16];S_verify[1,8];L_KV独立未知；TP=1","config=bfloat16；激活/累加类型未核验","未核验","逻辑轴顺序；物理format未核验","逻辑轴顺序；物理format未核验","未评估候选","未评估候选","未评估候选","未核验","未实测","未实测","未实测","未实测","未核验","配置确认 + 数学推导；未核验完整调用链","https://huggingface.co/openbmb/MiniCPM3-RAG-LoRA/resolve/3ee34a2c7b518f2d9be23d7138a7d29300b240f8/config.json","未核验","未核验","未核验","未核验","https://huggingface.co/openbmb/MiniCPM3-RAG-LoRA/resolve/3ee34a2c7b518f2d9be23d7138a7d29300b240f8/config.json","文本decode/verify；B[1,16],S[1,8]；TP=1逻辑参考；是否额外gate矩阵与门控分支维度需要实现；不能仅由silu推定完整SwiGLU","config.hidden_act=silu"
"root/layer_20","FFN_down","未核验","GEMM","[B,S,6400]","[B,S,2560]","B,S,T；其他轴见模型参数","B[1,16];S_verify[1,8];L_KV独立未知；TP=1","config=bfloat16；激活/累加类型未核验","未核验","逻辑轴顺序；物理format未核验","逻辑轴顺序；物理format未核验","未评估候选","未评估候选","未评估候选","未核验","未实测","未实测","未实测","未实测","未核验","配置确认 + 数学推导；未核验完整调用链","https://huggingface.co/openbmb/MiniCPM3-RAG-LoRA/resolve/3ee34a2c7b518f2d9be23d7138a7d29300b240f8/config.json","logical [2560,6400]","未核验","未核验","未核验","https://huggingface.co/openbmb/MiniCPM3-RAG-LoRA/resolve/3ee34a2c7b518f2d9be23d7138a7d29300b240f8/config.json","文本decode/verify；B[1,16],S[1,8]；TP=1逻辑参考；","Y=X@W^T"
"root/layer_20","FFN_residual","未核验","elementwise","[B,S,2560];[B,S,2560]","[B,S,2560]","B,S,T；其他轴见模型参数","B[1,16];S_verify[1,8];L_KV独立未知；TP=1","config=bfloat16；激活/累加类型未核验","未核验","逻辑轴顺序；物理format未核验","逻辑轴顺序；物理format未核验","未评估候选","未评估候选","未评估候选","未核验","未实测","未实测","未实测","未实测","未核验","配置确认 + 数学推导；未核验完整调用链","https://huggingface.co/openbmb/MiniCPM3-RAG-LoRA/resolve/3ee34a2c7b518f2d9be23d7138a7d29300b240f8/config.json","未核验","未核验","未核验","未核验","https://huggingface.co/openbmb/MiniCPM3-RAG-LoRA/resolve/3ee34a2c7b518f2d9be23d7138a7d29300b240f8/config.json","文本decode/verify；B[1,16],S[1,8]；TP=1逻辑参考；","Y=X+branch（参考，实际残差策略未核验）"
"root/layer_21","input_normalization","未核验","norm","[B,S,2560]","[B,S,2560]","B,S,T；其他轴见模型参数","B[1,16];S_verify[1,8];L_KV独立未知；TP=1","config=bfloat16；激活/累加类型未核验","未核验","逻辑轴顺序；物理format未核验","逻辑轴顺序；物理format未核验","未评估候选","未评估候选","未评估候选","未核验","未实测","未实测","未实测","未实测","未核验","配置确认 + 数学推导；未核验完整调用链","https://huggingface.co/openbmb/MiniCPM3-RAG-LoRA/resolve/3ee34a2c7b518f2d9be23d7138a7d29300b240f8/config.json","未核验","未核验","未核验","未核验","https://huggingface.co/openbmb/MiniCPM3-RAG-LoRA/resolve/3ee34a2c7b518f2d9be23d7138a7d29300b240f8/config.json","文本decode/verify；B[1,16],S[1,8]；TP=1逻辑参考；","归一化类型/先后顺序待实现核验"
"root/layer_21","q_a_projection","未核验","GEMM","[B,S,2560]","[B,S,768]","B,S,T；其他轴见模型参数","B[1,16];S_verify[1,8];L_KV独立未知；TP=1","config=bfloat16；激活/累加类型未核验","未核验","逻辑轴顺序；物理format未核验","逻辑轴顺序；物理format未核验","未评估候选","未评估候选","未评估候选","未核验","未实测","未实测","未实测","未实测","未核验","配置确认 + 数学推导；未核验完整调用链","https://huggingface.co/openbmb/MiniCPM3-RAG-LoRA/resolve/3ee34a2c7b518f2d9be23d7138a7d29300b240f8/config.json","logical [768,2560]","未核验","未核验","未核验","https://huggingface.co/openbmb/MiniCPM3-RAG-LoRA/resolve/3ee34a2c7b518f2d9be23d7138a7d29300b240f8/config.json","文本decode/verify；B[1,16],S[1,8]；TP=1逻辑参考；","Y=X@W^T"
"root/layer_21","q_b_projection","未核验","GEMM","[B,S,768]","[B,S,3840]","B,S,T；其他轴见模型参数","B[1,16];S_verify[1,8];L_KV独立未知；TP=1","config=bfloat16；激活/累加类型未核验","未核验","逻辑轴顺序；物理format未核验","逻辑轴顺序；物理format未核验","未评估候选","未评估候选","未评估候选","未核验","未实测","未实测","未实测","未实测","未核验","配置确认 + 数学推导；未核验完整调用链","https://huggingface.co/openbmb/MiniCPM3-RAG-LoRA/resolve/3ee34a2c7b518f2d9be23d7138a7d29300b240f8/config.json","logical [3840,768]","未核验","未核验","未核验","https://huggingface.co/openbmb/MiniCPM3-RAG-LoRA/resolve/3ee34a2c7b518f2d9be23d7138a7d29300b240f8/config.json","文本decode/verify；B[1,16],S[1,8]；TP=1逻辑参考；","Q_width=heads*(qk_nope+qk_rope)"
"root/layer_21","kv_compression","未核验","GEMM","[B,S,2560]","[B,S,288]","B,S,T；其他轴见模型参数","B[1,16];S_verify[1,8];L_KV独立未知；TP=1","config=bfloat16；激活/累加类型未核验","未核验","逻辑轴顺序；物理format未核验","逻辑轴顺序；物理format未核验","未评估候选","未评估候选","未评估候选","未核验","未实测","未实测","未实测","未实测","未核验","配置确认 + 数学推导；未核验完整调用链","https://huggingface.co/openbmb/MiniCPM3-RAG-LoRA/resolve/3ee34a2c7b518f2d9be23d7138a7d29300b240f8/config.json","logical [288,2560]","未核验","未核验","未核验","https://huggingface.co/openbmb/MiniCPM3-RAG-LoRA/resolve/3ee34a2c7b518f2d9be23d7138a7d29300b240f8/config.json","文本decode/verify；B[1,16],S[1,8]；TP=1逻辑参考；","KV_width=kv_lora_rank+qk_rope_head_dim"
"root/layer_21","MLA_cache_and_attention","未核验","MLA","Q:[B,S,40,96];KVc:[B,L_KV,256]","[B,S,2560]","B,S,T；其他轴见模型参数","B[1,16];S_verify[1,8];L_KV独立未知；TP=1","config=bfloat16；激活/累加类型未核验","未核验","逻辑轴顺序；物理format未核验","逻辑轴顺序；物理format未核验","未评估候选","未评估候选","未评估候选","未核验","未实测","未实测","未实测","未实测","未核验","配置确认 + 数学推导；未核验完整调用链","https://huggingface.co/openbmb/MiniCPM3-RAG-LoRA/resolve/3ee34a2c7b518f2d9be23d7138a7d29300b240f8/config.json","未核验","未核验","未核验","未核验","https://huggingface.co/openbmb/MiniCPM3-RAG-LoRA/resolve/3ee34a2c7b518f2d9be23d7138a7d29300b240f8/config.json","文本decode/verify；B[1,16],S[1,8]；TP=1逻辑参考；","KV展开/吸收、value维度、cache布局待实现核验"
"root/layer_21","attention_residual","未核验","elementwise","[B,S,2560];[B,S,2560]","[B,S,2560]","B,S,T；其他轴见模型参数","B[1,16];S_verify[1,8];L_KV独立未知；TP=1","config=bfloat16；激活/累加类型未核验","未核验","逻辑轴顺序；物理format未核验","逻辑轴顺序；物理format未核验","未评估候选","未评估候选","未评估候选","未核验","未实测","未实测","未实测","未实测","未核验","配置确认 + 数学推导；未核验完整调用链","https://huggingface.co/openbmb/MiniCPM3-RAG-LoRA/resolve/3ee34a2c7b518f2d9be23d7138a7d29300b240f8/config.json","未核验","未核验","未核验","未核验","https://huggingface.co/openbmb/MiniCPM3-RAG-LoRA/resolve/3ee34a2c7b518f2d9be23d7138a7d29300b240f8/config.json","文本decode/verify；B[1,16],S[1,8]；TP=1逻辑参考；","Y=X+branch（参考，实际残差策略未核验）"
"root/layer_21","post_attention_normalization","未核验","norm","[B,S,2560]","[B,S,2560]","B,S,T；其他轴见模型参数","B[1,16];S_verify[1,8];L_KV独立未知；TP=1","config=bfloat16；激活/累加类型未核验","未核验","逻辑轴顺序；物理format未核验","逻辑轴顺序；物理format未核验","未评估候选","未评估候选","未评估候选","未核验","未实测","未实测","未实测","未实测","未核验","配置确认 + 数学推导；未核验完整调用链","https://huggingface.co/openbmb/MiniCPM3-RAG-LoRA/resolve/3ee34a2c7b518f2d9be23d7138a7d29300b240f8/config.json","未核验","未核验","未核验","未核验","https://huggingface.co/openbmb/MiniCPM3-RAG-LoRA/resolve/3ee34a2c7b518f2d9be23d7138a7d29300b240f8/config.json","文本decode/verify；B[1,16],S[1,8]；TP=1逻辑参考；","类型与位置待源码核验"
"root/layer_21","FFN_up","未核验","GEMM","[B,S,2560]","[B,S,6400]","B,S,T；其他轴见模型参数","B[1,16];S_verify[1,8];L_KV独立未知；TP=1","config=bfloat16；激活/累加类型未核验","未核验","逻辑轴顺序；物理format未核验","逻辑轴顺序；物理format未核验","未评估候选","未评估候选","未评估候选","未核验","未实测","未实测","未实测","未实测","未核验","配置确认 + 数学推导；未核验完整调用链","https://huggingface.co/openbmb/MiniCPM3-RAG-LoRA/resolve/3ee34a2c7b518f2d9be23d7138a7d29300b240f8/config.json","logical [6400,2560]","未核验","未核验","未核验","https://huggingface.co/openbmb/MiniCPM3-RAG-LoRA/resolve/3ee34a2c7b518f2d9be23d7138a7d29300b240f8/config.json","文本decode/verify；B[1,16],S[1,8]；TP=1逻辑参考；","Y=X@W^T"
"root/layer_21","FFN_activation_and_optional_gate","未核验","activation","[B,S,6400]","[B,S,6400]","B,S,T；其他轴见模型参数","B[1,16];S_verify[1,8];L_KV独立未知；TP=1","config=bfloat16；激活/累加类型未核验","未核验","逻辑轴顺序；物理format未核验","逻辑轴顺序；物理format未核验","未评估候选","未评估候选","未评估候选","未核验","未实测","未实测","未实测","未实测","未核验","配置确认 + 数学推导；未核验完整调用链","https://huggingface.co/openbmb/MiniCPM3-RAG-LoRA/resolve/3ee34a2c7b518f2d9be23d7138a7d29300b240f8/config.json","未核验","未核验","未核验","未核验","https://huggingface.co/openbmb/MiniCPM3-RAG-LoRA/resolve/3ee34a2c7b518f2d9be23d7138a7d29300b240f8/config.json","文本decode/verify；B[1,16],S[1,8]；TP=1逻辑参考；是否额外gate矩阵与门控分支维度需要实现；不能仅由silu推定完整SwiGLU","config.hidden_act=silu"
"root/layer_21","FFN_down","未核验","GEMM","[B,S,6400]","[B,S,2560]","B,S,T；其他轴见模型参数","B[1,16];S_verify[1,8];L_KV独立未知；TP=1","config=bfloat16；激活/累加类型未核验","未核验","逻辑轴顺序；物理format未核验","逻辑轴顺序；物理format未核验","未评估候选","未评估候选","未评估候选","未核验","未实测","未实测","未实测","未实测","未核验","配置确认 + 数学推导；未核验完整调用链","https://huggingface.co/openbmb/MiniCPM3-RAG-LoRA/resolve/3ee34a2c7b518f2d9be23d7138a7d29300b240f8/config.json","logical [2560,6400]","未核验","未核验","未核验","https://huggingface.co/openbmb/MiniCPM3-RAG-LoRA/resolve/3ee34a2c7b518f2d9be23d7138a7d29300b240f8/config.json","文本decode/verify；B[1,16],S[1,8]；TP=1逻辑参考；","Y=X@W^T"
"root/layer_21","FFN_residual","未核验","elementwise","[B,S,2560];[B,S,2560]","[B,S,2560]","B,S,T；其他轴见模型参数","B[1,16];S_verify[1,8];L_KV独立未知；TP=1","config=bfloat16；激活/累加类型未核验","未核验","逻辑轴顺序；物理format未核验","逻辑轴顺序；物理format未核验","未评估候选","未评估候选","未评估候选","未核验","未实测","未实测","未实测","未实测","未核验","配置确认 + 数学推导；未核验完整调用链","https://huggingface.co/openbmb/MiniCPM3-RAG-LoRA/resolve/3ee34a2c7b518f2d9be23d7138a7d29300b240f8/config.json","未核验","未核验","未核验","未核验","https://huggingface.co/openbmb/MiniCPM3-RAG-LoRA/resolve/3ee34a2c7b518f2d9be23d7138a7d29300b240f8/config.json","文本decode/verify；B[1,16],S[1,8]；TP=1逻辑参考；","Y=X+branch（参考，实际残差策略未核验）"
"root/layer_22","input_normalization","未核验","norm","[B,S,2560]","[B,S,2560]","B,S,T；其他轴见模型参数","B[1,16];S_verify[1,8];L_KV独立未知；TP=1","config=bfloat16；激活/累加类型未核验","未核验","逻辑轴顺序；物理format未核验","逻辑轴顺序；物理format未核验","未评估候选","未评估候选","未评估候选","未核验","未实测","未实测","未实测","未实测","未核验","配置确认 + 数学推导；未核验完整调用链","https://huggingface.co/openbmb/MiniCPM3-RAG-LoRA/resolve/3ee34a2c7b518f2d9be23d7138a7d29300b240f8/config.json","未核验","未核验","未核验","未核验","https://huggingface.co/openbmb/MiniCPM3-RAG-LoRA/resolve/3ee34a2c7b518f2d9be23d7138a7d29300b240f8/config.json","文本decode/verify；B[1,16],S[1,8]；TP=1逻辑参考；","归一化类型/先后顺序待实现核验"
"root/layer_22","q_a_projection","未核验","GEMM","[B,S,2560]","[B,S,768]","B,S,T；其他轴见模型参数","B[1,16];S_verify[1,8];L_KV独立未知；TP=1","config=bfloat16；激活/累加类型未核验","未核验","逻辑轴顺序；物理format未核验","逻辑轴顺序；物理format未核验","未评估候选","未评估候选","未评估候选","未核验","未实测","未实测","未实测","未实测","未核验","配置确认 + 数学推导；未核验完整调用链","https://huggingface.co/openbmb/MiniCPM3-RAG-LoRA/resolve/3ee34a2c7b518f2d9be23d7138a7d29300b240f8/config.json","logical [768,2560]","未核验","未核验","未核验","https://huggingface.co/openbmb/MiniCPM3-RAG-LoRA/resolve/3ee34a2c7b518f2d9be23d7138a7d29300b240f8/config.json","文本decode/verify；B[1,16],S[1,8]；TP=1逻辑参考；","Y=X@W^T"
"root/layer_22","q_b_projection","未核验","GEMM","[B,S,768]","[B,S,3840]","B,S,T；其他轴见模型参数","B[1,16];S_verify[1,8];L_KV独立未知；TP=1","config=bfloat16；激活/累加类型未核验","未核验","逻辑轴顺序；物理format未核验","逻辑轴顺序；物理format未核验","未评估候选","未评估候选","未评估候选","未核验","未实测","未实测","未实测","未实测","未核验","配置确认 + 数学推导；未核验完整调用链","https://huggingface.co/openbmb/MiniCPM3-RAG-LoRA/resolve/3ee34a2c7b518f2d9be23d7138a7d29300b240f8/config.json","logical [3840,768]","未核验","未核验","未核验","https://huggingface.co/openbmb/MiniCPM3-RAG-LoRA/resolve/3ee34a2c7b518f2d9be23d7138a7d29300b240f8/config.json","文本decode/verify；B[1,16],S[1,8]；TP=1逻辑参考；","Q_width=heads*(qk_nope+qk_rope)"
"root/layer_22","kv_compression","未核验","GEMM","[B,S,2560]","[B,S,288]","B,S,T；其他轴见模型参数","B[1,16];S_verify[1,8];L_KV独立未知；TP=1","config=bfloat16；激活/累加类型未核验","未核验","逻辑轴顺序；物理format未核验","逻辑轴顺序；物理format未核验","未评估候选","未评估候选","未评估候选","未核验","未实测","未实测","未实测","未实测","未核验","配置确认 + 数学推导；未核验完整调用链","https://huggingface.co/openbmb/MiniCPM3-RAG-LoRA/resolve/3ee34a2c7b518f2d9be23d7138a7d29300b240f8/config.json","logical [288,2560]","未核验","未核验","未核验","https://huggingface.co/openbmb/MiniCPM3-RAG-LoRA/resolve/3ee34a2c7b518f2d9be23d7138a7d29300b240f8/config.json","文本decode/verify；B[1,16],S[1,8]；TP=1逻辑参考；","KV_width=kv_lora_rank+qk_rope_head_dim"
"root/layer_22","MLA_cache_and_attention","未核验","MLA","Q:[B,S,40,96];KVc:[B,L_KV,256]","[B,S,2560]","B,S,T；其他轴见模型参数","B[1,16];S_verify[1,8];L_KV独立未知；TP=1","config=bfloat16；激活/累加类型未核验","未核验","逻辑轴顺序；物理format未核验","逻辑轴顺序；物理format未核验","未评估候选","未评估候选","未评估候选","未核验","未实测","未实测","未实测","未实测","未核验","配置确认 + 数学推导；未核验完整调用链","https://huggingface.co/openbmb/MiniCPM3-RAG-LoRA/resolve/3ee34a2c7b518f2d9be23d7138a7d29300b240f8/config.json","未核验","未核验","未核验","未核验","https://huggingface.co/openbmb/MiniCPM3-RAG-LoRA/resolve/3ee34a2c7b518f2d9be23d7138a7d29300b240f8/config.json","文本decode/verify；B[1,16],S[1,8]；TP=1逻辑参考；","KV展开/吸收、value维度、cache布局待实现核验"
"root/layer_22","attention_residual","未核验","elementwise","[B,S,2560];[B,S,2560]","[B,S,2560]","B,S,T；其他轴见模型参数","B[1,16];S_verify[1,8];L_KV独立未知；TP=1","config=bfloat16；激活/累加类型未核验","未核验","逻辑轴顺序；物理format未核验","逻辑轴顺序；物理format未核验","未评估候选","未评估候选","未评估候选","未核验","未实测","未实测","未实测","未实测","未核验","配置确认 + 数学推导；未核验完整调用链","https://huggingface.co/openbmb/MiniCPM3-RAG-LoRA/resolve/3ee34a2c7b518f2d9be23d7138a7d29300b240f8/config.json","未核验","未核验","未核验","未核验","https://huggingface.co/openbmb/MiniCPM3-RAG-LoRA/resolve/3ee34a2c7b518f2d9be23d7138a7d29300b240f8/config.json","文本decode/verify；B[1,16],S[1,8]；TP=1逻辑参考；","Y=X+branch（参考，实际残差策略未核验）"
"root/layer_22","post_attention_normalization","未核验","norm","[B,S,2560]","[B,S,2560]","B,S,T；其他轴见模型参数","B[1,16];S_verify[1,8];L_KV独立未知；TP=1","config=bfloat16；激活/累加类型未核验","未核验","逻辑轴顺序；物理format未核验","逻辑轴顺序；物理format未核验","未评估候选","未评估候选","未评估候选","未核验","未实测","未实测","未实测","未实测","未核验","配置确认 + 数学推导；未核验完整调用链","https://huggingface.co/openbmb/MiniCPM3-RAG-LoRA/resolve/3ee34a2c7b518f2d9be23d7138a7d29300b240f8/config.json","未核验","未核验","未核验","未核验","https://huggingface.co/openbmb/MiniCPM3-RAG-LoRA/resolve/3ee34a2c7b518f2d9be23d7138a7d29300b240f8/config.json","文本decode/verify；B[1,16],S[1,8]；TP=1逻辑参考；","类型与位置待源码核验"
"root/layer_22","FFN_up","未核验","GEMM","[B,S,2560]","[B,S,6400]","B,S,T；其他轴见模型参数","B[1,16];S_verify[1,8];L_KV独立未知；TP=1","config=bfloat16；激活/累加类型未核验","未核验","逻辑轴顺序；物理format未核验","逻辑轴顺序；物理format未核验","未评估候选","未评估候选","未评估候选","未核验","未实测","未实测","未实测","未实测","未核验","配置确认 + 数学推导；未核验完整调用链","https://huggingface.co/openbmb/MiniCPM3-RAG-LoRA/resolve/3ee34a2c7b518f2d9be23d7138a7d29300b240f8/config.json","logical [6400,2560]","未核验","未核验","未核验","https://huggingface.co/openbmb/MiniCPM3-RAG-LoRA/resolve/3ee34a2c7b518f2d9be23d7138a7d29300b240f8/config.json","文本decode/verify；B[1,16],S[1,8]；TP=1逻辑参考；","Y=X@W^T"
"root/layer_22","FFN_activation_and_optional_gate","未核验","activation","[B,S,6400]","[B,S,6400]","B,S,T；其他轴见模型参数","B[1,16];S_verify[1,8];L_KV独立未知；TP=1","config=bfloat16；激活/累加类型未核验","未核验","逻辑轴顺序；物理format未核验","逻辑轴顺序；物理format未核验","未评估候选","未评估候选","未评估候选","未核验","未实测","未实测","未实测","未实测","未核验","配置确认 + 数学推导；未核验完整调用链","https://huggingface.co/openbmb/MiniCPM3-RAG-LoRA/resolve/3ee34a2c7b518f2d9be23d7138a7d29300b240f8/config.json","未核验","未核验","未核验","未核验","https://huggingface.co/openbmb/MiniCPM3-RAG-LoRA/resolve/3ee34a2c7b518f2d9be23d7138a7d29300b240f8/config.json","文本decode/verify；B[1,16],S[1,8]；TP=1逻辑参考；是否额外gate矩阵与门控分支维度需要实现；不能仅由silu推定完整SwiGLU","config.hidden_act=silu"
"root/layer_22","FFN_down","未核验","GEMM","[B,S,6400]","[B,S,2560]","B,S,T；其他轴见模型参数","B[1,16];S_verify[1,8];L_KV独立未知；TP=1","config=bfloat16；激活/累加类型未核验","未核验","逻辑轴顺序；物理format未核验","逻辑轴顺序；物理format未核验","未评估候选","未评估候选","未评估候选","未核验","未实测","未实测","未实测","未实测","未核验","配置确认 + 数学推导；未核验完整调用链","https://huggingface.co/openbmb/MiniCPM3-RAG-LoRA/resolve/3ee34a2c7b518f2d9be23d7138a7d29300b240f8/config.json","logical [2560,6400]","未核验","未核验","未核验","https://huggingface.co/openbmb/MiniCPM3-RAG-LoRA/resolve/3ee34a2c7b518f2d9be23d7138a7d29300b240f8/config.json","文本decode/verify；B[1,16],S[1,8]；TP=1逻辑参考；","Y=X@W^T"
"root/layer_22","FFN_residual","未核验","elementwise","[B,S,2560];[B,S,2560]","[B,S,2560]","B,S,T；其他轴见模型参数","B[1,16];S_verify[1,8];L_KV独立未知；TP=1","config=bfloat16；激活/累加类型未核验","未核验","逻辑轴顺序；物理format未核验","逻辑轴顺序；物理format未核验","未评估候选","未评估候选","未评估候选","未核验","未实测","未实测","未实测","未实测","未核验","配置确认 + 数学推导；未核验完整调用链","https://huggingface.co/openbmb/MiniCPM3-RAG-LoRA/resolve/3ee34a2c7b518f2d9be23d7138a7d29300b240f8/config.json","未核验","未核验","未核验","未核验","https://huggingface.co/openbmb/MiniCPM3-RAG-LoRA/resolve/3ee34a2c7b518f2d9be23d7138a7d29300b240f8/config.json","文本decode/verify；B[1,16],S[1,8]；TP=1逻辑参考；","Y=X+branch（参考，实际残差策略未核验）"
"root/layer_23","input_normalization","未核验","norm","[B,S,2560]","[B,S,2560]","B,S,T；其他轴见模型参数","B[1,16];S_verify[1,8];L_KV独立未知；TP=1","config=bfloat16；激活/累加类型未核验","未核验","逻辑轴顺序；物理format未核验","逻辑轴顺序；物理format未核验","未评估候选","未评估候选","未评估候选","未核验","未实测","未实测","未实测","未实测","未核验","配置确认 + 数学推导；未核验完整调用链","https://huggingface.co/openbmb/MiniCPM3-RAG-LoRA/resolve/3ee34a2c7b518f2d9be23d7138a7d29300b240f8/config.json","未核验","未核验","未核验","未核验","https://huggingface.co/openbmb/MiniCPM3-RAG-LoRA/resolve/3ee34a2c7b518f2d9be23d7138a7d29300b240f8/config.json","文本decode/verify；B[1,16],S[1,8]；TP=1逻辑参考；","归一化类型/先后顺序待实现核验"
"root/layer_23","q_a_projection","未核验","GEMM","[B,S,2560]","[B,S,768]","B,S,T；其他轴见模型参数","B[1,16];S_verify[1,8];L_KV独立未知；TP=1","config=bfloat16；激活/累加类型未核验","未核验","逻辑轴顺序；物理format未核验","逻辑轴顺序；物理format未核验","未评估候选","未评估候选","未评估候选","未核验","未实测","未实测","未实测","未实测","未核验","配置确认 + 数学推导；未核验完整调用链","https://huggingface.co/openbmb/MiniCPM3-RAG-LoRA/resolve/3ee34a2c7b518f2d9be23d7138a7d29300b240f8/config.json","logical [768,2560]","未核验","未核验","未核验","https://huggingface.co/openbmb/MiniCPM3-RAG-LoRA/resolve/3ee34a2c7b518f2d9be23d7138a7d29300b240f8/config.json","文本decode/verify；B[1,16],S[1,8]；TP=1逻辑参考；","Y=X@W^T"
"root/layer_23","q_b_projection","未核验","GEMM","[B,S,768]","[B,S,3840]","B,S,T；其他轴见模型参数","B[1,16];S_verify[1,8];L_KV独立未知；TP=1","config=bfloat16；激活/累加类型未核验","未核验","逻辑轴顺序；物理format未核验","逻辑轴顺序；物理format未核验","未评估候选","未评估候选","未评估候选","未核验","未实测","未实测","未实测","未实测","未核验","配置确认 + 数学推导；未核验完整调用链","https://huggingface.co/openbmb/MiniCPM3-RAG-LoRA/resolve/3ee34a2c7b518f2d9be23d7138a7d29300b240f8/config.json","logical [3840,768]","未核验","未核验","未核验","https://huggingface.co/openbmb/MiniCPM3-RAG-LoRA/resolve/3ee34a2c7b518f2d9be23d7138a7d29300b240f8/config.json","文本decode/verify；B[1,16],S[1,8]；TP=1逻辑参考；","Q_width=heads*(qk_nope+qk_rope)"
"root/layer_23","kv_compression","未核验","GEMM","[B,S,2560]","[B,S,288]","B,S,T；其他轴见模型参数","B[1,16];S_verify[1,8];L_KV独立未知；TP=1","config=bfloat16；激活/累加类型未核验","未核验","逻辑轴顺序；物理format未核验","逻辑轴顺序；物理format未核验","未评估候选","未评估候选","未评估候选","未核验","未实测","未实测","未实测","未实测","未核验","配置确认 + 数学推导；未核验完整调用链","https://huggingface.co/openbmb/MiniCPM3-RAG-LoRA/resolve/3ee34a2c7b518f2d9be23d7138a7d29300b240f8/config.json","logical [288,2560]","未核验","未核验","未核验","https://huggingface.co/openbmb/MiniCPM3-RAG-LoRA/resolve/3ee34a2c7b518f2d9be23d7138a7d29300b240f8/config.json","文本decode/verify；B[1,16],S[1,8]；TP=1逻辑参考；","KV_width=kv_lora_rank+qk_rope_head_dim"
"root/layer_23","MLA_cache_and_attention","未核验","MLA","Q:[B,S,40,96];KVc:[B,L_KV,256]","[B,S,2560]","B,S,T；其他轴见模型参数","B[1,16];S_verify[1,8];L_KV独立未知；TP=1","config=bfloat16；激活/累加类型未核验","未核验","逻辑轴顺序；物理format未核验","逻辑轴顺序；物理format未核验","未评估候选","未评估候选","未评估候选","未核验","未实测","未实测","未实测","未实测","未核验","配置确认 + 数学推导；未核验完整调用链","https://huggingface.co/openbmb/MiniCPM3-RAG-LoRA/resolve/3ee34a2c7b518f2d9be23d7138a7d29300b240f8/config.json","未核验","未核验","未核验","未核验","https://huggingface.co/openbmb/MiniCPM3-RAG-LoRA/resolve/3ee34a2c7b518f2d9be23d7138a7d29300b240f8/config.json","文本decode/verify；B[1,16],S[1,8]；TP=1逻辑参考；","KV展开/吸收、value维度、cache布局待实现核验"
"root/layer_23","attention_residual","未核验","elementwise","[B,S,2560];[B,S,2560]","[B,S,2560]","B,S,T；其他轴见模型参数","B[1,16];S_verify[1,8];L_KV独立未知；TP=1","config=bfloat16；激活/累加类型未核验","未核验","逻辑轴顺序；物理format未核验","逻辑轴顺序；物理format未核验","未评估候选","未评估候选","未评估候选","未核验","未实测","未实测","未实测","未实测","未核验","配置确认 + 数学推导；未核验完整调用链","https://huggingface.co/openbmb/MiniCPM3-RAG-LoRA/resolve/3ee34a2c7b518f2d9be23d7138a7d29300b240f8/config.json","未核验","未核验","未核验","未核验","https://huggingface.co/openbmb/MiniCPM3-RAG-LoRA/resolve/3ee34a2c7b518f2d9be23d7138a7d29300b240f8/config.json","文本decode/verify；B[1,16],S[1,8]；TP=1逻辑参考；","Y=X+branch（参考，实际残差策略未核验）"
"root/layer_23","post_attention_normalization","未核验","norm","[B,S,2560]","[B,S,2560]","B,S,T；其他轴见模型参数","B[1,16];S_verify[1,8];L_KV独立未知；TP=1","config=bfloat16；激活/累加类型未核验","未核验","逻辑轴顺序；物理format未核验","逻辑轴顺序；物理format未核验","未评估候选","未评估候选","未评估候选","未核验","未实测","未实测","未实测","未实测","未核验","配置确认 + 数学推导；未核验完整调用链","https://huggingface.co/openbmb/MiniCPM3-RAG-LoRA/resolve/3ee34a2c7b518f2d9be23d7138a7d29300b240f8/config.json","未核验","未核验","未核验","未核验","https://huggingface.co/openbmb/MiniCPM3-RAG-LoRA/resolve/3ee34a2c7b518f2d9be23d7138a7d29300b240f8/config.json","文本decode/verify；B[1,16],S[1,8]；TP=1逻辑参考；","类型与位置待源码核验"
"root/layer_23","FFN_up","未核验","GEMM","[B,S,2560]","[B,S,6400]","B,S,T；其他轴见模型参数","B[1,16];S_verify[1,8];L_KV独立未知；TP=1","config=bfloat16；激活/累加类型未核验","未核验","逻辑轴顺序；物理format未核验","逻辑轴顺序；物理format未核验","未评估候选","未评估候选","未评估候选","未核验","未实测","未实测","未实测","未实测","未核验","配置确认 + 数学推导；未核验完整调用链","https://huggingface.co/openbmb/MiniCPM3-RAG-LoRA/resolve/3ee34a2c7b518f2d9be23d7138a7d29300b240f8/config.json","logical [6400,2560]","未核验","未核验","未核验","https://huggingface.co/openbmb/MiniCPM3-RAG-LoRA/resolve/3ee34a2c7b518f2d9be23d7138a7d29300b240f8/config.json","文本decode/verify；B[1,16],S[1,8]；TP=1逻辑参考；","Y=X@W^T"
"root/layer_23","FFN_activation_and_optional_gate","未核验","activation","[B,S,6400]","[B,S,6400]","B,S,T；其他轴见模型参数","B[1,16];S_verify[1,8];L_KV独立未知；TP=1","config=bfloat16；激活/累加类型未核验","未核验","逻辑轴顺序；物理format未核验","逻辑轴顺序；物理format未核验","未评估候选","未评估候选","未评估候选","未核验","未实测","未实测","未实测","未实测","未核验","配置确认 + 数学推导；未核验完整调用链","https://huggingface.co/openbmb/MiniCPM3-RAG-LoRA/resolve/3ee34a2c7b518f2d9be23d7138a7d29300b240f8/config.json","未核验","未核验","未核验","未核验","https://huggingface.co/openbmb/MiniCPM3-RAG-LoRA/resolve/3ee34a2c7b518f2d9be23d7138a7d29300b240f8/config.json","文本decode/verify；B[1,16],S[1,8]；TP=1逻辑参考；是否额外gate矩阵与门控分支维度需要实现；不能仅由silu推定完整SwiGLU","config.hidden_act=silu"
"root/layer_23","FFN_down","未核验","GEMM","[B,S,6400]","[B,S,2560]","B,S,T；其他轴见模型参数","B[1,16];S_verify[1,8];L_KV独立未知；TP=1","config=bfloat16；激活/累加类型未核验","未核验","逻辑轴顺序；物理format未核验","逻辑轴顺序；物理format未核验","未评估候选","未评估候选","未评估候选","未核验","未实测","未实测","未实测","未实测","未核验","配置确认 + 数学推导；未核验完整调用链","https://huggingface.co/openbmb/MiniCPM3-RAG-LoRA/resolve/3ee34a2c7b518f2d9be23d7138a7d29300b240f8/config.json","logical [2560,6400]","未核验","未核验","未核验","https://huggingface.co/openbmb/MiniCPM3-RAG-LoRA/resolve/3ee34a2c7b518f2d9be23d7138a7d29300b240f8/config.json","文本decode/verify；B[1,16],S[1,8]；TP=1逻辑参考；","Y=X@W^T"
"root/layer_23","FFN_residual","未核验","elementwise","[B,S,2560];[B,S,2560]","[B,S,2560]","B,S,T；其他轴见模型参数","B[1,16];S_verify[1,8];L_KV独立未知；TP=1","config=bfloat16；激活/累加类型未核验","未核验","逻辑轴顺序；物理format未核验","逻辑轴顺序；物理format未核验","未评估候选","未评估候选","未评估候选","未核验","未实测","未实测","未实测","未实测","未核验","配置确认 + 数学推导；未核验完整调用链","https://huggingface.co/openbmb/MiniCPM3-RAG-LoRA/resolve/3ee34a2c7b518f2d9be23d7138a7d29300b240f8/config.json","未核验","未核验","未核验","未核验","https://huggingface.co/openbmb/MiniCPM3-RAG-LoRA/resolve/3ee34a2c7b518f2d9be23d7138a7d29300b240f8/config.json","文本decode/verify；B[1,16],S[1,8]；TP=1逻辑参考；","Y=X+branch（参考，实际残差策略未核验）"
"root/layer_24","input_normalization","未核验","norm","[B,S,2560]","[B,S,2560]","B,S,T；其他轴见模型参数","B[1,16];S_verify[1,8];L_KV独立未知；TP=1","config=bfloat16；激活/累加类型未核验","未核验","逻辑轴顺序；物理format未核验","逻辑轴顺序；物理format未核验","未评估候选","未评估候选","未评估候选","未核验","未实测","未实测","未实测","未实测","未核验","配置确认 + 数学推导；未核验完整调用链","https://huggingface.co/openbmb/MiniCPM3-RAG-LoRA/resolve/3ee34a2c7b518f2d9be23d7138a7d29300b240f8/config.json","未核验","未核验","未核验","未核验","https://huggingface.co/openbmb/MiniCPM3-RAG-LoRA/resolve/3ee34a2c7b518f2d9be23d7138a7d29300b240f8/config.json","文本decode/verify；B[1,16],S[1,8]；TP=1逻辑参考；","归一化类型/先后顺序待实现核验"
"root/layer_24","q_a_projection","未核验","GEMM","[B,S,2560]","[B,S,768]","B,S,T；其他轴见模型参数","B[1,16];S_verify[1,8];L_KV独立未知；TP=1","config=bfloat16；激活/累加类型未核验","未核验","逻辑轴顺序；物理format未核验","逻辑轴顺序；物理format未核验","未评估候选","未评估候选","未评估候选","未核验","未实测","未实测","未实测","未实测","未核验","配置确认 + 数学推导；未核验完整调用链","https://huggingface.co/openbmb/MiniCPM3-RAG-LoRA/resolve/3ee34a2c7b518f2d9be23d7138a7d29300b240f8/config.json","logical [768,2560]","未核验","未核验","未核验","https://huggingface.co/openbmb/MiniCPM3-RAG-LoRA/resolve/3ee34a2c7b518f2d9be23d7138a7d29300b240f8/config.json","文本decode/verify；B[1,16],S[1,8]；TP=1逻辑参考；","Y=X@W^T"
"root/layer_24","q_b_projection","未核验","GEMM","[B,S,768]","[B,S,3840]","B,S,T；其他轴见模型参数","B[1,16];S_verify[1,8];L_KV独立未知；TP=1","config=bfloat16；激活/累加类型未核验","未核验","逻辑轴顺序；物理format未核验","逻辑轴顺序；物理format未核验","未评估候选","未评估候选","未评估候选","未核验","未实测","未实测","未实测","未实测","未核验","配置确认 + 数学推导；未核验完整调用链","https://huggingface.co/openbmb/MiniCPM3-RAG-LoRA/resolve/3ee34a2c7b518f2d9be23d7138a7d29300b240f8/config.json","logical [3840,768]","未核验","未核验","未核验","https://huggingface.co/openbmb/MiniCPM3-RAG-LoRA/resolve/3ee34a2c7b518f2d9be23d7138a7d29300b240f8/config.json","文本decode/verify；B[1,16],S[1,8]；TP=1逻辑参考；","Q_width=heads*(qk_nope+qk_rope)"
"root/layer_24","kv_compression","未核验","GEMM","[B,S,2560]","[B,S,288]","B,S,T；其他轴见模型参数","B[1,16];S_verify[1,8];L_KV独立未知；TP=1","config=bfloat16；激活/累加类型未核验","未核验","逻辑轴顺序；物理format未核验","逻辑轴顺序；物理format未核验","未评估候选","未评估候选","未评估候选","未核验","未实测","未实测","未实测","未实测","未核验","配置确认 + 数学推导；未核验完整调用链","https://huggingface.co/openbmb/MiniCPM3-RAG-LoRA/resolve/3ee34a2c7b518f2d9be23d7138a7d29300b240f8/config.json","logical [288,2560]","未核验","未核验","未核验","https://huggingface.co/openbmb/MiniCPM3-RAG-LoRA/resolve/3ee34a2c7b518f2d9be23d7138a7d29300b240f8/config.json","文本decode/verify；B[1,16],S[1,8]；TP=1逻辑参考；","KV_width=kv_lora_rank+qk_rope_head_dim"
"root/layer_24","MLA_cache_and_attention","未核验","MLA","Q:[B,S,40,96];KVc:[B,L_KV,256]","[B,S,2560]","B,S,T；其他轴见模型参数","B[1,16];S_verify[1,8];L_KV独立未知；TP=1","config=bfloat16；激活/累加类型未核验","未核验","逻辑轴顺序；物理format未核验","逻辑轴顺序；物理format未核验","未评估候选","未评估候选","未评估候选","未核验","未实测","未实测","未实测","未实测","未核验","配置确认 + 数学推导；未核验完整调用链","https://huggingface.co/openbmb/MiniCPM3-RAG-LoRA/resolve/3ee34a2c7b518f2d9be23d7138a7d29300b240f8/config.json","未核验","未核验","未核验","未核验","https://huggingface.co/openbmb/MiniCPM3-RAG-LoRA/resolve/3ee34a2c7b518f2d9be23d7138a7d29300b240f8/config.json","文本decode/verify；B[1,16],S[1,8]；TP=1逻辑参考；","KV展开/吸收、value维度、cache布局待实现核验"
"root/layer_24","attention_residual","未核验","elementwise","[B,S,2560];[B,S,2560]","[B,S,2560]","B,S,T；其他轴见模型参数","B[1,16];S_verify[1,8];L_KV独立未知；TP=1","config=bfloat16；激活/累加类型未核验","未核验","逻辑轴顺序；物理format未核验","逻辑轴顺序；物理format未核验","未评估候选","未评估候选","未评估候选","未核验","未实测","未实测","未实测","未实测","未核验","配置确认 + 数学推导；未核验完整调用链","https://huggingface.co/openbmb/MiniCPM3-RAG-LoRA/resolve/3ee34a2c7b518f2d9be23d7138a7d29300b240f8/config.json","未核验","未核验","未核验","未核验","https://huggingface.co/openbmb/MiniCPM3-RAG-LoRA/resolve/3ee34a2c7b518f2d9be23d7138a7d29300b240f8/config.json","文本decode/verify；B[1,16],S[1,8]；TP=1逻辑参考；","Y=X+branch（参考，实际残差策略未核验）"
"root/layer_24","post_attention_normalization","未核验","norm","[B,S,2560]","[B,S,2560]","B,S,T；其他轴见模型参数","B[1,16];S_verify[1,8];L_KV独立未知；TP=1","config=bfloat16；激活/累加类型未核验","未核验","逻辑轴顺序；物理format未核验","逻辑轴顺序；物理format未核验","未评估候选","未评估候选","未评估候选","未核验","未实测","未实测","未实测","未实测","未核验","配置确认 + 数学推导；未核验完整调用链","https://huggingface.co/openbmb/MiniCPM3-RAG-LoRA/resolve/3ee34a2c7b518f2d9be23d7138a7d29300b240f8/config.json","未核验","未核验","未核验","未核验","https://huggingface.co/openbmb/MiniCPM3-RAG-LoRA/resolve/3ee34a2c7b518f2d9be23d7138a7d29300b240f8/config.json","文本decode/verify；B[1,16],S[1,8]；TP=1逻辑参考；","类型与位置待源码核验"
"root/layer_24","FFN_up","未核验","GEMM","[B,S,2560]","[B,S,6400]","B,S,T；其他轴见模型参数","B[1,16];S_verify[1,8];L_KV独立未知；TP=1","config=bfloat16；激活/累加类型未核验","未核验","逻辑轴顺序；物理format未核验","逻辑轴顺序；物理format未核验","未评估候选","未评估候选","未评估候选","未核验","未实测","未实测","未实测","未实测","未核验","配置确认 + 数学推导；未核验完整调用链","https://huggingface.co/openbmb/MiniCPM3-RAG-LoRA/resolve/3ee34a2c7b518f2d9be23d7138a7d29300b240f8/config.json","logical [6400,2560]","未核验","未核验","未核验","https://huggingface.co/openbmb/MiniCPM3-RAG-LoRA/resolve/3ee34a2c7b518f2d9be23d7138a7d29300b240f8/config.json","文本decode/verify；B[1,16],S[1,8]；TP=1逻辑参考；","Y=X@W^T"
"root/layer_24","FFN_activation_and_optional_gate","未核验","activation","[B,S,6400]","[B,S,6400]","B,S,T；其他轴见模型参数","B[1,16];S_verify[1,8];L_KV独立未知；TP=1","config=bfloat16；激活/累加类型未核验","未核验","逻辑轴顺序；物理format未核验","逻辑轴顺序；物理format未核验","未评估候选","未评估候选","未评估候选","未核验","未实测","未实测","未实测","未实测","未核验","配置确认 + 数学推导；未核验完整调用链","https://huggingface.co/openbmb/MiniCPM3-RAG-LoRA/resolve/3ee34a2c7b518f2d9be23d7138a7d29300b240f8/config.json","未核验","未核验","未核验","未核验","https://huggingface.co/openbmb/MiniCPM3-RAG-LoRA/resolve/3ee34a2c7b518f2d9be23d7138a7d29300b240f8/config.json","文本decode/verify；B[1,16],S[1,8]；TP=1逻辑参考；是否额外gate矩阵与门控分支维度需要实现；不能仅由silu推定完整SwiGLU","config.hidden_act=silu"
"root/layer_24","FFN_down","未核验","GEMM","[B,S,6400]","[B,S,2560]","B,S,T；其他轴见模型参数","B[1,16];S_verify[1,8];L_KV独立未知；TP=1","config=bfloat16；激活/累加类型未核验","未核验","逻辑轴顺序；物理format未核验","逻辑轴顺序；物理format未核验","未评估候选","未评估候选","未评估候选","未核验","未实测","未实测","未实测","未实测","未核验","配置确认 + 数学推导；未核验完整调用链","https://huggingface.co/openbmb/MiniCPM3-RAG-LoRA/resolve/3ee34a2c7b518f2d9be23d7138a7d29300b240f8/config.json","logical [2560,6400]","未核验","未核验","未核验","https://huggingface.co/openbmb/MiniCPM3-RAG-LoRA/resolve/3ee34a2c7b518f2d9be23d7138a7d29300b240f8/config.json","文本decode/verify；B[1,16],S[1,8]；TP=1逻辑参考；","Y=X@W^T"
"root/layer_24","FFN_residual","未核验","elementwise","[B,S,2560];[B,S,2560]","[B,S,2560]","B,S,T；其他轴见模型参数","B[1,16];S_verify[1,8];L_KV独立未知；TP=1","config=bfloat16；激活/累加类型未核验","未核验","逻辑轴顺序；物理format未核验","逻辑轴顺序；物理format未核验","未评估候选","未评估候选","未评估候选","未核验","未实测","未实测","未实测","未实测","未核验","配置确认 + 数学推导；未核验完整调用链","https://huggingface.co/openbmb/MiniCPM3-RAG-LoRA/resolve/3ee34a2c7b518f2d9be23d7138a7d29300b240f8/config.json","未核验","未核验","未核验","未核验","https://huggingface.co/openbmb/MiniCPM3-RAG-LoRA/resolve/3ee34a2c7b518f2d9be23d7138a7d29300b240f8/config.json","文本decode/verify；B[1,16],S[1,8]；TP=1逻辑参考；","Y=X+branch（参考，实际残差策略未核验）"
"root/layer_25","input_normalization","未核验","norm","[B,S,2560]","[B,S,2560]","B,S,T；其他轴见模型参数","B[1,16];S_verify[1,8];L_KV独立未知；TP=1","config=bfloat16；激活/累加类型未核验","未核验","逻辑轴顺序；物理format未核验","逻辑轴顺序；物理format未核验","未评估候选","未评估候选","未评估候选","未核验","未实测","未实测","未实测","未实测","未核验","配置确认 + 数学推导；未核验完整调用链","https://huggingface.co/openbmb/MiniCPM3-RAG-LoRA/resolve/3ee34a2c7b518f2d9be23d7138a7d29300b240f8/config.json","未核验","未核验","未核验","未核验","https://huggingface.co/openbmb/MiniCPM3-RAG-LoRA/resolve/3ee34a2c7b518f2d9be23d7138a7d29300b240f8/config.json","文本decode/verify；B[1,16],S[1,8]；TP=1逻辑参考；","归一化类型/先后顺序待实现核验"
"root/layer_25","q_a_projection","未核验","GEMM","[B,S,2560]","[B,S,768]","B,S,T；其他轴见模型参数","B[1,16];S_verify[1,8];L_KV独立未知；TP=1","config=bfloat16；激活/累加类型未核验","未核验","逻辑轴顺序；物理format未核验","逻辑轴顺序；物理format未核验","未评估候选","未评估候选","未评估候选","未核验","未实测","未实测","未实测","未实测","未核验","配置确认 + 数学推导；未核验完整调用链","https://huggingface.co/openbmb/MiniCPM3-RAG-LoRA/resolve/3ee34a2c7b518f2d9be23d7138a7d29300b240f8/config.json","logical [768,2560]","未核验","未核验","未核验","https://huggingface.co/openbmb/MiniCPM3-RAG-LoRA/resolve/3ee34a2c7b518f2d9be23d7138a7d29300b240f8/config.json","文本decode/verify；B[1,16],S[1,8]；TP=1逻辑参考；","Y=X@W^T"
"root/layer_25","q_b_projection","未核验","GEMM","[B,S,768]","[B,S,3840]","B,S,T；其他轴见模型参数","B[1,16];S_verify[1,8];L_KV独立未知；TP=1","config=bfloat16；激活/累加类型未核验","未核验","逻辑轴顺序；物理format未核验","逻辑轴顺序；物理format未核验","未评估候选","未评估候选","未评估候选","未核验","未实测","未实测","未实测","未实测","未核验","配置确认 + 数学推导；未核验完整调用链","https://huggingface.co/openbmb/MiniCPM3-RAG-LoRA/resolve/3ee34a2c7b518f2d9be23d7138a7d29300b240f8/config.json","logical [3840,768]","未核验","未核验","未核验","https://huggingface.co/openbmb/MiniCPM3-RAG-LoRA/resolve/3ee34a2c7b518f2d9be23d7138a7d29300b240f8/config.json","文本decode/verify；B[1,16],S[1,8]；TP=1逻辑参考；","Q_width=heads*(qk_nope+qk_rope)"
"root/layer_25","kv_compression","未核验","GEMM","[B,S,2560]","[B,S,288]","B,S,T；其他轴见模型参数","B[1,16];S_verify[1,8];L_KV独立未知；TP=1","config=bfloat16；激活/累加类型未核验","未核验","逻辑轴顺序；物理format未核验","逻辑轴顺序；物理format未核验","未评估候选","未评估候选","未评估候选","未核验","未实测","未实测","未实测","未实测","未核验","配置确认 + 数学推导；未核验完整调用链","https://huggingface.co/openbmb/MiniCPM3-RAG-LoRA/resolve/3ee34a2c7b518f2d9be23d7138a7d29300b240f8/config.json","logical [288,2560]","未核验","未核验","未核验","https://huggingface.co/openbmb/MiniCPM3-RAG-LoRA/resolve/3ee34a2c7b518f2d9be23d7138a7d29300b240f8/config.json","文本decode/verify；B[1,16],S[1,8]；TP=1逻辑参考；","KV_width=kv_lora_rank+qk_rope_head_dim"
"root/layer_25","MLA_cache_and_attention","未核验","MLA","Q:[B,S,40,96];KVc:[B,L_KV,256]","[B,S,2560]","B,S,T；其他轴见模型参数","B[1,16];S_verify[1,8];L_KV独立未知；TP=1","config=bfloat16；激活/累加类型未核验","未核验","逻辑轴顺序；物理format未核验","逻辑轴顺序；物理format未核验","未评估候选","未评估候选","未评估候选","未核验","未实测","未实测","未实测","未实测","未核验","配置确认 + 数学推导；未核验完整调用链","https://huggingface.co/openbmb/MiniCPM3-RAG-LoRA/resolve/3ee34a2c7b518f2d9be23d7138a7d29300b240f8/config.json","未核验","未核验","未核验","未核验","https://huggingface.co/openbmb/MiniCPM3-RAG-LoRA/resolve/3ee34a2c7b518f2d9be23d7138a7d29300b240f8/config.json","文本decode/verify；B[1,16],S[1,8]；TP=1逻辑参考；","KV展开/吸收、value维度、cache布局待实现核验"
"root/layer_25","attention_residual","未核验","elementwise","[B,S,2560];[B,S,2560]","[B,S,2560]","B,S,T；其他轴见模型参数","B[1,16];S_verify[1,8];L_KV独立未知；TP=1","config=bfloat16；激活/累加类型未核验","未核验","逻辑轴顺序；物理format未核验","逻辑轴顺序；物理format未核验","未评估候选","未评估候选","未评估候选","未核验","未实测","未实测","未实测","未实测","未核验","配置确认 + 数学推导；未核验完整调用链","https://huggingface.co/openbmb/MiniCPM3-RAG-LoRA/resolve/3ee34a2c7b518f2d9be23d7138a7d29300b240f8/config.json","未核验","未核验","未核验","未核验","https://huggingface.co/openbmb/MiniCPM3-RAG-LoRA/resolve/3ee34a2c7b518f2d9be23d7138a7d29300b240f8/config.json","文本decode/verify；B[1,16],S[1,8]；TP=1逻辑参考；","Y=X+branch（参考，实际残差策略未核验）"
"root/layer_25","post_attention_normalization","未核验","norm","[B,S,2560]","[B,S,2560]","B,S,T；其他轴见模型参数","B[1,16];S_verify[1,8];L_KV独立未知；TP=1","config=bfloat16；激活/累加类型未核验","未核验","逻辑轴顺序；物理format未核验","逻辑轴顺序；物理format未核验","未评估候选","未评估候选","未评估候选","未核验","未实测","未实测","未实测","未实测","未核验","配置确认 + 数学推导；未核验完整调用链","https://huggingface.co/openbmb/MiniCPM3-RAG-LoRA/resolve/3ee34a2c7b518f2d9be23d7138a7d29300b240f8/config.json","未核验","未核验","未核验","未核验","https://huggingface.co/openbmb/MiniCPM3-RAG-LoRA/resolve/3ee34a2c7b518f2d9be23d7138a7d29300b240f8/config.json","文本decode/verify；B[1,16],S[1,8]；TP=1逻辑参考；","类型与位置待源码核验"
"root/layer_25","FFN_up","未核验","GEMM","[B,S,2560]","[B,S,6400]","B,S,T；其他轴见模型参数","B[1,16];S_verify[1,8];L_KV独立未知；TP=1","config=bfloat16；激活/累加类型未核验","未核验","逻辑轴顺序；物理format未核验","逻辑轴顺序；物理format未核验","未评估候选","未评估候选","未评估候选","未核验","未实测","未实测","未实测","未实测","未核验","配置确认 + 数学推导；未核验完整调用链","https://huggingface.co/openbmb/MiniCPM3-RAG-LoRA/resolve/3ee34a2c7b518f2d9be23d7138a7d29300b240f8/config.json","logical [6400,2560]","未核验","未核验","未核验","https://huggingface.co/openbmb/MiniCPM3-RAG-LoRA/resolve/3ee34a2c7b518f2d9be23d7138a7d29300b240f8/config.json","文本decode/verify；B[1,16],S[1,8]；TP=1逻辑参考；","Y=X@W^T"
"root/layer_25","FFN_activation_and_optional_gate","未核验","activation","[B,S,6400]","[B,S,6400]","B,S,T；其他轴见模型参数","B[1,16];S_verify[1,8];L_KV独立未知；TP=1","config=bfloat16；激活/累加类型未核验","未核验","逻辑轴顺序；物理format未核验","逻辑轴顺序；物理format未核验","未评估候选","未评估候选","未评估候选","未核验","未实测","未实测","未实测","未实测","未核验","配置确认 + 数学推导；未核验完整调用链","https://huggingface.co/openbmb/MiniCPM3-RAG-LoRA/resolve/3ee34a2c7b518f2d9be23d7138a7d29300b240f8/config.json","未核验","未核验","未核验","未核验","https://huggingface.co/openbmb/MiniCPM3-RAG-LoRA/resolve/3ee34a2c7b518f2d9be23d7138a7d29300b240f8/config.json","文本decode/verify；B[1,16],S[1,8]；TP=1逻辑参考；是否额外gate矩阵与门控分支维度需要实现；不能仅由silu推定完整SwiGLU","config.hidden_act=silu"
"root/layer_25","FFN_down","未核验","GEMM","[B,S,6400]","[B,S,2560]","B,S,T；其他轴见模型参数","B[1,16];S_verify[1,8];L_KV独立未知；TP=1","config=bfloat16；激活/累加类型未核验","未核验","逻辑轴顺序；物理format未核验","逻辑轴顺序；物理format未核验","未评估候选","未评估候选","未评估候选","未核验","未实测","未实测","未实测","未实测","未核验","配置确认 + 数学推导；未核验完整调用链","https://huggingface.co/openbmb/MiniCPM3-RAG-LoRA/resolve/3ee34a2c7b518f2d9be23d7138a7d29300b240f8/config.json","logical [2560,6400]","未核验","未核验","未核验","https://huggingface.co/openbmb/MiniCPM3-RAG-LoRA/resolve/3ee34a2c7b518f2d9be23d7138a7d29300b240f8/config.json","文本decode/verify；B[1,16],S[1,8]；TP=1逻辑参考；","Y=X@W^T"
"root/layer_25","FFN_residual","未核验","elementwise","[B,S,2560];[B,S,2560]","[B,S,2560]","B,S,T；其他轴见模型参数","B[1,16];S_verify[1,8];L_KV独立未知；TP=1","config=bfloat16；激活/累加类型未核验","未核验","逻辑轴顺序；物理format未核验","逻辑轴顺序；物理format未核验","未评估候选","未评估候选","未评估候选","未核验","未实测","未实测","未实测","未实测","未核验","配置确认 + 数学推导；未核验完整调用链","https://huggingface.co/openbmb/MiniCPM3-RAG-LoRA/resolve/3ee34a2c7b518f2d9be23d7138a7d29300b240f8/config.json","未核验","未核验","未核验","未核验","https://huggingface.co/openbmb/MiniCPM3-RAG-LoRA/resolve/3ee34a2c7b518f2d9be23d7138a7d29300b240f8/config.json","文本decode/verify；B[1,16],S[1,8]；TP=1逻辑参考；","Y=X+branch（参考，实际残差策略未核验）"
"root/layer_26","input_normalization","未核验","norm","[B,S,2560]","[B,S,2560]","B,S,T；其他轴见模型参数","B[1,16];S_verify[1,8];L_KV独立未知；TP=1","config=bfloat16；激活/累加类型未核验","未核验","逻辑轴顺序；物理format未核验","逻辑轴顺序；物理format未核验","未评估候选","未评估候选","未评估候选","未核验","未实测","未实测","未实测","未实测","未核验","配置确认 + 数学推导；未核验完整调用链","https://huggingface.co/openbmb/MiniCPM3-RAG-LoRA/resolve/3ee34a2c7b518f2d9be23d7138a7d29300b240f8/config.json","未核验","未核验","未核验","未核验","https://huggingface.co/openbmb/MiniCPM3-RAG-LoRA/resolve/3ee34a2c7b518f2d9be23d7138a7d29300b240f8/config.json","文本decode/verify；B[1,16],S[1,8]；TP=1逻辑参考；","归一化类型/先后顺序待实现核验"
"root/layer_26","q_a_projection","未核验","GEMM","[B,S,2560]","[B,S,768]","B,S,T；其他轴见模型参数","B[1,16];S_verify[1,8];L_KV独立未知；TP=1","config=bfloat16；激活/累加类型未核验","未核验","逻辑轴顺序；物理format未核验","逻辑轴顺序；物理format未核验","未评估候选","未评估候选","未评估候选","未核验","未实测","未实测","未实测","未实测","未核验","配置确认 + 数学推导；未核验完整调用链","https://huggingface.co/openbmb/MiniCPM3-RAG-LoRA/resolve/3ee34a2c7b518f2d9be23d7138a7d29300b240f8/config.json","logical [768,2560]","未核验","未核验","未核验","https://huggingface.co/openbmb/MiniCPM3-RAG-LoRA/resolve/3ee34a2c7b518f2d9be23d7138a7d29300b240f8/config.json","文本decode/verify；B[1,16],S[1,8]；TP=1逻辑参考；","Y=X@W^T"
"root/layer_26","q_b_projection","未核验","GEMM","[B,S,768]","[B,S,3840]","B,S,T；其他轴见模型参数","B[1,16];S_verify[1,8];L_KV独立未知；TP=1","config=bfloat16；激活/累加类型未核验","未核验","逻辑轴顺序；物理format未核验","逻辑轴顺序；物理format未核验","未评估候选","未评估候选","未评估候选","未核验","未实测","未实测","未实测","未实测","未核验","配置确认 + 数学推导；未核验完整调用链","https://huggingface.co/openbmb/MiniCPM3-RAG-LoRA/resolve/3ee34a2c7b518f2d9be23d7138a7d29300b240f8/config.json","logical [3840,768]","未核验","未核验","未核验","https://huggingface.co/openbmb/MiniCPM3-RAG-LoRA/resolve/3ee34a2c7b518f2d9be23d7138a7d29300b240f8/config.json","文本decode/verify；B[1,16],S[1,8]；TP=1逻辑参考；","Q_width=heads*(qk_nope+qk_rope)"
"root/layer_26","kv_compression","未核验","GEMM","[B,S,2560]","[B,S,288]","B,S,T；其他轴见模型参数","B[1,16];S_verify[1,8];L_KV独立未知；TP=1","config=bfloat16；激活/累加类型未核验","未核验","逻辑轴顺序；物理format未核验","逻辑轴顺序；物理format未核验","未评估候选","未评估候选","未评估候选","未核验","未实测","未实测","未实测","未实测","未核验","配置确认 + 数学推导；未核验完整调用链","https://huggingface.co/openbmb/MiniCPM3-RAG-LoRA/resolve/3ee34a2c7b518f2d9be23d7138a7d29300b240f8/config.json","logical [288,2560]","未核验","未核验","未核验","https://huggingface.co/openbmb/MiniCPM3-RAG-LoRA/resolve/3ee34a2c7b518f2d9be23d7138a7d29300b240f8/config.json","文本decode/verify；B[1,16],S[1,8]；TP=1逻辑参考；","KV_width=kv_lora_rank+qk_rope_head_dim"
"root/layer_26","MLA_cache_and_attention","未核验","MLA","Q:[B,S,40,96];KVc:[B,L_KV,256]","[B,S,2560]","B,S,T；其他轴见模型参数","B[1,16];S_verify[1,8];L_KV独立未知；TP=1","config=bfloat16；激活/累加类型未核验","未核验","逻辑轴顺序；物理format未核验","逻辑轴顺序；物理format未核验","未评估候选","未评估候选","未评估候选","未核验","未实测","未实测","未实测","未实测","未核验","配置确认 + 数学推导；未核验完整调用链","https://huggingface.co/openbmb/MiniCPM3-RAG-LoRA/resolve/3ee34a2c7b518f2d9be23d7138a7d29300b240f8/config.json","未核验","未核验","未核验","未核验","https://huggingface.co/openbmb/MiniCPM3-RAG-LoRA/resolve/3ee34a2c7b518f2d9be23d7138a7d29300b240f8/config.json","文本decode/verify；B[1,16],S[1,8]；TP=1逻辑参考；","KV展开/吸收、value维度、cache布局待实现核验"
"root/layer_26","attention_residual","未核验","elementwise","[B,S,2560];[B,S,2560]","[B,S,2560]","B,S,T；其他轴见模型参数","B[1,16];S_verify[1,8];L_KV独立未知；TP=1","config=bfloat16；激活/累加类型未核验","未核验","逻辑轴顺序；物理format未核验","逻辑轴顺序；物理format未核验","未评估候选","未评估候选","未评估候选","未核验","未实测","未实测","未实测","未实测","未核验","配置确认 + 数学推导；未核验完整调用链","https://huggingface.co/openbmb/MiniCPM3-RAG-LoRA/resolve/3ee34a2c7b518f2d9be23d7138a7d29300b240f8/config.json","未核验","未核验","未核验","未核验","https://huggingface.co/openbmb/MiniCPM3-RAG-LoRA/resolve/3ee34a2c7b518f2d9be23d7138a7d29300b240f8/config.json","文本decode/verify；B[1,16],S[1,8]；TP=1逻辑参考；","Y=X+branch（参考，实际残差策略未核验）"
"root/layer_26","post_attention_normalization","未核验","norm","[B,S,2560]","[B,S,2560]","B,S,T；其他轴见模型参数","B[1,16];S_verify[1,8];L_KV独立未知；TP=1","config=bfloat16；激活/累加类型未核验","未核验","逻辑轴顺序；物理format未核验","逻辑轴顺序；物理format未核验","未评估候选","未评估候选","未评估候选","未核验","未实测","未实测","未实测","未实测","未核验","配置确认 + 数学推导；未核验完整调用链","https://huggingface.co/openbmb/MiniCPM3-RAG-LoRA/resolve/3ee34a2c7b518f2d9be23d7138a7d29300b240f8/config.json","未核验","未核验","未核验","未核验","https://huggingface.co/openbmb/MiniCPM3-RAG-LoRA/resolve/3ee34a2c7b518f2d9be23d7138a7d29300b240f8/config.json","文本decode/verify；B[1,16],S[1,8]；TP=1逻辑参考；","类型与位置待源码核验"
"root/layer_26","FFN_up","未核验","GEMM","[B,S,2560]","[B,S,6400]","B,S,T；其他轴见模型参数","B[1,16];S_verify[1,8];L_KV独立未知；TP=1","config=bfloat16；激活/累加类型未核验","未核验","逻辑轴顺序；物理format未核验","逻辑轴顺序；物理format未核验","未评估候选","未评估候选","未评估候选","未核验","未实测","未实测","未实测","未实测","未核验","配置确认 + 数学推导；未核验完整调用链","https://huggingface.co/openbmb/MiniCPM3-RAG-LoRA/resolve/3ee34a2c7b518f2d9be23d7138a7d29300b240f8/config.json","logical [6400,2560]","未核验","未核验","未核验","https://huggingface.co/openbmb/MiniCPM3-RAG-LoRA/resolve/3ee34a2c7b518f2d9be23d7138a7d29300b240f8/config.json","文本decode/verify；B[1,16],S[1,8]；TP=1逻辑参考；","Y=X@W^T"
"root/layer_26","FFN_activation_and_optional_gate","未核验","activation","[B,S,6400]","[B,S,6400]","B,S,T；其他轴见模型参数","B[1,16];S_verify[1,8];L_KV独立未知；TP=1","config=bfloat16；激活/累加类型未核验","未核验","逻辑轴顺序；物理format未核验","逻辑轴顺序；物理format未核验","未评估候选","未评估候选","未评估候选","未核验","未实测","未实测","未实测","未实测","未核验","配置确认 + 数学推导；未核验完整调用链","https://huggingface.co/openbmb/MiniCPM3-RAG-LoRA/resolve/3ee34a2c7b518f2d9be23d7138a7d29300b240f8/config.json","未核验","未核验","未核验","未核验","https://huggingface.co/openbmb/MiniCPM3-RAG-LoRA/resolve/3ee34a2c7b518f2d9be23d7138a7d29300b240f8/config.json","文本decode/verify；B[1,16],S[1,8]；TP=1逻辑参考；是否额外gate矩阵与门控分支维度需要实现；不能仅由silu推定完整SwiGLU","config.hidden_act=silu"
"root/layer_26","FFN_down","未核验","GEMM","[B,S,6400]","[B,S,2560]","B,S,T；其他轴见模型参数","B[1,16];S_verify[1,8];L_KV独立未知；TP=1","config=bfloat16；激活/累加类型未核验","未核验","逻辑轴顺序；物理format未核验","逻辑轴顺序；物理format未核验","未评估候选","未评估候选","未评估候选","未核验","未实测","未实测","未实测","未实测","未核验","配置确认 + 数学推导；未核验完整调用链","https://huggingface.co/openbmb/MiniCPM3-RAG-LoRA/resolve/3ee34a2c7b518f2d9be23d7138a7d29300b240f8/config.json","logical [2560,6400]","未核验","未核验","未核验","https://huggingface.co/openbmb/MiniCPM3-RAG-LoRA/resolve/3ee34a2c7b518f2d9be23d7138a7d29300b240f8/config.json","文本decode/verify；B[1,16],S[1,8]；TP=1逻辑参考；","Y=X@W^T"
"root/layer_26","FFN_residual","未核验","elementwise","[B,S,2560];[B,S,2560]","[B,S,2560]","B,S,T；其他轴见模型参数","B[1,16];S_verify[1,8];L_KV独立未知；TP=1","config=bfloat16；激活/累加类型未核验","未核验","逻辑轴顺序；物理format未核验","逻辑轴顺序；物理format未核验","未评估候选","未评估候选","未评估候选","未核验","未实测","未实测","未实测","未实测","未核验","配置确认 + 数学推导；未核验完整调用链","https://huggingface.co/openbmb/MiniCPM3-RAG-LoRA/resolve/3ee34a2c7b518f2d9be23d7138a7d29300b240f8/config.json","未核验","未核验","未核验","未核验","https://huggingface.co/openbmb/MiniCPM3-RAG-LoRA/resolve/3ee34a2c7b518f2d9be23d7138a7d29300b240f8/config.json","文本decode/verify；B[1,16],S[1,8]；TP=1逻辑参考；","Y=X+branch（参考，实际残差策略未核验）"
"root/layer_27","input_normalization","未核验","norm","[B,S,2560]","[B,S,2560]","B,S,T；其他轴见模型参数","B[1,16];S_verify[1,8];L_KV独立未知；TP=1","config=bfloat16；激活/累加类型未核验","未核验","逻辑轴顺序；物理format未核验","逻辑轴顺序；物理format未核验","未评估候选","未评估候选","未评估候选","未核验","未实测","未实测","未实测","未实测","未核验","配置确认 + 数学推导；未核验完整调用链","https://huggingface.co/openbmb/MiniCPM3-RAG-LoRA/resolve/3ee34a2c7b518f2d9be23d7138a7d29300b240f8/config.json","未核验","未核验","未核验","未核验","https://huggingface.co/openbmb/MiniCPM3-RAG-LoRA/resolve/3ee34a2c7b518f2d9be23d7138a7d29300b240f8/config.json","文本decode/verify；B[1,16],S[1,8]；TP=1逻辑参考；","归一化类型/先后顺序待实现核验"
"root/layer_27","q_a_projection","未核验","GEMM","[B,S,2560]","[B,S,768]","B,S,T；其他轴见模型参数","B[1,16];S_verify[1,8];L_KV独立未知；TP=1","config=bfloat16；激活/累加类型未核验","未核验","逻辑轴顺序；物理format未核验","逻辑轴顺序；物理format未核验","未评估候选","未评估候选","未评估候选","未核验","未实测","未实测","未实测","未实测","未核验","配置确认 + 数学推导；未核验完整调用链","https://huggingface.co/openbmb/MiniCPM3-RAG-LoRA/resolve/3ee34a2c7b518f2d9be23d7138a7d29300b240f8/config.json","logical [768,2560]","未核验","未核验","未核验","https://huggingface.co/openbmb/MiniCPM3-RAG-LoRA/resolve/3ee34a2c7b518f2d9be23d7138a7d29300b240f8/config.json","文本decode/verify；B[1,16],S[1,8]；TP=1逻辑参考；","Y=X@W^T"
"root/layer_27","q_b_projection","未核验","GEMM","[B,S,768]","[B,S,3840]","B,S,T；其他轴见模型参数","B[1,16];S_verify[1,8];L_KV独立未知；TP=1","config=bfloat16；激活/累加类型未核验","未核验","逻辑轴顺序；物理format未核验","逻辑轴顺序；物理format未核验","未评估候选","未评估候选","未评估候选","未核验","未实测","未实测","未实测","未实测","未核验","配置确认 + 数学推导；未核验完整调用链","https://huggingface.co/openbmb/MiniCPM3-RAG-LoRA/resolve/3ee34a2c7b518f2d9be23d7138a7d29300b240f8/config.json","logical [3840,768]","未核验","未核验","未核验","https://huggingface.co/openbmb/MiniCPM3-RAG-LoRA/resolve/3ee34a2c7b518f2d9be23d7138a7d29300b240f8/config.json","文本decode/verify；B[1,16],S[1,8]；TP=1逻辑参考；","Q_width=heads*(qk_nope+qk_rope)"
"root/layer_27","kv_compression","未核验","GEMM","[B,S,2560]","[B,S,288]","B,S,T；其他轴见模型参数","B[1,16];S_verify[1,8];L_KV独立未知；TP=1","config=bfloat16；激活/累加类型未核验","未核验","逻辑轴顺序；物理format未核验","逻辑轴顺序；物理format未核验","未评估候选","未评估候选","未评估候选","未核验","未实测","未实测","未实测","未实测","未核验","配置确认 + 数学推导；未核验完整调用链","https://huggingface.co/openbmb/MiniCPM3-RAG-LoRA/resolve/3ee34a2c7b518f2d9be23d7138a7d29300b240f8/config.json","logical [288,2560]","未核验","未核验","未核验","https://huggingface.co/openbmb/MiniCPM3-RAG-LoRA/resolve/3ee34a2c7b518f2d9be23d7138a7d29300b240f8/config.json","文本decode/verify；B[1,16],S[1,8]；TP=1逻辑参考；","KV_width=kv_lora_rank+qk_rope_head_dim"
"root/layer_27","MLA_cache_and_attention","未核验","MLA","Q:[B,S,40,96];KVc:[B,L_KV,256]","[B,S,2560]","B,S,T；其他轴见模型参数","B[1,16];S_verify[1,8];L_KV独立未知；TP=1","config=bfloat16；激活/累加类型未核验","未核验","逻辑轴顺序；物理format未核验","逻辑轴顺序；物理format未核验","未评估候选","未评估候选","未评估候选","未核验","未实测","未实测","未实测","未实测","未核验","配置确认 + 数学推导；未核验完整调用链","https://huggingface.co/openbmb/MiniCPM3-RAG-LoRA/resolve/3ee34a2c7b518f2d9be23d7138a7d29300b240f8/config.json","未核验","未核验","未核验","未核验","https://huggingface.co/openbmb/MiniCPM3-RAG-LoRA/resolve/3ee34a2c7b518f2d9be23d7138a7d29300b240f8/config.json","文本decode/verify；B[1,16],S[1,8]；TP=1逻辑参考；","KV展开/吸收、value维度、cache布局待实现核验"
"root/layer_27","attention_residual","未核验","elementwise","[B,S,2560];[B,S,2560]","[B,S,2560]","B,S,T；其他轴见模型参数","B[1,16];S_verify[1,8];L_KV独立未知；TP=1","config=bfloat16；激活/累加类型未核验","未核验","逻辑轴顺序；物理format未核验","逻辑轴顺序；物理format未核验","未评估候选","未评估候选","未评估候选","未核验","未实测","未实测","未实测","未实测","未核验","配置确认 + 数学推导；未核验完整调用链","https://huggingface.co/openbmb/MiniCPM3-RAG-LoRA/resolve/3ee34a2c7b518f2d9be23d7138a7d29300b240f8/config.json","未核验","未核验","未核验","未核验","https://huggingface.co/openbmb/MiniCPM3-RAG-LoRA/resolve/3ee34a2c7b518f2d9be23d7138a7d29300b240f8/config.json","文本decode/verify；B[1,16],S[1,8]；TP=1逻辑参考；","Y=X+branch（参考，实际残差策略未核验）"
"root/layer_27","post_attention_normalization","未核验","norm","[B,S,2560]","[B,S,2560]","B,S,T；其他轴见模型参数","B[1,16];S_verify[1,8];L_KV独立未知；TP=1","config=bfloat16；激活/累加类型未核验","未核验","逻辑轴顺序；物理format未核验","逻辑轴顺序；物理format未核验","未评估候选","未评估候选","未评估候选","未核验","未实测","未实测","未实测","未实测","未核验","配置确认 + 数学推导；未核验完整调用链","https://huggingface.co/openbmb/MiniCPM3-RAG-LoRA/resolve/3ee34a2c7b518f2d9be23d7138a7d29300b240f8/config.json","未核验","未核验","未核验","未核验","https://huggingface.co/openbmb/MiniCPM3-RAG-LoRA/resolve/3ee34a2c7b518f2d9be23d7138a7d29300b240f8/config.json","文本decode/verify；B[1,16],S[1,8]；TP=1逻辑参考；","类型与位置待源码核验"
"root/layer_27","FFN_up","未核验","GEMM","[B,S,2560]","[B,S,6400]","B,S,T；其他轴见模型参数","B[1,16];S_verify[1,8];L_KV独立未知；TP=1","config=bfloat16；激活/累加类型未核验","未核验","逻辑轴顺序；物理format未核验","逻辑轴顺序；物理format未核验","未评估候选","未评估候选","未评估候选","未核验","未实测","未实测","未实测","未实测","未核验","配置确认 + 数学推导；未核验完整调用链","https://huggingface.co/openbmb/MiniCPM3-RAG-LoRA/resolve/3ee34a2c7b518f2d9be23d7138a7d29300b240f8/config.json","logical [6400,2560]","未核验","未核验","未核验","https://huggingface.co/openbmb/MiniCPM3-RAG-LoRA/resolve/3ee34a2c7b518f2d9be23d7138a7d29300b240f8/config.json","文本decode/verify；B[1,16],S[1,8]；TP=1逻辑参考；","Y=X@W^T"
"root/layer_27","FFN_activation_and_optional_gate","未核验","activation","[B,S,6400]","[B,S,6400]","B,S,T；其他轴见模型参数","B[1,16];S_verify[1,8];L_KV独立未知；TP=1","config=bfloat16；激活/累加类型未核验","未核验","逻辑轴顺序；物理format未核验","逻辑轴顺序；物理format未核验","未评估候选","未评估候选","未评估候选","未核验","未实测","未实测","未实测","未实测","未核验","配置确认 + 数学推导；未核验完整调用链","https://huggingface.co/openbmb/MiniCPM3-RAG-LoRA/resolve/3ee34a2c7b518f2d9be23d7138a7d29300b240f8/config.json","未核验","未核验","未核验","未核验","https://huggingface.co/openbmb/MiniCPM3-RAG-LoRA/resolve/3ee34a2c7b518f2d9be23d7138a7d29300b240f8/config.json","文本decode/verify；B[1,16],S[1,8]；TP=1逻辑参考；是否额外gate矩阵与门控分支维度需要实现；不能仅由silu推定完整SwiGLU","config.hidden_act=silu"
"root/layer_27","FFN_down","未核验","GEMM","[B,S,6400]","[B,S,2560]","B,S,T；其他轴见模型参数","B[1,16];S_verify[1,8];L_KV独立未知；TP=1","config=bfloat16；激活/累加类型未核验","未核验","逻辑轴顺序；物理format未核验","逻辑轴顺序；物理format未核验","未评估候选","未评估候选","未评估候选","未核验","未实测","未实测","未实测","未实测","未核验","配置确认 + 数学推导；未核验完整调用链","https://huggingface.co/openbmb/MiniCPM3-RAG-LoRA/resolve/3ee34a2c7b518f2d9be23d7138a7d29300b240f8/config.json","logical [2560,6400]","未核验","未核验","未核验","https://huggingface.co/openbmb/MiniCPM3-RAG-LoRA/resolve/3ee34a2c7b518f2d9be23d7138a7d29300b240f8/config.json","文本decode/verify；B[1,16],S[1,8]；TP=1逻辑参考；","Y=X@W^T"
"root/layer_27","FFN_residual","未核验","elementwise","[B,S,2560];[B,S,2560]","[B,S,2560]","B,S,T；其他轴见模型参数","B[1,16];S_verify[1,8];L_KV独立未知；TP=1","config=bfloat16；激活/累加类型未核验","未核验","逻辑轴顺序；物理format未核验","逻辑轴顺序；物理format未核验","未评估候选","未评估候选","未评估候选","未核验","未实测","未实测","未实测","未实测","未核验","配置确认 + 数学推导；未核验完整调用链","https://huggingface.co/openbmb/MiniCPM3-RAG-LoRA/resolve/3ee34a2c7b518f2d9be23d7138a7d29300b240f8/config.json","未核验","未核验","未核验","未核验","https://huggingface.co/openbmb/MiniCPM3-RAG-LoRA/resolve/3ee34a2c7b518f2d9be23d7138a7d29300b240f8/config.json","文本decode/verify；B[1,16],S[1,8]；TP=1逻辑参考；","Y=X+branch（参考，实际残差策略未核验）"
"root/layer_28","input_normalization","未核验","norm","[B,S,2560]","[B,S,2560]","B,S,T；其他轴见模型参数","B[1,16];S_verify[1,8];L_KV独立未知；TP=1","config=bfloat16；激活/累加类型未核验","未核验","逻辑轴顺序；物理format未核验","逻辑轴顺序；物理format未核验","未评估候选","未评估候选","未评估候选","未核验","未实测","未实测","未实测","未实测","未核验","配置确认 + 数学推导；未核验完整调用链","https://huggingface.co/openbmb/MiniCPM3-RAG-LoRA/resolve/3ee34a2c7b518f2d9be23d7138a7d29300b240f8/config.json","未核验","未核验","未核验","未核验","https://huggingface.co/openbmb/MiniCPM3-RAG-LoRA/resolve/3ee34a2c7b518f2d9be23d7138a7d29300b240f8/config.json","文本decode/verify；B[1,16],S[1,8]；TP=1逻辑参考；","归一化类型/先后顺序待实现核验"
"root/layer_28","q_a_projection","未核验","GEMM","[B,S,2560]","[B,S,768]","B,S,T；其他轴见模型参数","B[1,16];S_verify[1,8];L_KV独立未知；TP=1","config=bfloat16；激活/累加类型未核验","未核验","逻辑轴顺序；物理format未核验","逻辑轴顺序；物理format未核验","未评估候选","未评估候选","未评估候选","未核验","未实测","未实测","未实测","未实测","未核验","配置确认 + 数学推导；未核验完整调用链","https://huggingface.co/openbmb/MiniCPM3-RAG-LoRA/resolve/3ee34a2c7b518f2d9be23d7138a7d29300b240f8/config.json","logical [768,2560]","未核验","未核验","未核验","https://huggingface.co/openbmb/MiniCPM3-RAG-LoRA/resolve/3ee34a2c7b518f2d9be23d7138a7d29300b240f8/config.json","文本decode/verify；B[1,16],S[1,8]；TP=1逻辑参考；","Y=X@W^T"
"root/layer_28","q_b_projection","未核验","GEMM","[B,S,768]","[B,S,3840]","B,S,T；其他轴见模型参数","B[1,16];S_verify[1,8];L_KV独立未知；TP=1","config=bfloat16；激活/累加类型未核验","未核验","逻辑轴顺序；物理format未核验","逻辑轴顺序；物理format未核验","未评估候选","未评估候选","未评估候选","未核验","未实测","未实测","未实测","未实测","未核验","配置确认 + 数学推导；未核验完整调用链","https://huggingface.co/openbmb/MiniCPM3-RAG-LoRA/resolve/3ee34a2c7b518f2d9be23d7138a7d29300b240f8/config.json","logical [3840,768]","未核验","未核验","未核验","https://huggingface.co/openbmb/MiniCPM3-RAG-LoRA/resolve/3ee34a2c7b518f2d9be23d7138a7d29300b240f8/config.json","文本decode/verify；B[1,16],S[1,8]；TP=1逻辑参考；","Q_width=heads*(qk_nope+qk_rope)"
"root/layer_28","kv_compression","未核验","GEMM","[B,S,2560]","[B,S,288]","B,S,T；其他轴见模型参数","B[1,16];S_verify[1,8];L_KV独立未知；TP=1","config=bfloat16；激活/累加类型未核验","未核验","逻辑轴顺序；物理format未核验","逻辑轴顺序；物理format未核验","未评估候选","未评估候选","未评估候选","未核验","未实测","未实测","未实测","未实测","未核验","配置确认 + 数学推导；未核验完整调用链","https://huggingface.co/openbmb/MiniCPM3-RAG-LoRA/resolve/3ee34a2c7b518f2d9be23d7138a7d29300b240f8/config.json","logical [288,2560]","未核验","未核验","未核验","https://huggingface.co/openbmb/MiniCPM3-RAG-LoRA/resolve/3ee34a2c7b518f2d9be23d7138a7d29300b240f8/config.json","文本decode/verify；B[1,16],S[1,8]；TP=1逻辑参考；","KV_width=kv_lora_rank+qk_rope_head_dim"
"root/layer_28","MLA_cache_and_attention","未核验","MLA","Q:[B,S,40,96];KVc:[B,L_KV,256]","[B,S,2560]","B,S,T；其他轴见模型参数","B[1,16];S_verify[1,8];L_KV独立未知；TP=1","config=bfloat16；激活/累加类型未核验","未核验","逻辑轴顺序；物理format未核验","逻辑轴顺序；物理format未核验","未评估候选","未评估候选","未评估候选","未核验","未实测","未实测","未实测","未实测","未核验","配置确认 + 数学推导；未核验完整调用链","https://huggingface.co/openbmb/MiniCPM3-RAG-LoRA/resolve/3ee34a2c7b518f2d9be23d7138a7d29300b240f8/config.json","未核验","未核验","未核验","未核验","https://huggingface.co/openbmb/MiniCPM3-RAG-LoRA/resolve/3ee34a2c7b518f2d9be23d7138a7d29300b240f8/config.json","文本decode/verify；B[1,16],S[1,8]；TP=1逻辑参考；","KV展开/吸收、value维度、cache布局待实现核验"
"root/layer_28","attention_residual","未核验","elementwise","[B,S,2560];[B,S,2560]","[B,S,2560]","B,S,T；其他轴见模型参数","B[1,16];S_verify[1,8];L_KV独立未知；TP=1","config=bfloat16；激活/累加类型未核验","未核验","逻辑轴顺序；物理format未核验","逻辑轴顺序；物理format未核验","未评估候选","未评估候选","未评估候选","未核验","未实测","未实测","未实测","未实测","未核验","配置确认 + 数学推导；未核验完整调用链","https://huggingface.co/openbmb/MiniCPM3-RAG-LoRA/resolve/3ee34a2c7b518f2d9be23d7138a7d29300b240f8/config.json","未核验","未核验","未核验","未核验","https://huggingface.co/openbmb/MiniCPM3-RAG-LoRA/resolve/3ee34a2c7b518f2d9be23d7138a7d29300b240f8/config.json","文本decode/verify；B[1,16],S[1,8]；TP=1逻辑参考；","Y=X+branch（参考，实际残差策略未核验）"
"root/layer_28","post_attention_normalization","未核验","norm","[B,S,2560]","[B,S,2560]","B,S,T；其他轴见模型参数","B[1,16];S_verify[1,8];L_KV独立未知；TP=1","config=bfloat16；激活/累加类型未核验","未核验","逻辑轴顺序；物理format未核验","逻辑轴顺序；物理format未核验","未评估候选","未评估候选","未评估候选","未核验","未实测","未实测","未实测","未实测","未核验","配置确认 + 数学推导；未核验完整调用链","https://huggingface.co/openbmb/MiniCPM3-RAG-LoRA/resolve/3ee34a2c7b518f2d9be23d7138a7d29300b240f8/config.json","未核验","未核验","未核验","未核验","https://huggingface.co/openbmb/MiniCPM3-RAG-LoRA/resolve/3ee34a2c7b518f2d9be23d7138a7d29300b240f8/config.json","文本decode/verify；B[1,16],S[1,8]；TP=1逻辑参考；","类型与位置待源码核验"
"root/layer_28","FFN_up","未核验","GEMM","[B,S,2560]","[B,S,6400]","B,S,T；其他轴见模型参数","B[1,16];S_verify[1,8];L_KV独立未知；TP=1","config=bfloat16；激活/累加类型未核验","未核验","逻辑轴顺序；物理format未核验","逻辑轴顺序；物理format未核验","未评估候选","未评估候选","未评估候选","未核验","未实测","未实测","未实测","未实测","未核验","配置确认 + 数学推导；未核验完整调用链","https://huggingface.co/openbmb/MiniCPM3-RAG-LoRA/resolve/3ee34a2c7b518f2d9be23d7138a7d29300b240f8/config.json","logical [6400,2560]","未核验","未核验","未核验","https://huggingface.co/openbmb/MiniCPM3-RAG-LoRA/resolve/3ee34a2c7b518f2d9be23d7138a7d29300b240f8/config.json","文本decode/verify；B[1,16],S[1,8]；TP=1逻辑参考；","Y=X@W^T"
"root/layer_28","FFN_activation_and_optional_gate","未核验","activation","[B,S,6400]","[B,S,6400]","B,S,T；其他轴见模型参数","B[1,16];S_verify[1,8];L_KV独立未知；TP=1","config=bfloat16；激活/累加类型未核验","未核验","逻辑轴顺序；物理format未核验","逻辑轴顺序；物理format未核验","未评估候选","未评估候选","未评估候选","未核验","未实测","未实测","未实测","未实测","未核验","配置确认 + 数学推导；未核验完整调用链","https://huggingface.co/openbmb/MiniCPM3-RAG-LoRA/resolve/3ee34a2c7b518f2d9be23d7138a7d29300b240f8/config.json","未核验","未核验","未核验","未核验","https://huggingface.co/openbmb/MiniCPM3-RAG-LoRA/resolve/3ee34a2c7b518f2d9be23d7138a7d29300b240f8/config.json","文本decode/verify；B[1,16],S[1,8]；TP=1逻辑参考；是否额外gate矩阵与门控分支维度需要实现；不能仅由silu推定完整SwiGLU","config.hidden_act=silu"
"root/layer_28","FFN_down","未核验","GEMM","[B,S,6400]","[B,S,2560]","B,S,T；其他轴见模型参数","B[1,16];S_verify[1,8];L_KV独立未知；TP=1","config=bfloat16；激活/累加类型未核验","未核验","逻辑轴顺序；物理format未核验","逻辑轴顺序；物理format未核验","未评估候选","未评估候选","未评估候选","未核验","未实测","未实测","未实测","未实测","未核验","配置确认 + 数学推导；未核验完整调用链","https://huggingface.co/openbmb/MiniCPM3-RAG-LoRA/resolve/3ee34a2c7b518f2d9be23d7138a7d29300b240f8/config.json","logical [2560,6400]","未核验","未核验","未核验","https://huggingface.co/openbmb/MiniCPM3-RAG-LoRA/resolve/3ee34a2c7b518f2d9be23d7138a7d29300b240f8/config.json","文本decode/verify；B[1,16],S[1,8]；TP=1逻辑参考；","Y=X@W^T"
"root/layer_28","FFN_residual","未核验","elementwise","[B,S,2560];[B,S,2560]","[B,S,2560]","B,S,T；其他轴见模型参数","B[1,16];S_verify[1,8];L_KV独立未知；TP=1","config=bfloat16；激活/累加类型未核验","未核验","逻辑轴顺序；物理format未核验","逻辑轴顺序；物理format未核验","未评估候选","未评估候选","未评估候选","未核验","未实测","未实测","未实测","未实测","未核验","配置确认 + 数学推导；未核验完整调用链","https://huggingface.co/openbmb/MiniCPM3-RAG-LoRA/resolve/3ee34a2c7b518f2d9be23d7138a7d29300b240f8/config.json","未核验","未核验","未核验","未核验","https://huggingface.co/openbmb/MiniCPM3-RAG-LoRA/resolve/3ee34a2c7b518f2d9be23d7138a7d29300b240f8/config.json","文本decode/verify；B[1,16],S[1,8]；TP=1逻辑参考；","Y=X+branch（参考，实际残差策略未核验）"
"root/layer_29","input_normalization","未核验","norm","[B,S,2560]","[B,S,2560]","B,S,T；其他轴见模型参数","B[1,16];S_verify[1,8];L_KV独立未知；TP=1","config=bfloat16；激活/累加类型未核验","未核验","逻辑轴顺序；物理format未核验","逻辑轴顺序；物理format未核验","未评估候选","未评估候选","未评估候选","未核验","未实测","未实测","未实测","未实测","未核验","配置确认 + 数学推导；未核验完整调用链","https://huggingface.co/openbmb/MiniCPM3-RAG-LoRA/resolve/3ee34a2c7b518f2d9be23d7138a7d29300b240f8/config.json","未核验","未核验","未核验","未核验","https://huggingface.co/openbmb/MiniCPM3-RAG-LoRA/resolve/3ee34a2c7b518f2d9be23d7138a7d29300b240f8/config.json","文本decode/verify；B[1,16],S[1,8]；TP=1逻辑参考；","归一化类型/先后顺序待实现核验"
"root/layer_29","q_a_projection","未核验","GEMM","[B,S,2560]","[B,S,768]","B,S,T；其他轴见模型参数","B[1,16];S_verify[1,8];L_KV独立未知；TP=1","config=bfloat16；激活/累加类型未核验","未核验","逻辑轴顺序；物理format未核验","逻辑轴顺序；物理format未核验","未评估候选","未评估候选","未评估候选","未核验","未实测","未实测","未实测","未实测","未核验","配置确认 + 数学推导；未核验完整调用链","https://huggingface.co/openbmb/MiniCPM3-RAG-LoRA/resolve/3ee34a2c7b518f2d9be23d7138a7d29300b240f8/config.json","logical [768,2560]","未核验","未核验","未核验","https://huggingface.co/openbmb/MiniCPM3-RAG-LoRA/resolve/3ee34a2c7b518f2d9be23d7138a7d29300b240f8/config.json","文本decode/verify；B[1,16],S[1,8]；TP=1逻辑参考；","Y=X@W^T"
"root/layer_29","q_b_projection","未核验","GEMM","[B,S,768]","[B,S,3840]","B,S,T；其他轴见模型参数","B[1,16];S_verify[1,8];L_KV独立未知；TP=1","config=bfloat16；激活/累加类型未核验","未核验","逻辑轴顺序；物理format未核验","逻辑轴顺序；物理format未核验","未评估候选","未评估候选","未评估候选","未核验","未实测","未实测","未实测","未实测","未核验","配置确认 + 数学推导；未核验完整调用链","https://huggingface.co/openbmb/MiniCPM3-RAG-LoRA/resolve/3ee34a2c7b518f2d9be23d7138a7d29300b240f8/config.json","logical [3840,768]","未核验","未核验","未核验","https://huggingface.co/openbmb/MiniCPM3-RAG-LoRA/resolve/3ee34a2c7b518f2d9be23d7138a7d29300b240f8/config.json","文本decode/verify；B[1,16],S[1,8]；TP=1逻辑参考；","Q_width=heads*(qk_nope+qk_rope)"
"root/layer_29","kv_compression","未核验","GEMM","[B,S,2560]","[B,S,288]","B,S,T；其他轴见模型参数","B[1,16];S_verify[1,8];L_KV独立未知；TP=1","config=bfloat16；激活/累加类型未核验","未核验","逻辑轴顺序；物理format未核验","逻辑轴顺序；物理format未核验","未评估候选","未评估候选","未评估候选","未核验","未实测","未实测","未实测","未实测","未核验","配置确认 + 数学推导；未核验完整调用链","https://huggingface.co/openbmb/MiniCPM3-RAG-LoRA/resolve/3ee34a2c7b518f2d9be23d7138a7d29300b240f8/config.json","logical [288,2560]","未核验","未核验","未核验","https://huggingface.co/openbmb/MiniCPM3-RAG-LoRA/resolve/3ee34a2c7b518f2d9be23d7138a7d29300b240f8/config.json","文本decode/verify；B[1,16],S[1,8]；TP=1逻辑参考；","KV_width=kv_lora_rank+qk_rope_head_dim"
"root/layer_29","MLA_cache_and_attention","未核验","MLA","Q:[B,S,40,96];KVc:[B,L_KV,256]","[B,S,2560]","B,S,T；其他轴见模型参数","B[1,16];S_verify[1,8];L_KV独立未知；TP=1","config=bfloat16；激活/累加类型未核验","未核验","逻辑轴顺序；物理format未核验","逻辑轴顺序；物理format未核验","未评估候选","未评估候选","未评估候选","未核验","未实测","未实测","未实测","未实测","未核验","配置确认 + 数学推导；未核验完整调用链","https://huggingface.co/openbmb/MiniCPM3-RAG-LoRA/resolve/3ee34a2c7b518f2d9be23d7138a7d29300b240f8/config.json","未核验","未核验","未核验","未核验","https://huggingface.co/openbmb/MiniCPM3-RAG-LoRA/resolve/3ee34a2c7b518f2d9be23d7138a7d29300b240f8/config.json","文本decode/verify；B[1,16],S[1,8]；TP=1逻辑参考；","KV展开/吸收、value维度、cache布局待实现核验"
"root/layer_29","attention_residual","未核验","elementwise","[B,S,2560];[B,S,2560]","[B,S,2560]","B,S,T；其他轴见模型参数","B[1,16];S_verify[1,8];L_KV独立未知；TP=1","config=bfloat16；激活/累加类型未核验","未核验","逻辑轴顺序；物理format未核验","逻辑轴顺序；物理format未核验","未评估候选","未评估候选","未评估候选","未核验","未实测","未实测","未实测","未实测","未核验","配置确认 + 数学推导；未核验完整调用链","https://huggingface.co/openbmb/MiniCPM3-RAG-LoRA/resolve/3ee34a2c7b518f2d9be23d7138a7d29300b240f8/config.json","未核验","未核验","未核验","未核验","https://huggingface.co/openbmb/MiniCPM3-RAG-LoRA/resolve/3ee34a2c7b518f2d9be23d7138a7d29300b240f8/config.json","文本decode/verify；B[1,16],S[1,8]；TP=1逻辑参考；","Y=X+branch（参考，实际残差策略未核验）"
"root/layer_29","post_attention_normalization","未核验","norm","[B,S,2560]","[B,S,2560]","B,S,T；其他轴见模型参数","B[1,16];S_verify[1,8];L_KV独立未知；TP=1","config=bfloat16；激活/累加类型未核验","未核验","逻辑轴顺序；物理format未核验","逻辑轴顺序；物理format未核验","未评估候选","未评估候选","未评估候选","未核验","未实测","未实测","未实测","未实测","未核验","配置确认 + 数学推导；未核验完整调用链","https://huggingface.co/openbmb/MiniCPM3-RAG-LoRA/resolve/3ee34a2c7b518f2d9be23d7138a7d29300b240f8/config.json","未核验","未核验","未核验","未核验","https://huggingface.co/openbmb/MiniCPM3-RAG-LoRA/resolve/3ee34a2c7b518f2d9be23d7138a7d29300b240f8/config.json","文本decode/verify；B[1,16],S[1,8]；TP=1逻辑参考；","类型与位置待源码核验"
"root/layer_29","FFN_up","未核验","GEMM","[B,S,2560]","[B,S,6400]","B,S,T；其他轴见模型参数","B[1,16];S_verify[1,8];L_KV独立未知；TP=1","config=bfloat16；激活/累加类型未核验","未核验","逻辑轴顺序；物理format未核验","逻辑轴顺序；物理format未核验","未评估候选","未评估候选","未评估候选","未核验","未实测","未实测","未实测","未实测","未核验","配置确认 + 数学推导；未核验完整调用链","https://huggingface.co/openbmb/MiniCPM3-RAG-LoRA/resolve/3ee34a2c7b518f2d9be23d7138a7d29300b240f8/config.json","logical [6400,2560]","未核验","未核验","未核验","https://huggingface.co/openbmb/MiniCPM3-RAG-LoRA/resolve/3ee34a2c7b518f2d9be23d7138a7d29300b240f8/config.json","文本decode/verify；B[1,16],S[1,8]；TP=1逻辑参考；","Y=X@W^T"
"root/layer_29","FFN_activation_and_optional_gate","未核验","activation","[B,S,6400]","[B,S,6400]","B,S,T；其他轴见模型参数","B[1,16];S_verify[1,8];L_KV独立未知；TP=1","config=bfloat16；激活/累加类型未核验","未核验","逻辑轴顺序；物理format未核验","逻辑轴顺序；物理format未核验","未评估候选","未评估候选","未评估候选","未核验","未实测","未实测","未实测","未实测","未核验","配置确认 + 数学推导；未核验完整调用链","https://huggingface.co/openbmb/MiniCPM3-RAG-LoRA/resolve/3ee34a2c7b518f2d9be23d7138a7d29300b240f8/config.json","未核验","未核验","未核验","未核验","https://huggingface.co/openbmb/MiniCPM3-RAG-LoRA/resolve/3ee34a2c7b518f2d9be23d7138a7d29300b240f8/config.json","文本decode/verify；B[1,16],S[1,8]；TP=1逻辑参考；是否额外gate矩阵与门控分支维度需要实现；不能仅由silu推定完整SwiGLU","config.hidden_act=silu"
"root/layer_29","FFN_down","未核验","GEMM","[B,S,6400]","[B,S,2560]","B,S,T；其他轴见模型参数","B[1,16];S_verify[1,8];L_KV独立未知；TP=1","config=bfloat16；激活/累加类型未核验","未核验","逻辑轴顺序；物理format未核验","逻辑轴顺序；物理format未核验","未评估候选","未评估候选","未评估候选","未核验","未实测","未实测","未实测","未实测","未核验","配置确认 + 数学推导；未核验完整调用链","https://huggingface.co/openbmb/MiniCPM3-RAG-LoRA/resolve/3ee34a2c7b518f2d9be23d7138a7d29300b240f8/config.json","logical [2560,6400]","未核验","未核验","未核验","https://huggingface.co/openbmb/MiniCPM3-RAG-LoRA/resolve/3ee34a2c7b518f2d9be23d7138a7d29300b240f8/config.json","文本decode/verify；B[1,16],S[1,8]；TP=1逻辑参考；","Y=X@W^T"
"root/layer_29","FFN_residual","未核验","elementwise","[B,S,2560];[B,S,2560]","[B,S,2560]","B,S,T；其他轴见模型参数","B[1,16];S_verify[1,8];L_KV独立未知；TP=1","config=bfloat16；激活/累加类型未核验","未核验","逻辑轴顺序；物理format未核验","逻辑轴顺序；物理format未核验","未评估候选","未评估候选","未评估候选","未核验","未实测","未实测","未实测","未实测","未核验","配置确认 + 数学推导；未核验完整调用链","https://huggingface.co/openbmb/MiniCPM3-RAG-LoRA/resolve/3ee34a2c7b518f2d9be23d7138a7d29300b240f8/config.json","未核验","未核验","未核验","未核验","https://huggingface.co/openbmb/MiniCPM3-RAG-LoRA/resolve/3ee34a2c7b518f2d9be23d7138a7d29300b240f8/config.json","文本decode/verify；B[1,16],S[1,8]；TP=1逻辑参考；","Y=X+branch（参考，实际残差策略未核验）"
"root/layer_30","input_normalization","未核验","norm","[B,S,2560]","[B,S,2560]","B,S,T；其他轴见模型参数","B[1,16];S_verify[1,8];L_KV独立未知；TP=1","config=bfloat16；激活/累加类型未核验","未核验","逻辑轴顺序；物理format未核验","逻辑轴顺序；物理format未核验","未评估候选","未评估候选","未评估候选","未核验","未实测","未实测","未实测","未实测","未核验","配置确认 + 数学推导；未核验完整调用链","https://huggingface.co/openbmb/MiniCPM3-RAG-LoRA/resolve/3ee34a2c7b518f2d9be23d7138a7d29300b240f8/config.json","未核验","未核验","未核验","未核验","https://huggingface.co/openbmb/MiniCPM3-RAG-LoRA/resolve/3ee34a2c7b518f2d9be23d7138a7d29300b240f8/config.json","文本decode/verify；B[1,16],S[1,8]；TP=1逻辑参考；","归一化类型/先后顺序待实现核验"
"root/layer_30","q_a_projection","未核验","GEMM","[B,S,2560]","[B,S,768]","B,S,T；其他轴见模型参数","B[1,16];S_verify[1,8];L_KV独立未知；TP=1","config=bfloat16；激活/累加类型未核验","未核验","逻辑轴顺序；物理format未核验","逻辑轴顺序；物理format未核验","未评估候选","未评估候选","未评估候选","未核验","未实测","未实测","未实测","未实测","未核验","配置确认 + 数学推导；未核验完整调用链","https://huggingface.co/openbmb/MiniCPM3-RAG-LoRA/resolve/3ee34a2c7b518f2d9be23d7138a7d29300b240f8/config.json","logical [768,2560]","未核验","未核验","未核验","https://huggingface.co/openbmb/MiniCPM3-RAG-LoRA/resolve/3ee34a2c7b518f2d9be23d7138a7d29300b240f8/config.json","文本decode/verify；B[1,16],S[1,8]；TP=1逻辑参考；","Y=X@W^T"
"root/layer_30","q_b_projection","未核验","GEMM","[B,S,768]","[B,S,3840]","B,S,T；其他轴见模型参数","B[1,16];S_verify[1,8];L_KV独立未知；TP=1","config=bfloat16；激活/累加类型未核验","未核验","逻辑轴顺序；物理format未核验","逻辑轴顺序；物理format未核验","未评估候选","未评估候选","未评估候选","未核验","未实测","未实测","未实测","未实测","未核验","配置确认 + 数学推导；未核验完整调用链","https://huggingface.co/openbmb/MiniCPM3-RAG-LoRA/resolve/3ee34a2c7b518f2d9be23d7138a7d29300b240f8/config.json","logical [3840,768]","未核验","未核验","未核验","https://huggingface.co/openbmb/MiniCPM3-RAG-LoRA/resolve/3ee34a2c7b518f2d9be23d7138a7d29300b240f8/config.json","文本decode/verify；B[1,16],S[1,8]；TP=1逻辑参考；","Q_width=heads*(qk_nope+qk_rope)"
"root/layer_30","kv_compression","未核验","GEMM","[B,S,2560]","[B,S,288]","B,S,T；其他轴见模型参数","B[1,16];S_verify[1,8];L_KV独立未知；TP=1","config=bfloat16；激活/累加类型未核验","未核验","逻辑轴顺序；物理format未核验","逻辑轴顺序；物理format未核验","未评估候选","未评估候选","未评估候选","未核验","未实测","未实测","未实测","未实测","未核验","配置确认 + 数学推导；未核验完整调用链","https://huggingface.co/openbmb/MiniCPM3-RAG-LoRA/resolve/3ee34a2c7b518f2d9be23d7138a7d29300b240f8/config.json","logical [288,2560]","未核验","未核验","未核验","https://huggingface.co/openbmb/MiniCPM3-RAG-LoRA/resolve/3ee34a2c7b518f2d9be23d7138a7d29300b240f8/config.json","文本decode/verify；B[1,16],S[1,8]；TP=1逻辑参考；","KV_width=kv_lora_rank+qk_rope_head_dim"
"root/layer_30","MLA_cache_and_attention","未核验","MLA","Q:[B,S,40,96];KVc:[B,L_KV,256]","[B,S,2560]","B,S,T；其他轴见模型参数","B[1,16];S_verify[1,8];L_KV独立未知；TP=1","config=bfloat16；激活/累加类型未核验","未核验","逻辑轴顺序；物理format未核验","逻辑轴顺序；物理format未核验","未评估候选","未评估候选","未评估候选","未核验","未实测","未实测","未实测","未实测","未核验","配置确认 + 数学推导；未核验完整调用链","https://huggingface.co/openbmb/MiniCPM3-RAG-LoRA/resolve/3ee34a2c7b518f2d9be23d7138a7d29300b240f8/config.json","未核验","未核验","未核验","未核验","https://huggingface.co/openbmb/MiniCPM3-RAG-LoRA/resolve/3ee34a2c7b518f2d9be23d7138a7d29300b240f8/config.json","文本decode/verify；B[1,16],S[1,8]；TP=1逻辑参考；","KV展开/吸收、value维度、cache布局待实现核验"
"root/layer_30","attention_residual","未核验","elementwise","[B,S,2560];[B,S,2560]","[B,S,2560]","B,S,T；其他轴见模型参数","B[1,16];S_verify[1,8];L_KV独立未知；TP=1","config=bfloat16；激活/累加类型未核验","未核验","逻辑轴顺序；物理format未核验","逻辑轴顺序；物理format未核验","未评估候选","未评估候选","未评估候选","未核验","未实测","未实测","未实测","未实测","未核验","配置确认 + 数学推导；未核验完整调用链","https://huggingface.co/openbmb/MiniCPM3-RAG-LoRA/resolve/3ee34a2c7b518f2d9be23d7138a7d29300b240f8/config.json","未核验","未核验","未核验","未核验","https://huggingface.co/openbmb/MiniCPM3-RAG-LoRA/resolve/3ee34a2c7b518f2d9be23d7138a7d29300b240f8/config.json","文本decode/verify；B[1,16],S[1,8]；TP=1逻辑参考；","Y=X+branch（参考，实际残差策略未核验）"
"root/layer_30","post_attention_normalization","未核验","norm","[B,S,2560]","[B,S,2560]","B,S,T；其他轴见模型参数","B[1,16];S_verify[1,8];L_KV独立未知；TP=1","config=bfloat16；激活/累加类型未核验","未核验","逻辑轴顺序；物理format未核验","逻辑轴顺序；物理format未核验","未评估候选","未评估候选","未评估候选","未核验","未实测","未实测","未实测","未实测","未核验","配置确认 + 数学推导；未核验完整调用链","https://huggingface.co/openbmb/MiniCPM3-RAG-LoRA/resolve/3ee34a2c7b518f2d9be23d7138a7d29300b240f8/config.json","未核验","未核验","未核验","未核验","https://huggingface.co/openbmb/MiniCPM3-RAG-LoRA/resolve/3ee34a2c7b518f2d9be23d7138a7d29300b240f8/config.json","文本decode/verify；B[1,16],S[1,8]；TP=1逻辑参考；","类型与位置待源码核验"
"root/layer_30","FFN_up","未核验","GEMM","[B,S,2560]","[B,S,6400]","B,S,T；其他轴见模型参数","B[1,16];S_verify[1,8];L_KV独立未知；TP=1","config=bfloat16；激活/累加类型未核验","未核验","逻辑轴顺序；物理format未核验","逻辑轴顺序；物理format未核验","未评估候选","未评估候选","未评估候选","未核验","未实测","未实测","未实测","未实测","未核验","配置确认 + 数学推导；未核验完整调用链","https://huggingface.co/openbmb/MiniCPM3-RAG-LoRA/resolve/3ee34a2c7b518f2d9be23d7138a7d29300b240f8/config.json","logical [6400,2560]","未核验","未核验","未核验","https://huggingface.co/openbmb/MiniCPM3-RAG-LoRA/resolve/3ee34a2c7b518f2d9be23d7138a7d29300b240f8/config.json","文本decode/verify；B[1,16],S[1,8]；TP=1逻辑参考；","Y=X@W^T"
"root/layer_30","FFN_activation_and_optional_gate","未核验","activation","[B,S,6400]","[B,S,6400]","B,S,T；其他轴见模型参数","B[1,16];S_verify[1,8];L_KV独立未知；TP=1","config=bfloat16；激活/累加类型未核验","未核验","逻辑轴顺序；物理format未核验","逻辑轴顺序；物理format未核验","未评估候选","未评估候选","未评估候选","未核验","未实测","未实测","未实测","未实测","未核验","配置确认 + 数学推导；未核验完整调用链","https://huggingface.co/openbmb/MiniCPM3-RAG-LoRA/resolve/3ee34a2c7b518f2d9be23d7138a7d29300b240f8/config.json","未核验","未核验","未核验","未核验","https://huggingface.co/openbmb/MiniCPM3-RAG-LoRA/resolve/3ee34a2c7b518f2d9be23d7138a7d29300b240f8/config.json","文本decode/verify；B[1,16],S[1,8]；TP=1逻辑参考；是否额外gate矩阵与门控分支维度需要实现；不能仅由silu推定完整SwiGLU","config.hidden_act=silu"
"root/layer_30","FFN_down","未核验","GEMM","[B,S,6400]","[B,S,2560]","B,S,T；其他轴见模型参数","B[1,16];S_verify[1,8];L_KV独立未知；TP=1","config=bfloat16；激活/累加类型未核验","未核验","逻辑轴顺序；物理format未核验","逻辑轴顺序；物理format未核验","未评估候选","未评估候选","未评估候选","未核验","未实测","未实测","未实测","未实测","未核验","配置确认 + 数学推导；未核验完整调用链","https://huggingface.co/openbmb/MiniCPM3-RAG-LoRA/resolve/3ee34a2c7b518f2d9be23d7138a7d29300b240f8/config.json","logical [2560,6400]","未核验","未核验","未核验","https://huggingface.co/openbmb/MiniCPM3-RAG-LoRA/resolve/3ee34a2c7b518f2d9be23d7138a7d29300b240f8/config.json","文本decode/verify；B[1,16],S[1,8]；TP=1逻辑参考；","Y=X@W^T"
"root/layer_30","FFN_residual","未核验","elementwise","[B,S,2560];[B,S,2560]","[B,S,2560]","B,S,T；其他轴见模型参数","B[1,16];S_verify[1,8];L_KV独立未知；TP=1","config=bfloat16；激活/累加类型未核验","未核验","逻辑轴顺序；物理format未核验","逻辑轴顺序；物理format未核验","未评估候选","未评估候选","未评估候选","未核验","未实测","未实测","未实测","未实测","未核验","配置确认 + 数学推导；未核验完整调用链","https://huggingface.co/openbmb/MiniCPM3-RAG-LoRA/resolve/3ee34a2c7b518f2d9be23d7138a7d29300b240f8/config.json","未核验","未核验","未核验","未核验","https://huggingface.co/openbmb/MiniCPM3-RAG-LoRA/resolve/3ee34a2c7b518f2d9be23d7138a7d29300b240f8/config.json","文本decode/verify；B[1,16],S[1,8]；TP=1逻辑参考；","Y=X+branch（参考，实际残差策略未核验）"
"root/layer_31","input_normalization","未核验","norm","[B,S,2560]","[B,S,2560]","B,S,T；其他轴见模型参数","B[1,16];S_verify[1,8];L_KV独立未知；TP=1","config=bfloat16；激活/累加类型未核验","未核验","逻辑轴顺序；物理format未核验","逻辑轴顺序；物理format未核验","未评估候选","未评估候选","未评估候选","未核验","未实测","未实测","未实测","未实测","未核验","配置确认 + 数学推导；未核验完整调用链","https://huggingface.co/openbmb/MiniCPM3-RAG-LoRA/resolve/3ee34a2c7b518f2d9be23d7138a7d29300b240f8/config.json","未核验","未核验","未核验","未核验","https://huggingface.co/openbmb/MiniCPM3-RAG-LoRA/resolve/3ee34a2c7b518f2d9be23d7138a7d29300b240f8/config.json","文本decode/verify；B[1,16],S[1,8]；TP=1逻辑参考；","归一化类型/先后顺序待实现核验"
"root/layer_31","q_a_projection","未核验","GEMM","[B,S,2560]","[B,S,768]","B,S,T；其他轴见模型参数","B[1,16];S_verify[1,8];L_KV独立未知；TP=1","config=bfloat16；激活/累加类型未核验","未核验","逻辑轴顺序；物理format未核验","逻辑轴顺序；物理format未核验","未评估候选","未评估候选","未评估候选","未核验","未实测","未实测","未实测","未实测","未核验","配置确认 + 数学推导；未核验完整调用链","https://huggingface.co/openbmb/MiniCPM3-RAG-LoRA/resolve/3ee34a2c7b518f2d9be23d7138a7d29300b240f8/config.json","logical [768,2560]","未核验","未核验","未核验","https://huggingface.co/openbmb/MiniCPM3-RAG-LoRA/resolve/3ee34a2c7b518f2d9be23d7138a7d29300b240f8/config.json","文本decode/verify；B[1,16],S[1,8]；TP=1逻辑参考；","Y=X@W^T"
"root/layer_31","q_b_projection","未核验","GEMM","[B,S,768]","[B,S,3840]","B,S,T；其他轴见模型参数","B[1,16];S_verify[1,8];L_KV独立未知；TP=1","config=bfloat16；激活/累加类型未核验","未核验","逻辑轴顺序；物理format未核验","逻辑轴顺序；物理format未核验","未评估候选","未评估候选","未评估候选","未核验","未实测","未实测","未实测","未实测","未核验","配置确认 + 数学推导；未核验完整调用链","https://huggingface.co/openbmb/MiniCPM3-RAG-LoRA/resolve/3ee34a2c7b518f2d9be23d7138a7d29300b240f8/config.json","logical [3840,768]","未核验","未核验","未核验","https://huggingface.co/openbmb/MiniCPM3-RAG-LoRA/resolve/3ee34a2c7b518f2d9be23d7138a7d29300b240f8/config.json","文本decode/verify；B[1,16],S[1,8]；TP=1逻辑参考；","Q_width=heads*(qk_nope+qk_rope)"
"root/layer_31","kv_compression","未核验","GEMM","[B,S,2560]","[B,S,288]","B,S,T；其他轴见模型参数","B[1,16];S_verify[1,8];L_KV独立未知；TP=1","config=bfloat16；激活/累加类型未核验","未核验","逻辑轴顺序；物理format未核验","逻辑轴顺序；物理format未核验","未评估候选","未评估候选","未评估候选","未核验","未实测","未实测","未实测","未实测","未核验","配置确认 + 数学推导；未核验完整调用链","https://huggingface.co/openbmb/MiniCPM3-RAG-LoRA/resolve/3ee34a2c7b518f2d9be23d7138a7d29300b240f8/config.json","logical [288,2560]","未核验","未核验","未核验","https://huggingface.co/openbmb/MiniCPM3-RAG-LoRA/resolve/3ee34a2c7b518f2d9be23d7138a7d29300b240f8/config.json","文本decode/verify；B[1,16],S[1,8]；TP=1逻辑参考；","KV_width=kv_lora_rank+qk_rope_head_dim"
"root/layer_31","MLA_cache_and_attention","未核验","MLA","Q:[B,S,40,96];KVc:[B,L_KV,256]","[B,S,2560]","B,S,T；其他轴见模型参数","B[1,16];S_verify[1,8];L_KV独立未知；TP=1","config=bfloat16；激活/累加类型未核验","未核验","逻辑轴顺序；物理format未核验","逻辑轴顺序；物理format未核验","未评估候选","未评估候选","未评估候选","未核验","未实测","未实测","未实测","未实测","未核验","配置确认 + 数学推导；未核验完整调用链","https://huggingface.co/openbmb/MiniCPM3-RAG-LoRA/resolve/3ee34a2c7b518f2d9be23d7138a7d29300b240f8/config.json","未核验","未核验","未核验","未核验","https://huggingface.co/openbmb/MiniCPM3-RAG-LoRA/resolve/3ee34a2c7b518f2d9be23d7138a7d29300b240f8/config.json","文本decode/verify；B[1,16],S[1,8]；TP=1逻辑参考；","KV展开/吸收、value维度、cache布局待实现核验"
"root/layer_31","attention_residual","未核验","elementwise","[B,S,2560];[B,S,2560]","[B,S,2560]","B,S,T；其他轴见模型参数","B[1,16];S_verify[1,8];L_KV独立未知；TP=1","config=bfloat16；激活/累加类型未核验","未核验","逻辑轴顺序；物理format未核验","逻辑轴顺序；物理format未核验","未评估候选","未评估候选","未评估候选","未核验","未实测","未实测","未实测","未实测","未核验","配置确认 + 数学推导；未核验完整调用链","https://huggingface.co/openbmb/MiniCPM3-RAG-LoRA/resolve/3ee34a2c7b518f2d9be23d7138a7d29300b240f8/config.json","未核验","未核验","未核验","未核验","https://huggingface.co/openbmb/MiniCPM3-RAG-LoRA/resolve/3ee34a2c7b518f2d9be23d7138a7d29300b240f8/config.json","文本decode/verify；B[1,16],S[1,8]；TP=1逻辑参考；","Y=X+branch（参考，实际残差策略未核验）"
"root/layer_31","post_attention_normalization","未核验","norm","[B,S,2560]","[B,S,2560]","B,S,T；其他轴见模型参数","B[1,16];S_verify[1,8];L_KV独立未知；TP=1","config=bfloat16；激活/累加类型未核验","未核验","逻辑轴顺序；物理format未核验","逻辑轴顺序；物理format未核验","未评估候选","未评估候选","未评估候选","未核验","未实测","未实测","未实测","未实测","未核验","配置确认 + 数学推导；未核验完整调用链","https://huggingface.co/openbmb/MiniCPM3-RAG-LoRA/resolve/3ee34a2c7b518f2d9be23d7138a7d29300b240f8/config.json","未核验","未核验","未核验","未核验","https://huggingface.co/openbmb/MiniCPM3-RAG-LoRA/resolve/3ee34a2c7b518f2d9be23d7138a7d29300b240f8/config.json","文本decode/verify；B[1,16],S[1,8]；TP=1逻辑参考；","类型与位置待源码核验"
"root/layer_31","FFN_up","未核验","GEMM","[B,S,2560]","[B,S,6400]","B,S,T；其他轴见模型参数","B[1,16];S_verify[1,8];L_KV独立未知；TP=1","config=bfloat16；激活/累加类型未核验","未核验","逻辑轴顺序；物理format未核验","逻辑轴顺序；物理format未核验","未评估候选","未评估候选","未评估候选","未核验","未实测","未实测","未实测","未实测","未核验","配置确认 + 数学推导；未核验完整调用链","https://huggingface.co/openbmb/MiniCPM3-RAG-LoRA/resolve/3ee34a2c7b518f2d9be23d7138a7d29300b240f8/config.json","logical [6400,2560]","未核验","未核验","未核验","https://huggingface.co/openbmb/MiniCPM3-RAG-LoRA/resolve/3ee34a2c7b518f2d9be23d7138a7d29300b240f8/config.json","文本decode/verify；B[1,16],S[1,8]；TP=1逻辑参考；","Y=X@W^T"
"root/layer_31","FFN_activation_and_optional_gate","未核验","activation","[B,S,6400]","[B,S,6400]","B,S,T；其他轴见模型参数","B[1,16];S_verify[1,8];L_KV独立未知；TP=1","config=bfloat16；激活/累加类型未核验","未核验","逻辑轴顺序；物理format未核验","逻辑轴顺序；物理format未核验","未评估候选","未评估候选","未评估候选","未核验","未实测","未实测","未实测","未实测","未核验","配置确认 + 数学推导；未核验完整调用链","https://huggingface.co/openbmb/MiniCPM3-RAG-LoRA/resolve/3ee34a2c7b518f2d9be23d7138a7d29300b240f8/config.json","未核验","未核验","未核验","未核验","https://huggingface.co/openbmb/MiniCPM3-RAG-LoRA/resolve/3ee34a2c7b518f2d9be23d7138a7d29300b240f8/config.json","文本decode/verify；B[1,16],S[1,8]；TP=1逻辑参考；是否额外gate矩阵与门控分支维度需要实现；不能仅由silu推定完整SwiGLU","config.hidden_act=silu"
"root/layer_31","FFN_down","未核验","GEMM","[B,S,6400]","[B,S,2560]","B,S,T；其他轴见模型参数","B[1,16];S_verify[1,8];L_KV独立未知；TP=1","config=bfloat16；激活/累加类型未核验","未核验","逻辑轴顺序；物理format未核验","逻辑轴顺序；物理format未核验","未评估候选","未评估候选","未评估候选","未核验","未实测","未实测","未实测","未实测","未核验","配置确认 + 数学推导；未核验完整调用链","https://huggingface.co/openbmb/MiniCPM3-RAG-LoRA/resolve/3ee34a2c7b518f2d9be23d7138a7d29300b240f8/config.json","logical [2560,6400]","未核验","未核验","未核验","https://huggingface.co/openbmb/MiniCPM3-RAG-LoRA/resolve/3ee34a2c7b518f2d9be23d7138a7d29300b240f8/config.json","文本decode/verify；B[1,16],S[1,8]；TP=1逻辑参考；","Y=X@W^T"
"root/layer_31","FFN_residual","未核验","elementwise","[B,S,2560];[B,S,2560]","[B,S,2560]","B,S,T；其他轴见模型参数","B[1,16];S_verify[1,8];L_KV独立未知；TP=1","config=bfloat16；激活/累加类型未核验","未核验","逻辑轴顺序；物理format未核验","逻辑轴顺序；物理format未核验","未评估候选","未评估候选","未评估候选","未核验","未实测","未实测","未实测","未实测","未核验","配置确认 + 数学推导；未核验完整调用链","https://huggingface.co/openbmb/MiniCPM3-RAG-LoRA/resolve/3ee34a2c7b518f2d9be23d7138a7d29300b240f8/config.json","未核验","未核验","未核验","未核验","https://huggingface.co/openbmb/MiniCPM3-RAG-LoRA/resolve/3ee34a2c7b518f2d9be23d7138a7d29300b240f8/config.json","文本decode/verify；B[1,16],S[1,8]；TP=1逻辑参考；","Y=X+branch（参考，实际残差策略未核验）"
"root/layer_32","input_normalization","未核验","norm","[B,S,2560]","[B,S,2560]","B,S,T；其他轴见模型参数","B[1,16];S_verify[1,8];L_KV独立未知；TP=1","config=bfloat16；激活/累加类型未核验","未核验","逻辑轴顺序；物理format未核验","逻辑轴顺序；物理format未核验","未评估候选","未评估候选","未评估候选","未核验","未实测","未实测","未实测","未实测","未核验","配置确认 + 数学推导；未核验完整调用链","https://huggingface.co/openbmb/MiniCPM3-RAG-LoRA/resolve/3ee34a2c7b518f2d9be23d7138a7d29300b240f8/config.json","未核验","未核验","未核验","未核验","https://huggingface.co/openbmb/MiniCPM3-RAG-LoRA/resolve/3ee34a2c7b518f2d9be23d7138a7d29300b240f8/config.json","文本decode/verify；B[1,16],S[1,8]；TP=1逻辑参考；","归一化类型/先后顺序待实现核验"
"root/layer_32","q_a_projection","未核验","GEMM","[B,S,2560]","[B,S,768]","B,S,T；其他轴见模型参数","B[1,16];S_verify[1,8];L_KV独立未知；TP=1","config=bfloat16；激活/累加类型未核验","未核验","逻辑轴顺序；物理format未核验","逻辑轴顺序；物理format未核验","未评估候选","未评估候选","未评估候选","未核验","未实测","未实测","未实测","未实测","未核验","配置确认 + 数学推导；未核验完整调用链","https://huggingface.co/openbmb/MiniCPM3-RAG-LoRA/resolve/3ee34a2c7b518f2d9be23d7138a7d29300b240f8/config.json","logical [768,2560]","未核验","未核验","未核验","https://huggingface.co/openbmb/MiniCPM3-RAG-LoRA/resolve/3ee34a2c7b518f2d9be23d7138a7d29300b240f8/config.json","文本decode/verify；B[1,16],S[1,8]；TP=1逻辑参考；","Y=X@W^T"
"root/layer_32","q_b_projection","未核验","GEMM","[B,S,768]","[B,S,3840]","B,S,T；其他轴见模型参数","B[1,16];S_verify[1,8];L_KV独立未知；TP=1","config=bfloat16；激活/累加类型未核验","未核验","逻辑轴顺序；物理format未核验","逻辑轴顺序；物理format未核验","未评估候选","未评估候选","未评估候选","未核验","未实测","未实测","未实测","未实测","未核验","配置确认 + 数学推导；未核验完整调用链","https://huggingface.co/openbmb/MiniCPM3-RAG-LoRA/resolve/3ee34a2c7b518f2d9be23d7138a7d29300b240f8/config.json","logical [3840,768]","未核验","未核验","未核验","https://huggingface.co/openbmb/MiniCPM3-RAG-LoRA/resolve/3ee34a2c7b518f2d9be23d7138a7d29300b240f8/config.json","文本decode/verify；B[1,16],S[1,8]；TP=1逻辑参考；","Q_width=heads*(qk_nope+qk_rope)"
"root/layer_32","kv_compression","未核验","GEMM","[B,S,2560]","[B,S,288]","B,S,T；其他轴见模型参数","B[1,16];S_verify[1,8];L_KV独立未知；TP=1","config=bfloat16；激活/累加类型未核验","未核验","逻辑轴顺序；物理format未核验","逻辑轴顺序；物理format未核验","未评估候选","未评估候选","未评估候选","未核验","未实测","未实测","未实测","未实测","未核验","配置确认 + 数学推导；未核验完整调用链","https://huggingface.co/openbmb/MiniCPM3-RAG-LoRA/resolve/3ee34a2c7b518f2d9be23d7138a7d29300b240f8/config.json","logical [288,2560]","未核验","未核验","未核验","https://huggingface.co/openbmb/MiniCPM3-RAG-LoRA/resolve/3ee34a2c7b518f2d9be23d7138a7d29300b240f8/config.json","文本decode/verify；B[1,16],S[1,8]；TP=1逻辑参考；","KV_width=kv_lora_rank+qk_rope_head_dim"
"root/layer_32","MLA_cache_and_attention","未核验","MLA","Q:[B,S,40,96];KVc:[B,L_KV,256]","[B,S,2560]","B,S,T；其他轴见模型参数","B[1,16];S_verify[1,8];L_KV独立未知；TP=1","config=bfloat16；激活/累加类型未核验","未核验","逻辑轴顺序；物理format未核验","逻辑轴顺序；物理format未核验","未评估候选","未评估候选","未评估候选","未核验","未实测","未实测","未实测","未实测","未核验","配置确认 + 数学推导；未核验完整调用链","https://huggingface.co/openbmb/MiniCPM3-RAG-LoRA/resolve/3ee34a2c7b518f2d9be23d7138a7d29300b240f8/config.json","未核验","未核验","未核验","未核验","https://huggingface.co/openbmb/MiniCPM3-RAG-LoRA/resolve/3ee34a2c7b518f2d9be23d7138a7d29300b240f8/config.json","文本decode/verify；B[1,16],S[1,8]；TP=1逻辑参考；","KV展开/吸收、value维度、cache布局待实现核验"
"root/layer_32","attention_residual","未核验","elementwise","[B,S,2560];[B,S,2560]","[B,S,2560]","B,S,T；其他轴见模型参数","B[1,16];S_verify[1,8];L_KV独立未知；TP=1","config=bfloat16；激活/累加类型未核验","未核验","逻辑轴顺序；物理format未核验","逻辑轴顺序；物理format未核验","未评估候选","未评估候选","未评估候选","未核验","未实测","未实测","未实测","未实测","未核验","配置确认 + 数学推导；未核验完整调用链","https://huggingface.co/openbmb/MiniCPM3-RAG-LoRA/resolve/3ee34a2c7b518f2d9be23d7138a7d29300b240f8/config.json","未核验","未核验","未核验","未核验","https://huggingface.co/openbmb/MiniCPM3-RAG-LoRA/resolve/3ee34a2c7b518f2d9be23d7138a7d29300b240f8/config.json","文本decode/verify；B[1,16],S[1,8]；TP=1逻辑参考；","Y=X+branch（参考，实际残差策略未核验）"
"root/layer_32","post_attention_normalization","未核验","norm","[B,S,2560]","[B,S,2560]","B,S,T；其他轴见模型参数","B[1,16];S_verify[1,8];L_KV独立未知；TP=1","config=bfloat16；激活/累加类型未核验","未核验","逻辑轴顺序；物理format未核验","逻辑轴顺序；物理format未核验","未评估候选","未评估候选","未评估候选","未核验","未实测","未实测","未实测","未实测","未核验","配置确认 + 数学推导；未核验完整调用链","https://huggingface.co/openbmb/MiniCPM3-RAG-LoRA/resolve/3ee34a2c7b518f2d9be23d7138a7d29300b240f8/config.json","未核验","未核验","未核验","未核验","https://huggingface.co/openbmb/MiniCPM3-RAG-LoRA/resolve/3ee34a2c7b518f2d9be23d7138a7d29300b240f8/config.json","文本decode/verify；B[1,16],S[1,8]；TP=1逻辑参考；","类型与位置待源码核验"
"root/layer_32","FFN_up","未核验","GEMM","[B,S,2560]","[B,S,6400]","B,S,T；其他轴见模型参数","B[1,16];S_verify[1,8];L_KV独立未知；TP=1","config=bfloat16；激活/累加类型未核验","未核验","逻辑轴顺序；物理format未核验","逻辑轴顺序；物理format未核验","未评估候选","未评估候选","未评估候选","未核验","未实测","未实测","未实测","未实测","未核验","配置确认 + 数学推导；未核验完整调用链","https://huggingface.co/openbmb/MiniCPM3-RAG-LoRA/resolve/3ee34a2c7b518f2d9be23d7138a7d29300b240f8/config.json","logical [6400,2560]","未核验","未核验","未核验","https://huggingface.co/openbmb/MiniCPM3-RAG-LoRA/resolve/3ee34a2c7b518f2d9be23d7138a7d29300b240f8/config.json","文本decode/verify；B[1,16],S[1,8]；TP=1逻辑参考；","Y=X@W^T"
"root/layer_32","FFN_activation_and_optional_gate","未核验","activation","[B,S,6400]","[B,S,6400]","B,S,T；其他轴见模型参数","B[1,16];S_verify[1,8];L_KV独立未知；TP=1","config=bfloat16；激活/累加类型未核验","未核验","逻辑轴顺序；物理format未核验","逻辑轴顺序；物理format未核验","未评估候选","未评估候选","未评估候选","未核验","未实测","未实测","未实测","未实测","未核验","配置确认 + 数学推导；未核验完整调用链","https://huggingface.co/openbmb/MiniCPM3-RAG-LoRA/resolve/3ee34a2c7b518f2d9be23d7138a7d29300b240f8/config.json","未核验","未核验","未核验","未核验","https://huggingface.co/openbmb/MiniCPM3-RAG-LoRA/resolve/3ee34a2c7b518f2d9be23d7138a7d29300b240f8/config.json","文本decode/verify；B[1,16],S[1,8]；TP=1逻辑参考；是否额外gate矩阵与门控分支维度需要实现；不能仅由silu推定完整SwiGLU","config.hidden_act=silu"
"root/layer_32","FFN_down","未核验","GEMM","[B,S,6400]","[B,S,2560]","B,S,T；其他轴见模型参数","B[1,16];S_verify[1,8];L_KV独立未知；TP=1","config=bfloat16；激活/累加类型未核验","未核验","逻辑轴顺序；物理format未核验","逻辑轴顺序；物理format未核验","未评估候选","未评估候选","未评估候选","未核验","未实测","未实测","未实测","未实测","未核验","配置确认 + 数学推导；未核验完整调用链","https://huggingface.co/openbmb/MiniCPM3-RAG-LoRA/resolve/3ee34a2c7b518f2d9be23d7138a7d29300b240f8/config.json","logical [2560,6400]","未核验","未核验","未核验","https://huggingface.co/openbmb/MiniCPM3-RAG-LoRA/resolve/3ee34a2c7b518f2d9be23d7138a7d29300b240f8/config.json","文本decode/verify；B[1,16],S[1,8]；TP=1逻辑参考；","Y=X@W^T"
"root/layer_32","FFN_residual","未核验","elementwise","[B,S,2560];[B,S,2560]","[B,S,2560]","B,S,T；其他轴见模型参数","B[1,16];S_verify[1,8];L_KV独立未知；TP=1","config=bfloat16；激活/累加类型未核验","未核验","逻辑轴顺序；物理format未核验","逻辑轴顺序；物理format未核验","未评估候选","未评估候选","未评估候选","未核验","未实测","未实测","未实测","未实测","未核验","配置确认 + 数学推导；未核验完整调用链","https://huggingface.co/openbmb/MiniCPM3-RAG-LoRA/resolve/3ee34a2c7b518f2d9be23d7138a7d29300b240f8/config.json","未核验","未核验","未核验","未核验","https://huggingface.co/openbmb/MiniCPM3-RAG-LoRA/resolve/3ee34a2c7b518f2d9be23d7138a7d29300b240f8/config.json","文本decode/verify；B[1,16],S[1,8]；TP=1逻辑参考；","Y=X+branch（参考，实际残差策略未核验）"
"root/layer_33","input_normalization","未核验","norm","[B,S,2560]","[B,S,2560]","B,S,T；其他轴见模型参数","B[1,16];S_verify[1,8];L_KV独立未知；TP=1","config=bfloat16；激活/累加类型未核验","未核验","逻辑轴顺序；物理format未核验","逻辑轴顺序；物理format未核验","未评估候选","未评估候选","未评估候选","未核验","未实测","未实测","未实测","未实测","未核验","配置确认 + 数学推导；未核验完整调用链","https://huggingface.co/openbmb/MiniCPM3-RAG-LoRA/resolve/3ee34a2c7b518f2d9be23d7138a7d29300b240f8/config.json","未核验","未核验","未核验","未核验","https://huggingface.co/openbmb/MiniCPM3-RAG-LoRA/resolve/3ee34a2c7b518f2d9be23d7138a7d29300b240f8/config.json","文本decode/verify；B[1,16],S[1,8]；TP=1逻辑参考；","归一化类型/先后顺序待实现核验"
"root/layer_33","q_a_projection","未核验","GEMM","[B,S,2560]","[B,S,768]","B,S,T；其他轴见模型参数","B[1,16];S_verify[1,8];L_KV独立未知；TP=1","config=bfloat16；激活/累加类型未核验","未核验","逻辑轴顺序；物理format未核验","逻辑轴顺序；物理format未核验","未评估候选","未评估候选","未评估候选","未核验","未实测","未实测","未实测","未实测","未核验","配置确认 + 数学推导；未核验完整调用链","https://huggingface.co/openbmb/MiniCPM3-RAG-LoRA/resolve/3ee34a2c7b518f2d9be23d7138a7d29300b240f8/config.json","logical [768,2560]","未核验","未核验","未核验","https://huggingface.co/openbmb/MiniCPM3-RAG-LoRA/resolve/3ee34a2c7b518f2d9be23d7138a7d29300b240f8/config.json","文本decode/verify；B[1,16],S[1,8]；TP=1逻辑参考；","Y=X@W^T"
"root/layer_33","q_b_projection","未核验","GEMM","[B,S,768]","[B,S,3840]","B,S,T；其他轴见模型参数","B[1,16];S_verify[1,8];L_KV独立未知；TP=1","config=bfloat16；激活/累加类型未核验","未核验","逻辑轴顺序；物理format未核验","逻辑轴顺序；物理format未核验","未评估候选","未评估候选","未评估候选","未核验","未实测","未实测","未实测","未实测","未核验","配置确认 + 数学推导；未核验完整调用链","https://huggingface.co/openbmb/MiniCPM3-RAG-LoRA/resolve/3ee34a2c7b518f2d9be23d7138a7d29300b240f8/config.json","logical [3840,768]","未核验","未核验","未核验","https://huggingface.co/openbmb/MiniCPM3-RAG-LoRA/resolve/3ee34a2c7b518f2d9be23d7138a7d29300b240f8/config.json","文本decode/verify；B[1,16],S[1,8]；TP=1逻辑参考；","Q_width=heads*(qk_nope+qk_rope)"
"root/layer_33","kv_compression","未核验","GEMM","[B,S,2560]","[B,S,288]","B,S,T；其他轴见模型参数","B[1,16];S_verify[1,8];L_KV独立未知；TP=1","config=bfloat16；激活/累加类型未核验","未核验","逻辑轴顺序；物理format未核验","逻辑轴顺序；物理format未核验","未评估候选","未评估候选","未评估候选","未核验","未实测","未实测","未实测","未实测","未核验","配置确认 + 数学推导；未核验完整调用链","https://huggingface.co/openbmb/MiniCPM3-RAG-LoRA/resolve/3ee34a2c7b518f2d9be23d7138a7d29300b240f8/config.json","logical [288,2560]","未核验","未核验","未核验","https://huggingface.co/openbmb/MiniCPM3-RAG-LoRA/resolve/3ee34a2c7b518f2d9be23d7138a7d29300b240f8/config.json","文本decode/verify；B[1,16],S[1,8]；TP=1逻辑参考；","KV_width=kv_lora_rank+qk_rope_head_dim"
"root/layer_33","MLA_cache_and_attention","未核验","MLA","Q:[B,S,40,96];KVc:[B,L_KV,256]","[B,S,2560]","B,S,T；其他轴见模型参数","B[1,16];S_verify[1,8];L_KV独立未知；TP=1","config=bfloat16；激活/累加类型未核验","未核验","逻辑轴顺序；物理format未核验","逻辑轴顺序；物理format未核验","未评估候选","未评估候选","未评估候选","未核验","未实测","未实测","未实测","未实测","未核验","配置确认 + 数学推导；未核验完整调用链","https://huggingface.co/openbmb/MiniCPM3-RAG-LoRA/resolve/3ee34a2c7b518f2d9be23d7138a7d29300b240f8/config.json","未核验","未核验","未核验","未核验","https://huggingface.co/openbmb/MiniCPM3-RAG-LoRA/resolve/3ee34a2c7b518f2d9be23d7138a7d29300b240f8/config.json","文本decode/verify；B[1,16],S[1,8]；TP=1逻辑参考；","KV展开/吸收、value维度、cache布局待实现核验"
"root/layer_33","attention_residual","未核验","elementwise","[B,S,2560];[B,S,2560]","[B,S,2560]","B,S,T；其他轴见模型参数","B[1,16];S_verify[1,8];L_KV独立未知；TP=1","config=bfloat16；激活/累加类型未核验","未核验","逻辑轴顺序；物理format未核验","逻辑轴顺序；物理format未核验","未评估候选","未评估候选","未评估候选","未核验","未实测","未实测","未实测","未实测","未核验","配置确认 + 数学推导；未核验完整调用链","https://huggingface.co/openbmb/MiniCPM3-RAG-LoRA/resolve/3ee34a2c7b518f2d9be23d7138a7d29300b240f8/config.json","未核验","未核验","未核验","未核验","https://huggingface.co/openbmb/MiniCPM3-RAG-LoRA/resolve/3ee34a2c7b518f2d9be23d7138a7d29300b240f8/config.json","文本decode/verify；B[1,16],S[1,8]；TP=1逻辑参考；","Y=X+branch（参考，实际残差策略未核验）"
"root/layer_33","post_attention_normalization","未核验","norm","[B,S,2560]","[B,S,2560]","B,S,T；其他轴见模型参数","B[1,16];S_verify[1,8];L_KV独立未知；TP=1","config=bfloat16；激活/累加类型未核验","未核验","逻辑轴顺序；物理format未核验","逻辑轴顺序；物理format未核验","未评估候选","未评估候选","未评估候选","未核验","未实测","未实测","未实测","未实测","未核验","配置确认 + 数学推导；未核验完整调用链","https://huggingface.co/openbmb/MiniCPM3-RAG-LoRA/resolve/3ee34a2c7b518f2d9be23d7138a7d29300b240f8/config.json","未核验","未核验","未核验","未核验","https://huggingface.co/openbmb/MiniCPM3-RAG-LoRA/resolve/3ee34a2c7b518f2d9be23d7138a7d29300b240f8/config.json","文本decode/verify；B[1,16],S[1,8]；TP=1逻辑参考；","类型与位置待源码核验"
"root/layer_33","FFN_up","未核验","GEMM","[B,S,2560]","[B,S,6400]","B,S,T；其他轴见模型参数","B[1,16];S_verify[1,8];L_KV独立未知；TP=1","config=bfloat16；激活/累加类型未核验","未核验","逻辑轴顺序；物理format未核验","逻辑轴顺序；物理format未核验","未评估候选","未评估候选","未评估候选","未核验","未实测","未实测","未实测","未实测","未核验","配置确认 + 数学推导；未核验完整调用链","https://huggingface.co/openbmb/MiniCPM3-RAG-LoRA/resolve/3ee34a2c7b518f2d9be23d7138a7d29300b240f8/config.json","logical [6400,2560]","未核验","未核验","未核验","https://huggingface.co/openbmb/MiniCPM3-RAG-LoRA/resolve/3ee34a2c7b518f2d9be23d7138a7d29300b240f8/config.json","文本decode/verify；B[1,16],S[1,8]；TP=1逻辑参考；","Y=X@W^T"
"root/layer_33","FFN_activation_and_optional_gate","未核验","activation","[B,S,6400]","[B,S,6400]","B,S,T；其他轴见模型参数","B[1,16];S_verify[1,8];L_KV独立未知；TP=1","config=bfloat16；激活/累加类型未核验","未核验","逻辑轴顺序；物理format未核验","逻辑轴顺序；物理format未核验","未评估候选","未评估候选","未评估候选","未核验","未实测","未实测","未实测","未实测","未核验","配置确认 + 数学推导；未核验完整调用链","https://huggingface.co/openbmb/MiniCPM3-RAG-LoRA/resolve/3ee34a2c7b518f2d9be23d7138a7d29300b240f8/config.json","未核验","未核验","未核验","未核验","https://huggingface.co/openbmb/MiniCPM3-RAG-LoRA/resolve/3ee34a2c7b518f2d9be23d7138a7d29300b240f8/config.json","文本decode/verify；B[1,16],S[1,8]；TP=1逻辑参考；是否额外gate矩阵与门控分支维度需要实现；不能仅由silu推定完整SwiGLU","config.hidden_act=silu"
"root/layer_33","FFN_down","未核验","GEMM","[B,S,6400]","[B,S,2560]","B,S,T；其他轴见模型参数","B[1,16];S_verify[1,8];L_KV独立未知；TP=1","config=bfloat16；激活/累加类型未核验","未核验","逻辑轴顺序；物理format未核验","逻辑轴顺序；物理format未核验","未评估候选","未评估候选","未评估候选","未核验","未实测","未实测","未实测","未实测","未核验","配置确认 + 数学推导；未核验完整调用链","https://huggingface.co/openbmb/MiniCPM3-RAG-LoRA/resolve/3ee34a2c7b518f2d9be23d7138a7d29300b240f8/config.json","logical [2560,6400]","未核验","未核验","未核验","https://huggingface.co/openbmb/MiniCPM3-RAG-LoRA/resolve/3ee34a2c7b518f2d9be23d7138a7d29300b240f8/config.json","文本decode/verify；B[1,16],S[1,8]；TP=1逻辑参考；","Y=X@W^T"
"root/layer_33","FFN_residual","未核验","elementwise","[B,S,2560];[B,S,2560]","[B,S,2560]","B,S,T；其他轴见模型参数","B[1,16];S_verify[1,8];L_KV独立未知；TP=1","config=bfloat16；激活/累加类型未核验","未核验","逻辑轴顺序；物理format未核验","逻辑轴顺序；物理format未核验","未评估候选","未评估候选","未评估候选","未核验","未实测","未实测","未实测","未实测","未核验","配置确认 + 数学推导；未核验完整调用链","https://huggingface.co/openbmb/MiniCPM3-RAG-LoRA/resolve/3ee34a2c7b518f2d9be23d7138a7d29300b240f8/config.json","未核验","未核验","未核验","未核验","https://huggingface.co/openbmb/MiniCPM3-RAG-LoRA/resolve/3ee34a2c7b518f2d9be23d7138a7d29300b240f8/config.json","文本decode/verify；B[1,16],S[1,8]；TP=1逻辑参考；","Y=X+branch（参考，实际残差策略未核验）"
"root/layer_34","input_normalization","未核验","norm","[B,S,2560]","[B,S,2560]","B,S,T；其他轴见模型参数","B[1,16];S_verify[1,8];L_KV独立未知；TP=1","config=bfloat16；激活/累加类型未核验","未核验","逻辑轴顺序；物理format未核验","逻辑轴顺序；物理format未核验","未评估候选","未评估候选","未评估候选","未核验","未实测","未实测","未实测","未实测","未核验","配置确认 + 数学推导；未核验完整调用链","https://huggingface.co/openbmb/MiniCPM3-RAG-LoRA/resolve/3ee34a2c7b518f2d9be23d7138a7d29300b240f8/config.json","未核验","未核验","未核验","未核验","https://huggingface.co/openbmb/MiniCPM3-RAG-LoRA/resolve/3ee34a2c7b518f2d9be23d7138a7d29300b240f8/config.json","文本decode/verify；B[1,16],S[1,8]；TP=1逻辑参考；","归一化类型/先后顺序待实现核验"
"root/layer_34","q_a_projection","未核验","GEMM","[B,S,2560]","[B,S,768]","B,S,T；其他轴见模型参数","B[1,16];S_verify[1,8];L_KV独立未知；TP=1","config=bfloat16；激活/累加类型未核验","未核验","逻辑轴顺序；物理format未核验","逻辑轴顺序；物理format未核验","未评估候选","未评估候选","未评估候选","未核验","未实测","未实测","未实测","未实测","未核验","配置确认 + 数学推导；未核验完整调用链","https://huggingface.co/openbmb/MiniCPM3-RAG-LoRA/resolve/3ee34a2c7b518f2d9be23d7138a7d29300b240f8/config.json","logical [768,2560]","未核验","未核验","未核验","https://huggingface.co/openbmb/MiniCPM3-RAG-LoRA/resolve/3ee34a2c7b518f2d9be23d7138a7d29300b240f8/config.json","文本decode/verify；B[1,16],S[1,8]；TP=1逻辑参考；","Y=X@W^T"
"root/layer_34","q_b_projection","未核验","GEMM","[B,S,768]","[B,S,3840]","B,S,T；其他轴见模型参数","B[1,16];S_verify[1,8];L_KV独立未知；TP=1","config=bfloat16；激活/累加类型未核验","未核验","逻辑轴顺序；物理format未核验","逻辑轴顺序；物理format未核验","未评估候选","未评估候选","未评估候选","未核验","未实测","未实测","未实测","未实测","未核验","配置确认 + 数学推导；未核验完整调用链","https://huggingface.co/openbmb/MiniCPM3-RAG-LoRA/resolve/3ee34a2c7b518f2d9be23d7138a7d29300b240f8/config.json","logical [3840,768]","未核验","未核验","未核验","https://huggingface.co/openbmb/MiniCPM3-RAG-LoRA/resolve/3ee34a2c7b518f2d9be23d7138a7d29300b240f8/config.json","文本decode/verify；B[1,16],S[1,8]；TP=1逻辑参考；","Q_width=heads*(qk_nope+qk_rope)"
"root/layer_34","kv_compression","未核验","GEMM","[B,S,2560]","[B,S,288]","B,S,T；其他轴见模型参数","B[1,16];S_verify[1,8];L_KV独立未知；TP=1","config=bfloat16；激活/累加类型未核验","未核验","逻辑轴顺序；物理format未核验","逻辑轴顺序；物理format未核验","未评估候选","未评估候选","未评估候选","未核验","未实测","未实测","未实测","未实测","未核验","配置确认 + 数学推导；未核验完整调用链","https://huggingface.co/openbmb/MiniCPM3-RAG-LoRA/resolve/3ee34a2c7b518f2d9be23d7138a7d29300b240f8/config.json","logical [288,2560]","未核验","未核验","未核验","https://huggingface.co/openbmb/MiniCPM3-RAG-LoRA/resolve/3ee34a2c7b518f2d9be23d7138a7d29300b240f8/config.json","文本decode/verify；B[1,16],S[1,8]；TP=1逻辑参考；","KV_width=kv_lora_rank+qk_rope_head_dim"
"root/layer_34","MLA_cache_and_attention","未核验","MLA","Q:[B,S,40,96];KVc:[B,L_KV,256]","[B,S,2560]","B,S,T；其他轴见模型参数","B[1,16];S_verify[1,8];L_KV独立未知；TP=1","config=bfloat16；激活/累加类型未核验","未核验","逻辑轴顺序；物理format未核验","逻辑轴顺序；物理format未核验","未评估候选","未评估候选","未评估候选","未核验","未实测","未实测","未实测","未实测","未核验","配置确认 + 数学推导；未核验完整调用链","https://huggingface.co/openbmb/MiniCPM3-RAG-LoRA/resolve/3ee34a2c7b518f2d9be23d7138a7d29300b240f8/config.json","未核验","未核验","未核验","未核验","https://huggingface.co/openbmb/MiniCPM3-RAG-LoRA/resolve/3ee34a2c7b518f2d9be23d7138a7d29300b240f8/config.json","文本decode/verify；B[1,16],S[1,8]；TP=1逻辑参考；","KV展开/吸收、value维度、cache布局待实现核验"
"root/layer_34","attention_residual","未核验","elementwise","[B,S,2560];[B,S,2560]","[B,S,2560]","B,S,T；其他轴见模型参数","B[1,16];S_verify[1,8];L_KV独立未知；TP=1","config=bfloat16；激活/累加类型未核验","未核验","逻辑轴顺序；物理format未核验","逻辑轴顺序；物理format未核验","未评估候选","未评估候选","未评估候选","未核验","未实测","未实测","未实测","未实测","未核验","配置确认 + 数学推导；未核验完整调用链","https://huggingface.co/openbmb/MiniCPM3-RAG-LoRA/resolve/3ee34a2c7b518f2d9be23d7138a7d29300b240f8/config.json","未核验","未核验","未核验","未核验","https://huggingface.co/openbmb/MiniCPM3-RAG-LoRA/resolve/3ee34a2c7b518f2d9be23d7138a7d29300b240f8/config.json","文本decode/verify；B[1,16],S[1,8]；TP=1逻辑参考；","Y=X+branch（参考，实际残差策略未核验）"
"root/layer_34","post_attention_normalization","未核验","norm","[B,S,2560]","[B,S,2560]","B,S,T；其他轴见模型参数","B[1,16];S_verify[1,8];L_KV独立未知；TP=1","config=bfloat16；激活/累加类型未核验","未核验","逻辑轴顺序；物理format未核验","逻辑轴顺序；物理format未核验","未评估候选","未评估候选","未评估候选","未核验","未实测","未实测","未实测","未实测","未核验","配置确认 + 数学推导；未核验完整调用链","https://huggingface.co/openbmb/MiniCPM3-RAG-LoRA/resolve/3ee34a2c7b518f2d9be23d7138a7d29300b240f8/config.json","未核验","未核验","未核验","未核验","https://huggingface.co/openbmb/MiniCPM3-RAG-LoRA/resolve/3ee34a2c7b518f2d9be23d7138a7d29300b240f8/config.json","文本decode/verify；B[1,16],S[1,8]；TP=1逻辑参考；","类型与位置待源码核验"
"root/layer_34","FFN_up","未核验","GEMM","[B,S,2560]","[B,S,6400]","B,S,T；其他轴见模型参数","B[1,16];S_verify[1,8];L_KV独立未知；TP=1","config=bfloat16；激活/累加类型未核验","未核验","逻辑轴顺序；物理format未核验","逻辑轴顺序；物理format未核验","未评估候选","未评估候选","未评估候选","未核验","未实测","未实测","未实测","未实测","未核验","配置确认 + 数学推导；未核验完整调用链","https://huggingface.co/openbmb/MiniCPM3-RAG-LoRA/resolve/3ee34a2c7b518f2d9be23d7138a7d29300b240f8/config.json","logical [6400,2560]","未核验","未核验","未核验","https://huggingface.co/openbmb/MiniCPM3-RAG-LoRA/resolve/3ee34a2c7b518f2d9be23d7138a7d29300b240f8/config.json","文本decode/verify；B[1,16],S[1,8]；TP=1逻辑参考；","Y=X@W^T"
"root/layer_34","FFN_activation_and_optional_gate","未核验","activation","[B,S,6400]","[B,S,6400]","B,S,T；其他轴见模型参数","B[1,16];S_verify[1,8];L_KV独立未知；TP=1","config=bfloat16；激活/累加类型未核验","未核验","逻辑轴顺序；物理format未核验","逻辑轴顺序；物理format未核验","未评估候选","未评估候选","未评估候选","未核验","未实测","未实测","未实测","未实测","未核验","配置确认 + 数学推导；未核验完整调用链","https://huggingface.co/openbmb/MiniCPM3-RAG-LoRA/resolve/3ee34a2c7b518f2d9be23d7138a7d29300b240f8/config.json","未核验","未核验","未核验","未核验","https://huggingface.co/openbmb/MiniCPM3-RAG-LoRA/resolve/3ee34a2c7b518f2d9be23d7138a7d29300b240f8/config.json","文本decode/verify；B[1,16],S[1,8]；TP=1逻辑参考；是否额外gate矩阵与门控分支维度需要实现；不能仅由silu推定完整SwiGLU","config.hidden_act=silu"
"root/layer_34","FFN_down","未核验","GEMM","[B,S,6400]","[B,S,2560]","B,S,T；其他轴见模型参数","B[1,16];S_verify[1,8];L_KV独立未知；TP=1","config=bfloat16；激活/累加类型未核验","未核验","逻辑轴顺序；物理format未核验","逻辑轴顺序；物理format未核验","未评估候选","未评估候选","未评估候选","未核验","未实测","未实测","未实测","未实测","未核验","配置确认 + 数学推导；未核验完整调用链","https://huggingface.co/openbmb/MiniCPM3-RAG-LoRA/resolve/3ee34a2c7b518f2d9be23d7138a7d29300b240f8/config.json","logical [2560,6400]","未核验","未核验","未核验","https://huggingface.co/openbmb/MiniCPM3-RAG-LoRA/resolve/3ee34a2c7b518f2d9be23d7138a7d29300b240f8/config.json","文本decode/verify；B[1,16],S[1,8]；TP=1逻辑参考；","Y=X@W^T"
"root/layer_34","FFN_residual","未核验","elementwise","[B,S,2560];[B,S,2560]","[B,S,2560]","B,S,T；其他轴见模型参数","B[1,16];S_verify[1,8];L_KV独立未知；TP=1","config=bfloat16；激活/累加类型未核验","未核验","逻辑轴顺序；物理format未核验","逻辑轴顺序；物理format未核验","未评估候选","未评估候选","未评估候选","未核验","未实测","未实测","未实测","未实测","未核验","配置确认 + 数学推导；未核验完整调用链","https://huggingface.co/openbmb/MiniCPM3-RAG-LoRA/resolve/3ee34a2c7b518f2d9be23d7138a7d29300b240f8/config.json","未核验","未核验","未核验","未核验","https://huggingface.co/openbmb/MiniCPM3-RAG-LoRA/resolve/3ee34a2c7b518f2d9be23d7138a7d29300b240f8/config.json","文本decode/verify；B[1,16],S[1,8]；TP=1逻辑参考；","Y=X+branch（参考，实际残差策略未核验）"
"root/layer_35","input_normalization","未核验","norm","[B,S,2560]","[B,S,2560]","B,S,T；其他轴见模型参数","B[1,16];S_verify[1,8];L_KV独立未知；TP=1","config=bfloat16；激活/累加类型未核验","未核验","逻辑轴顺序；物理format未核验","逻辑轴顺序；物理format未核验","未评估候选","未评估候选","未评估候选","未核验","未实测","未实测","未实测","未实测","未核验","配置确认 + 数学推导；未核验完整调用链","https://huggingface.co/openbmb/MiniCPM3-RAG-LoRA/resolve/3ee34a2c7b518f2d9be23d7138a7d29300b240f8/config.json","未核验","未核验","未核验","未核验","https://huggingface.co/openbmb/MiniCPM3-RAG-LoRA/resolve/3ee34a2c7b518f2d9be23d7138a7d29300b240f8/config.json","文本decode/verify；B[1,16],S[1,8]；TP=1逻辑参考；","归一化类型/先后顺序待实现核验"
"root/layer_35","q_a_projection","未核验","GEMM","[B,S,2560]","[B,S,768]","B,S,T；其他轴见模型参数","B[1,16];S_verify[1,8];L_KV独立未知；TP=1","config=bfloat16；激活/累加类型未核验","未核验","逻辑轴顺序；物理format未核验","逻辑轴顺序；物理format未核验","未评估候选","未评估候选","未评估候选","未核验","未实测","未实测","未实测","未实测","未核验","配置确认 + 数学推导；未核验完整调用链","https://huggingface.co/openbmb/MiniCPM3-RAG-LoRA/resolve/3ee34a2c7b518f2d9be23d7138a7d29300b240f8/config.json","logical [768,2560]","未核验","未核验","未核验","https://huggingface.co/openbmb/MiniCPM3-RAG-LoRA/resolve/3ee34a2c7b518f2d9be23d7138a7d29300b240f8/config.json","文本decode/verify；B[1,16],S[1,8]；TP=1逻辑参考；","Y=X@W^T"
"root/layer_35","q_b_projection","未核验","GEMM","[B,S,768]","[B,S,3840]","B,S,T；其他轴见模型参数","B[1,16];S_verify[1,8];L_KV独立未知；TP=1","config=bfloat16；激活/累加类型未核验","未核验","逻辑轴顺序；物理format未核验","逻辑轴顺序；物理format未核验","未评估候选","未评估候选","未评估候选","未核验","未实测","未实测","未实测","未实测","未核验","配置确认 + 数学推导；未核验完整调用链","https://huggingface.co/openbmb/MiniCPM3-RAG-LoRA/resolve/3ee34a2c7b518f2d9be23d7138a7d29300b240f8/config.json","logical [3840,768]","未核验","未核验","未核验","https://huggingface.co/openbmb/MiniCPM3-RAG-LoRA/resolve/3ee34a2c7b518f2d9be23d7138a7d29300b240f8/config.json","文本decode/verify；B[1,16],S[1,8]；TP=1逻辑参考；","Q_width=heads*(qk_nope+qk_rope)"
"root/layer_35","kv_compression","未核验","GEMM","[B,S,2560]","[B,S,288]","B,S,T；其他轴见模型参数","B[1,16];S_verify[1,8];L_KV独立未知；TP=1","config=bfloat16；激活/累加类型未核验","未核验","逻辑轴顺序；物理format未核验","逻辑轴顺序；物理format未核验","未评估候选","未评估候选","未评估候选","未核验","未实测","未实测","未实测","未实测","未核验","配置确认 + 数学推导；未核验完整调用链","https://huggingface.co/openbmb/MiniCPM3-RAG-LoRA/resolve/3ee34a2c7b518f2d9be23d7138a7d29300b240f8/config.json","logical [288,2560]","未核验","未核验","未核验","https://huggingface.co/openbmb/MiniCPM3-RAG-LoRA/resolve/3ee34a2c7b518f2d9be23d7138a7d29300b240f8/config.json","文本decode/verify；B[1,16],S[1,8]；TP=1逻辑参考；","KV_width=kv_lora_rank+qk_rope_head_dim"
"root/layer_35","MLA_cache_and_attention","未核验","MLA","Q:[B,S,40,96];KVc:[B,L_KV,256]","[B,S,2560]","B,S,T；其他轴见模型参数","B[1,16];S_verify[1,8];L_KV独立未知；TP=1","config=bfloat16；激活/累加类型未核验","未核验","逻辑轴顺序；物理format未核验","逻辑轴顺序；物理format未核验","未评估候选","未评估候选","未评估候选","未核验","未实测","未实测","未实测","未实测","未核验","配置确认 + 数学推导；未核验完整调用链","https://huggingface.co/openbmb/MiniCPM3-RAG-LoRA/resolve/3ee34a2c7b518f2d9be23d7138a7d29300b240f8/config.json","未核验","未核验","未核验","未核验","https://huggingface.co/openbmb/MiniCPM3-RAG-LoRA/resolve/3ee34a2c7b518f2d9be23d7138a7d29300b240f8/config.json","文本decode/verify；B[1,16],S[1,8]；TP=1逻辑参考；","KV展开/吸收、value维度、cache布局待实现核验"
"root/layer_35","attention_residual","未核验","elementwise","[B,S,2560];[B,S,2560]","[B,S,2560]","B,S,T；其他轴见模型参数","B[1,16];S_verify[1,8];L_KV独立未知；TP=1","config=bfloat16；激活/累加类型未核验","未核验","逻辑轴顺序；物理format未核验","逻辑轴顺序；物理format未核验","未评估候选","未评估候选","未评估候选","未核验","未实测","未实测","未实测","未实测","未核验","配置确认 + 数学推导；未核验完整调用链","https://huggingface.co/openbmb/MiniCPM3-RAG-LoRA/resolve/3ee34a2c7b518f2d9be23d7138a7d29300b240f8/config.json","未核验","未核验","未核验","未核验","https://huggingface.co/openbmb/MiniCPM3-RAG-LoRA/resolve/3ee34a2c7b518f2d9be23d7138a7d29300b240f8/config.json","文本decode/verify；B[1,16],S[1,8]；TP=1逻辑参考；","Y=X+branch（参考，实际残差策略未核验）"
"root/layer_35","post_attention_normalization","未核验","norm","[B,S,2560]","[B,S,2560]","B,S,T；其他轴见模型参数","B[1,16];S_verify[1,8];L_KV独立未知；TP=1","config=bfloat16；激活/累加类型未核验","未核验","逻辑轴顺序；物理format未核验","逻辑轴顺序；物理format未核验","未评估候选","未评估候选","未评估候选","未核验","未实测","未实测","未实测","未实测","未核验","配置确认 + 数学推导；未核验完整调用链","https://huggingface.co/openbmb/MiniCPM3-RAG-LoRA/resolve/3ee34a2c7b518f2d9be23d7138a7d29300b240f8/config.json","未核验","未核验","未核验","未核验","https://huggingface.co/openbmb/MiniCPM3-RAG-LoRA/resolve/3ee34a2c7b518f2d9be23d7138a7d29300b240f8/config.json","文本decode/verify；B[1,16],S[1,8]；TP=1逻辑参考；","类型与位置待源码核验"
"root/layer_35","FFN_up","未核验","GEMM","[B,S,2560]","[B,S,6400]","B,S,T；其他轴见模型参数","B[1,16];S_verify[1,8];L_KV独立未知；TP=1","config=bfloat16；激活/累加类型未核验","未核验","逻辑轴顺序；物理format未核验","逻辑轴顺序；物理format未核验","未评估候选","未评估候选","未评估候选","未核验","未实测","未实测","未实测","未实测","未核验","配置确认 + 数学推导；未核验完整调用链","https://huggingface.co/openbmb/MiniCPM3-RAG-LoRA/resolve/3ee34a2c7b518f2d9be23d7138a7d29300b240f8/config.json","logical [6400,2560]","未核验","未核验","未核验","https://huggingface.co/openbmb/MiniCPM3-RAG-LoRA/resolve/3ee34a2c7b518f2d9be23d7138a7d29300b240f8/config.json","文本decode/verify；B[1,16],S[1,8]；TP=1逻辑参考；","Y=X@W^T"
"root/layer_35","FFN_activation_and_optional_gate","未核验","activation","[B,S,6400]","[B,S,6400]","B,S,T；其他轴见模型参数","B[1,16];S_verify[1,8];L_KV独立未知；TP=1","config=bfloat16；激活/累加类型未核验","未核验","逻辑轴顺序；物理format未核验","逻辑轴顺序；物理format未核验","未评估候选","未评估候选","未评估候选","未核验","未实测","未实测","未实测","未实测","未核验","配置确认 + 数学推导；未核验完整调用链","https://huggingface.co/openbmb/MiniCPM3-RAG-LoRA/resolve/3ee34a2c7b518f2d9be23d7138a7d29300b240f8/config.json","未核验","未核验","未核验","未核验","https://huggingface.co/openbmb/MiniCPM3-RAG-LoRA/resolve/3ee34a2c7b518f2d9be23d7138a7d29300b240f8/config.json","文本decode/verify；B[1,16],S[1,8]；TP=1逻辑参考；是否额外gate矩阵与门控分支维度需要实现；不能仅由silu推定完整SwiGLU","config.hidden_act=silu"
"root/layer_35","FFN_down","未核验","GEMM","[B,S,6400]","[B,S,2560]","B,S,T；其他轴见模型参数","B[1,16];S_verify[1,8];L_KV独立未知；TP=1","config=bfloat16；激活/累加类型未核验","未核验","逻辑轴顺序；物理format未核验","逻辑轴顺序；物理format未核验","未评估候选","未评估候选","未评估候选","未核验","未实测","未实测","未实测","未实测","未核验","配置确认 + 数学推导；未核验完整调用链","https://huggingface.co/openbmb/MiniCPM3-RAG-LoRA/resolve/3ee34a2c7b518f2d9be23d7138a7d29300b240f8/config.json","logical [2560,6400]","未核验","未核验","未核验","https://huggingface.co/openbmb/MiniCPM3-RAG-LoRA/resolve/3ee34a2c7b518f2d9be23d7138a7d29300b240f8/config.json","文本decode/verify；B[1,16],S[1,8]；TP=1逻辑参考；","Y=X@W^T"
"root/layer_35","FFN_residual","未核验","elementwise","[B,S,2560];[B,S,2560]","[B,S,2560]","B,S,T；其他轴见模型参数","B[1,16];S_verify[1,8];L_KV独立未知；TP=1","config=bfloat16；激活/累加类型未核验","未核验","逻辑轴顺序；物理format未核验","逻辑轴顺序；物理format未核验","未评估候选","未评估候选","未评估候选","未核验","未实测","未实测","未实测","未实测","未核验","配置确认 + 数学推导；未核验完整调用链","https://huggingface.co/openbmb/MiniCPM3-RAG-LoRA/resolve/3ee34a2c7b518f2d9be23d7138a7d29300b240f8/config.json","未核验","未核验","未核验","未核验","https://huggingface.co/openbmb/MiniCPM3-RAG-LoRA/resolve/3ee34a2c7b518f2d9be23d7138a7d29300b240f8/config.json","文本decode/verify；B[1,16],S[1,8]；TP=1逻辑参考；","Y=X+branch（参考，实际残差策略未核验）"
"root/layer_36","input_normalization","未核验","norm","[B,S,2560]","[B,S,2560]","B,S,T；其他轴见模型参数","B[1,16];S_verify[1,8];L_KV独立未知；TP=1","config=bfloat16；激活/累加类型未核验","未核验","逻辑轴顺序；物理format未核验","逻辑轴顺序；物理format未核验","未评估候选","未评估候选","未评估候选","未核验","未实测","未实测","未实测","未实测","未核验","配置确认 + 数学推导；未核验完整调用链","https://huggingface.co/openbmb/MiniCPM3-RAG-LoRA/resolve/3ee34a2c7b518f2d9be23d7138a7d29300b240f8/config.json","未核验","未核验","未核验","未核验","https://huggingface.co/openbmb/MiniCPM3-RAG-LoRA/resolve/3ee34a2c7b518f2d9be23d7138a7d29300b240f8/config.json","文本decode/verify；B[1,16],S[1,8]；TP=1逻辑参考；","归一化类型/先后顺序待实现核验"
"root/layer_36","q_a_projection","未核验","GEMM","[B,S,2560]","[B,S,768]","B,S,T；其他轴见模型参数","B[1,16];S_verify[1,8];L_KV独立未知；TP=1","config=bfloat16；激活/累加类型未核验","未核验","逻辑轴顺序；物理format未核验","逻辑轴顺序；物理format未核验","未评估候选","未评估候选","未评估候选","未核验","未实测","未实测","未实测","未实测","未核验","配置确认 + 数学推导；未核验完整调用链","https://huggingface.co/openbmb/MiniCPM3-RAG-LoRA/resolve/3ee34a2c7b518f2d9be23d7138a7d29300b240f8/config.json","logical [768,2560]","未核验","未核验","未核验","https://huggingface.co/openbmb/MiniCPM3-RAG-LoRA/resolve/3ee34a2c7b518f2d9be23d7138a7d29300b240f8/config.json","文本decode/verify；B[1,16],S[1,8]；TP=1逻辑参考；","Y=X@W^T"
"root/layer_36","q_b_projection","未核验","GEMM","[B,S,768]","[B,S,3840]","B,S,T；其他轴见模型参数","B[1,16];S_verify[1,8];L_KV独立未知；TP=1","config=bfloat16；激活/累加类型未核验","未核验","逻辑轴顺序；物理format未核验","逻辑轴顺序；物理format未核验","未评估候选","未评估候选","未评估候选","未核验","未实测","未实测","未实测","未实测","未核验","配置确认 + 数学推导；未核验完整调用链","https://huggingface.co/openbmb/MiniCPM3-RAG-LoRA/resolve/3ee34a2c7b518f2d9be23d7138a7d29300b240f8/config.json","logical [3840,768]","未核验","未核验","未核验","https://huggingface.co/openbmb/MiniCPM3-RAG-LoRA/resolve/3ee34a2c7b518f2d9be23d7138a7d29300b240f8/config.json","文本decode/verify；B[1,16],S[1,8]；TP=1逻辑参考；","Q_width=heads*(qk_nope+qk_rope)"
"root/layer_36","kv_compression","未核验","GEMM","[B,S,2560]","[B,S,288]","B,S,T；其他轴见模型参数","B[1,16];S_verify[1,8];L_KV独立未知；TP=1","config=bfloat16；激活/累加类型未核验","未核验","逻辑轴顺序；物理format未核验","逻辑轴顺序；物理format未核验","未评估候选","未评估候选","未评估候选","未核验","未实测","未实测","未实测","未实测","未核验","配置确认 + 数学推导；未核验完整调用链","https://huggingface.co/openbmb/MiniCPM3-RAG-LoRA/resolve/3ee34a2c7b518f2d9be23d7138a7d29300b240f8/config.json","logical [288,2560]","未核验","未核验","未核验","https://huggingface.co/openbmb/MiniCPM3-RAG-LoRA/resolve/3ee34a2c7b518f2d9be23d7138a7d29300b240f8/config.json","文本decode/verify；B[1,16],S[1,8]；TP=1逻辑参考；","KV_width=kv_lora_rank+qk_rope_head_dim"
"root/layer_36","MLA_cache_and_attention","未核验","MLA","Q:[B,S,40,96];KVc:[B,L_KV,256]","[B,S,2560]","B,S,T；其他轴见模型参数","B[1,16];S_verify[1,8];L_KV独立未知；TP=1","config=bfloat16；激活/累加类型未核验","未核验","逻辑轴顺序；物理format未核验","逻辑轴顺序；物理format未核验","未评估候选","未评估候选","未评估候选","未核验","未实测","未实测","未实测","未实测","未核验","配置确认 + 数学推导；未核验完整调用链","https://huggingface.co/openbmb/MiniCPM3-RAG-LoRA/resolve/3ee34a2c7b518f2d9be23d7138a7d29300b240f8/config.json","未核验","未核验","未核验","未核验","https://huggingface.co/openbmb/MiniCPM3-RAG-LoRA/resolve/3ee34a2c7b518f2d9be23d7138a7d29300b240f8/config.json","文本decode/verify；B[1,16],S[1,8]；TP=1逻辑参考；","KV展开/吸收、value维度、cache布局待实现核验"
"root/layer_36","attention_residual","未核验","elementwise","[B,S,2560];[B,S,2560]","[B,S,2560]","B,S,T；其他轴见模型参数","B[1,16];S_verify[1,8];L_KV独立未知；TP=1","config=bfloat16；激活/累加类型未核验","未核验","逻辑轴顺序；物理format未核验","逻辑轴顺序；物理format未核验","未评估候选","未评估候选","未评估候选","未核验","未实测","未实测","未实测","未实测","未核验","配置确认 + 数学推导；未核验完整调用链","https://huggingface.co/openbmb/MiniCPM3-RAG-LoRA/resolve/3ee34a2c7b518f2d9be23d7138a7d29300b240f8/config.json","未核验","未核验","未核验","未核验","https://huggingface.co/openbmb/MiniCPM3-RAG-LoRA/resolve/3ee34a2c7b518f2d9be23d7138a7d29300b240f8/config.json","文本decode/verify；B[1,16],S[1,8]；TP=1逻辑参考；","Y=X+branch（参考，实际残差策略未核验）"
"root/layer_36","post_attention_normalization","未核验","norm","[B,S,2560]","[B,S,2560]","B,S,T；其他轴见模型参数","B[1,16];S_verify[1,8];L_KV独立未知；TP=1","config=bfloat16；激活/累加类型未核验","未核验","逻辑轴顺序；物理format未核验","逻辑轴顺序；物理format未核验","未评估候选","未评估候选","未评估候选","未核验","未实测","未实测","未实测","未实测","未核验","配置确认 + 数学推导；未核验完整调用链","https://huggingface.co/openbmb/MiniCPM3-RAG-LoRA/resolve/3ee34a2c7b518f2d9be23d7138a7d29300b240f8/config.json","未核验","未核验","未核验","未核验","https://huggingface.co/openbmb/MiniCPM3-RAG-LoRA/resolve/3ee34a2c7b518f2d9be23d7138a7d29300b240f8/config.json","文本decode/verify；B[1,16],S[1,8]；TP=1逻辑参考；","类型与位置待源码核验"
"root/layer_36","FFN_up","未核验","GEMM","[B,S,2560]","[B,S,6400]","B,S,T；其他轴见模型参数","B[1,16];S_verify[1,8];L_KV独立未知；TP=1","config=bfloat16；激活/累加类型未核验","未核验","逻辑轴顺序；物理format未核验","逻辑轴顺序；物理format未核验","未评估候选","未评估候选","未评估候选","未核验","未实测","未实测","未实测","未实测","未核验","配置确认 + 数学推导；未核验完整调用链","https://huggingface.co/openbmb/MiniCPM3-RAG-LoRA/resolve/3ee34a2c7b518f2d9be23d7138a7d29300b240f8/config.json","logical [6400,2560]","未核验","未核验","未核验","https://huggingface.co/openbmb/MiniCPM3-RAG-LoRA/resolve/3ee34a2c7b518f2d9be23d7138a7d29300b240f8/config.json","文本decode/verify；B[1,16],S[1,8]；TP=1逻辑参考；","Y=X@W^T"
"root/layer_36","FFN_activation_and_optional_gate","未核验","activation","[B,S,6400]","[B,S,6400]","B,S,T；其他轴见模型参数","B[1,16];S_verify[1,8];L_KV独立未知；TP=1","config=bfloat16；激活/累加类型未核验","未核验","逻辑轴顺序；物理format未核验","逻辑轴顺序；物理format未核验","未评估候选","未评估候选","未评估候选","未核验","未实测","未实测","未实测","未实测","未核验","配置确认 + 数学推导；未核验完整调用链","https://huggingface.co/openbmb/MiniCPM3-RAG-LoRA/resolve/3ee34a2c7b518f2d9be23d7138a7d29300b240f8/config.json","未核验","未核验","未核验","未核验","https://huggingface.co/openbmb/MiniCPM3-RAG-LoRA/resolve/3ee34a2c7b518f2d9be23d7138a7d29300b240f8/config.json","文本decode/verify；B[1,16],S[1,8]；TP=1逻辑参考；是否额外gate矩阵与门控分支维度需要实现；不能仅由silu推定完整SwiGLU","config.hidden_act=silu"
"root/layer_36","FFN_down","未核验","GEMM","[B,S,6400]","[B,S,2560]","B,S,T；其他轴见模型参数","B[1,16];S_verify[1,8];L_KV独立未知；TP=1","config=bfloat16；激活/累加类型未核验","未核验","逻辑轴顺序；物理format未核验","逻辑轴顺序；物理format未核验","未评估候选","未评估候选","未评估候选","未核验","未实测","未实测","未实测","未实测","未核验","配置确认 + 数学推导；未核验完整调用链","https://huggingface.co/openbmb/MiniCPM3-RAG-LoRA/resolve/3ee34a2c7b518f2d9be23d7138a7d29300b240f8/config.json","logical [2560,6400]","未核验","未核验","未核验","https://huggingface.co/openbmb/MiniCPM3-RAG-LoRA/resolve/3ee34a2c7b518f2d9be23d7138a7d29300b240f8/config.json","文本decode/verify；B[1,16],S[1,8]；TP=1逻辑参考；","Y=X@W^T"
"root/layer_36","FFN_residual","未核验","elementwise","[B,S,2560];[B,S,2560]","[B,S,2560]","B,S,T；其他轴见模型参数","B[1,16];S_verify[1,8];L_KV独立未知；TP=1","config=bfloat16；激活/累加类型未核验","未核验","逻辑轴顺序；物理format未核验","逻辑轴顺序；物理format未核验","未评估候选","未评估候选","未评估候选","未核验","未实测","未实测","未实测","未实测","未核验","配置确认 + 数学推导；未核验完整调用链","https://huggingface.co/openbmb/MiniCPM3-RAG-LoRA/resolve/3ee34a2c7b518f2d9be23d7138a7d29300b240f8/config.json","未核验","未核验","未核验","未核验","https://huggingface.co/openbmb/MiniCPM3-RAG-LoRA/resolve/3ee34a2c7b518f2d9be23d7138a7d29300b240f8/config.json","文本decode/verify；B[1,16],S[1,8]；TP=1逻辑参考；","Y=X+branch（参考，实际残差策略未核验）"
"root/layer_37","input_normalization","未核验","norm","[B,S,2560]","[B,S,2560]","B,S,T；其他轴见模型参数","B[1,16];S_verify[1,8];L_KV独立未知；TP=1","config=bfloat16；激活/累加类型未核验","未核验","逻辑轴顺序；物理format未核验","逻辑轴顺序；物理format未核验","未评估候选","未评估候选","未评估候选","未核验","未实测","未实测","未实测","未实测","未核验","配置确认 + 数学推导；未核验完整调用链","https://huggingface.co/openbmb/MiniCPM3-RAG-LoRA/resolve/3ee34a2c7b518f2d9be23d7138a7d29300b240f8/config.json","未核验","未核验","未核验","未核验","https://huggingface.co/openbmb/MiniCPM3-RAG-LoRA/resolve/3ee34a2c7b518f2d9be23d7138a7d29300b240f8/config.json","文本decode/verify；B[1,16],S[1,8]；TP=1逻辑参考；","归一化类型/先后顺序待实现核验"
"root/layer_37","q_a_projection","未核验","GEMM","[B,S,2560]","[B,S,768]","B,S,T；其他轴见模型参数","B[1,16];S_verify[1,8];L_KV独立未知；TP=1","config=bfloat16；激活/累加类型未核验","未核验","逻辑轴顺序；物理format未核验","逻辑轴顺序；物理format未核验","未评估候选","未评估候选","未评估候选","未核验","未实测","未实测","未实测","未实测","未核验","配置确认 + 数学推导；未核验完整调用链","https://huggingface.co/openbmb/MiniCPM3-RAG-LoRA/resolve/3ee34a2c7b518f2d9be23d7138a7d29300b240f8/config.json","logical [768,2560]","未核验","未核验","未核验","https://huggingface.co/openbmb/MiniCPM3-RAG-LoRA/resolve/3ee34a2c7b518f2d9be23d7138a7d29300b240f8/config.json","文本decode/verify；B[1,16],S[1,8]；TP=1逻辑参考；","Y=X@W^T"
"root/layer_37","q_b_projection","未核验","GEMM","[B,S,768]","[B,S,3840]","B,S,T；其他轴见模型参数","B[1,16];S_verify[1,8];L_KV独立未知；TP=1","config=bfloat16；激活/累加类型未核验","未核验","逻辑轴顺序；物理format未核验","逻辑轴顺序；物理format未核验","未评估候选","未评估候选","未评估候选","未核验","未实测","未实测","未实测","未实测","未核验","配置确认 + 数学推导；未核验完整调用链","https://huggingface.co/openbmb/MiniCPM3-RAG-LoRA/resolve/3ee34a2c7b518f2d9be23d7138a7d29300b240f8/config.json","logical [3840,768]","未核验","未核验","未核验","https://huggingface.co/openbmb/MiniCPM3-RAG-LoRA/resolve/3ee34a2c7b518f2d9be23d7138a7d29300b240f8/config.json","文本decode/verify；B[1,16],S[1,8]；TP=1逻辑参考；","Q_width=heads*(qk_nope+qk_rope)"
"root/layer_37","kv_compression","未核验","GEMM","[B,S,2560]","[B,S,288]","B,S,T；其他轴见模型参数","B[1,16];S_verify[1,8];L_KV独立未知；TP=1","config=bfloat16；激活/累加类型未核验","未核验","逻辑轴顺序；物理format未核验","逻辑轴顺序；物理format未核验","未评估候选","未评估候选","未评估候选","未核验","未实测","未实测","未实测","未实测","未核验","配置确认 + 数学推导；未核验完整调用链","https://huggingface.co/openbmb/MiniCPM3-RAG-LoRA/resolve/3ee34a2c7b518f2d9be23d7138a7d29300b240f8/config.json","logical [288,2560]","未核验","未核验","未核验","https://huggingface.co/openbmb/MiniCPM3-RAG-LoRA/resolve/3ee34a2c7b518f2d9be23d7138a7d29300b240f8/config.json","文本decode/verify；B[1,16],S[1,8]；TP=1逻辑参考；","KV_width=kv_lora_rank+qk_rope_head_dim"
"root/layer_37","MLA_cache_and_attention","未核验","MLA","Q:[B,S,40,96];KVc:[B,L_KV,256]","[B,S,2560]","B,S,T；其他轴见模型参数","B[1,16];S_verify[1,8];L_KV独立未知；TP=1","config=bfloat16；激活/累加类型未核验","未核验","逻辑轴顺序；物理format未核验","逻辑轴顺序；物理format未核验","未评估候选","未评估候选","未评估候选","未核验","未实测","未实测","未实测","未实测","未核验","配置确认 + 数学推导；未核验完整调用链","https://huggingface.co/openbmb/MiniCPM3-RAG-LoRA/resolve/3ee34a2c7b518f2d9be23d7138a7d29300b240f8/config.json","未核验","未核验","未核验","未核验","https://huggingface.co/openbmb/MiniCPM3-RAG-LoRA/resolve/3ee34a2c7b518f2d9be23d7138a7d29300b240f8/config.json","文本decode/verify；B[1,16],S[1,8]；TP=1逻辑参考；","KV展开/吸收、value维度、cache布局待实现核验"
"root/layer_37","attention_residual","未核验","elementwise","[B,S,2560];[B,S,2560]","[B,S,2560]","B,S,T；其他轴见模型参数","B[1,16];S_verify[1,8];L_KV独立未知；TP=1","config=bfloat16；激活/累加类型未核验","未核验","逻辑轴顺序；物理format未核验","逻辑轴顺序；物理format未核验","未评估候选","未评估候选","未评估候选","未核验","未实测","未实测","未实测","未实测","未核验","配置确认 + 数学推导；未核验完整调用链","https://huggingface.co/openbmb/MiniCPM3-RAG-LoRA/resolve/3ee34a2c7b518f2d9be23d7138a7d29300b240f8/config.json","未核验","未核验","未核验","未核验","https://huggingface.co/openbmb/MiniCPM3-RAG-LoRA/resolve/3ee34a2c7b518f2d9be23d7138a7d29300b240f8/config.json","文本decode/verify；B[1,16],S[1,8]；TP=1逻辑参考；","Y=X+branch（参考，实际残差策略未核验）"
"root/layer_37","post_attention_normalization","未核验","norm","[B,S,2560]","[B,S,2560]","B,S,T；其他轴见模型参数","B[1,16];S_verify[1,8];L_KV独立未知；TP=1","config=bfloat16；激活/累加类型未核验","未核验","逻辑轴顺序；物理format未核验","逻辑轴顺序；物理format未核验","未评估候选","未评估候选","未评估候选","未核验","未实测","未实测","未实测","未实测","未核验","配置确认 + 数学推导；未核验完整调用链","https://huggingface.co/openbmb/MiniCPM3-RAG-LoRA/resolve/3ee34a2c7b518f2d9be23d7138a7d29300b240f8/config.json","未核验","未核验","未核验","未核验","https://huggingface.co/openbmb/MiniCPM3-RAG-LoRA/resolve/3ee34a2c7b518f2d9be23d7138a7d29300b240f8/config.json","文本decode/verify；B[1,16],S[1,8]；TP=1逻辑参考；","类型与位置待源码核验"
"root/layer_37","FFN_up","未核验","GEMM","[B,S,2560]","[B,S,6400]","B,S,T；其他轴见模型参数","B[1,16];S_verify[1,8];L_KV独立未知；TP=1","config=bfloat16；激活/累加类型未核验","未核验","逻辑轴顺序；物理format未核验","逻辑轴顺序；物理format未核验","未评估候选","未评估候选","未评估候选","未核验","未实测","未实测","未实测","未实测","未核验","配置确认 + 数学推导；未核验完整调用链","https://huggingface.co/openbmb/MiniCPM3-RAG-LoRA/resolve/3ee34a2c7b518f2d9be23d7138a7d29300b240f8/config.json","logical [6400,2560]","未核验","未核验","未核验","https://huggingface.co/openbmb/MiniCPM3-RAG-LoRA/resolve/3ee34a2c7b518f2d9be23d7138a7d29300b240f8/config.json","文本decode/verify；B[1,16],S[1,8]；TP=1逻辑参考；","Y=X@W^T"
"root/layer_37","FFN_activation_and_optional_gate","未核验","activation","[B,S,6400]","[B,S,6400]","B,S,T；其他轴见模型参数","B[1,16];S_verify[1,8];L_KV独立未知；TP=1","config=bfloat16；激活/累加类型未核验","未核验","逻辑轴顺序；物理format未核验","逻辑轴顺序；物理format未核验","未评估候选","未评估候选","未评估候选","未核验","未实测","未实测","未实测","未实测","未核验","配置确认 + 数学推导；未核验完整调用链","https://huggingface.co/openbmb/MiniCPM3-RAG-LoRA/resolve/3ee34a2c7b518f2d9be23d7138a7d29300b240f8/config.json","未核验","未核验","未核验","未核验","https://huggingface.co/openbmb/MiniCPM3-RAG-LoRA/resolve/3ee34a2c7b518f2d9be23d7138a7d29300b240f8/config.json","文本decode/verify；B[1,16],S[1,8]；TP=1逻辑参考；是否额外gate矩阵与门控分支维度需要实现；不能仅由silu推定完整SwiGLU","config.hidden_act=silu"
"root/layer_37","FFN_down","未核验","GEMM","[B,S,6400]","[B,S,2560]","B,S,T；其他轴见模型参数","B[1,16];S_verify[1,8];L_KV独立未知；TP=1","config=bfloat16；激活/累加类型未核验","未核验","逻辑轴顺序；物理format未核验","逻辑轴顺序；物理format未核验","未评估候选","未评估候选","未评估候选","未核验","未实测","未实测","未实测","未实测","未核验","配置确认 + 数学推导；未核验完整调用链","https://huggingface.co/openbmb/MiniCPM3-RAG-LoRA/resolve/3ee34a2c7b518f2d9be23d7138a7d29300b240f8/config.json","logical [2560,6400]","未核验","未核验","未核验","https://huggingface.co/openbmb/MiniCPM3-RAG-LoRA/resolve/3ee34a2c7b518f2d9be23d7138a7d29300b240f8/config.json","文本decode/verify；B[1,16],S[1,8]；TP=1逻辑参考；","Y=X@W^T"
"root/layer_37","FFN_residual","未核验","elementwise","[B,S,2560];[B,S,2560]","[B,S,2560]","B,S,T；其他轴见模型参数","B[1,16];S_verify[1,8];L_KV独立未知；TP=1","config=bfloat16；激活/累加类型未核验","未核验","逻辑轴顺序；物理format未核验","逻辑轴顺序；物理format未核验","未评估候选","未评估候选","未评估候选","未核验","未实测","未实测","未实测","未实测","未核验","配置确认 + 数学推导；未核验完整调用链","https://huggingface.co/openbmb/MiniCPM3-RAG-LoRA/resolve/3ee34a2c7b518f2d9be23d7138a7d29300b240f8/config.json","未核验","未核验","未核验","未核验","https://huggingface.co/openbmb/MiniCPM3-RAG-LoRA/resolve/3ee34a2c7b518f2d9be23d7138a7d29300b240f8/config.json","文本decode/verify；B[1,16],S[1,8]；TP=1逻辑参考；","Y=X+branch（参考，实际残差策略未核验）"
"root/layer_38","input_normalization","未核验","norm","[B,S,2560]","[B,S,2560]","B,S,T；其他轴见模型参数","B[1,16];S_verify[1,8];L_KV独立未知；TP=1","config=bfloat16；激活/累加类型未核验","未核验","逻辑轴顺序；物理format未核验","逻辑轴顺序；物理format未核验","未评估候选","未评估候选","未评估候选","未核验","未实测","未实测","未实测","未实测","未核验","配置确认 + 数学推导；未核验完整调用链","https://huggingface.co/openbmb/MiniCPM3-RAG-LoRA/resolve/3ee34a2c7b518f2d9be23d7138a7d29300b240f8/config.json","未核验","未核验","未核验","未核验","https://huggingface.co/openbmb/MiniCPM3-RAG-LoRA/resolve/3ee34a2c7b518f2d9be23d7138a7d29300b240f8/config.json","文本decode/verify；B[1,16],S[1,8]；TP=1逻辑参考；","归一化类型/先后顺序待实现核验"
"root/layer_38","q_a_projection","未核验","GEMM","[B,S,2560]","[B,S,768]","B,S,T；其他轴见模型参数","B[1,16];S_verify[1,8];L_KV独立未知；TP=1","config=bfloat16；激活/累加类型未核验","未核验","逻辑轴顺序；物理format未核验","逻辑轴顺序；物理format未核验","未评估候选","未评估候选","未评估候选","未核验","未实测","未实测","未实测","未实测","未核验","配置确认 + 数学推导；未核验完整调用链","https://huggingface.co/openbmb/MiniCPM3-RAG-LoRA/resolve/3ee34a2c7b518f2d9be23d7138a7d29300b240f8/config.json","logical [768,2560]","未核验","未核验","未核验","https://huggingface.co/openbmb/MiniCPM3-RAG-LoRA/resolve/3ee34a2c7b518f2d9be23d7138a7d29300b240f8/config.json","文本decode/verify；B[1,16],S[1,8]；TP=1逻辑参考；","Y=X@W^T"
"root/layer_38","q_b_projection","未核验","GEMM","[B,S,768]","[B,S,3840]","B,S,T；其他轴见模型参数","B[1,16];S_verify[1,8];L_KV独立未知；TP=1","config=bfloat16；激活/累加类型未核验","未核验","逻辑轴顺序；物理format未核验","逻辑轴顺序；物理format未核验","未评估候选","未评估候选","未评估候选","未核验","未实测","未实测","未实测","未实测","未核验","配置确认 + 数学推导；未核验完整调用链","https://huggingface.co/openbmb/MiniCPM3-RAG-LoRA/resolve/3ee34a2c7b518f2d9be23d7138a7d29300b240f8/config.json","logical [3840,768]","未核验","未核验","未核验","https://huggingface.co/openbmb/MiniCPM3-RAG-LoRA/resolve/3ee34a2c7b518f2d9be23d7138a7d29300b240f8/config.json","文本decode/verify；B[1,16],S[1,8]；TP=1逻辑参考；","Q_width=heads*(qk_nope+qk_rope)"
"root/layer_38","kv_compression","未核验","GEMM","[B,S,2560]","[B,S,288]","B,S,T；其他轴见模型参数","B[1,16];S_verify[1,8];L_KV独立未知；TP=1","config=bfloat16；激活/累加类型未核验","未核验","逻辑轴顺序；物理format未核验","逻辑轴顺序；物理format未核验","未评估候选","未评估候选","未评估候选","未核验","未实测","未实测","未实测","未实测","未核验","配置确认 + 数学推导；未核验完整调用链","https://huggingface.co/openbmb/MiniCPM3-RAG-LoRA/resolve/3ee34a2c7b518f2d9be23d7138a7d29300b240f8/config.json","logical [288,2560]","未核验","未核验","未核验","https://huggingface.co/openbmb/MiniCPM3-RAG-LoRA/resolve/3ee34a2c7b518f2d9be23d7138a7d29300b240f8/config.json","文本decode/verify；B[1,16],S[1,8]；TP=1逻辑参考；","KV_width=kv_lora_rank+qk_rope_head_dim"
"root/layer_38","MLA_cache_and_attention","未核验","MLA","Q:[B,S,40,96];KVc:[B,L_KV,256]","[B,S,2560]","B,S,T；其他轴见模型参数","B[1,16];S_verify[1,8];L_KV独立未知；TP=1","config=bfloat16；激活/累加类型未核验","未核验","逻辑轴顺序；物理format未核验","逻辑轴顺序；物理format未核验","未评估候选","未评估候选","未评估候选","未核验","未实测","未实测","未实测","未实测","未核验","配置确认 + 数学推导；未核验完整调用链","https://huggingface.co/openbmb/MiniCPM3-RAG-LoRA/resolve/3ee34a2c7b518f2d9be23d7138a7d29300b240f8/config.json","未核验","未核验","未核验","未核验","https://huggingface.co/openbmb/MiniCPM3-RAG-LoRA/resolve/3ee34a2c7b518f2d9be23d7138a7d29300b240f8/config.json","文本decode/verify；B[1,16],S[1,8]；TP=1逻辑参考；","KV展开/吸收、value维度、cache布局待实现核验"
"root/layer_38","attention_residual","未核验","elementwise","[B,S,2560];[B,S,2560]","[B,S,2560]","B,S,T；其他轴见模型参数","B[1,16];S_verify[1,8];L_KV独立未知；TP=1","config=bfloat16；激活/累加类型未核验","未核验","逻辑轴顺序；物理format未核验","逻辑轴顺序；物理format未核验","未评估候选","未评估候选","未评估候选","未核验","未实测","未实测","未实测","未实测","未核验","配置确认 + 数学推导；未核验完整调用链","https://huggingface.co/openbmb/MiniCPM3-RAG-LoRA/resolve/3ee34a2c7b518f2d9be23d7138a7d29300b240f8/config.json","未核验","未核验","未核验","未核验","https://huggingface.co/openbmb/MiniCPM3-RAG-LoRA/resolve/3ee34a2c7b518f2d9be23d7138a7d29300b240f8/config.json","文本decode/verify；B[1,16],S[1,8]；TP=1逻辑参考；","Y=X+branch（参考，实际残差策略未核验）"
"root/layer_38","post_attention_normalization","未核验","norm","[B,S,2560]","[B,S,2560]","B,S,T；其他轴见模型参数","B[1,16];S_verify[1,8];L_KV独立未知；TP=1","config=bfloat16；激活/累加类型未核验","未核验","逻辑轴顺序；物理format未核验","逻辑轴顺序；物理format未核验","未评估候选","未评估候选","未评估候选","未核验","未实测","未实测","未实测","未实测","未核验","配置确认 + 数学推导；未核验完整调用链","https://huggingface.co/openbmb/MiniCPM3-RAG-LoRA/resolve/3ee34a2c7b518f2d9be23d7138a7d29300b240f8/config.json","未核验","未核验","未核验","未核验","https://huggingface.co/openbmb/MiniCPM3-RAG-LoRA/resolve/3ee34a2c7b518f2d9be23d7138a7d29300b240f8/config.json","文本decode/verify；B[1,16],S[1,8]；TP=1逻辑参考；","类型与位置待源码核验"
"root/layer_38","FFN_up","未核验","GEMM","[B,S,2560]","[B,S,6400]","B,S,T；其他轴见模型参数","B[1,16];S_verify[1,8];L_KV独立未知；TP=1","config=bfloat16；激活/累加类型未核验","未核验","逻辑轴顺序；物理format未核验","逻辑轴顺序；物理format未核验","未评估候选","未评估候选","未评估候选","未核验","未实测","未实测","未实测","未实测","未核验","配置确认 + 数学推导；未核验完整调用链","https://huggingface.co/openbmb/MiniCPM3-RAG-LoRA/resolve/3ee34a2c7b518f2d9be23d7138a7d29300b240f8/config.json","logical [6400,2560]","未核验","未核验","未核验","https://huggingface.co/openbmb/MiniCPM3-RAG-LoRA/resolve/3ee34a2c7b518f2d9be23d7138a7d29300b240f8/config.json","文本decode/verify；B[1,16],S[1,8]；TP=1逻辑参考；","Y=X@W^T"
"root/layer_38","FFN_activation_and_optional_gate","未核验","activation","[B,S,6400]","[B,S,6400]","B,S,T；其他轴见模型参数","B[1,16];S_verify[1,8];L_KV独立未知；TP=1","config=bfloat16；激活/累加类型未核验","未核验","逻辑轴顺序；物理format未核验","逻辑轴顺序；物理format未核验","未评估候选","未评估候选","未评估候选","未核验","未实测","未实测","未实测","未实测","未核验","配置确认 + 数学推导；未核验完整调用链","https://huggingface.co/openbmb/MiniCPM3-RAG-LoRA/resolve/3ee34a2c7b518f2d9be23d7138a7d29300b240f8/config.json","未核验","未核验","未核验","未核验","https://huggingface.co/openbmb/MiniCPM3-RAG-LoRA/resolve/3ee34a2c7b518f2d9be23d7138a7d29300b240f8/config.json","文本decode/verify；B[1,16],S[1,8]；TP=1逻辑参考；是否额外gate矩阵与门控分支维度需要实现；不能仅由silu推定完整SwiGLU","config.hidden_act=silu"
"root/layer_38","FFN_down","未核验","GEMM","[B,S,6400]","[B,S,2560]","B,S,T；其他轴见模型参数","B[1,16];S_verify[1,8];L_KV独立未知；TP=1","config=bfloat16；激活/累加类型未核验","未核验","逻辑轴顺序；物理format未核验","逻辑轴顺序；物理format未核验","未评估候选","未评估候选","未评估候选","未核验","未实测","未实测","未实测","未实测","未核验","配置确认 + 数学推导；未核验完整调用链","https://huggingface.co/openbmb/MiniCPM3-RAG-LoRA/resolve/3ee34a2c7b518f2d9be23d7138a7d29300b240f8/config.json","logical [2560,6400]","未核验","未核验","未核验","https://huggingface.co/openbmb/MiniCPM3-RAG-LoRA/resolve/3ee34a2c7b518f2d9be23d7138a7d29300b240f8/config.json","文本decode/verify；B[1,16],S[1,8]；TP=1逻辑参考；","Y=X@W^T"
"root/layer_38","FFN_residual","未核验","elementwise","[B,S,2560];[B,S,2560]","[B,S,2560]","B,S,T；其他轴见模型参数","B[1,16];S_verify[1,8];L_KV独立未知；TP=1","config=bfloat16；激活/累加类型未核验","未核验","逻辑轴顺序；物理format未核验","逻辑轴顺序；物理format未核验","未评估候选","未评估候选","未评估候选","未核验","未实测","未实测","未实测","未实测","未核验","配置确认 + 数学推导；未核验完整调用链","https://huggingface.co/openbmb/MiniCPM3-RAG-LoRA/resolve/3ee34a2c7b518f2d9be23d7138a7d29300b240f8/config.json","未核验","未核验","未核验","未核验","https://huggingface.co/openbmb/MiniCPM3-RAG-LoRA/resolve/3ee34a2c7b518f2d9be23d7138a7d29300b240f8/config.json","文本decode/verify；B[1,16],S[1,8]；TP=1逻辑参考；","Y=X+branch（参考，实际残差策略未核验）"
"root/layer_39","input_normalization","未核验","norm","[B,S,2560]","[B,S,2560]","B,S,T；其他轴见模型参数","B[1,16];S_verify[1,8];L_KV独立未知；TP=1","config=bfloat16；激活/累加类型未核验","未核验","逻辑轴顺序；物理format未核验","逻辑轴顺序；物理format未核验","未评估候选","未评估候选","未评估候选","未核验","未实测","未实测","未实测","未实测","未核验","配置确认 + 数学推导；未核验完整调用链","https://huggingface.co/openbmb/MiniCPM3-RAG-LoRA/resolve/3ee34a2c7b518f2d9be23d7138a7d29300b240f8/config.json","未核验","未核验","未核验","未核验","https://huggingface.co/openbmb/MiniCPM3-RAG-LoRA/resolve/3ee34a2c7b518f2d9be23d7138a7d29300b240f8/config.json","文本decode/verify；B[1,16],S[1,8]；TP=1逻辑参考；","归一化类型/先后顺序待实现核验"
"root/layer_39","q_a_projection","未核验","GEMM","[B,S,2560]","[B,S,768]","B,S,T；其他轴见模型参数","B[1,16];S_verify[1,8];L_KV独立未知；TP=1","config=bfloat16；激活/累加类型未核验","未核验","逻辑轴顺序；物理format未核验","逻辑轴顺序；物理format未核验","未评估候选","未评估候选","未评估候选","未核验","未实测","未实测","未实测","未实测","未核验","配置确认 + 数学推导；未核验完整调用链","https://huggingface.co/openbmb/MiniCPM3-RAG-LoRA/resolve/3ee34a2c7b518f2d9be23d7138a7d29300b240f8/config.json","logical [768,2560]","未核验","未核验","未核验","https://huggingface.co/openbmb/MiniCPM3-RAG-LoRA/resolve/3ee34a2c7b518f2d9be23d7138a7d29300b240f8/config.json","文本decode/verify；B[1,16],S[1,8]；TP=1逻辑参考；","Y=X@W^T"
"root/layer_39","q_b_projection","未核验","GEMM","[B,S,768]","[B,S,3840]","B,S,T；其他轴见模型参数","B[1,16];S_verify[1,8];L_KV独立未知；TP=1","config=bfloat16；激活/累加类型未核验","未核验","逻辑轴顺序；物理format未核验","逻辑轴顺序；物理format未核验","未评估候选","未评估候选","未评估候选","未核验","未实测","未实测","未实测","未实测","未核验","配置确认 + 数学推导；未核验完整调用链","https://huggingface.co/openbmb/MiniCPM3-RAG-LoRA/resolve/3ee34a2c7b518f2d9be23d7138a7d29300b240f8/config.json","logical [3840,768]","未核验","未核验","未核验","https://huggingface.co/openbmb/MiniCPM3-RAG-LoRA/resolve/3ee34a2c7b518f2d9be23d7138a7d29300b240f8/config.json","文本decode/verify；B[1,16],S[1,8]；TP=1逻辑参考；","Q_width=heads*(qk_nope+qk_rope)"
"root/layer_39","kv_compression","未核验","GEMM","[B,S,2560]","[B,S,288]","B,S,T；其他轴见模型参数","B[1,16];S_verify[1,8];L_KV独立未知；TP=1","config=bfloat16；激活/累加类型未核验","未核验","逻辑轴顺序；物理format未核验","逻辑轴顺序；物理format未核验","未评估候选","未评估候选","未评估候选","未核验","未实测","未实测","未实测","未实测","未核验","配置确认 + 数学推导；未核验完整调用链","https://huggingface.co/openbmb/MiniCPM3-RAG-LoRA/resolve/3ee34a2c7b518f2d9be23d7138a7d29300b240f8/config.json","logical [288,2560]","未核验","未核验","未核验","https://huggingface.co/openbmb/MiniCPM3-RAG-LoRA/resolve/3ee34a2c7b518f2d9be23d7138a7d29300b240f8/config.json","文本decode/verify；B[1,16],S[1,8]；TP=1逻辑参考；","KV_width=kv_lora_rank+qk_rope_head_dim"
"root/layer_39","MLA_cache_and_attention","未核验","MLA","Q:[B,S,40,96];KVc:[B,L_KV,256]","[B,S,2560]","B,S,T；其他轴见模型参数","B[1,16];S_verify[1,8];L_KV独立未知；TP=1","config=bfloat16；激活/累加类型未核验","未核验","逻辑轴顺序；物理format未核验","逻辑轴顺序；物理format未核验","未评估候选","未评估候选","未评估候选","未核验","未实测","未实测","未实测","未实测","未核验","配置确认 + 数学推导；未核验完整调用链","https://huggingface.co/openbmb/MiniCPM3-RAG-LoRA/resolve/3ee34a2c7b518f2d9be23d7138a7d29300b240f8/config.json","未核验","未核验","未核验","未核验","https://huggingface.co/openbmb/MiniCPM3-RAG-LoRA/resolve/3ee34a2c7b518f2d9be23d7138a7d29300b240f8/config.json","文本decode/verify；B[1,16],S[1,8]；TP=1逻辑参考；","KV展开/吸收、value维度、cache布局待实现核验"
"root/layer_39","attention_residual","未核验","elementwise","[B,S,2560];[B,S,2560]","[B,S,2560]","B,S,T；其他轴见模型参数","B[1,16];S_verify[1,8];L_KV独立未知；TP=1","config=bfloat16；激活/累加类型未核验","未核验","逻辑轴顺序；物理format未核验","逻辑轴顺序；物理format未核验","未评估候选","未评估候选","未评估候选","未核验","未实测","未实测","未实测","未实测","未核验","配置确认 + 数学推导；未核验完整调用链","https://huggingface.co/openbmb/MiniCPM3-RAG-LoRA/resolve/3ee34a2c7b518f2d9be23d7138a7d29300b240f8/config.json","未核验","未核验","未核验","未核验","https://huggingface.co/openbmb/MiniCPM3-RAG-LoRA/resolve/3ee34a2c7b518f2d9be23d7138a7d29300b240f8/config.json","文本decode/verify；B[1,16],S[1,8]；TP=1逻辑参考；","Y=X+branch（参考，实际残差策略未核验）"
"root/layer_39","post_attention_normalization","未核验","norm","[B,S,2560]","[B,S,2560]","B,S,T；其他轴见模型参数","B[1,16];S_verify[1,8];L_KV独立未知；TP=1","config=bfloat16；激活/累加类型未核验","未核验","逻辑轴顺序；物理format未核验","逻辑轴顺序；物理format未核验","未评估候选","未评估候选","未评估候选","未核验","未实测","未实测","未实测","未实测","未核验","配置确认 + 数学推导；未核验完整调用链","https://huggingface.co/openbmb/MiniCPM3-RAG-LoRA/resolve/3ee34a2c7b518f2d9be23d7138a7d29300b240f8/config.json","未核验","未核验","未核验","未核验","https://huggingface.co/openbmb/MiniCPM3-RAG-LoRA/resolve/3ee34a2c7b518f2d9be23d7138a7d29300b240f8/config.json","文本decode/verify；B[1,16],S[1,8]；TP=1逻辑参考；","类型与位置待源码核验"
"root/layer_39","FFN_up","未核验","GEMM","[B,S,2560]","[B,S,6400]","B,S,T；其他轴见模型参数","B[1,16];S_verify[1,8];L_KV独立未知；TP=1","config=bfloat16；激活/累加类型未核验","未核验","逻辑轴顺序；物理format未核验","逻辑轴顺序；物理format未核验","未评估候选","未评估候选","未评估候选","未核验","未实测","未实测","未实测","未实测","未核验","配置确认 + 数学推导；未核验完整调用链","https://huggingface.co/openbmb/MiniCPM3-RAG-LoRA/resolve/3ee34a2c7b518f2d9be23d7138a7d29300b240f8/config.json","logical [6400,2560]","未核验","未核验","未核验","https://huggingface.co/openbmb/MiniCPM3-RAG-LoRA/resolve/3ee34a2c7b518f2d9be23d7138a7d29300b240f8/config.json","文本decode/verify；B[1,16],S[1,8]；TP=1逻辑参考；","Y=X@W^T"
"root/layer_39","FFN_activation_and_optional_gate","未核验","activation","[B,S,6400]","[B,S,6400]","B,S,T；其他轴见模型参数","B[1,16];S_verify[1,8];L_KV独立未知；TP=1","config=bfloat16；激活/累加类型未核验","未核验","逻辑轴顺序；物理format未核验","逻辑轴顺序；物理format未核验","未评估候选","未评估候选","未评估候选","未核验","未实测","未实测","未实测","未实测","未核验","配置确认 + 数学推导；未核验完整调用链","https://huggingface.co/openbmb/MiniCPM3-RAG-LoRA/resolve/3ee34a2c7b518f2d9be23d7138a7d29300b240f8/config.json","未核验","未核验","未核验","未核验","https://huggingface.co/openbmb/MiniCPM3-RAG-LoRA/resolve/3ee34a2c7b518f2d9be23d7138a7d29300b240f8/config.json","文本decode/verify；B[1,16],S[1,8]；TP=1逻辑参考；是否额外gate矩阵与门控分支维度需要实现；不能仅由silu推定完整SwiGLU","config.hidden_act=silu"
"root/layer_39","FFN_down","未核验","GEMM","[B,S,6400]","[B,S,2560]","B,S,T；其他轴见模型参数","B[1,16];S_verify[1,8];L_KV独立未知；TP=1","config=bfloat16；激活/累加类型未核验","未核验","逻辑轴顺序；物理format未核验","逻辑轴顺序；物理format未核验","未评估候选","未评估候选","未评估候选","未核验","未实测","未实测","未实测","未实测","未核验","配置确认 + 数学推导；未核验完整调用链","https://huggingface.co/openbmb/MiniCPM3-RAG-LoRA/resolve/3ee34a2c7b518f2d9be23d7138a7d29300b240f8/config.json","logical [2560,6400]","未核验","未核验","未核验","https://huggingface.co/openbmb/MiniCPM3-RAG-LoRA/resolve/3ee34a2c7b518f2d9be23d7138a7d29300b240f8/config.json","文本decode/verify；B[1,16],S[1,8]；TP=1逻辑参考；","Y=X@W^T"
"root/layer_39","FFN_residual","未核验","elementwise","[B,S,2560];[B,S,2560]","[B,S,2560]","B,S,T；其他轴见模型参数","B[1,16];S_verify[1,8];L_KV独立未知；TP=1","config=bfloat16；激活/累加类型未核验","未核验","逻辑轴顺序；物理format未核验","逻辑轴顺序；物理format未核验","未评估候选","未评估候选","未评估候选","未核验","未实测","未实测","未实测","未实测","未核验","配置确认 + 数学推导；未核验完整调用链","https://huggingface.co/openbmb/MiniCPM3-RAG-LoRA/resolve/3ee34a2c7b518f2d9be23d7138a7d29300b240f8/config.json","未核验","未核验","未核验","未核验","https://huggingface.co/openbmb/MiniCPM3-RAG-LoRA/resolve/3ee34a2c7b518f2d9be23d7138a7d29300b240f8/config.json","文本decode/verify；B[1,16],S[1,8]；TP=1逻辑参考；","Y=X+branch（参考，实际残差策略未核验）"
"root/layer_40","input_normalization","未核验","norm","[B,S,2560]","[B,S,2560]","B,S,T；其他轴见模型参数","B[1,16];S_verify[1,8];L_KV独立未知；TP=1","config=bfloat16；激活/累加类型未核验","未核验","逻辑轴顺序；物理format未核验","逻辑轴顺序；物理format未核验","未评估候选","未评估候选","未评估候选","未核验","未实测","未实测","未实测","未实测","未核验","配置确认 + 数学推导；未核验完整调用链","https://huggingface.co/openbmb/MiniCPM3-RAG-LoRA/resolve/3ee34a2c7b518f2d9be23d7138a7d29300b240f8/config.json","未核验","未核验","未核验","未核验","https://huggingface.co/openbmb/MiniCPM3-RAG-LoRA/resolve/3ee34a2c7b518f2d9be23d7138a7d29300b240f8/config.json","文本decode/verify；B[1,16],S[1,8]；TP=1逻辑参考；","归一化类型/先后顺序待实现核验"
"root/layer_40","q_a_projection","未核验","GEMM","[B,S,2560]","[B,S,768]","B,S,T；其他轴见模型参数","B[1,16];S_verify[1,8];L_KV独立未知；TP=1","config=bfloat16；激活/累加类型未核验","未核验","逻辑轴顺序；物理format未核验","逻辑轴顺序；物理format未核验","未评估候选","未评估候选","未评估候选","未核验","未实测","未实测","未实测","未实测","未核验","配置确认 + 数学推导；未核验完整调用链","https://huggingface.co/openbmb/MiniCPM3-RAG-LoRA/resolve/3ee34a2c7b518f2d9be23d7138a7d29300b240f8/config.json","logical [768,2560]","未核验","未核验","未核验","https://huggingface.co/openbmb/MiniCPM3-RAG-LoRA/resolve/3ee34a2c7b518f2d9be23d7138a7d29300b240f8/config.json","文本decode/verify；B[1,16],S[1,8]；TP=1逻辑参考；","Y=X@W^T"
"root/layer_40","q_b_projection","未核验","GEMM","[B,S,768]","[B,S,3840]","B,S,T；其他轴见模型参数","B[1,16];S_verify[1,8];L_KV独立未知；TP=1","config=bfloat16；激活/累加类型未核验","未核验","逻辑轴顺序；物理format未核验","逻辑轴顺序；物理format未核验","未评估候选","未评估候选","未评估候选","未核验","未实测","未实测","未实测","未实测","未核验","配置确认 + 数学推导；未核验完整调用链","https://huggingface.co/openbmb/MiniCPM3-RAG-LoRA/resolve/3ee34a2c7b518f2d9be23d7138a7d29300b240f8/config.json","logical [3840,768]","未核验","未核验","未核验","https://huggingface.co/openbmb/MiniCPM3-RAG-LoRA/resolve/3ee34a2c7b518f2d9be23d7138a7d29300b240f8/config.json","文本decode/verify；B[1,16],S[1,8]；TP=1逻辑参考；","Q_width=heads*(qk_nope+qk_rope)"
"root/layer_40","kv_compression","未核验","GEMM","[B,S,2560]","[B,S,288]","B,S,T；其他轴见模型参数","B[1,16];S_verify[1,8];L_KV独立未知；TP=1","config=bfloat16；激活/累加类型未核验","未核验","逻辑轴顺序；物理format未核验","逻辑轴顺序；物理format未核验","未评估候选","未评估候选","未评估候选","未核验","未实测","未实测","未实测","未实测","未核验","配置确认 + 数学推导；未核验完整调用链","https://huggingface.co/openbmb/MiniCPM3-RAG-LoRA/resolve/3ee34a2c7b518f2d9be23d7138a7d29300b240f8/config.json","logical [288,2560]","未核验","未核验","未核验","https://huggingface.co/openbmb/MiniCPM3-RAG-LoRA/resolve/3ee34a2c7b518f2d9be23d7138a7d29300b240f8/config.json","文本decode/verify；B[1,16],S[1,8]；TP=1逻辑参考；","KV_width=kv_lora_rank+qk_rope_head_dim"
"root/layer_40","MLA_cache_and_attention","未核验","MLA","Q:[B,S,40,96];KVc:[B,L_KV,256]","[B,S,2560]","B,S,T；其他轴见模型参数","B[1,16];S_verify[1,8];L_KV独立未知；TP=1","config=bfloat16；激活/累加类型未核验","未核验","逻辑轴顺序；物理format未核验","逻辑轴顺序；物理format未核验","未评估候选","未评估候选","未评估候选","未核验","未实测","未实测","未实测","未实测","未核验","配置确认 + 数学推导；未核验完整调用链","https://huggingface.co/openbmb/MiniCPM3-RAG-LoRA/resolve/3ee34a2c7b518f2d9be23d7138a7d29300b240f8/config.json","未核验","未核验","未核验","未核验","https://huggingface.co/openbmb/MiniCPM3-RAG-LoRA/resolve/3ee34a2c7b518f2d9be23d7138a7d29300b240f8/config.json","文本decode/verify；B[1,16],S[1,8]；TP=1逻辑参考；","KV展开/吸收、value维度、cache布局待实现核验"
"root/layer_40","attention_residual","未核验","elementwise","[B,S,2560];[B,S,2560]","[B,S,2560]","B,S,T；其他轴见模型参数","B[1,16];S_verify[1,8];L_KV独立未知；TP=1","config=bfloat16；激活/累加类型未核验","未核验","逻辑轴顺序；物理format未核验","逻辑轴顺序；物理format未核验","未评估候选","未评估候选","未评估候选","未核验","未实测","未实测","未实测","未实测","未核验","配置确认 + 数学推导；未核验完整调用链","https://huggingface.co/openbmb/MiniCPM3-RAG-LoRA/resolve/3ee34a2c7b518f2d9be23d7138a7d29300b240f8/config.json","未核验","未核验","未核验","未核验","https://huggingface.co/openbmb/MiniCPM3-RAG-LoRA/resolve/3ee34a2c7b518f2d9be23d7138a7d29300b240f8/config.json","文本decode/verify；B[1,16],S[1,8]；TP=1逻辑参考；","Y=X+branch（参考，实际残差策略未核验）"
"root/layer_40","post_attention_normalization","未核验","norm","[B,S,2560]","[B,S,2560]","B,S,T；其他轴见模型参数","B[1,16];S_verify[1,8];L_KV独立未知；TP=1","config=bfloat16；激活/累加类型未核验","未核验","逻辑轴顺序；物理format未核验","逻辑轴顺序；物理format未核验","未评估候选","未评估候选","未评估候选","未核验","未实测","未实测","未实测","未实测","未核验","配置确认 + 数学推导；未核验完整调用链","https://huggingface.co/openbmb/MiniCPM3-RAG-LoRA/resolve/3ee34a2c7b518f2d9be23d7138a7d29300b240f8/config.json","未核验","未核验","未核验","未核验","https://huggingface.co/openbmb/MiniCPM3-RAG-LoRA/resolve/3ee34a2c7b518f2d9be23d7138a7d29300b240f8/config.json","文本decode/verify；B[1,16],S[1,8]；TP=1逻辑参考；","类型与位置待源码核验"
"root/layer_40","FFN_up","未核验","GEMM","[B,S,2560]","[B,S,6400]","B,S,T；其他轴见模型参数","B[1,16];S_verify[1,8];L_KV独立未知；TP=1","config=bfloat16；激活/累加类型未核验","未核验","逻辑轴顺序；物理format未核验","逻辑轴顺序；物理format未核验","未评估候选","未评估候选","未评估候选","未核验","未实测","未实测","未实测","未实测","未核验","配置确认 + 数学推导；未核验完整调用链","https://huggingface.co/openbmb/MiniCPM3-RAG-LoRA/resolve/3ee34a2c7b518f2d9be23d7138a7d29300b240f8/config.json","logical [6400,2560]","未核验","未核验","未核验","https://huggingface.co/openbmb/MiniCPM3-RAG-LoRA/resolve/3ee34a2c7b518f2d9be23d7138a7d29300b240f8/config.json","文本decode/verify；B[1,16],S[1,8]；TP=1逻辑参考；","Y=X@W^T"
"root/layer_40","FFN_activation_and_optional_gate","未核验","activation","[B,S,6400]","[B,S,6400]","B,S,T；其他轴见模型参数","B[1,16];S_verify[1,8];L_KV独立未知；TP=1","config=bfloat16；激活/累加类型未核验","未核验","逻辑轴顺序；物理format未核验","逻辑轴顺序；物理format未核验","未评估候选","未评估候选","未评估候选","未核验","未实测","未实测","未实测","未实测","未核验","配置确认 + 数学推导；未核验完整调用链","https://huggingface.co/openbmb/MiniCPM3-RAG-LoRA/resolve/3ee34a2c7b518f2d9be23d7138a7d29300b240f8/config.json","未核验","未核验","未核验","未核验","https://huggingface.co/openbmb/MiniCPM3-RAG-LoRA/resolve/3ee34a2c7b518f2d9be23d7138a7d29300b240f8/config.json","文本decode/verify；B[1,16],S[1,8]；TP=1逻辑参考；是否额外gate矩阵与门控分支维度需要实现；不能仅由silu推定完整SwiGLU","config.hidden_act=silu"
"root/layer_40","FFN_down","未核验","GEMM","[B,S,6400]","[B,S,2560]","B,S,T；其他轴见模型参数","B[1,16];S_verify[1,8];L_KV独立未知；TP=1","config=bfloat16；激活/累加类型未核验","未核验","逻辑轴顺序；物理format未核验","逻辑轴顺序；物理format未核验","未评估候选","未评估候选","未评估候选","未核验","未实测","未实测","未实测","未实测","未核验","配置确认 + 数学推导；未核验完整调用链","https://huggingface.co/openbmb/MiniCPM3-RAG-LoRA/resolve/3ee34a2c7b518f2d9be23d7138a7d29300b240f8/config.json","logical [2560,6400]","未核验","未核验","未核验","https://huggingface.co/openbmb/MiniCPM3-RAG-LoRA/resolve/3ee34a2c7b518f2d9be23d7138a7d29300b240f8/config.json","文本decode/verify；B[1,16],S[1,8]；TP=1逻辑参考；","Y=X@W^T"
"root/layer_40","FFN_residual","未核验","elementwise","[B,S,2560];[B,S,2560]","[B,S,2560]","B,S,T；其他轴见模型参数","B[1,16];S_verify[1,8];L_KV独立未知；TP=1","config=bfloat16；激活/累加类型未核验","未核验","逻辑轴顺序；物理format未核验","逻辑轴顺序；物理format未核验","未评估候选","未评估候选","未评估候选","未核验","未实测","未实测","未实测","未实测","未核验","配置确认 + 数学推导；未核验完整调用链","https://huggingface.co/openbmb/MiniCPM3-RAG-LoRA/resolve/3ee34a2c7b518f2d9be23d7138a7d29300b240f8/config.json","未核验","未核验","未核验","未核验","https://huggingface.co/openbmb/MiniCPM3-RAG-LoRA/resolve/3ee34a2c7b518f2d9be23d7138a7d29300b240f8/config.json","文本decode/verify；B[1,16],S[1,8]；TP=1逻辑参考；","Y=X+branch（参考，实际残差策略未核验）"
"root/layer_41","input_normalization","未核验","norm","[B,S,2560]","[B,S,2560]","B,S,T；其他轴见模型参数","B[1,16];S_verify[1,8];L_KV独立未知；TP=1","config=bfloat16；激活/累加类型未核验","未核验","逻辑轴顺序；物理format未核验","逻辑轴顺序；物理format未核验","未评估候选","未评估候选","未评估候选","未核验","未实测","未实测","未实测","未实测","未核验","配置确认 + 数学推导；未核验完整调用链","https://huggingface.co/openbmb/MiniCPM3-RAG-LoRA/resolve/3ee34a2c7b518f2d9be23d7138a7d29300b240f8/config.json","未核验","未核验","未核验","未核验","https://huggingface.co/openbmb/MiniCPM3-RAG-LoRA/resolve/3ee34a2c7b518f2d9be23d7138a7d29300b240f8/config.json","文本decode/verify；B[1,16],S[1,8]；TP=1逻辑参考；","归一化类型/先后顺序待实现核验"
"root/layer_41","q_a_projection","未核验","GEMM","[B,S,2560]","[B,S,768]","B,S,T；其他轴见模型参数","B[1,16];S_verify[1,8];L_KV独立未知；TP=1","config=bfloat16；激活/累加类型未核验","未核验","逻辑轴顺序；物理format未核验","逻辑轴顺序；物理format未核验","未评估候选","未评估候选","未评估候选","未核验","未实测","未实测","未实测","未实测","未核验","配置确认 + 数学推导；未核验完整调用链","https://huggingface.co/openbmb/MiniCPM3-RAG-LoRA/resolve/3ee34a2c7b518f2d9be23d7138a7d29300b240f8/config.json","logical [768,2560]","未核验","未核验","未核验","https://huggingface.co/openbmb/MiniCPM3-RAG-LoRA/resolve/3ee34a2c7b518f2d9be23d7138a7d29300b240f8/config.json","文本decode/verify；B[1,16],S[1,8]；TP=1逻辑参考；","Y=X@W^T"
"root/layer_41","q_b_projection","未核验","GEMM","[B,S,768]","[B,S,3840]","B,S,T；其他轴见模型参数","B[1,16];S_verify[1,8];L_KV独立未知；TP=1","config=bfloat16；激活/累加类型未核验","未核验","逻辑轴顺序；物理format未核验","逻辑轴顺序；物理format未核验","未评估候选","未评估候选","未评估候选","未核验","未实测","未实测","未实测","未实测","未核验","配置确认 + 数学推导；未核验完整调用链","https://huggingface.co/openbmb/MiniCPM3-RAG-LoRA/resolve/3ee34a2c7b518f2d9be23d7138a7d29300b240f8/config.json","logical [3840,768]","未核验","未核验","未核验","https://huggingface.co/openbmb/MiniCPM3-RAG-LoRA/resolve/3ee34a2c7b518f2d9be23d7138a7d29300b240f8/config.json","文本decode/verify；B[1,16],S[1,8]；TP=1逻辑参考；","Q_width=heads*(qk_nope+qk_rope)"
"root/layer_41","kv_compression","未核验","GEMM","[B,S,2560]","[B,S,288]","B,S,T；其他轴见模型参数","B[1,16];S_verify[1,8];L_KV独立未知；TP=1","config=bfloat16；激活/累加类型未核验","未核验","逻辑轴顺序；物理format未核验","逻辑轴顺序；物理format未核验","未评估候选","未评估候选","未评估候选","未核验","未实测","未实测","未实测","未实测","未核验","配置确认 + 数学推导；未核验完整调用链","https://huggingface.co/openbmb/MiniCPM3-RAG-LoRA/resolve/3ee34a2c7b518f2d9be23d7138a7d29300b240f8/config.json","logical [288,2560]","未核验","未核验","未核验","https://huggingface.co/openbmb/MiniCPM3-RAG-LoRA/resolve/3ee34a2c7b518f2d9be23d7138a7d29300b240f8/config.json","文本decode/verify；B[1,16],S[1,8]；TP=1逻辑参考；","KV_width=kv_lora_rank+qk_rope_head_dim"
"root/layer_41","MLA_cache_and_attention","未核验","MLA","Q:[B,S,40,96];KVc:[B,L_KV,256]","[B,S,2560]","B,S,T；其他轴见模型参数","B[1,16];S_verify[1,8];L_KV独立未知；TP=1","config=bfloat16；激活/累加类型未核验","未核验","逻辑轴顺序；物理format未核验","逻辑轴顺序；物理format未核验","未评估候选","未评估候选","未评估候选","未核验","未实测","未实测","未实测","未实测","未核验","配置确认 + 数学推导；未核验完整调用链","https://huggingface.co/openbmb/MiniCPM3-RAG-LoRA/resolve/3ee34a2c7b518f2d9be23d7138a7d29300b240f8/config.json","未核验","未核验","未核验","未核验","https://huggingface.co/openbmb/MiniCPM3-RAG-LoRA/resolve/3ee34a2c7b518f2d9be23d7138a7d29300b240f8/config.json","文本decode/verify；B[1,16],S[1,8]；TP=1逻辑参考；","KV展开/吸收、value维度、cache布局待实现核验"
"root/layer_41","attention_residual","未核验","elementwise","[B,S,2560];[B,S,2560]","[B,S,2560]","B,S,T；其他轴见模型参数","B[1,16];S_verify[1,8];L_KV独立未知；TP=1","config=bfloat16；激活/累加类型未核验","未核验","逻辑轴顺序；物理format未核验","逻辑轴顺序；物理format未核验","未评估候选","未评估候选","未评估候选","未核验","未实测","未实测","未实测","未实测","未核验","配置确认 + 数学推导；未核验完整调用链","https://huggingface.co/openbmb/MiniCPM3-RAG-LoRA/resolve/3ee34a2c7b518f2d9be23d7138a7d29300b240f8/config.json","未核验","未核验","未核验","未核验","https://huggingface.co/openbmb/MiniCPM3-RAG-LoRA/resolve/3ee34a2c7b518f2d9be23d7138a7d29300b240f8/config.json","文本decode/verify；B[1,16],S[1,8]；TP=1逻辑参考；","Y=X+branch（参考，实际残差策略未核验）"
"root/layer_41","post_attention_normalization","未核验","norm","[B,S,2560]","[B,S,2560]","B,S,T；其他轴见模型参数","B[1,16];S_verify[1,8];L_KV独立未知；TP=1","config=bfloat16；激活/累加类型未核验","未核验","逻辑轴顺序；物理format未核验","逻辑轴顺序；物理format未核验","未评估候选","未评估候选","未评估候选","未核验","未实测","未实测","未实测","未实测","未核验","配置确认 + 数学推导；未核验完整调用链","https://huggingface.co/openbmb/MiniCPM3-RAG-LoRA/resolve/3ee34a2c7b518f2d9be23d7138a7d29300b240f8/config.json","未核验","未核验","未核验","未核验","https://huggingface.co/openbmb/MiniCPM3-RAG-LoRA/resolve/3ee34a2c7b518f2d9be23d7138a7d29300b240f8/config.json","文本decode/verify；B[1,16],S[1,8]；TP=1逻辑参考；","类型与位置待源码核验"
"root/layer_41","FFN_up","未核验","GEMM","[B,S,2560]","[B,S,6400]","B,S,T；其他轴见模型参数","B[1,16];S_verify[1,8];L_KV独立未知；TP=1","config=bfloat16；激活/累加类型未核验","未核验","逻辑轴顺序；物理format未核验","逻辑轴顺序；物理format未核验","未评估候选","未评估候选","未评估候选","未核验","未实测","未实测","未实测","未实测","未核验","配置确认 + 数学推导；未核验完整调用链","https://huggingface.co/openbmb/MiniCPM3-RAG-LoRA/resolve/3ee34a2c7b518f2d9be23d7138a7d29300b240f8/config.json","logical [6400,2560]","未核验","未核验","未核验","https://huggingface.co/openbmb/MiniCPM3-RAG-LoRA/resolve/3ee34a2c7b518f2d9be23d7138a7d29300b240f8/config.json","文本decode/verify；B[1,16],S[1,8]；TP=1逻辑参考；","Y=X@W^T"
"root/layer_41","FFN_activation_and_optional_gate","未核验","activation","[B,S,6400]","[B,S,6400]","B,S,T；其他轴见模型参数","B[1,16];S_verify[1,8];L_KV独立未知；TP=1","config=bfloat16；激活/累加类型未核验","未核验","逻辑轴顺序；物理format未核验","逻辑轴顺序；物理format未核验","未评估候选","未评估候选","未评估候选","未核验","未实测","未实测","未实测","未实测","未核验","配置确认 + 数学推导；未核验完整调用链","https://huggingface.co/openbmb/MiniCPM3-RAG-LoRA/resolve/3ee34a2c7b518f2d9be23d7138a7d29300b240f8/config.json","未核验","未核验","未核验","未核验","https://huggingface.co/openbmb/MiniCPM3-RAG-LoRA/resolve/3ee34a2c7b518f2d9be23d7138a7d29300b240f8/config.json","文本decode/verify；B[1,16],S[1,8]；TP=1逻辑参考；是否额外gate矩阵与门控分支维度需要实现；不能仅由silu推定完整SwiGLU","config.hidden_act=silu"
"root/layer_41","FFN_down","未核验","GEMM","[B,S,6400]","[B,S,2560]","B,S,T；其他轴见模型参数","B[1,16];S_verify[1,8];L_KV独立未知；TP=1","config=bfloat16；激活/累加类型未核验","未核验","逻辑轴顺序；物理format未核验","逻辑轴顺序；物理format未核验","未评估候选","未评估候选","未评估候选","未核验","未实测","未实测","未实测","未实测","未核验","配置确认 + 数学推导；未核验完整调用链","https://huggingface.co/openbmb/MiniCPM3-RAG-LoRA/resolve/3ee34a2c7b518f2d9be23d7138a7d29300b240f8/config.json","logical [2560,6400]","未核验","未核验","未核验","https://huggingface.co/openbmb/MiniCPM3-RAG-LoRA/resolve/3ee34a2c7b518f2d9be23d7138a7d29300b240f8/config.json","文本decode/verify；B[1,16],S[1,8]；TP=1逻辑参考；","Y=X@W^T"
"root/layer_41","FFN_residual","未核验","elementwise","[B,S,2560];[B,S,2560]","[B,S,2560]","B,S,T；其他轴见模型参数","B[1,16];S_verify[1,8];L_KV独立未知；TP=1","config=bfloat16；激活/累加类型未核验","未核验","逻辑轴顺序；物理format未核验","逻辑轴顺序；物理format未核验","未评估候选","未评估候选","未评估候选","未核验","未实测","未实测","未实测","未实测","未核验","配置确认 + 数学推导；未核验完整调用链","https://huggingface.co/openbmb/MiniCPM3-RAG-LoRA/resolve/3ee34a2c7b518f2d9be23d7138a7d29300b240f8/config.json","未核验","未核验","未核验","未核验","https://huggingface.co/openbmb/MiniCPM3-RAG-LoRA/resolve/3ee34a2c7b518f2d9be23d7138a7d29300b240f8/config.json","文本decode/verify；B[1,16],S[1,8]；TP=1逻辑参考；","Y=X+branch（参考，实际残差策略未核验）"
"root/layer_42","input_normalization","未核验","norm","[B,S,2560]","[B,S,2560]","B,S,T；其他轴见模型参数","B[1,16];S_verify[1,8];L_KV独立未知；TP=1","config=bfloat16；激活/累加类型未核验","未核验","逻辑轴顺序；物理format未核验","逻辑轴顺序；物理format未核验","未评估候选","未评估候选","未评估候选","未核验","未实测","未实测","未实测","未实测","未核验","配置确认 + 数学推导；未核验完整调用链","https://huggingface.co/openbmb/MiniCPM3-RAG-LoRA/resolve/3ee34a2c7b518f2d9be23d7138a7d29300b240f8/config.json","未核验","未核验","未核验","未核验","https://huggingface.co/openbmb/MiniCPM3-RAG-LoRA/resolve/3ee34a2c7b518f2d9be23d7138a7d29300b240f8/config.json","文本decode/verify；B[1,16],S[1,8]；TP=1逻辑参考；","归一化类型/先后顺序待实现核验"
"root/layer_42","q_a_projection","未核验","GEMM","[B,S,2560]","[B,S,768]","B,S,T；其他轴见模型参数","B[1,16];S_verify[1,8];L_KV独立未知；TP=1","config=bfloat16；激活/累加类型未核验","未核验","逻辑轴顺序；物理format未核验","逻辑轴顺序；物理format未核验","未评估候选","未评估候选","未评估候选","未核验","未实测","未实测","未实测","未实测","未核验","配置确认 + 数学推导；未核验完整调用链","https://huggingface.co/openbmb/MiniCPM3-RAG-LoRA/resolve/3ee34a2c7b518f2d9be23d7138a7d29300b240f8/config.json","logical [768,2560]","未核验","未核验","未核验","https://huggingface.co/openbmb/MiniCPM3-RAG-LoRA/resolve/3ee34a2c7b518f2d9be23d7138a7d29300b240f8/config.json","文本decode/verify；B[1,16],S[1,8]；TP=1逻辑参考；","Y=X@W^T"
"root/layer_42","q_b_projection","未核验","GEMM","[B,S,768]","[B,S,3840]","B,S,T；其他轴见模型参数","B[1,16];S_verify[1,8];L_KV独立未知；TP=1","config=bfloat16；激活/累加类型未核验","未核验","逻辑轴顺序；物理format未核验","逻辑轴顺序；物理format未核验","未评估候选","未评估候选","未评估候选","未核验","未实测","未实测","未实测","未实测","未核验","配置确认 + 数学推导；未核验完整调用链","https://huggingface.co/openbmb/MiniCPM3-RAG-LoRA/resolve/3ee34a2c7b518f2d9be23d7138a7d29300b240f8/config.json","logical [3840,768]","未核验","未核验","未核验","https://huggingface.co/openbmb/MiniCPM3-RAG-LoRA/resolve/3ee34a2c7b518f2d9be23d7138a7d29300b240f8/config.json","文本decode/verify；B[1,16],S[1,8]；TP=1逻辑参考；","Q_width=heads*(qk_nope+qk_rope)"
"root/layer_42","kv_compression","未核验","GEMM","[B,S,2560]","[B,S,288]","B,S,T；其他轴见模型参数","B[1,16];S_verify[1,8];L_KV独立未知；TP=1","config=bfloat16；激活/累加类型未核验","未核验","逻辑轴顺序；物理format未核验","逻辑轴顺序；物理format未核验","未评估候选","未评估候选","未评估候选","未核验","未实测","未实测","未实测","未实测","未核验","配置确认 + 数学推导；未核验完整调用链","https://huggingface.co/openbmb/MiniCPM3-RAG-LoRA/resolve/3ee34a2c7b518f2d9be23d7138a7d29300b240f8/config.json","logical [288,2560]","未核验","未核验","未核验","https://huggingface.co/openbmb/MiniCPM3-RAG-LoRA/resolve/3ee34a2c7b518f2d9be23d7138a7d29300b240f8/config.json","文本decode/verify；B[1,16],S[1,8]；TP=1逻辑参考；","KV_width=kv_lora_rank+qk_rope_head_dim"
"root/layer_42","MLA_cache_and_attention","未核验","MLA","Q:[B,S,40,96];KVc:[B,L_KV,256]","[B,S,2560]","B,S,T；其他轴见模型参数","B[1,16];S_verify[1,8];L_KV独立未知；TP=1","config=bfloat16；激活/累加类型未核验","未核验","逻辑轴顺序；物理format未核验","逻辑轴顺序；物理format未核验","未评估候选","未评估候选","未评估候选","未核验","未实测","未实测","未实测","未实测","未核验","配置确认 + 数学推导；未核验完整调用链","https://huggingface.co/openbmb/MiniCPM3-RAG-LoRA/resolve/3ee34a2c7b518f2d9be23d7138a7d29300b240f8/config.json","未核验","未核验","未核验","未核验","https://huggingface.co/openbmb/MiniCPM3-RAG-LoRA/resolve/3ee34a2c7b518f2d9be23d7138a7d29300b240f8/config.json","文本decode/verify；B[1,16],S[1,8]；TP=1逻辑参考；","KV展开/吸收、value维度、cache布局待实现核验"
"root/layer_42","attention_residual","未核验","elementwise","[B,S,2560];[B,S,2560]","[B,S,2560]","B,S,T；其他轴见模型参数","B[1,16];S_verify[1,8];L_KV独立未知；TP=1","config=bfloat16；激活/累加类型未核验","未核验","逻辑轴顺序；物理format未核验","逻辑轴顺序；物理format未核验","未评估候选","未评估候选","未评估候选","未核验","未实测","未实测","未实测","未实测","未核验","配置确认 + 数学推导；未核验完整调用链","https://huggingface.co/openbmb/MiniCPM3-RAG-LoRA/resolve/3ee34a2c7b518f2d9be23d7138a7d29300b240f8/config.json","未核验","未核验","未核验","未核验","https://huggingface.co/openbmb/MiniCPM3-RAG-LoRA/resolve/3ee34a2c7b518f2d9be23d7138a7d29300b240f8/config.json","文本decode/verify；B[1,16],S[1,8]；TP=1逻辑参考；","Y=X+branch（参考，实际残差策略未核验）"
"root/layer_42","post_attention_normalization","未核验","norm","[B,S,2560]","[B,S,2560]","B,S,T；其他轴见模型参数","B[1,16];S_verify[1,8];L_KV独立未知；TP=1","config=bfloat16；激活/累加类型未核验","未核验","逻辑轴顺序；物理format未核验","逻辑轴顺序；物理format未核验","未评估候选","未评估候选","未评估候选","未核验","未实测","未实测","未实测","未实测","未核验","配置确认 + 数学推导；未核验完整调用链","https://huggingface.co/openbmb/MiniCPM3-RAG-LoRA/resolve/3ee34a2c7b518f2d9be23d7138a7d29300b240f8/config.json","未核验","未核验","未核验","未核验","https://huggingface.co/openbmb/MiniCPM3-RAG-LoRA/resolve/3ee34a2c7b518f2d9be23d7138a7d29300b240f8/config.json","文本decode/verify；B[1,16],S[1,8]；TP=1逻辑参考；","类型与位置待源码核验"
"root/layer_42","FFN_up","未核验","GEMM","[B,S,2560]","[B,S,6400]","B,S,T；其他轴见模型参数","B[1,16];S_verify[1,8];L_KV独立未知；TP=1","config=bfloat16；激活/累加类型未核验","未核验","逻辑轴顺序；物理format未核验","逻辑轴顺序；物理format未核验","未评估候选","未评估候选","未评估候选","未核验","未实测","未实测","未实测","未实测","未核验","配置确认 + 数学推导；未核验完整调用链","https://huggingface.co/openbmb/MiniCPM3-RAG-LoRA/resolve/3ee34a2c7b518f2d9be23d7138a7d29300b240f8/config.json","logical [6400,2560]","未核验","未核验","未核验","https://huggingface.co/openbmb/MiniCPM3-RAG-LoRA/resolve/3ee34a2c7b518f2d9be23d7138a7d29300b240f8/config.json","文本decode/verify；B[1,16],S[1,8]；TP=1逻辑参考；","Y=X@W^T"
"root/layer_42","FFN_activation_and_optional_gate","未核验","activation","[B,S,6400]","[B,S,6400]","B,S,T；其他轴见模型参数","B[1,16];S_verify[1,8];L_KV独立未知；TP=1","config=bfloat16；激活/累加类型未核验","未核验","逻辑轴顺序；物理format未核验","逻辑轴顺序；物理format未核验","未评估候选","未评估候选","未评估候选","未核验","未实测","未实测","未实测","未实测","未核验","配置确认 + 数学推导；未核验完整调用链","https://huggingface.co/openbmb/MiniCPM3-RAG-LoRA/resolve/3ee34a2c7b518f2d9be23d7138a7d29300b240f8/config.json","未核验","未核验","未核验","未核验","https://huggingface.co/openbmb/MiniCPM3-RAG-LoRA/resolve/3ee34a2c7b518f2d9be23d7138a7d29300b240f8/config.json","文本decode/verify；B[1,16],S[1,8]；TP=1逻辑参考；是否额外gate矩阵与门控分支维度需要实现；不能仅由silu推定完整SwiGLU","config.hidden_act=silu"
"root/layer_42","FFN_down","未核验","GEMM","[B,S,6400]","[B,S,2560]","B,S,T；其他轴见模型参数","B[1,16];S_verify[1,8];L_KV独立未知；TP=1","config=bfloat16；激活/累加类型未核验","未核验","逻辑轴顺序；物理format未核验","逻辑轴顺序；物理format未核验","未评估候选","未评估候选","未评估候选","未核验","未实测","未实测","未实测","未实测","未核验","配置确认 + 数学推导；未核验完整调用链","https://huggingface.co/openbmb/MiniCPM3-RAG-LoRA/resolve/3ee34a2c7b518f2d9be23d7138a7d29300b240f8/config.json","logical [2560,6400]","未核验","未核验","未核验","https://huggingface.co/openbmb/MiniCPM3-RAG-LoRA/resolve/3ee34a2c7b518f2d9be23d7138a7d29300b240f8/config.json","文本decode/verify；B[1,16],S[1,8]；TP=1逻辑参考；","Y=X@W^T"
"root/layer_42","FFN_residual","未核验","elementwise","[B,S,2560];[B,S,2560]","[B,S,2560]","B,S,T；其他轴见模型参数","B[1,16];S_verify[1,8];L_KV独立未知；TP=1","config=bfloat16；激活/累加类型未核验","未核验","逻辑轴顺序；物理format未核验","逻辑轴顺序；物理format未核验","未评估候选","未评估候选","未评估候选","未核验","未实测","未实测","未实测","未实测","未核验","配置确认 + 数学推导；未核验完整调用链","https://huggingface.co/openbmb/MiniCPM3-RAG-LoRA/resolve/3ee34a2c7b518f2d9be23d7138a7d29300b240f8/config.json","未核验","未核验","未核验","未核验","https://huggingface.co/openbmb/MiniCPM3-RAG-LoRA/resolve/3ee34a2c7b518f2d9be23d7138a7d29300b240f8/config.json","文本decode/verify；B[1,16],S[1,8]；TP=1逻辑参考；","Y=X+branch（参考，实际残差策略未核验）"
"root/layer_43","input_normalization","未核验","norm","[B,S,2560]","[B,S,2560]","B,S,T；其他轴见模型参数","B[1,16];S_verify[1,8];L_KV独立未知；TP=1","config=bfloat16；激活/累加类型未核验","未核验","逻辑轴顺序；物理format未核验","逻辑轴顺序；物理format未核验","未评估候选","未评估候选","未评估候选","未核验","未实测","未实测","未实测","未实测","未核验","配置确认 + 数学推导；未核验完整调用链","https://huggingface.co/openbmb/MiniCPM3-RAG-LoRA/resolve/3ee34a2c7b518f2d9be23d7138a7d29300b240f8/config.json","未核验","未核验","未核验","未核验","https://huggingface.co/openbmb/MiniCPM3-RAG-LoRA/resolve/3ee34a2c7b518f2d9be23d7138a7d29300b240f8/config.json","文本decode/verify；B[1,16],S[1,8]；TP=1逻辑参考；","归一化类型/先后顺序待实现核验"
"root/layer_43","q_a_projection","未核验","GEMM","[B,S,2560]","[B,S,768]","B,S,T；其他轴见模型参数","B[1,16];S_verify[1,8];L_KV独立未知；TP=1","config=bfloat16；激活/累加类型未核验","未核验","逻辑轴顺序；物理format未核验","逻辑轴顺序；物理format未核验","未评估候选","未评估候选","未评估候选","未核验","未实测","未实测","未实测","未实测","未核验","配置确认 + 数学推导；未核验完整调用链","https://huggingface.co/openbmb/MiniCPM3-RAG-LoRA/resolve/3ee34a2c7b518f2d9be23d7138a7d29300b240f8/config.json","logical [768,2560]","未核验","未核验","未核验","https://huggingface.co/openbmb/MiniCPM3-RAG-LoRA/resolve/3ee34a2c7b518f2d9be23d7138a7d29300b240f8/config.json","文本decode/verify；B[1,16],S[1,8]；TP=1逻辑参考；","Y=X@W^T"
"root/layer_43","q_b_projection","未核验","GEMM","[B,S,768]","[B,S,3840]","B,S,T；其他轴见模型参数","B[1,16];S_verify[1,8];L_KV独立未知；TP=1","config=bfloat16；激活/累加类型未核验","未核验","逻辑轴顺序；物理format未核验","逻辑轴顺序；物理format未核验","未评估候选","未评估候选","未评估候选","未核验","未实测","未实测","未实测","未实测","未核验","配置确认 + 数学推导；未核验完整调用链","https://huggingface.co/openbmb/MiniCPM3-RAG-LoRA/resolve/3ee34a2c7b518f2d9be23d7138a7d29300b240f8/config.json","logical [3840,768]","未核验","未核验","未核验","https://huggingface.co/openbmb/MiniCPM3-RAG-LoRA/resolve/3ee34a2c7b518f2d9be23d7138a7d29300b240f8/config.json","文本decode/verify；B[1,16],S[1,8]；TP=1逻辑参考；","Q_width=heads*(qk_nope+qk_rope)"
"root/layer_43","kv_compression","未核验","GEMM","[B,S,2560]","[B,S,288]","B,S,T；其他轴见模型参数","B[1,16];S_verify[1,8];L_KV独立未知；TP=1","config=bfloat16；激活/累加类型未核验","未核验","逻辑轴顺序；物理format未核验","逻辑轴顺序；物理format未核验","未评估候选","未评估候选","未评估候选","未核验","未实测","未实测","未实测","未实测","未核验","配置确认 + 数学推导；未核验完整调用链","https://huggingface.co/openbmb/MiniCPM3-RAG-LoRA/resolve/3ee34a2c7b518f2d9be23d7138a7d29300b240f8/config.json","logical [288,2560]","未核验","未核验","未核验","https://huggingface.co/openbmb/MiniCPM3-RAG-LoRA/resolve/3ee34a2c7b518f2d9be23d7138a7d29300b240f8/config.json","文本decode/verify；B[1,16],S[1,8]；TP=1逻辑参考；","KV_width=kv_lora_rank+qk_rope_head_dim"
"root/layer_43","MLA_cache_and_attention","未核验","MLA","Q:[B,S,40,96];KVc:[B,L_KV,256]","[B,S,2560]","B,S,T；其他轴见模型参数","B[1,16];S_verify[1,8];L_KV独立未知；TP=1","config=bfloat16；激活/累加类型未核验","未核验","逻辑轴顺序；物理format未核验","逻辑轴顺序；物理format未核验","未评估候选","未评估候选","未评估候选","未核验","未实测","未实测","未实测","未实测","未核验","配置确认 + 数学推导；未核验完整调用链","https://huggingface.co/openbmb/MiniCPM3-RAG-LoRA/resolve/3ee34a2c7b518f2d9be23d7138a7d29300b240f8/config.json","未核验","未核验","未核验","未核验","https://huggingface.co/openbmb/MiniCPM3-RAG-LoRA/resolve/3ee34a2c7b518f2d9be23d7138a7d29300b240f8/config.json","文本decode/verify；B[1,16],S[1,8]；TP=1逻辑参考；","KV展开/吸收、value维度、cache布局待实现核验"
"root/layer_43","attention_residual","未核验","elementwise","[B,S,2560];[B,S,2560]","[B,S,2560]","B,S,T；其他轴见模型参数","B[1,16];S_verify[1,8];L_KV独立未知；TP=1","config=bfloat16；激活/累加类型未核验","未核验","逻辑轴顺序；物理format未核验","逻辑轴顺序；物理format未核验","未评估候选","未评估候选","未评估候选","未核验","未实测","未实测","未实测","未实测","未核验","配置确认 + 数学推导；未核验完整调用链","https://huggingface.co/openbmb/MiniCPM3-RAG-LoRA/resolve/3ee34a2c7b518f2d9be23d7138a7d29300b240f8/config.json","未核验","未核验","未核验","未核验","https://huggingface.co/openbmb/MiniCPM3-RAG-LoRA/resolve/3ee34a2c7b518f2d9be23d7138a7d29300b240f8/config.json","文本decode/verify；B[1,16],S[1,8]；TP=1逻辑参考；","Y=X+branch（参考，实际残差策略未核验）"
"root/layer_43","post_attention_normalization","未核验","norm","[B,S,2560]","[B,S,2560]","B,S,T；其他轴见模型参数","B[1,16];S_verify[1,8];L_KV独立未知；TP=1","config=bfloat16；激活/累加类型未核验","未核验","逻辑轴顺序；物理format未核验","逻辑轴顺序；物理format未核验","未评估候选","未评估候选","未评估候选","未核验","未实测","未实测","未实测","未实测","未核验","配置确认 + 数学推导；未核验完整调用链","https://huggingface.co/openbmb/MiniCPM3-RAG-LoRA/resolve/3ee34a2c7b518f2d9be23d7138a7d29300b240f8/config.json","未核验","未核验","未核验","未核验","https://huggingface.co/openbmb/MiniCPM3-RAG-LoRA/resolve/3ee34a2c7b518f2d9be23d7138a7d29300b240f8/config.json","文本decode/verify；B[1,16],S[1,8]；TP=1逻辑参考；","类型与位置待源码核验"
"root/layer_43","FFN_up","未核验","GEMM","[B,S,2560]","[B,S,6400]","B,S,T；其他轴见模型参数","B[1,16];S_verify[1,8];L_KV独立未知；TP=1","config=bfloat16；激活/累加类型未核验","未核验","逻辑轴顺序；物理format未核验","逻辑轴顺序；物理format未核验","未评估候选","未评估候选","未评估候选","未核验","未实测","未实测","未实测","未实测","未核验","配置确认 + 数学推导；未核验完整调用链","https://huggingface.co/openbmb/MiniCPM3-RAG-LoRA/resolve/3ee34a2c7b518f2d9be23d7138a7d29300b240f8/config.json","logical [6400,2560]","未核验","未核验","未核验","https://huggingface.co/openbmb/MiniCPM3-RAG-LoRA/resolve/3ee34a2c7b518f2d9be23d7138a7d29300b240f8/config.json","文本decode/verify；B[1,16],S[1,8]；TP=1逻辑参考；","Y=X@W^T"
"root/layer_43","FFN_activation_and_optional_gate","未核验","activation","[B,S,6400]","[B,S,6400]","B,S,T；其他轴见模型参数","B[1,16];S_verify[1,8];L_KV独立未知；TP=1","config=bfloat16；激活/累加类型未核验","未核验","逻辑轴顺序；物理format未核验","逻辑轴顺序；物理format未核验","未评估候选","未评估候选","未评估候选","未核验","未实测","未实测","未实测","未实测","未核验","配置确认 + 数学推导；未核验完整调用链","https://huggingface.co/openbmb/MiniCPM3-RAG-LoRA/resolve/3ee34a2c7b518f2d9be23d7138a7d29300b240f8/config.json","未核验","未核验","未核验","未核验","https://huggingface.co/openbmb/MiniCPM3-RAG-LoRA/resolve/3ee34a2c7b518f2d9be23d7138a7d29300b240f8/config.json","文本decode/verify；B[1,16],S[1,8]；TP=1逻辑参考；是否额外gate矩阵与门控分支维度需要实现；不能仅由silu推定完整SwiGLU","config.hidden_act=silu"
"root/layer_43","FFN_down","未核验","GEMM","[B,S,6400]","[B,S,2560]","B,S,T；其他轴见模型参数","B[1,16];S_verify[1,8];L_KV独立未知；TP=1","config=bfloat16；激活/累加类型未核验","未核验","逻辑轴顺序；物理format未核验","逻辑轴顺序；物理format未核验","未评估候选","未评估候选","未评估候选","未核验","未实测","未实测","未实测","未实测","未核验","配置确认 + 数学推导；未核验完整调用链","https://huggingface.co/openbmb/MiniCPM3-RAG-LoRA/resolve/3ee34a2c7b518f2d9be23d7138a7d29300b240f8/config.json","logical [2560,6400]","未核验","未核验","未核验","https://huggingface.co/openbmb/MiniCPM3-RAG-LoRA/resolve/3ee34a2c7b518f2d9be23d7138a7d29300b240f8/config.json","文本decode/verify；B[1,16],S[1,8]；TP=1逻辑参考；","Y=X@W^T"
"root/layer_43","FFN_residual","未核验","elementwise","[B,S,2560];[B,S,2560]","[B,S,2560]","B,S,T；其他轴见模型参数","B[1,16];S_verify[1,8];L_KV独立未知；TP=1","config=bfloat16；激活/累加类型未核验","未核验","逻辑轴顺序；物理format未核验","逻辑轴顺序；物理format未核验","未评估候选","未评估候选","未评估候选","未核验","未实测","未实测","未实测","未实测","未核验","配置确认 + 数学推导；未核验完整调用链","https://huggingface.co/openbmb/MiniCPM3-RAG-LoRA/resolve/3ee34a2c7b518f2d9be23d7138a7d29300b240f8/config.json","未核验","未核验","未核验","未核验","https://huggingface.co/openbmb/MiniCPM3-RAG-LoRA/resolve/3ee34a2c7b518f2d9be23d7138a7d29300b240f8/config.json","文本decode/verify；B[1,16],S[1,8]；TP=1逻辑参考；","Y=X+branch（参考，实际残差策略未核验）"
"root/layer_44","input_normalization","未核验","norm","[B,S,2560]","[B,S,2560]","B,S,T；其他轴见模型参数","B[1,16];S_verify[1,8];L_KV独立未知；TP=1","config=bfloat16；激活/累加类型未核验","未核验","逻辑轴顺序；物理format未核验","逻辑轴顺序；物理format未核验","未评估候选","未评估候选","未评估候选","未核验","未实测","未实测","未实测","未实测","未核验","配置确认 + 数学推导；未核验完整调用链","https://huggingface.co/openbmb/MiniCPM3-RAG-LoRA/resolve/3ee34a2c7b518f2d9be23d7138a7d29300b240f8/config.json","未核验","未核验","未核验","未核验","https://huggingface.co/openbmb/MiniCPM3-RAG-LoRA/resolve/3ee34a2c7b518f2d9be23d7138a7d29300b240f8/config.json","文本decode/verify；B[1,16],S[1,8]；TP=1逻辑参考；","归一化类型/先后顺序待实现核验"
"root/layer_44","q_a_projection","未核验","GEMM","[B,S,2560]","[B,S,768]","B,S,T；其他轴见模型参数","B[1,16];S_verify[1,8];L_KV独立未知；TP=1","config=bfloat16；激活/累加类型未核验","未核验","逻辑轴顺序；物理format未核验","逻辑轴顺序；物理format未核验","未评估候选","未评估候选","未评估候选","未核验","未实测","未实测","未实测","未实测","未核验","配置确认 + 数学推导；未核验完整调用链","https://huggingface.co/openbmb/MiniCPM3-RAG-LoRA/resolve/3ee34a2c7b518f2d9be23d7138a7d29300b240f8/config.json","logical [768,2560]","未核验","未核验","未核验","https://huggingface.co/openbmb/MiniCPM3-RAG-LoRA/resolve/3ee34a2c7b518f2d9be23d7138a7d29300b240f8/config.json","文本decode/verify；B[1,16],S[1,8]；TP=1逻辑参考；","Y=X@W^T"
"root/layer_44","q_b_projection","未核验","GEMM","[B,S,768]","[B,S,3840]","B,S,T；其他轴见模型参数","B[1,16];S_verify[1,8];L_KV独立未知；TP=1","config=bfloat16；激活/累加类型未核验","未核验","逻辑轴顺序；物理format未核验","逻辑轴顺序；物理format未核验","未评估候选","未评估候选","未评估候选","未核验","未实测","未实测","未实测","未实测","未核验","配置确认 + 数学推导；未核验完整调用链","https://huggingface.co/openbmb/MiniCPM3-RAG-LoRA/resolve/3ee34a2c7b518f2d9be23d7138a7d29300b240f8/config.json","logical [3840,768]","未核验","未核验","未核验","https://huggingface.co/openbmb/MiniCPM3-RAG-LoRA/resolve/3ee34a2c7b518f2d9be23d7138a7d29300b240f8/config.json","文本decode/verify；B[1,16],S[1,8]；TP=1逻辑参考；","Q_width=heads*(qk_nope+qk_rope)"
"root/layer_44","kv_compression","未核验","GEMM","[B,S,2560]","[B,S,288]","B,S,T；其他轴见模型参数","B[1,16];S_verify[1,8];L_KV独立未知；TP=1","config=bfloat16；激活/累加类型未核验","未核验","逻辑轴顺序；物理format未核验","逻辑轴顺序；物理format未核验","未评估候选","未评估候选","未评估候选","未核验","未实测","未实测","未实测","未实测","未核验","配置确认 + 数学推导；未核验完整调用链","https://huggingface.co/openbmb/MiniCPM3-RAG-LoRA/resolve/3ee34a2c7b518f2d9be23d7138a7d29300b240f8/config.json","logical [288,2560]","未核验","未核验","未核验","https://huggingface.co/openbmb/MiniCPM3-RAG-LoRA/resolve/3ee34a2c7b518f2d9be23d7138a7d29300b240f8/config.json","文本decode/verify；B[1,16],S[1,8]；TP=1逻辑参考；","KV_width=kv_lora_rank+qk_rope_head_dim"
"root/layer_44","MLA_cache_and_attention","未核验","MLA","Q:[B,S,40,96];KVc:[B,L_KV,256]","[B,S,2560]","B,S,T；其他轴见模型参数","B[1,16];S_verify[1,8];L_KV独立未知；TP=1","config=bfloat16；激活/累加类型未核验","未核验","逻辑轴顺序；物理format未核验","逻辑轴顺序；物理format未核验","未评估候选","未评估候选","未评估候选","未核验","未实测","未实测","未实测","未实测","未核验","配置确认 + 数学推导；未核验完整调用链","https://huggingface.co/openbmb/MiniCPM3-RAG-LoRA/resolve/3ee34a2c7b518f2d9be23d7138a7d29300b240f8/config.json","未核验","未核验","未核验","未核验","https://huggingface.co/openbmb/MiniCPM3-RAG-LoRA/resolve/3ee34a2c7b518f2d9be23d7138a7d29300b240f8/config.json","文本decode/verify；B[1,16],S[1,8]；TP=1逻辑参考；","KV展开/吸收、value维度、cache布局待实现核验"
"root/layer_44","attention_residual","未核验","elementwise","[B,S,2560];[B,S,2560]","[B,S,2560]","B,S,T；其他轴见模型参数","B[1,16];S_verify[1,8];L_KV独立未知；TP=1","config=bfloat16；激活/累加类型未核验","未核验","逻辑轴顺序；物理format未核验","逻辑轴顺序；物理format未核验","未评估候选","未评估候选","未评估候选","未核验","未实测","未实测","未实测","未实测","未核验","配置确认 + 数学推导；未核验完整调用链","https://huggingface.co/openbmb/MiniCPM3-RAG-LoRA/resolve/3ee34a2c7b518f2d9be23d7138a7d29300b240f8/config.json","未核验","未核验","未核验","未核验","https://huggingface.co/openbmb/MiniCPM3-RAG-LoRA/resolve/3ee34a2c7b518f2d9be23d7138a7d29300b240f8/config.json","文本decode/verify；B[1,16],S[1,8]；TP=1逻辑参考；","Y=X+branch（参考，实际残差策略未核验）"
"root/layer_44","post_attention_normalization","未核验","norm","[B,S,2560]","[B,S,2560]","B,S,T；其他轴见模型参数","B[1,16];S_verify[1,8];L_KV独立未知；TP=1","config=bfloat16；激活/累加类型未核验","未核验","逻辑轴顺序；物理format未核验","逻辑轴顺序；物理format未核验","未评估候选","未评估候选","未评估候选","未核验","未实测","未实测","未实测","未实测","未核验","配置确认 + 数学推导；未核验完整调用链","https://huggingface.co/openbmb/MiniCPM3-RAG-LoRA/resolve/3ee34a2c7b518f2d9be23d7138a7d29300b240f8/config.json","未核验","未核验","未核验","未核验","https://huggingface.co/openbmb/MiniCPM3-RAG-LoRA/resolve/3ee34a2c7b518f2d9be23d7138a7d29300b240f8/config.json","文本decode/verify；B[1,16],S[1,8]；TP=1逻辑参考；","类型与位置待源码核验"
"root/layer_44","FFN_up","未核验","GEMM","[B,S,2560]","[B,S,6400]","B,S,T；其他轴见模型参数","B[1,16];S_verify[1,8];L_KV独立未知；TP=1","config=bfloat16；激活/累加类型未核验","未核验","逻辑轴顺序；物理format未核验","逻辑轴顺序；物理format未核验","未评估候选","未评估候选","未评估候选","未核验","未实测","未实测","未实测","未实测","未核验","配置确认 + 数学推导；未核验完整调用链","https://huggingface.co/openbmb/MiniCPM3-RAG-LoRA/resolve/3ee34a2c7b518f2d9be23d7138a7d29300b240f8/config.json","logical [6400,2560]","未核验","未核验","未核验","https://huggingface.co/openbmb/MiniCPM3-RAG-LoRA/resolve/3ee34a2c7b518f2d9be23d7138a7d29300b240f8/config.json","文本decode/verify；B[1,16],S[1,8]；TP=1逻辑参考；","Y=X@W^T"
"root/layer_44","FFN_activation_and_optional_gate","未核验","activation","[B,S,6400]","[B,S,6400]","B,S,T；其他轴见模型参数","B[1,16];S_verify[1,8];L_KV独立未知；TP=1","config=bfloat16；激活/累加类型未核验","未核验","逻辑轴顺序；物理format未核验","逻辑轴顺序；物理format未核验","未评估候选","未评估候选","未评估候选","未核验","未实测","未实测","未实测","未实测","未核验","配置确认 + 数学推导；未核验完整调用链","https://huggingface.co/openbmb/MiniCPM3-RAG-LoRA/resolve/3ee34a2c7b518f2d9be23d7138a7d29300b240f8/config.json","未核验","未核验","未核验","未核验","https://huggingface.co/openbmb/MiniCPM3-RAG-LoRA/resolve/3ee34a2c7b518f2d9be23d7138a7d29300b240f8/config.json","文本decode/verify；B[1,16],S[1,8]；TP=1逻辑参考；是否额外gate矩阵与门控分支维度需要实现；不能仅由silu推定完整SwiGLU","config.hidden_act=silu"
"root/layer_44","FFN_down","未核验","GEMM","[B,S,6400]","[B,S,2560]","B,S,T；其他轴见模型参数","B[1,16];S_verify[1,8];L_KV独立未知；TP=1","config=bfloat16；激活/累加类型未核验","未核验","逻辑轴顺序；物理format未核验","逻辑轴顺序；物理format未核验","未评估候选","未评估候选","未评估候选","未核验","未实测","未实测","未实测","未实测","未核验","配置确认 + 数学推导；未核验完整调用链","https://huggingface.co/openbmb/MiniCPM3-RAG-LoRA/resolve/3ee34a2c7b518f2d9be23d7138a7d29300b240f8/config.json","logical [2560,6400]","未核验","未核验","未核验","https://huggingface.co/openbmb/MiniCPM3-RAG-LoRA/resolve/3ee34a2c7b518f2d9be23d7138a7d29300b240f8/config.json","文本decode/verify；B[1,16],S[1,8]；TP=1逻辑参考；","Y=X@W^T"
"root/layer_44","FFN_residual","未核验","elementwise","[B,S,2560];[B,S,2560]","[B,S,2560]","B,S,T；其他轴见模型参数","B[1,16];S_verify[1,8];L_KV独立未知；TP=1","config=bfloat16；激活/累加类型未核验","未核验","逻辑轴顺序；物理format未核验","逻辑轴顺序；物理format未核验","未评估候选","未评估候选","未评估候选","未核验","未实测","未实测","未实测","未实测","未核验","配置确认 + 数学推导；未核验完整调用链","https://huggingface.co/openbmb/MiniCPM3-RAG-LoRA/resolve/3ee34a2c7b518f2d9be23d7138a7d29300b240f8/config.json","未核验","未核验","未核验","未核验","https://huggingface.co/openbmb/MiniCPM3-RAG-LoRA/resolve/3ee34a2c7b518f2d9be23d7138a7d29300b240f8/config.json","文本decode/verify；B[1,16],S[1,8]；TP=1逻辑参考；","Y=X+branch（参考，实际残差策略未核验）"
"root/layer_45","input_normalization","未核验","norm","[B,S,2560]","[B,S,2560]","B,S,T；其他轴见模型参数","B[1,16];S_verify[1,8];L_KV独立未知；TP=1","config=bfloat16；激活/累加类型未核验","未核验","逻辑轴顺序；物理format未核验","逻辑轴顺序；物理format未核验","未评估候选","未评估候选","未评估候选","未核验","未实测","未实测","未实测","未实测","未核验","配置确认 + 数学推导；未核验完整调用链","https://huggingface.co/openbmb/MiniCPM3-RAG-LoRA/resolve/3ee34a2c7b518f2d9be23d7138a7d29300b240f8/config.json","未核验","未核验","未核验","未核验","https://huggingface.co/openbmb/MiniCPM3-RAG-LoRA/resolve/3ee34a2c7b518f2d9be23d7138a7d29300b240f8/config.json","文本decode/verify；B[1,16],S[1,8]；TP=1逻辑参考；","归一化类型/先后顺序待实现核验"
"root/layer_45","q_a_projection","未核验","GEMM","[B,S,2560]","[B,S,768]","B,S,T；其他轴见模型参数","B[1,16];S_verify[1,8];L_KV独立未知；TP=1","config=bfloat16；激活/累加类型未核验","未核验","逻辑轴顺序；物理format未核验","逻辑轴顺序；物理format未核验","未评估候选","未评估候选","未评估候选","未核验","未实测","未实测","未实测","未实测","未核验","配置确认 + 数学推导；未核验完整调用链","https://huggingface.co/openbmb/MiniCPM3-RAG-LoRA/resolve/3ee34a2c7b518f2d9be23d7138a7d29300b240f8/config.json","logical [768,2560]","未核验","未核验","未核验","https://huggingface.co/openbmb/MiniCPM3-RAG-LoRA/resolve/3ee34a2c7b518f2d9be23d7138a7d29300b240f8/config.json","文本decode/verify；B[1,16],S[1,8]；TP=1逻辑参考；","Y=X@W^T"
"root/layer_45","q_b_projection","未核验","GEMM","[B,S,768]","[B,S,3840]","B,S,T；其他轴见模型参数","B[1,16];S_verify[1,8];L_KV独立未知；TP=1","config=bfloat16；激活/累加类型未核验","未核验","逻辑轴顺序；物理format未核验","逻辑轴顺序；物理format未核验","未评估候选","未评估候选","未评估候选","未核验","未实测","未实测","未实测","未实测","未核验","配置确认 + 数学推导；未核验完整调用链","https://huggingface.co/openbmb/MiniCPM3-RAG-LoRA/resolve/3ee34a2c7b518f2d9be23d7138a7d29300b240f8/config.json","logical [3840,768]","未核验","未核验","未核验","https://huggingface.co/openbmb/MiniCPM3-RAG-LoRA/resolve/3ee34a2c7b518f2d9be23d7138a7d29300b240f8/config.json","文本decode/verify；B[1,16],S[1,8]；TP=1逻辑参考；","Q_width=heads*(qk_nope+qk_rope)"
"root/layer_45","kv_compression","未核验","GEMM","[B,S,2560]","[B,S,288]","B,S,T；其他轴见模型参数","B[1,16];S_verify[1,8];L_KV独立未知；TP=1","config=bfloat16；激活/累加类型未核验","未核验","逻辑轴顺序；物理format未核验","逻辑轴顺序；物理format未核验","未评估候选","未评估候选","未评估候选","未核验","未实测","未实测","未实测","未实测","未核验","配置确认 + 数学推导；未核验完整调用链","https://huggingface.co/openbmb/MiniCPM3-RAG-LoRA/resolve/3ee34a2c7b518f2d9be23d7138a7d29300b240f8/config.json","logical [288,2560]","未核验","未核验","未核验","https://huggingface.co/openbmb/MiniCPM3-RAG-LoRA/resolve/3ee34a2c7b518f2d9be23d7138a7d29300b240f8/config.json","文本decode/verify；B[1,16],S[1,8]；TP=1逻辑参考；","KV_width=kv_lora_rank+qk_rope_head_dim"
"root/layer_45","MLA_cache_and_attention","未核验","MLA","Q:[B,S,40,96];KVc:[B,L_KV,256]","[B,S,2560]","B,S,T；其他轴见模型参数","B[1,16];S_verify[1,8];L_KV独立未知；TP=1","config=bfloat16；激活/累加类型未核验","未核验","逻辑轴顺序；物理format未核验","逻辑轴顺序；物理format未核验","未评估候选","未评估候选","未评估候选","未核验","未实测","未实测","未实测","未实测","未核验","配置确认 + 数学推导；未核验完整调用链","https://huggingface.co/openbmb/MiniCPM3-RAG-LoRA/resolve/3ee34a2c7b518f2d9be23d7138a7d29300b240f8/config.json","未核验","未核验","未核验","未核验","https://huggingface.co/openbmb/MiniCPM3-RAG-LoRA/resolve/3ee34a2c7b518f2d9be23d7138a7d29300b240f8/config.json","文本decode/verify；B[1,16],S[1,8]；TP=1逻辑参考；","KV展开/吸收、value维度、cache布局待实现核验"
"root/layer_45","attention_residual","未核验","elementwise","[B,S,2560];[B,S,2560]","[B,S,2560]","B,S,T；其他轴见模型参数","B[1,16];S_verify[1,8];L_KV独立未知；TP=1","config=bfloat16；激活/累加类型未核验","未核验","逻辑轴顺序；物理format未核验","逻辑轴顺序；物理format未核验","未评估候选","未评估候选","未评估候选","未核验","未实测","未实测","未实测","未实测","未核验","配置确认 + 数学推导；未核验完整调用链","https://huggingface.co/openbmb/MiniCPM3-RAG-LoRA/resolve/3ee34a2c7b518f2d9be23d7138a7d29300b240f8/config.json","未核验","未核验","未核验","未核验","https://huggingface.co/openbmb/MiniCPM3-RAG-LoRA/resolve/3ee34a2c7b518f2d9be23d7138a7d29300b240f8/config.json","文本decode/verify；B[1,16],S[1,8]；TP=1逻辑参考；","Y=X+branch（参考，实际残差策略未核验）"
"root/layer_45","post_attention_normalization","未核验","norm","[B,S,2560]","[B,S,2560]","B,S,T；其他轴见模型参数","B[1,16];S_verify[1,8];L_KV独立未知；TP=1","config=bfloat16；激活/累加类型未核验","未核验","逻辑轴顺序；物理format未核验","逻辑轴顺序；物理format未核验","未评估候选","未评估候选","未评估候选","未核验","未实测","未实测","未实测","未实测","未核验","配置确认 + 数学推导；未核验完整调用链","https://huggingface.co/openbmb/MiniCPM3-RAG-LoRA/resolve/3ee34a2c7b518f2d9be23d7138a7d29300b240f8/config.json","未核验","未核验","未核验","未核验","https://huggingface.co/openbmb/MiniCPM3-RAG-LoRA/resolve/3ee34a2c7b518f2d9be23d7138a7d29300b240f8/config.json","文本decode/verify；B[1,16],S[1,8]；TP=1逻辑参考；","类型与位置待源码核验"
"root/layer_45","FFN_up","未核验","GEMM","[B,S,2560]","[B,S,6400]","B,S,T；其他轴见模型参数","B[1,16];S_verify[1,8];L_KV独立未知；TP=1","config=bfloat16；激活/累加类型未核验","未核验","逻辑轴顺序；物理format未核验","逻辑轴顺序；物理format未核验","未评估候选","未评估候选","未评估候选","未核验","未实测","未实测","未实测","未实测","未核验","配置确认 + 数学推导；未核验完整调用链","https://huggingface.co/openbmb/MiniCPM3-RAG-LoRA/resolve/3ee34a2c7b518f2d9be23d7138a7d29300b240f8/config.json","logical [6400,2560]","未核验","未核验","未核验","https://huggingface.co/openbmb/MiniCPM3-RAG-LoRA/resolve/3ee34a2c7b518f2d9be23d7138a7d29300b240f8/config.json","文本decode/verify；B[1,16],S[1,8]；TP=1逻辑参考；","Y=X@W^T"
"root/layer_45","FFN_activation_and_optional_gate","未核验","activation","[B,S,6400]","[B,S,6400]","B,S,T；其他轴见模型参数","B[1,16];S_verify[1,8];L_KV独立未知；TP=1","config=bfloat16；激活/累加类型未核验","未核验","逻辑轴顺序；物理format未核验","逻辑轴顺序；物理format未核验","未评估候选","未评估候选","未评估候选","未核验","未实测","未实测","未实测","未实测","未核验","配置确认 + 数学推导；未核验完整调用链","https://huggingface.co/openbmb/MiniCPM3-RAG-LoRA/resolve/3ee34a2c7b518f2d9be23d7138a7d29300b240f8/config.json","未核验","未核验","未核验","未核验","https://huggingface.co/openbmb/MiniCPM3-RAG-LoRA/resolve/3ee34a2c7b518f2d9be23d7138a7d29300b240f8/config.json","文本decode/verify；B[1,16],S[1,8]；TP=1逻辑参考；是否额外gate矩阵与门控分支维度需要实现；不能仅由silu推定完整SwiGLU","config.hidden_act=silu"
"root/layer_45","FFN_down","未核验","GEMM","[B,S,6400]","[B,S,2560]","B,S,T；其他轴见模型参数","B[1,16];S_verify[1,8];L_KV独立未知；TP=1","config=bfloat16；激活/累加类型未核验","未核验","逻辑轴顺序；物理format未核验","逻辑轴顺序；物理format未核验","未评估候选","未评估候选","未评估候选","未核验","未实测","未实测","未实测","未实测","未核验","配置确认 + 数学推导；未核验完整调用链","https://huggingface.co/openbmb/MiniCPM3-RAG-LoRA/resolve/3ee34a2c7b518f2d9be23d7138a7d29300b240f8/config.json","logical [2560,6400]","未核验","未核验","未核验","https://huggingface.co/openbmb/MiniCPM3-RAG-LoRA/resolve/3ee34a2c7b518f2d9be23d7138a7d29300b240f8/config.json","文本decode/verify；B[1,16],S[1,8]；TP=1逻辑参考；","Y=X@W^T"
"root/layer_45","FFN_residual","未核验","elementwise","[B,S,2560];[B,S,2560]","[B,S,2560]","B,S,T；其他轴见模型参数","B[1,16];S_verify[1,8];L_KV独立未知；TP=1","config=bfloat16；激活/累加类型未核验","未核验","逻辑轴顺序；物理format未核验","逻辑轴顺序；物理format未核验","未评估候选","未评估候选","未评估候选","未核验","未实测","未实测","未实测","未实测","未核验","配置确认 + 数学推导；未核验完整调用链","https://huggingface.co/openbmb/MiniCPM3-RAG-LoRA/resolve/3ee34a2c7b518f2d9be23d7138a7d29300b240f8/config.json","未核验","未核验","未核验","未核验","https://huggingface.co/openbmb/MiniCPM3-RAG-LoRA/resolve/3ee34a2c7b518f2d9be23d7138a7d29300b240f8/config.json","文本decode/verify；B[1,16],S[1,8]；TP=1逻辑参考；","Y=X+branch（参考，实际残差策略未核验）"
"root/layer_46","input_normalization","未核验","norm","[B,S,2560]","[B,S,2560]","B,S,T；其他轴见模型参数","B[1,16];S_verify[1,8];L_KV独立未知；TP=1","config=bfloat16；激活/累加类型未核验","未核验","逻辑轴顺序；物理format未核验","逻辑轴顺序；物理format未核验","未评估候选","未评估候选","未评估候选","未核验","未实测","未实测","未实测","未实测","未核验","配置确认 + 数学推导；未核验完整调用链","https://huggingface.co/openbmb/MiniCPM3-RAG-LoRA/resolve/3ee34a2c7b518f2d9be23d7138a7d29300b240f8/config.json","未核验","未核验","未核验","未核验","https://huggingface.co/openbmb/MiniCPM3-RAG-LoRA/resolve/3ee34a2c7b518f2d9be23d7138a7d29300b240f8/config.json","文本decode/verify；B[1,16],S[1,8]；TP=1逻辑参考；","归一化类型/先后顺序待实现核验"
"root/layer_46","q_a_projection","未核验","GEMM","[B,S,2560]","[B,S,768]","B,S,T；其他轴见模型参数","B[1,16];S_verify[1,8];L_KV独立未知；TP=1","config=bfloat16；激活/累加类型未核验","未核验","逻辑轴顺序；物理format未核验","逻辑轴顺序；物理format未核验","未评估候选","未评估候选","未评估候选","未核验","未实测","未实测","未实测","未实测","未核验","配置确认 + 数学推导；未核验完整调用链","https://huggingface.co/openbmb/MiniCPM3-RAG-LoRA/resolve/3ee34a2c7b518f2d9be23d7138a7d29300b240f8/config.json","logical [768,2560]","未核验","未核验","未核验","https://huggingface.co/openbmb/MiniCPM3-RAG-LoRA/resolve/3ee34a2c7b518f2d9be23d7138a7d29300b240f8/config.json","文本decode/verify；B[1,16],S[1,8]；TP=1逻辑参考；","Y=X@W^T"
"root/layer_46","q_b_projection","未核验","GEMM","[B,S,768]","[B,S,3840]","B,S,T；其他轴见模型参数","B[1,16];S_verify[1,8];L_KV独立未知；TP=1","config=bfloat16；激活/累加类型未核验","未核验","逻辑轴顺序；物理format未核验","逻辑轴顺序；物理format未核验","未评估候选","未评估候选","未评估候选","未核验","未实测","未实测","未实测","未实测","未核验","配置确认 + 数学推导；未核验完整调用链","https://huggingface.co/openbmb/MiniCPM3-RAG-LoRA/resolve/3ee34a2c7b518f2d9be23d7138a7d29300b240f8/config.json","logical [3840,768]","未核验","未核验","未核验","https://huggingface.co/openbmb/MiniCPM3-RAG-LoRA/resolve/3ee34a2c7b518f2d9be23d7138a7d29300b240f8/config.json","文本decode/verify；B[1,16],S[1,8]；TP=1逻辑参考；","Q_width=heads*(qk_nope+qk_rope)"
"root/layer_46","kv_compression","未核验","GEMM","[B,S,2560]","[B,S,288]","B,S,T；其他轴见模型参数","B[1,16];S_verify[1,8];L_KV独立未知；TP=1","config=bfloat16；激活/累加类型未核验","未核验","逻辑轴顺序；物理format未核验","逻辑轴顺序；物理format未核验","未评估候选","未评估候选","未评估候选","未核验","未实测","未实测","未实测","未实测","未核验","配置确认 + 数学推导；未核验完整调用链","https://huggingface.co/openbmb/MiniCPM3-RAG-LoRA/resolve/3ee34a2c7b518f2d9be23d7138a7d29300b240f8/config.json","logical [288,2560]","未核验","未核验","未核验","https://huggingface.co/openbmb/MiniCPM3-RAG-LoRA/resolve/3ee34a2c7b518f2d9be23d7138a7d29300b240f8/config.json","文本decode/verify；B[1,16],S[1,8]；TP=1逻辑参考；","KV_width=kv_lora_rank+qk_rope_head_dim"
"root/layer_46","MLA_cache_and_attention","未核验","MLA","Q:[B,S,40,96];KVc:[B,L_KV,256]","[B,S,2560]","B,S,T；其他轴见模型参数","B[1,16];S_verify[1,8];L_KV独立未知；TP=1","config=bfloat16；激活/累加类型未核验","未核验","逻辑轴顺序；物理format未核验","逻辑轴顺序；物理format未核验","未评估候选","未评估候选","未评估候选","未核验","未实测","未实测","未实测","未实测","未核验","配置确认 + 数学推导；未核验完整调用链","https://huggingface.co/openbmb/MiniCPM3-RAG-LoRA/resolve/3ee34a2c7b518f2d9be23d7138a7d29300b240f8/config.json","未核验","未核验","未核验","未核验","https://huggingface.co/openbmb/MiniCPM3-RAG-LoRA/resolve/3ee34a2c7b518f2d9be23d7138a7d29300b240f8/config.json","文本decode/verify；B[1,16],S[1,8]；TP=1逻辑参考；","KV展开/吸收、value维度、cache布局待实现核验"
"root/layer_46","attention_residual","未核验","elementwise","[B,S,2560];[B,S,2560]","[B,S,2560]","B,S,T；其他轴见模型参数","B[1,16];S_verify[1,8];L_KV独立未知；TP=1","config=bfloat16；激活/累加类型未核验","未核验","逻辑轴顺序；物理format未核验","逻辑轴顺序；物理format未核验","未评估候选","未评估候选","未评估候选","未核验","未实测","未实测","未实测","未实测","未核验","配置确认 + 数学推导；未核验完整调用链","https://huggingface.co/openbmb/MiniCPM3-RAG-LoRA/resolve/3ee34a2c7b518f2d9be23d7138a7d29300b240f8/config.json","未核验","未核验","未核验","未核验","https://huggingface.co/openbmb/MiniCPM3-RAG-LoRA/resolve/3ee34a2c7b518f2d9be23d7138a7d29300b240f8/config.json","文本decode/verify；B[1,16],S[1,8]；TP=1逻辑参考；","Y=X+branch（参考，实际残差策略未核验）"
"root/layer_46","post_attention_normalization","未核验","norm","[B,S,2560]","[B,S,2560]","B,S,T；其他轴见模型参数","B[1,16];S_verify[1,8];L_KV独立未知；TP=1","config=bfloat16；激活/累加类型未核验","未核验","逻辑轴顺序；物理format未核验","逻辑轴顺序；物理format未核验","未评估候选","未评估候选","未评估候选","未核验","未实测","未实测","未实测","未实测","未核验","配置确认 + 数学推导；未核验完整调用链","https://huggingface.co/openbmb/MiniCPM3-RAG-LoRA/resolve/3ee34a2c7b518f2d9be23d7138a7d29300b240f8/config.json","未核验","未核验","未核验","未核验","https://huggingface.co/openbmb/MiniCPM3-RAG-LoRA/resolve/3ee34a2c7b518f2d9be23d7138a7d29300b240f8/config.json","文本decode/verify；B[1,16],S[1,8]；TP=1逻辑参考；","类型与位置待源码核验"
"root/layer_46","FFN_up","未核验","GEMM","[B,S,2560]","[B,S,6400]","B,S,T；其他轴见模型参数","B[1,16];S_verify[1,8];L_KV独立未知；TP=1","config=bfloat16；激活/累加类型未核验","未核验","逻辑轴顺序；物理format未核验","逻辑轴顺序；物理format未核验","未评估候选","未评估候选","未评估候选","未核验","未实测","未实测","未实测","未实测","未核验","配置确认 + 数学推导；未核验完整调用链","https://huggingface.co/openbmb/MiniCPM3-RAG-LoRA/resolve/3ee34a2c7b518f2d9be23d7138a7d29300b240f8/config.json","logical [6400,2560]","未核验","未核验","未核验","https://huggingface.co/openbmb/MiniCPM3-RAG-LoRA/resolve/3ee34a2c7b518f2d9be23d7138a7d29300b240f8/config.json","文本decode/verify；B[1,16],S[1,8]；TP=1逻辑参考；","Y=X@W^T"
"root/layer_46","FFN_activation_and_optional_gate","未核验","activation","[B,S,6400]","[B,S,6400]","B,S,T；其他轴见模型参数","B[1,16];S_verify[1,8];L_KV独立未知；TP=1","config=bfloat16；激活/累加类型未核验","未核验","逻辑轴顺序；物理format未核验","逻辑轴顺序；物理format未核验","未评估候选","未评估候选","未评估候选","未核验","未实测","未实测","未实测","未实测","未核验","配置确认 + 数学推导；未核验完整调用链","https://huggingface.co/openbmb/MiniCPM3-RAG-LoRA/resolve/3ee34a2c7b518f2d9be23d7138a7d29300b240f8/config.json","未核验","未核验","未核验","未核验","https://huggingface.co/openbmb/MiniCPM3-RAG-LoRA/resolve/3ee34a2c7b518f2d9be23d7138a7d29300b240f8/config.json","文本decode/verify；B[1,16],S[1,8]；TP=1逻辑参考；是否额外gate矩阵与门控分支维度需要实现；不能仅由silu推定完整SwiGLU","config.hidden_act=silu"
"root/layer_46","FFN_down","未核验","GEMM","[B,S,6400]","[B,S,2560]","B,S,T；其他轴见模型参数","B[1,16];S_verify[1,8];L_KV独立未知；TP=1","config=bfloat16；激活/累加类型未核验","未核验","逻辑轴顺序；物理format未核验","逻辑轴顺序；物理format未核验","未评估候选","未评估候选","未评估候选","未核验","未实测","未实测","未实测","未实测","未核验","配置确认 + 数学推导；未核验完整调用链","https://huggingface.co/openbmb/MiniCPM3-RAG-LoRA/resolve/3ee34a2c7b518f2d9be23d7138a7d29300b240f8/config.json","logical [2560,6400]","未核验","未核验","未核验","https://huggingface.co/openbmb/MiniCPM3-RAG-LoRA/resolve/3ee34a2c7b518f2d9be23d7138a7d29300b240f8/config.json","文本decode/verify；B[1,16],S[1,8]；TP=1逻辑参考；","Y=X@W^T"
"root/layer_46","FFN_residual","未核验","elementwise","[B,S,2560];[B,S,2560]","[B,S,2560]","B,S,T；其他轴见模型参数","B[1,16];S_verify[1,8];L_KV独立未知；TP=1","config=bfloat16；激活/累加类型未核验","未核验","逻辑轴顺序；物理format未核验","逻辑轴顺序；物理format未核验","未评估候选","未评估候选","未评估候选","未核验","未实测","未实测","未实测","未实测","未核验","配置确认 + 数学推导；未核验完整调用链","https://huggingface.co/openbmb/MiniCPM3-RAG-LoRA/resolve/3ee34a2c7b518f2d9be23d7138a7d29300b240f8/config.json","未核验","未核验","未核验","未核验","https://huggingface.co/openbmb/MiniCPM3-RAG-LoRA/resolve/3ee34a2c7b518f2d9be23d7138a7d29300b240f8/config.json","文本decode/verify；B[1,16],S[1,8]；TP=1逻辑参考；","Y=X+branch（参考，实际残差策略未核验）"
"root/layer_47","input_normalization","未核验","norm","[B,S,2560]","[B,S,2560]","B,S,T；其他轴见模型参数","B[1,16];S_verify[1,8];L_KV独立未知；TP=1","config=bfloat16；激活/累加类型未核验","未核验","逻辑轴顺序；物理format未核验","逻辑轴顺序；物理format未核验","未评估候选","未评估候选","未评估候选","未核验","未实测","未实测","未实测","未实测","未核验","配置确认 + 数学推导；未核验完整调用链","https://huggingface.co/openbmb/MiniCPM3-RAG-LoRA/resolve/3ee34a2c7b518f2d9be23d7138a7d29300b240f8/config.json","未核验","未核验","未核验","未核验","https://huggingface.co/openbmb/MiniCPM3-RAG-LoRA/resolve/3ee34a2c7b518f2d9be23d7138a7d29300b240f8/config.json","文本decode/verify；B[1,16],S[1,8]；TP=1逻辑参考；","归一化类型/先后顺序待实现核验"
"root/layer_47","q_a_projection","未核验","GEMM","[B,S,2560]","[B,S,768]","B,S,T；其他轴见模型参数","B[1,16];S_verify[1,8];L_KV独立未知；TP=1","config=bfloat16；激活/累加类型未核验","未核验","逻辑轴顺序；物理format未核验","逻辑轴顺序；物理format未核验","未评估候选","未评估候选","未评估候选","未核验","未实测","未实测","未实测","未实测","未核验","配置确认 + 数学推导；未核验完整调用链","https://huggingface.co/openbmb/MiniCPM3-RAG-LoRA/resolve/3ee34a2c7b518f2d9be23d7138a7d29300b240f8/config.json","logical [768,2560]","未核验","未核验","未核验","https://huggingface.co/openbmb/MiniCPM3-RAG-LoRA/resolve/3ee34a2c7b518f2d9be23d7138a7d29300b240f8/config.json","文本decode/verify；B[1,16],S[1,8]；TP=1逻辑参考；","Y=X@W^T"
"root/layer_47","q_b_projection","未核验","GEMM","[B,S,768]","[B,S,3840]","B,S,T；其他轴见模型参数","B[1,16];S_verify[1,8];L_KV独立未知；TP=1","config=bfloat16；激活/累加类型未核验","未核验","逻辑轴顺序；物理format未核验","逻辑轴顺序；物理format未核验","未评估候选","未评估候选","未评估候选","未核验","未实测","未实测","未实测","未实测","未核验","配置确认 + 数学推导；未核验完整调用链","https://huggingface.co/openbmb/MiniCPM3-RAG-LoRA/resolve/3ee34a2c7b518f2d9be23d7138a7d29300b240f8/config.json","logical [3840,768]","未核验","未核验","未核验","https://huggingface.co/openbmb/MiniCPM3-RAG-LoRA/resolve/3ee34a2c7b518f2d9be23d7138a7d29300b240f8/config.json","文本decode/verify；B[1,16],S[1,8]；TP=1逻辑参考；","Q_width=heads*(qk_nope+qk_rope)"
"root/layer_47","kv_compression","未核验","GEMM","[B,S,2560]","[B,S,288]","B,S,T；其他轴见模型参数","B[1,16];S_verify[1,8];L_KV独立未知；TP=1","config=bfloat16；激活/累加类型未核验","未核验","逻辑轴顺序；物理format未核验","逻辑轴顺序；物理format未核验","未评估候选","未评估候选","未评估候选","未核验","未实测","未实测","未实测","未实测","未核验","配置确认 + 数学推导；未核验完整调用链","https://huggingface.co/openbmb/MiniCPM3-RAG-LoRA/resolve/3ee34a2c7b518f2d9be23d7138a7d29300b240f8/config.json","logical [288,2560]","未核验","未核验","未核验","https://huggingface.co/openbmb/MiniCPM3-RAG-LoRA/resolve/3ee34a2c7b518f2d9be23d7138a7d29300b240f8/config.json","文本decode/verify；B[1,16],S[1,8]；TP=1逻辑参考；","KV_width=kv_lora_rank+qk_rope_head_dim"
"root/layer_47","MLA_cache_and_attention","未核验","MLA","Q:[B,S,40,96];KVc:[B,L_KV,256]","[B,S,2560]","B,S,T；其他轴见模型参数","B[1,16];S_verify[1,8];L_KV独立未知；TP=1","config=bfloat16；激活/累加类型未核验","未核验","逻辑轴顺序；物理format未核验","逻辑轴顺序；物理format未核验","未评估候选","未评估候选","未评估候选","未核验","未实测","未实测","未实测","未实测","未核验","配置确认 + 数学推导；未核验完整调用链","https://huggingface.co/openbmb/MiniCPM3-RAG-LoRA/resolve/3ee34a2c7b518f2d9be23d7138a7d29300b240f8/config.json","未核验","未核验","未核验","未核验","https://huggingface.co/openbmb/MiniCPM3-RAG-LoRA/resolve/3ee34a2c7b518f2d9be23d7138a7d29300b240f8/config.json","文本decode/verify；B[1,16],S[1,8]；TP=1逻辑参考；","KV展开/吸收、value维度、cache布局待实现核验"
"root/layer_47","attention_residual","未核验","elementwise","[B,S,2560];[B,S,2560]","[B,S,2560]","B,S,T；其他轴见模型参数","B[1,16];S_verify[1,8];L_KV独立未知；TP=1","config=bfloat16；激活/累加类型未核验","未核验","逻辑轴顺序；物理format未核验","逻辑轴顺序；物理format未核验","未评估候选","未评估候选","未评估候选","未核验","未实测","未实测","未实测","未实测","未核验","配置确认 + 数学推导；未核验完整调用链","https://huggingface.co/openbmb/MiniCPM3-RAG-LoRA/resolve/3ee34a2c7b518f2d9be23d7138a7d29300b240f8/config.json","未核验","未核验","未核验","未核验","https://huggingface.co/openbmb/MiniCPM3-RAG-LoRA/resolve/3ee34a2c7b518f2d9be23d7138a7d29300b240f8/config.json","文本decode/verify；B[1,16],S[1,8]；TP=1逻辑参考；","Y=X+branch（参考，实际残差策略未核验）"
"root/layer_47","post_attention_normalization","未核验","norm","[B,S,2560]","[B,S,2560]","B,S,T；其他轴见模型参数","B[1,16];S_verify[1,8];L_KV独立未知；TP=1","config=bfloat16；激活/累加类型未核验","未核验","逻辑轴顺序；物理format未核验","逻辑轴顺序；物理format未核验","未评估候选","未评估候选","未评估候选","未核验","未实测","未实测","未实测","未实测","未核验","配置确认 + 数学推导；未核验完整调用链","https://huggingface.co/openbmb/MiniCPM3-RAG-LoRA/resolve/3ee34a2c7b518f2d9be23d7138a7d29300b240f8/config.json","未核验","未核验","未核验","未核验","https://huggingface.co/openbmb/MiniCPM3-RAG-LoRA/resolve/3ee34a2c7b518f2d9be23d7138a7d29300b240f8/config.json","文本decode/verify；B[1,16],S[1,8]；TP=1逻辑参考；","类型与位置待源码核验"
"root/layer_47","FFN_up","未核验","GEMM","[B,S,2560]","[B,S,6400]","B,S,T；其他轴见模型参数","B[1,16];S_verify[1,8];L_KV独立未知；TP=1","config=bfloat16；激活/累加类型未核验","未核验","逻辑轴顺序；物理format未核验","逻辑轴顺序；物理format未核验","未评估候选","未评估候选","未评估候选","未核验","未实测","未实测","未实测","未实测","未核验","配置确认 + 数学推导；未核验完整调用链","https://huggingface.co/openbmb/MiniCPM3-RAG-LoRA/resolve/3ee34a2c7b518f2d9be23d7138a7d29300b240f8/config.json","logical [6400,2560]","未核验","未核验","未核验","https://huggingface.co/openbmb/MiniCPM3-RAG-LoRA/resolve/3ee34a2c7b518f2d9be23d7138a7d29300b240f8/config.json","文本decode/verify；B[1,16],S[1,8]；TP=1逻辑参考；","Y=X@W^T"
"root/layer_47","FFN_activation_and_optional_gate","未核验","activation","[B,S,6400]","[B,S,6400]","B,S,T；其他轴见模型参数","B[1,16];S_verify[1,8];L_KV独立未知；TP=1","config=bfloat16；激活/累加类型未核验","未核验","逻辑轴顺序；物理format未核验","逻辑轴顺序；物理format未核验","未评估候选","未评估候选","未评估候选","未核验","未实测","未实测","未实测","未实测","未核验","配置确认 + 数学推导；未核验完整调用链","https://huggingface.co/openbmb/MiniCPM3-RAG-LoRA/resolve/3ee34a2c7b518f2d9be23d7138a7d29300b240f8/config.json","未核验","未核验","未核验","未核验","https://huggingface.co/openbmb/MiniCPM3-RAG-LoRA/resolve/3ee34a2c7b518f2d9be23d7138a7d29300b240f8/config.json","文本decode/verify；B[1,16],S[1,8]；TP=1逻辑参考；是否额外gate矩阵与门控分支维度需要实现；不能仅由silu推定完整SwiGLU","config.hidden_act=silu"
"root/layer_47","FFN_down","未核验","GEMM","[B,S,6400]","[B,S,2560]","B,S,T；其他轴见模型参数","B[1,16];S_verify[1,8];L_KV独立未知；TP=1","config=bfloat16；激活/累加类型未核验","未核验","逻辑轴顺序；物理format未核验","逻辑轴顺序；物理format未核验","未评估候选","未评估候选","未评估候选","未核验","未实测","未实测","未实测","未实测","未核验","配置确认 + 数学推导；未核验完整调用链","https://huggingface.co/openbmb/MiniCPM3-RAG-LoRA/resolve/3ee34a2c7b518f2d9be23d7138a7d29300b240f8/config.json","logical [2560,6400]","未核验","未核验","未核验","https://huggingface.co/openbmb/MiniCPM3-RAG-LoRA/resolve/3ee34a2c7b518f2d9be23d7138a7d29300b240f8/config.json","文本decode/verify；B[1,16],S[1,8]；TP=1逻辑参考；","Y=X@W^T"
"root/layer_47","FFN_residual","未核验","elementwise","[B,S,2560];[B,S,2560]","[B,S,2560]","B,S,T；其他轴见模型参数","B[1,16];S_verify[1,8];L_KV独立未知；TP=1","config=bfloat16；激活/累加类型未核验","未核验","逻辑轴顺序；物理format未核验","逻辑轴顺序；物理format未核验","未评估候选","未评估候选","未评估候选","未核验","未实测","未实测","未实测","未实测","未核验","配置确认 + 数学推导；未核验完整调用链","https://huggingface.co/openbmb/MiniCPM3-RAG-LoRA/resolve/3ee34a2c7b518f2d9be23d7138a7d29300b240f8/config.json","未核验","未核验","未核验","未核验","https://huggingface.co/openbmb/MiniCPM3-RAG-LoRA/resolve/3ee34a2c7b518f2d9be23d7138a7d29300b240f8/config.json","文本decode/verify；B[1,16],S[1,8]；TP=1逻辑参考；","Y=X+branch（参考，实际残差策略未核验）"
"root/layer_48","input_normalization","未核验","norm","[B,S,2560]","[B,S,2560]","B,S,T；其他轴见模型参数","B[1,16];S_verify[1,8];L_KV独立未知；TP=1","config=bfloat16；激活/累加类型未核验","未核验","逻辑轴顺序；物理format未核验","逻辑轴顺序；物理format未核验","未评估候选","未评估候选","未评估候选","未核验","未实测","未实测","未实测","未实测","未核验","配置确认 + 数学推导；未核验完整调用链","https://huggingface.co/openbmb/MiniCPM3-RAG-LoRA/resolve/3ee34a2c7b518f2d9be23d7138a7d29300b240f8/config.json","未核验","未核验","未核验","未核验","https://huggingface.co/openbmb/MiniCPM3-RAG-LoRA/resolve/3ee34a2c7b518f2d9be23d7138a7d29300b240f8/config.json","文本decode/verify；B[1,16],S[1,8]；TP=1逻辑参考；","归一化类型/先后顺序待实现核验"
"root/layer_48","q_a_projection","未核验","GEMM","[B,S,2560]","[B,S,768]","B,S,T；其他轴见模型参数","B[1,16];S_verify[1,8];L_KV独立未知；TP=1","config=bfloat16；激活/累加类型未核验","未核验","逻辑轴顺序；物理format未核验","逻辑轴顺序；物理format未核验","未评估候选","未评估候选","未评估候选","未核验","未实测","未实测","未实测","未实测","未核验","配置确认 + 数学推导；未核验完整调用链","https://huggingface.co/openbmb/MiniCPM3-RAG-LoRA/resolve/3ee34a2c7b518f2d9be23d7138a7d29300b240f8/config.json","logical [768,2560]","未核验","未核验","未核验","https://huggingface.co/openbmb/MiniCPM3-RAG-LoRA/resolve/3ee34a2c7b518f2d9be23d7138a7d29300b240f8/config.json","文本decode/verify；B[1,16],S[1,8]；TP=1逻辑参考；","Y=X@W^T"
"root/layer_48","q_b_projection","未核验","GEMM","[B,S,768]","[B,S,3840]","B,S,T；其他轴见模型参数","B[1,16];S_verify[1,8];L_KV独立未知；TP=1","config=bfloat16；激活/累加类型未核验","未核验","逻辑轴顺序；物理format未核验","逻辑轴顺序；物理format未核验","未评估候选","未评估候选","未评估候选","未核验","未实测","未实测","未实测","未实测","未核验","配置确认 + 数学推导；未核验完整调用链","https://huggingface.co/openbmb/MiniCPM3-RAG-LoRA/resolve/3ee34a2c7b518f2d9be23d7138a7d29300b240f8/config.json","logical [3840,768]","未核验","未核验","未核验","https://huggingface.co/openbmb/MiniCPM3-RAG-LoRA/resolve/3ee34a2c7b518f2d9be23d7138a7d29300b240f8/config.json","文本decode/verify；B[1,16],S[1,8]；TP=1逻辑参考；","Q_width=heads*(qk_nope+qk_rope)"
"root/layer_48","kv_compression","未核验","GEMM","[B,S,2560]","[B,S,288]","B,S,T；其他轴见模型参数","B[1,16];S_verify[1,8];L_KV独立未知；TP=1","config=bfloat16；激活/累加类型未核验","未核验","逻辑轴顺序；物理format未核验","逻辑轴顺序；物理format未核验","未评估候选","未评估候选","未评估候选","未核验","未实测","未实测","未实测","未实测","未核验","配置确认 + 数学推导；未核验完整调用链","https://huggingface.co/openbmb/MiniCPM3-RAG-LoRA/resolve/3ee34a2c7b518f2d9be23d7138a7d29300b240f8/config.json","logical [288,2560]","未核验","未核验","未核验","https://huggingface.co/openbmb/MiniCPM3-RAG-LoRA/resolve/3ee34a2c7b518f2d9be23d7138a7d29300b240f8/config.json","文本decode/verify；B[1,16],S[1,8]；TP=1逻辑参考；","KV_width=kv_lora_rank+qk_rope_head_dim"
"root/layer_48","MLA_cache_and_attention","未核验","MLA","Q:[B,S,40,96];KVc:[B,L_KV,256]","[B,S,2560]","B,S,T；其他轴见模型参数","B[1,16];S_verify[1,8];L_KV独立未知；TP=1","config=bfloat16；激活/累加类型未核验","未核验","逻辑轴顺序；物理format未核验","逻辑轴顺序；物理format未核验","未评估候选","未评估候选","未评估候选","未核验","未实测","未实测","未实测","未实测","未核验","配置确认 + 数学推导；未核验完整调用链","https://huggingface.co/openbmb/MiniCPM3-RAG-LoRA/resolve/3ee34a2c7b518f2d9be23d7138a7d29300b240f8/config.json","未核验","未核验","未核验","未核验","https://huggingface.co/openbmb/MiniCPM3-RAG-LoRA/resolve/3ee34a2c7b518f2d9be23d7138a7d29300b240f8/config.json","文本decode/verify；B[1,16],S[1,8]；TP=1逻辑参考；","KV展开/吸收、value维度、cache布局待实现核验"
"root/layer_48","attention_residual","未核验","elementwise","[B,S,2560];[B,S,2560]","[B,S,2560]","B,S,T；其他轴见模型参数","B[1,16];S_verify[1,8];L_KV独立未知；TP=1","config=bfloat16；激活/累加类型未核验","未核验","逻辑轴顺序；物理format未核验","逻辑轴顺序；物理format未核验","未评估候选","未评估候选","未评估候选","未核验","未实测","未实测","未实测","未实测","未核验","配置确认 + 数学推导；未核验完整调用链","https://huggingface.co/openbmb/MiniCPM3-RAG-LoRA/resolve/3ee34a2c7b518f2d9be23d7138a7d29300b240f8/config.json","未核验","未核验","未核验","未核验","https://huggingface.co/openbmb/MiniCPM3-RAG-LoRA/resolve/3ee34a2c7b518f2d9be23d7138a7d29300b240f8/config.json","文本decode/verify；B[1,16],S[1,8]；TP=1逻辑参考；","Y=X+branch（参考，实际残差策略未核验）"
"root/layer_48","post_attention_normalization","未核验","norm","[B,S,2560]","[B,S,2560]","B,S,T；其他轴见模型参数","B[1,16];S_verify[1,8];L_KV独立未知；TP=1","config=bfloat16；激活/累加类型未核验","未核验","逻辑轴顺序；物理format未核验","逻辑轴顺序；物理format未核验","未评估候选","未评估候选","未评估候选","未核验","未实测","未实测","未实测","未实测","未核验","配置确认 + 数学推导；未核验完整调用链","https://huggingface.co/openbmb/MiniCPM3-RAG-LoRA/resolve/3ee34a2c7b518f2d9be23d7138a7d29300b240f8/config.json","未核验","未核验","未核验","未核验","https://huggingface.co/openbmb/MiniCPM3-RAG-LoRA/resolve/3ee34a2c7b518f2d9be23d7138a7d29300b240f8/config.json","文本decode/verify；B[1,16],S[1,8]；TP=1逻辑参考；","类型与位置待源码核验"
"root/layer_48","FFN_up","未核验","GEMM","[B,S,2560]","[B,S,6400]","B,S,T；其他轴见模型参数","B[1,16];S_verify[1,8];L_KV独立未知；TP=1","config=bfloat16；激活/累加类型未核验","未核验","逻辑轴顺序；物理format未核验","逻辑轴顺序；物理format未核验","未评估候选","未评估候选","未评估候选","未核验","未实测","未实测","未实测","未实测","未核验","配置确认 + 数学推导；未核验完整调用链","https://huggingface.co/openbmb/MiniCPM3-RAG-LoRA/resolve/3ee34a2c7b518f2d9be23d7138a7d29300b240f8/config.json","logical [6400,2560]","未核验","未核验","未核验","https://huggingface.co/openbmb/MiniCPM3-RAG-LoRA/resolve/3ee34a2c7b518f2d9be23d7138a7d29300b240f8/config.json","文本decode/verify；B[1,16],S[1,8]；TP=1逻辑参考；","Y=X@W^T"
"root/layer_48","FFN_activation_and_optional_gate","未核验","activation","[B,S,6400]","[B,S,6400]","B,S,T；其他轴见模型参数","B[1,16];S_verify[1,8];L_KV独立未知；TP=1","config=bfloat16；激活/累加类型未核验","未核验","逻辑轴顺序；物理format未核验","逻辑轴顺序；物理format未核验","未评估候选","未评估候选","未评估候选","未核验","未实测","未实测","未实测","未实测","未核验","配置确认 + 数学推导；未核验完整调用链","https://huggingface.co/openbmb/MiniCPM3-RAG-LoRA/resolve/3ee34a2c7b518f2d9be23d7138a7d29300b240f8/config.json","未核验","未核验","未核验","未核验","https://huggingface.co/openbmb/MiniCPM3-RAG-LoRA/resolve/3ee34a2c7b518f2d9be23d7138a7d29300b240f8/config.json","文本decode/verify；B[1,16],S[1,8]；TP=1逻辑参考；是否额外gate矩阵与门控分支维度需要实现；不能仅由silu推定完整SwiGLU","config.hidden_act=silu"
"root/layer_48","FFN_down","未核验","GEMM","[B,S,6400]","[B,S,2560]","B,S,T；其他轴见模型参数","B[1,16];S_verify[1,8];L_KV独立未知；TP=1","config=bfloat16；激活/累加类型未核验","未核验","逻辑轴顺序；物理format未核验","逻辑轴顺序；物理format未核验","未评估候选","未评估候选","未评估候选","未核验","未实测","未实测","未实测","未实测","未核验","配置确认 + 数学推导；未核验完整调用链","https://huggingface.co/openbmb/MiniCPM3-RAG-LoRA/resolve/3ee34a2c7b518f2d9be23d7138a7d29300b240f8/config.json","logical [2560,6400]","未核验","未核验","未核验","https://huggingface.co/openbmb/MiniCPM3-RAG-LoRA/resolve/3ee34a2c7b518f2d9be23d7138a7d29300b240f8/config.json","文本decode/verify；B[1,16],S[1,8]；TP=1逻辑参考；","Y=X@W^T"
"root/layer_48","FFN_residual","未核验","elementwise","[B,S,2560];[B,S,2560]","[B,S,2560]","B,S,T；其他轴见模型参数","B[1,16];S_verify[1,8];L_KV独立未知；TP=1","config=bfloat16；激活/累加类型未核验","未核验","逻辑轴顺序；物理format未核验","逻辑轴顺序；物理format未核验","未评估候选","未评估候选","未评估候选","未核验","未实测","未实测","未实测","未实测","未核验","配置确认 + 数学推导；未核验完整调用链","https://huggingface.co/openbmb/MiniCPM3-RAG-LoRA/resolve/3ee34a2c7b518f2d9be23d7138a7d29300b240f8/config.json","未核验","未核验","未核验","未核验","https://huggingface.co/openbmb/MiniCPM3-RAG-LoRA/resolve/3ee34a2c7b518f2d9be23d7138a7d29300b240f8/config.json","文本decode/verify；B[1,16],S[1,8]；TP=1逻辑参考；","Y=X+branch（参考，实际残差策略未核验）"
"root/layer_49","input_normalization","未核验","norm","[B,S,2560]","[B,S,2560]","B,S,T；其他轴见模型参数","B[1,16];S_verify[1,8];L_KV独立未知；TP=1","config=bfloat16；激活/累加类型未核验","未核验","逻辑轴顺序；物理format未核验","逻辑轴顺序；物理format未核验","未评估候选","未评估候选","未评估候选","未核验","未实测","未实测","未实测","未实测","未核验","配置确认 + 数学推导；未核验完整调用链","https://huggingface.co/openbmb/MiniCPM3-RAG-LoRA/resolve/3ee34a2c7b518f2d9be23d7138a7d29300b240f8/config.json","未核验","未核验","未核验","未核验","https://huggingface.co/openbmb/MiniCPM3-RAG-LoRA/resolve/3ee34a2c7b518f2d9be23d7138a7d29300b240f8/config.json","文本decode/verify；B[1,16],S[1,8]；TP=1逻辑参考；","归一化类型/先后顺序待实现核验"
"root/layer_49","q_a_projection","未核验","GEMM","[B,S,2560]","[B,S,768]","B,S,T；其他轴见模型参数","B[1,16];S_verify[1,8];L_KV独立未知；TP=1","config=bfloat16；激活/累加类型未核验","未核验","逻辑轴顺序；物理format未核验","逻辑轴顺序；物理format未核验","未评估候选","未评估候选","未评估候选","未核验","未实测","未实测","未实测","未实测","未核验","配置确认 + 数学推导；未核验完整调用链","https://huggingface.co/openbmb/MiniCPM3-RAG-LoRA/resolve/3ee34a2c7b518f2d9be23d7138a7d29300b240f8/config.json","logical [768,2560]","未核验","未核验","未核验","https://huggingface.co/openbmb/MiniCPM3-RAG-LoRA/resolve/3ee34a2c7b518f2d9be23d7138a7d29300b240f8/config.json","文本decode/verify；B[1,16],S[1,8]；TP=1逻辑参考；","Y=X@W^T"
"root/layer_49","q_b_projection","未核验","GEMM","[B,S,768]","[B,S,3840]","B,S,T；其他轴见模型参数","B[1,16];S_verify[1,8];L_KV独立未知；TP=1","config=bfloat16；激活/累加类型未核验","未核验","逻辑轴顺序；物理format未核验","逻辑轴顺序；物理format未核验","未评估候选","未评估候选","未评估候选","未核验","未实测","未实测","未实测","未实测","未核验","配置确认 + 数学推导；未核验完整调用链","https://huggingface.co/openbmb/MiniCPM3-RAG-LoRA/resolve/3ee34a2c7b518f2d9be23d7138a7d29300b240f8/config.json","logical [3840,768]","未核验","未核验","未核验","https://huggingface.co/openbmb/MiniCPM3-RAG-LoRA/resolve/3ee34a2c7b518f2d9be23d7138a7d29300b240f8/config.json","文本decode/verify；B[1,16],S[1,8]；TP=1逻辑参考；","Q_width=heads*(qk_nope+qk_rope)"
"root/layer_49","kv_compression","未核验","GEMM","[B,S,2560]","[B,S,288]","B,S,T；其他轴见模型参数","B[1,16];S_verify[1,8];L_KV独立未知；TP=1","config=bfloat16；激活/累加类型未核验","未核验","逻辑轴顺序；物理format未核验","逻辑轴顺序；物理format未核验","未评估候选","未评估候选","未评估候选","未核验","未实测","未实测","未实测","未实测","未核验","配置确认 + 数学推导；未核验完整调用链","https://huggingface.co/openbmb/MiniCPM3-RAG-LoRA/resolve/3ee34a2c7b518f2d9be23d7138a7d29300b240f8/config.json","logical [288,2560]","未核验","未核验","未核验","https://huggingface.co/openbmb/MiniCPM3-RAG-LoRA/resolve/3ee34a2c7b518f2d9be23d7138a7d29300b240f8/config.json","文本decode/verify；B[1,16],S[1,8]；TP=1逻辑参考；","KV_width=kv_lora_rank+qk_rope_head_dim"
"root/layer_49","MLA_cache_and_attention","未核验","MLA","Q:[B,S,40,96];KVc:[B,L_KV,256]","[B,S,2560]","B,S,T；其他轴见模型参数","B[1,16];S_verify[1,8];L_KV独立未知；TP=1","config=bfloat16；激活/累加类型未核验","未核验","逻辑轴顺序；物理format未核验","逻辑轴顺序；物理format未核验","未评估候选","未评估候选","未评估候选","未核验","未实测","未实测","未实测","未实测","未核验","配置确认 + 数学推导；未核验完整调用链","https://huggingface.co/openbmb/MiniCPM3-RAG-LoRA/resolve/3ee34a2c7b518f2d9be23d7138a7d29300b240f8/config.json","未核验","未核验","未核验","未核验","https://huggingface.co/openbmb/MiniCPM3-RAG-LoRA/resolve/3ee34a2c7b518f2d9be23d7138a7d29300b240f8/config.json","文本decode/verify；B[1,16],S[1,8]；TP=1逻辑参考；","KV展开/吸收、value维度、cache布局待实现核验"
"root/layer_49","attention_residual","未核验","elementwise","[B,S,2560];[B,S,2560]","[B,S,2560]","B,S,T；其他轴见模型参数","B[1,16];S_verify[1,8];L_KV独立未知；TP=1","config=bfloat16；激活/累加类型未核验","未核验","逻辑轴顺序；物理format未核验","逻辑轴顺序；物理format未核验","未评估候选","未评估候选","未评估候选","未核验","未实测","未实测","未实测","未实测","未核验","配置确认 + 数学推导；未核验完整调用链","https://huggingface.co/openbmb/MiniCPM3-RAG-LoRA/resolve/3ee34a2c7b518f2d9be23d7138a7d29300b240f8/config.json","未核验","未核验","未核验","未核验","https://huggingface.co/openbmb/MiniCPM3-RAG-LoRA/resolve/3ee34a2c7b518f2d9be23d7138a7d29300b240f8/config.json","文本decode/verify；B[1,16],S[1,8]；TP=1逻辑参考；","Y=X+branch（参考，实际残差策略未核验）"
"root/layer_49","post_attention_normalization","未核验","norm","[B,S,2560]","[B,S,2560]","B,S,T；其他轴见模型参数","B[1,16];S_verify[1,8];L_KV独立未知；TP=1","config=bfloat16；激活/累加类型未核验","未核验","逻辑轴顺序；物理format未核验","逻辑轴顺序；物理format未核验","未评估候选","未评估候选","未评估候选","未核验","未实测","未实测","未实测","未实测","未核验","配置确认 + 数学推导；未核验完整调用链","https://huggingface.co/openbmb/MiniCPM3-RAG-LoRA/resolve/3ee34a2c7b518f2d9be23d7138a7d29300b240f8/config.json","未核验","未核验","未核验","未核验","https://huggingface.co/openbmb/MiniCPM3-RAG-LoRA/resolve/3ee34a2c7b518f2d9be23d7138a7d29300b240f8/config.json","文本decode/verify；B[1,16],S[1,8]；TP=1逻辑参考；","类型与位置待源码核验"
"root/layer_49","FFN_up","未核验","GEMM","[B,S,2560]","[B,S,6400]","B,S,T；其他轴见模型参数","B[1,16];S_verify[1,8];L_KV独立未知；TP=1","config=bfloat16；激活/累加类型未核验","未核验","逻辑轴顺序；物理format未核验","逻辑轴顺序；物理format未核验","未评估候选","未评估候选","未评估候选","未核验","未实测","未实测","未实测","未实测","未核验","配置确认 + 数学推导；未核验完整调用链","https://huggingface.co/openbmb/MiniCPM3-RAG-LoRA/resolve/3ee34a2c7b518f2d9be23d7138a7d29300b240f8/config.json","logical [6400,2560]","未核验","未核验","未核验","https://huggingface.co/openbmb/MiniCPM3-RAG-LoRA/resolve/3ee34a2c7b518f2d9be23d7138a7d29300b240f8/config.json","文本decode/verify；B[1,16],S[1,8]；TP=1逻辑参考；","Y=X@W^T"
"root/layer_49","FFN_activation_and_optional_gate","未核验","activation","[B,S,6400]","[B,S,6400]","B,S,T；其他轴见模型参数","B[1,16];S_verify[1,8];L_KV独立未知；TP=1","config=bfloat16；激活/累加类型未核验","未核验","逻辑轴顺序；物理format未核验","逻辑轴顺序；物理format未核验","未评估候选","未评估候选","未评估候选","未核验","未实测","未实测","未实测","未实测","未核验","配置确认 + 数学推导；未核验完整调用链","https://huggingface.co/openbmb/MiniCPM3-RAG-LoRA/resolve/3ee34a2c7b518f2d9be23d7138a7d29300b240f8/config.json","未核验","未核验","未核验","未核验","https://huggingface.co/openbmb/MiniCPM3-RAG-LoRA/resolve/3ee34a2c7b518f2d9be23d7138a7d29300b240f8/config.json","文本decode/verify；B[1,16],S[1,8]；TP=1逻辑参考；是否额外gate矩阵与门控分支维度需要实现；不能仅由silu推定完整SwiGLU","config.hidden_act=silu"
"root/layer_49","FFN_down","未核验","GEMM","[B,S,6400]","[B,S,2560]","B,S,T；其他轴见模型参数","B[1,16];S_verify[1,8];L_KV独立未知；TP=1","config=bfloat16；激活/累加类型未核验","未核验","逻辑轴顺序；物理format未核验","逻辑轴顺序；物理format未核验","未评估候选","未评估候选","未评估候选","未核验","未实测","未实测","未实测","未实测","未核验","配置确认 + 数学推导；未核验完整调用链","https://huggingface.co/openbmb/MiniCPM3-RAG-LoRA/resolve/3ee34a2c7b518f2d9be23d7138a7d29300b240f8/config.json","logical [2560,6400]","未核验","未核验","未核验","https://huggingface.co/openbmb/MiniCPM3-RAG-LoRA/resolve/3ee34a2c7b518f2d9be23d7138a7d29300b240f8/config.json","文本decode/verify；B[1,16],S[1,8]；TP=1逻辑参考；","Y=X@W^T"
"root/layer_49","FFN_residual","未核验","elementwise","[B,S,2560];[B,S,2560]","[B,S,2560]","B,S,T；其他轴见模型参数","B[1,16];S_verify[1,8];L_KV独立未知；TP=1","config=bfloat16；激活/累加类型未核验","未核验","逻辑轴顺序；物理format未核验","逻辑轴顺序；物理format未核验","未评估候选","未评估候选","未评估候选","未核验","未实测","未实测","未实测","未实测","未核验","配置确认 + 数学推导；未核验完整调用链","https://huggingface.co/openbmb/MiniCPM3-RAG-LoRA/resolve/3ee34a2c7b518f2d9be23d7138a7d29300b240f8/config.json","未核验","未核验","未核验","未核验","https://huggingface.co/openbmb/MiniCPM3-RAG-LoRA/resolve/3ee34a2c7b518f2d9be23d7138a7d29300b240f8/config.json","文本decode/verify；B[1,16],S[1,8]；TP=1逻辑参考；","Y=X+branch（参考，实际残差策略未核验）"
"root/layer_50","input_normalization","未核验","norm","[B,S,2560]","[B,S,2560]","B,S,T；其他轴见模型参数","B[1,16];S_verify[1,8];L_KV独立未知；TP=1","config=bfloat16；激活/累加类型未核验","未核验","逻辑轴顺序；物理format未核验","逻辑轴顺序；物理format未核验","未评估候选","未评估候选","未评估候选","未核验","未实测","未实测","未实测","未实测","未核验","配置确认 + 数学推导；未核验完整调用链","https://huggingface.co/openbmb/MiniCPM3-RAG-LoRA/resolve/3ee34a2c7b518f2d9be23d7138a7d29300b240f8/config.json","未核验","未核验","未核验","未核验","https://huggingface.co/openbmb/MiniCPM3-RAG-LoRA/resolve/3ee34a2c7b518f2d9be23d7138a7d29300b240f8/config.json","文本decode/verify；B[1,16],S[1,8]；TP=1逻辑参考；","归一化类型/先后顺序待实现核验"
"root/layer_50","q_a_projection","未核验","GEMM","[B,S,2560]","[B,S,768]","B,S,T；其他轴见模型参数","B[1,16];S_verify[1,8];L_KV独立未知；TP=1","config=bfloat16；激活/累加类型未核验","未核验","逻辑轴顺序；物理format未核验","逻辑轴顺序；物理format未核验","未评估候选","未评估候选","未评估候选","未核验","未实测","未实测","未实测","未实测","未核验","配置确认 + 数学推导；未核验完整调用链","https://huggingface.co/openbmb/MiniCPM3-RAG-LoRA/resolve/3ee34a2c7b518f2d9be23d7138a7d29300b240f8/config.json","logical [768,2560]","未核验","未核验","未核验","https://huggingface.co/openbmb/MiniCPM3-RAG-LoRA/resolve/3ee34a2c7b518f2d9be23d7138a7d29300b240f8/config.json","文本decode/verify；B[1,16],S[1,8]；TP=1逻辑参考；","Y=X@W^T"
"root/layer_50","q_b_projection","未核验","GEMM","[B,S,768]","[B,S,3840]","B,S,T；其他轴见模型参数","B[1,16];S_verify[1,8];L_KV独立未知；TP=1","config=bfloat16；激活/累加类型未核验","未核验","逻辑轴顺序；物理format未核验","逻辑轴顺序；物理format未核验","未评估候选","未评估候选","未评估候选","未核验","未实测","未实测","未实测","未实测","未核验","配置确认 + 数学推导；未核验完整调用链","https://huggingface.co/openbmb/MiniCPM3-RAG-LoRA/resolve/3ee34a2c7b518f2d9be23d7138a7d29300b240f8/config.json","logical [3840,768]","未核验","未核验","未核验","https://huggingface.co/openbmb/MiniCPM3-RAG-LoRA/resolve/3ee34a2c7b518f2d9be23d7138a7d29300b240f8/config.json","文本decode/verify；B[1,16],S[1,8]；TP=1逻辑参考；","Q_width=heads*(qk_nope+qk_rope)"
"root/layer_50","kv_compression","未核验","GEMM","[B,S,2560]","[B,S,288]","B,S,T；其他轴见模型参数","B[1,16];S_verify[1,8];L_KV独立未知；TP=1","config=bfloat16；激活/累加类型未核验","未核验","逻辑轴顺序；物理format未核验","逻辑轴顺序；物理format未核验","未评估候选","未评估候选","未评估候选","未核验","未实测","未实测","未实测","未实测","未核验","配置确认 + 数学推导；未核验完整调用链","https://huggingface.co/openbmb/MiniCPM3-RAG-LoRA/resolve/3ee34a2c7b518f2d9be23d7138a7d29300b240f8/config.json","logical [288,2560]","未核验","未核验","未核验","https://huggingface.co/openbmb/MiniCPM3-RAG-LoRA/resolve/3ee34a2c7b518f2d9be23d7138a7d29300b240f8/config.json","文本decode/verify；B[1,16],S[1,8]；TP=1逻辑参考；","KV_width=kv_lora_rank+qk_rope_head_dim"
"root/layer_50","MLA_cache_and_attention","未核验","MLA","Q:[B,S,40,96];KVc:[B,L_KV,256]","[B,S,2560]","B,S,T；其他轴见模型参数","B[1,16];S_verify[1,8];L_KV独立未知；TP=1","config=bfloat16；激活/累加类型未核验","未核验","逻辑轴顺序；物理format未核验","逻辑轴顺序；物理format未核验","未评估候选","未评估候选","未评估候选","未核验","未实测","未实测","未实测","未实测","未核验","配置确认 + 数学推导；未核验完整调用链","https://huggingface.co/openbmb/MiniCPM3-RAG-LoRA/resolve/3ee34a2c7b518f2d9be23d7138a7d29300b240f8/config.json","未核验","未核验","未核验","未核验","https://huggingface.co/openbmb/MiniCPM3-RAG-LoRA/resolve/3ee34a2c7b518f2d9be23d7138a7d29300b240f8/config.json","文本decode/verify；B[1,16],S[1,8]；TP=1逻辑参考；","KV展开/吸收、value维度、cache布局待实现核验"
"root/layer_50","attention_residual","未核验","elementwise","[B,S,2560];[B,S,2560]","[B,S,2560]","B,S,T；其他轴见模型参数","B[1,16];S_verify[1,8];L_KV独立未知；TP=1","config=bfloat16；激活/累加类型未核验","未核验","逻辑轴顺序；物理format未核验","逻辑轴顺序；物理format未核验","未评估候选","未评估候选","未评估候选","未核验","未实测","未实测","未实测","未实测","未核验","配置确认 + 数学推导；未核验完整调用链","https://huggingface.co/openbmb/MiniCPM3-RAG-LoRA/resolve/3ee34a2c7b518f2d9be23d7138a7d29300b240f8/config.json","未核验","未核验","未核验","未核验","https://huggingface.co/openbmb/MiniCPM3-RAG-LoRA/resolve/3ee34a2c7b518f2d9be23d7138a7d29300b240f8/config.json","文本decode/verify；B[1,16],S[1,8]；TP=1逻辑参考；","Y=X+branch（参考，实际残差策略未核验）"
"root/layer_50","post_attention_normalization","未核验","norm","[B,S,2560]","[B,S,2560]","B,S,T；其他轴见模型参数","B[1,16];S_verify[1,8];L_KV独立未知；TP=1","config=bfloat16；激活/累加类型未核验","未核验","逻辑轴顺序；物理format未核验","逻辑轴顺序；物理format未核验","未评估候选","未评估候选","未评估候选","未核验","未实测","未实测","未实测","未实测","未核验","配置确认 + 数学推导；未核验完整调用链","https://huggingface.co/openbmb/MiniCPM3-RAG-LoRA/resolve/3ee34a2c7b518f2d9be23d7138a7d29300b240f8/config.json","未核验","未核验","未核验","未核验","https://huggingface.co/openbmb/MiniCPM3-RAG-LoRA/resolve/3ee34a2c7b518f2d9be23d7138a7d29300b240f8/config.json","文本decode/verify；B[1,16],S[1,8]；TP=1逻辑参考；","类型与位置待源码核验"
"root/layer_50","FFN_up","未核验","GEMM","[B,S,2560]","[B,S,6400]","B,S,T；其他轴见模型参数","B[1,16];S_verify[1,8];L_KV独立未知；TP=1","config=bfloat16；激活/累加类型未核验","未核验","逻辑轴顺序；物理format未核验","逻辑轴顺序；物理format未核验","未评估候选","未评估候选","未评估候选","未核验","未实测","未实测","未实测","未实测","未核验","配置确认 + 数学推导；未核验完整调用链","https://huggingface.co/openbmb/MiniCPM3-RAG-LoRA/resolve/3ee34a2c7b518f2d9be23d7138a7d29300b240f8/config.json","logical [6400,2560]","未核验","未核验","未核验","https://huggingface.co/openbmb/MiniCPM3-RAG-LoRA/resolve/3ee34a2c7b518f2d9be23d7138a7d29300b240f8/config.json","文本decode/verify；B[1,16],S[1,8]；TP=1逻辑参考；","Y=X@W^T"
"root/layer_50","FFN_activation_and_optional_gate","未核验","activation","[B,S,6400]","[B,S,6400]","B,S,T；其他轴见模型参数","B[1,16];S_verify[1,8];L_KV独立未知；TP=1","config=bfloat16；激活/累加类型未核验","未核验","逻辑轴顺序；物理format未核验","逻辑轴顺序；物理format未核验","未评估候选","未评估候选","未评估候选","未核验","未实测","未实测","未实测","未实测","未核验","配置确认 + 数学推导；未核验完整调用链","https://huggingface.co/openbmb/MiniCPM3-RAG-LoRA/resolve/3ee34a2c7b518f2d9be23d7138a7d29300b240f8/config.json","未核验","未核验","未核验","未核验","https://huggingface.co/openbmb/MiniCPM3-RAG-LoRA/resolve/3ee34a2c7b518f2d9be23d7138a7d29300b240f8/config.json","文本decode/verify；B[1,16],S[1,8]；TP=1逻辑参考；是否额外gate矩阵与门控分支维度需要实现；不能仅由silu推定完整SwiGLU","config.hidden_act=silu"
"root/layer_50","FFN_down","未核验","GEMM","[B,S,6400]","[B,S,2560]","B,S,T；其他轴见模型参数","B[1,16];S_verify[1,8];L_KV独立未知；TP=1","config=bfloat16；激活/累加类型未核验","未核验","逻辑轴顺序；物理format未核验","逻辑轴顺序；物理format未核验","未评估候选","未评估候选","未评估候选","未核验","未实测","未实测","未实测","未实测","未核验","配置确认 + 数学推导；未核验完整调用链","https://huggingface.co/openbmb/MiniCPM3-RAG-LoRA/resolve/3ee34a2c7b518f2d9be23d7138a7d29300b240f8/config.json","logical [2560,6400]","未核验","未核验","未核验","https://huggingface.co/openbmb/MiniCPM3-RAG-LoRA/resolve/3ee34a2c7b518f2d9be23d7138a7d29300b240f8/config.json","文本decode/verify；B[1,16],S[1,8]；TP=1逻辑参考；","Y=X@W^T"
"root/layer_50","FFN_residual","未核验","elementwise","[B,S,2560];[B,S,2560]","[B,S,2560]","B,S,T；其他轴见模型参数","B[1,16];S_verify[1,8];L_KV独立未知；TP=1","config=bfloat16；激活/累加类型未核验","未核验","逻辑轴顺序；物理format未核验","逻辑轴顺序；物理format未核验","未评估候选","未评估候选","未评估候选","未核验","未实测","未实测","未实测","未实测","未核验","配置确认 + 数学推导；未核验完整调用链","https://huggingface.co/openbmb/MiniCPM3-RAG-LoRA/resolve/3ee34a2c7b518f2d9be23d7138a7d29300b240f8/config.json","未核验","未核验","未核验","未核验","https://huggingface.co/openbmb/MiniCPM3-RAG-LoRA/resolve/3ee34a2c7b518f2d9be23d7138a7d29300b240f8/config.json","文本decode/verify；B[1,16],S[1,8]；TP=1逻辑参考；","Y=X+branch（参考，实际残差策略未核验）"
"root/layer_51","input_normalization","未核验","norm","[B,S,2560]","[B,S,2560]","B,S,T；其他轴见模型参数","B[1,16];S_verify[1,8];L_KV独立未知；TP=1","config=bfloat16；激活/累加类型未核验","未核验","逻辑轴顺序；物理format未核验","逻辑轴顺序；物理format未核验","未评估候选","未评估候选","未评估候选","未核验","未实测","未实测","未实测","未实测","未核验","配置确认 + 数学推导；未核验完整调用链","https://huggingface.co/openbmb/MiniCPM3-RAG-LoRA/resolve/3ee34a2c7b518f2d9be23d7138a7d29300b240f8/config.json","未核验","未核验","未核验","未核验","https://huggingface.co/openbmb/MiniCPM3-RAG-LoRA/resolve/3ee34a2c7b518f2d9be23d7138a7d29300b240f8/config.json","文本decode/verify；B[1,16],S[1,8]；TP=1逻辑参考；","归一化类型/先后顺序待实现核验"
"root/layer_51","q_a_projection","未核验","GEMM","[B,S,2560]","[B,S,768]","B,S,T；其他轴见模型参数","B[1,16];S_verify[1,8];L_KV独立未知；TP=1","config=bfloat16；激活/累加类型未核验","未核验","逻辑轴顺序；物理format未核验","逻辑轴顺序；物理format未核验","未评估候选","未评估候选","未评估候选","未核验","未实测","未实测","未实测","未实测","未核验","配置确认 + 数学推导；未核验完整调用链","https://huggingface.co/openbmb/MiniCPM3-RAG-LoRA/resolve/3ee34a2c7b518f2d9be23d7138a7d29300b240f8/config.json","logical [768,2560]","未核验","未核验","未核验","https://huggingface.co/openbmb/MiniCPM3-RAG-LoRA/resolve/3ee34a2c7b518f2d9be23d7138a7d29300b240f8/config.json","文本decode/verify；B[1,16],S[1,8]；TP=1逻辑参考；","Y=X@W^T"
"root/layer_51","q_b_projection","未核验","GEMM","[B,S,768]","[B,S,3840]","B,S,T；其他轴见模型参数","B[1,16];S_verify[1,8];L_KV独立未知；TP=1","config=bfloat16；激活/累加类型未核验","未核验","逻辑轴顺序；物理format未核验","逻辑轴顺序；物理format未核验","未评估候选","未评估候选","未评估候选","未核验","未实测","未实测","未实测","未实测","未核验","配置确认 + 数学推导；未核验完整调用链","https://huggingface.co/openbmb/MiniCPM3-RAG-LoRA/resolve/3ee34a2c7b518f2d9be23d7138a7d29300b240f8/config.json","logical [3840,768]","未核验","未核验","未核验","https://huggingface.co/openbmb/MiniCPM3-RAG-LoRA/resolve/3ee34a2c7b518f2d9be23d7138a7d29300b240f8/config.json","文本decode/verify；B[1,16],S[1,8]；TP=1逻辑参考；","Q_width=heads*(qk_nope+qk_rope)"
"root/layer_51","kv_compression","未核验","GEMM","[B,S,2560]","[B,S,288]","B,S,T；其他轴见模型参数","B[1,16];S_verify[1,8];L_KV独立未知；TP=1","config=bfloat16；激活/累加类型未核验","未核验","逻辑轴顺序；物理format未核验","逻辑轴顺序；物理format未核验","未评估候选","未评估候选","未评估候选","未核验","未实测","未实测","未实测","未实测","未核验","配置确认 + 数学推导；未核验完整调用链","https://huggingface.co/openbmb/MiniCPM3-RAG-LoRA/resolve/3ee34a2c7b518f2d9be23d7138a7d29300b240f8/config.json","logical [288,2560]","未核验","未核验","未核验","https://huggingface.co/openbmb/MiniCPM3-RAG-LoRA/resolve/3ee34a2c7b518f2d9be23d7138a7d29300b240f8/config.json","文本decode/verify；B[1,16],S[1,8]；TP=1逻辑参考；","KV_width=kv_lora_rank+qk_rope_head_dim"
"root/layer_51","MLA_cache_and_attention","未核验","MLA","Q:[B,S,40,96];KVc:[B,L_KV,256]","[B,S,2560]","B,S,T；其他轴见模型参数","B[1,16];S_verify[1,8];L_KV独立未知；TP=1","config=bfloat16；激活/累加类型未核验","未核验","逻辑轴顺序；物理format未核验","逻辑轴顺序；物理format未核验","未评估候选","未评估候选","未评估候选","未核验","未实测","未实测","未实测","未实测","未核验","配置确认 + 数学推导；未核验完整调用链","https://huggingface.co/openbmb/MiniCPM3-RAG-LoRA/resolve/3ee34a2c7b518f2d9be23d7138a7d29300b240f8/config.json","未核验","未核验","未核验","未核验","https://huggingface.co/openbmb/MiniCPM3-RAG-LoRA/resolve/3ee34a2c7b518f2d9be23d7138a7d29300b240f8/config.json","文本decode/verify；B[1,16],S[1,8]；TP=1逻辑参考；","KV展开/吸收、value维度、cache布局待实现核验"
"root/layer_51","attention_residual","未核验","elementwise","[B,S,2560];[B,S,2560]","[B,S,2560]","B,S,T；其他轴见模型参数","B[1,16];S_verify[1,8];L_KV独立未知；TP=1","config=bfloat16；激活/累加类型未核验","未核验","逻辑轴顺序；物理format未核验","逻辑轴顺序；物理format未核验","未评估候选","未评估候选","未评估候选","未核验","未实测","未实测","未实测","未实测","未核验","配置确认 + 数学推导；未核验完整调用链","https://huggingface.co/openbmb/MiniCPM3-RAG-LoRA/resolve/3ee34a2c7b518f2d9be23d7138a7d29300b240f8/config.json","未核验","未核验","未核验","未核验","https://huggingface.co/openbmb/MiniCPM3-RAG-LoRA/resolve/3ee34a2c7b518f2d9be23d7138a7d29300b240f8/config.json","文本decode/verify；B[1,16],S[1,8]；TP=1逻辑参考；","Y=X+branch（参考，实际残差策略未核验）"
"root/layer_51","post_attention_normalization","未核验","norm","[B,S,2560]","[B,S,2560]","B,S,T；其他轴见模型参数","B[1,16];S_verify[1,8];L_KV独立未知；TP=1","config=bfloat16；激活/累加类型未核验","未核验","逻辑轴顺序；物理format未核验","逻辑轴顺序；物理format未核验","未评估候选","未评估候选","未评估候选","未核验","未实测","未实测","未实测","未实测","未核验","配置确认 + 数学推导；未核验完整调用链","https://huggingface.co/openbmb/MiniCPM3-RAG-LoRA/resolve/3ee34a2c7b518f2d9be23d7138a7d29300b240f8/config.json","未核验","未核验","未核验","未核验","https://huggingface.co/openbmb/MiniCPM3-RAG-LoRA/resolve/3ee34a2c7b518f2d9be23d7138a7d29300b240f8/config.json","文本decode/verify；B[1,16],S[1,8]；TP=1逻辑参考；","类型与位置待源码核验"
"root/layer_51","FFN_up","未核验","GEMM","[B,S,2560]","[B,S,6400]","B,S,T；其他轴见模型参数","B[1,16];S_verify[1,8];L_KV独立未知；TP=1","config=bfloat16；激活/累加类型未核验","未核验","逻辑轴顺序；物理format未核验","逻辑轴顺序；物理format未核验","未评估候选","未评估候选","未评估候选","未核验","未实测","未实测","未实测","未实测","未核验","配置确认 + 数学推导；未核验完整调用链","https://huggingface.co/openbmb/MiniCPM3-RAG-LoRA/resolve/3ee34a2c7b518f2d9be23d7138a7d29300b240f8/config.json","logical [6400,2560]","未核验","未核验","未核验","https://huggingface.co/openbmb/MiniCPM3-RAG-LoRA/resolve/3ee34a2c7b518f2d9be23d7138a7d29300b240f8/config.json","文本decode/verify；B[1,16],S[1,8]；TP=1逻辑参考；","Y=X@W^T"
"root/layer_51","FFN_activation_and_optional_gate","未核验","activation","[B,S,6400]","[B,S,6400]","B,S,T；其他轴见模型参数","B[1,16];S_verify[1,8];L_KV独立未知；TP=1","config=bfloat16；激活/累加类型未核验","未核验","逻辑轴顺序；物理format未核验","逻辑轴顺序；物理format未核验","未评估候选","未评估候选","未评估候选","未核验","未实测","未实测","未实测","未实测","未核验","配置确认 + 数学推导；未核验完整调用链","https://huggingface.co/openbmb/MiniCPM3-RAG-LoRA/resolve/3ee34a2c7b518f2d9be23d7138a7d29300b240f8/config.json","未核验","未核验","未核验","未核验","https://huggingface.co/openbmb/MiniCPM3-RAG-LoRA/resolve/3ee34a2c7b518f2d9be23d7138a7d29300b240f8/config.json","文本decode/verify；B[1,16],S[1,8]；TP=1逻辑参考；是否额外gate矩阵与门控分支维度需要实现；不能仅由silu推定完整SwiGLU","config.hidden_act=silu"
"root/layer_51","FFN_down","未核验","GEMM","[B,S,6400]","[B,S,2560]","B,S,T；其他轴见模型参数","B[1,16];S_verify[1,8];L_KV独立未知；TP=1","config=bfloat16；激活/累加类型未核验","未核验","逻辑轴顺序；物理format未核验","逻辑轴顺序；物理format未核验","未评估候选","未评估候选","未评估候选","未核验","未实测","未实测","未实测","未实测","未核验","配置确认 + 数学推导；未核验完整调用链","https://huggingface.co/openbmb/MiniCPM3-RAG-LoRA/resolve/3ee34a2c7b518f2d9be23d7138a7d29300b240f8/config.json","logical [2560,6400]","未核验","未核验","未核验","https://huggingface.co/openbmb/MiniCPM3-RAG-LoRA/resolve/3ee34a2c7b518f2d9be23d7138a7d29300b240f8/config.json","文本decode/verify；B[1,16],S[1,8]；TP=1逻辑参考；","Y=X@W^T"
"root/layer_51","FFN_residual","未核验","elementwise","[B,S,2560];[B,S,2560]","[B,S,2560]","B,S,T；其他轴见模型参数","B[1,16];S_verify[1,8];L_KV独立未知；TP=1","config=bfloat16；激活/累加类型未核验","未核验","逻辑轴顺序；物理format未核验","逻辑轴顺序；物理format未核验","未评估候选","未评估候选","未评估候选","未核验","未实测","未实测","未实测","未实测","未核验","配置确认 + 数学推导；未核验完整调用链","https://huggingface.co/openbmb/MiniCPM3-RAG-LoRA/resolve/3ee34a2c7b518f2d9be23d7138a7d29300b240f8/config.json","未核验","未核验","未核验","未核验","https://huggingface.co/openbmb/MiniCPM3-RAG-LoRA/resolve/3ee34a2c7b518f2d9be23d7138a7d29300b240f8/config.json","文本decode/verify；B[1,16],S[1,8]；TP=1逻辑参考；","Y=X+branch（参考，实际残差策略未核验）"
"root/layer_52","input_normalization","未核验","norm","[B,S,2560]","[B,S,2560]","B,S,T；其他轴见模型参数","B[1,16];S_verify[1,8];L_KV独立未知；TP=1","config=bfloat16；激活/累加类型未核验","未核验","逻辑轴顺序；物理format未核验","逻辑轴顺序；物理format未核验","未评估候选","未评估候选","未评估候选","未核验","未实测","未实测","未实测","未实测","未核验","配置确认 + 数学推导；未核验完整调用链","https://huggingface.co/openbmb/MiniCPM3-RAG-LoRA/resolve/3ee34a2c7b518f2d9be23d7138a7d29300b240f8/config.json","未核验","未核验","未核验","未核验","https://huggingface.co/openbmb/MiniCPM3-RAG-LoRA/resolve/3ee34a2c7b518f2d9be23d7138a7d29300b240f8/config.json","文本decode/verify；B[1,16],S[1,8]；TP=1逻辑参考；","归一化类型/先后顺序待实现核验"
"root/layer_52","q_a_projection","未核验","GEMM","[B,S,2560]","[B,S,768]","B,S,T；其他轴见模型参数","B[1,16];S_verify[1,8];L_KV独立未知；TP=1","config=bfloat16；激活/累加类型未核验","未核验","逻辑轴顺序；物理format未核验","逻辑轴顺序；物理format未核验","未评估候选","未评估候选","未评估候选","未核验","未实测","未实测","未实测","未实测","未核验","配置确认 + 数学推导；未核验完整调用链","https://huggingface.co/openbmb/MiniCPM3-RAG-LoRA/resolve/3ee34a2c7b518f2d9be23d7138a7d29300b240f8/config.json","logical [768,2560]","未核验","未核验","未核验","https://huggingface.co/openbmb/MiniCPM3-RAG-LoRA/resolve/3ee34a2c7b518f2d9be23d7138a7d29300b240f8/config.json","文本decode/verify；B[1,16],S[1,8]；TP=1逻辑参考；","Y=X@W^T"
"root/layer_52","q_b_projection","未核验","GEMM","[B,S,768]","[B,S,3840]","B,S,T；其他轴见模型参数","B[1,16];S_verify[1,8];L_KV独立未知；TP=1","config=bfloat16；激活/累加类型未核验","未核验","逻辑轴顺序；物理format未核验","逻辑轴顺序；物理format未核验","未评估候选","未评估候选","未评估候选","未核验","未实测","未实测","未实测","未实测","未核验","配置确认 + 数学推导；未核验完整调用链","https://huggingface.co/openbmb/MiniCPM3-RAG-LoRA/resolve/3ee34a2c7b518f2d9be23d7138a7d29300b240f8/config.json","logical [3840,768]","未核验","未核验","未核验","https://huggingface.co/openbmb/MiniCPM3-RAG-LoRA/resolve/3ee34a2c7b518f2d9be23d7138a7d29300b240f8/config.json","文本decode/verify；B[1,16],S[1,8]；TP=1逻辑参考；","Q_width=heads*(qk_nope+qk_rope)"
"root/layer_52","kv_compression","未核验","GEMM","[B,S,2560]","[B,S,288]","B,S,T；其他轴见模型参数","B[1,16];S_verify[1,8];L_KV独立未知；TP=1","config=bfloat16；激活/累加类型未核验","未核验","逻辑轴顺序；物理format未核验","逻辑轴顺序；物理format未核验","未评估候选","未评估候选","未评估候选","未核验","未实测","未实测","未实测","未实测","未核验","配置确认 + 数学推导；未核验完整调用链","https://huggingface.co/openbmb/MiniCPM3-RAG-LoRA/resolve/3ee34a2c7b518f2d9be23d7138a7d29300b240f8/config.json","logical [288,2560]","未核验","未核验","未核验","https://huggingface.co/openbmb/MiniCPM3-RAG-LoRA/resolve/3ee34a2c7b518f2d9be23d7138a7d29300b240f8/config.json","文本decode/verify；B[1,16],S[1,8]；TP=1逻辑参考；","KV_width=kv_lora_rank+qk_rope_head_dim"
"root/layer_52","MLA_cache_and_attention","未核验","MLA","Q:[B,S,40,96];KVc:[B,L_KV,256]","[B,S,2560]","B,S,T；其他轴见模型参数","B[1,16];S_verify[1,8];L_KV独立未知；TP=1","config=bfloat16；激活/累加类型未核验","未核验","逻辑轴顺序；物理format未核验","逻辑轴顺序；物理format未核验","未评估候选","未评估候选","未评估候选","未核验","未实测","未实测","未实测","未实测","未核验","配置确认 + 数学推导；未核验完整调用链","https://huggingface.co/openbmb/MiniCPM3-RAG-LoRA/resolve/3ee34a2c7b518f2d9be23d7138a7d29300b240f8/config.json","未核验","未核验","未核验","未核验","https://huggingface.co/openbmb/MiniCPM3-RAG-LoRA/resolve/3ee34a2c7b518f2d9be23d7138a7d29300b240f8/config.json","文本decode/verify；B[1,16],S[1,8]；TP=1逻辑参考；","KV展开/吸收、value维度、cache布局待实现核验"
"root/layer_52","attention_residual","未核验","elementwise","[B,S,2560];[B,S,2560]","[B,S,2560]","B,S,T；其他轴见模型参数","B[1,16];S_verify[1,8];L_KV独立未知；TP=1","config=bfloat16；激活/累加类型未核验","未核验","逻辑轴顺序；物理format未核验","逻辑轴顺序；物理format未核验","未评估候选","未评估候选","未评估候选","未核验","未实测","未实测","未实测","未实测","未核验","配置确认 + 数学推导；未核验完整调用链","https://huggingface.co/openbmb/MiniCPM3-RAG-LoRA/resolve/3ee34a2c7b518f2d9be23d7138a7d29300b240f8/config.json","未核验","未核验","未核验","未核验","https://huggingface.co/openbmb/MiniCPM3-RAG-LoRA/resolve/3ee34a2c7b518f2d9be23d7138a7d29300b240f8/config.json","文本decode/verify；B[1,16],S[1,8]；TP=1逻辑参考；","Y=X+branch（参考，实际残差策略未核验）"
"root/layer_52","post_attention_normalization","未核验","norm","[B,S,2560]","[B,S,2560]","B,S,T；其他轴见模型参数","B[1,16];S_verify[1,8];L_KV独立未知；TP=1","config=bfloat16；激活/累加类型未核验","未核验","逻辑轴顺序；物理format未核验","逻辑轴顺序；物理format未核验","未评估候选","未评估候选","未评估候选","未核验","未实测","未实测","未实测","未实测","未核验","配置确认 + 数学推导；未核验完整调用链","https://huggingface.co/openbmb/MiniCPM3-RAG-LoRA/resolve/3ee34a2c7b518f2d9be23d7138a7d29300b240f8/config.json","未核验","未核验","未核验","未核验","https://huggingface.co/openbmb/MiniCPM3-RAG-LoRA/resolve/3ee34a2c7b518f2d9be23d7138a7d29300b240f8/config.json","文本decode/verify；B[1,16],S[1,8]；TP=1逻辑参考；","类型与位置待源码核验"
"root/layer_52","FFN_up","未核验","GEMM","[B,S,2560]","[B,S,6400]","B,S,T；其他轴见模型参数","B[1,16];S_verify[1,8];L_KV独立未知；TP=1","config=bfloat16；激活/累加类型未核验","未核验","逻辑轴顺序；物理format未核验","逻辑轴顺序；物理format未核验","未评估候选","未评估候选","未评估候选","未核验","未实测","未实测","未实测","未实测","未核验","配置确认 + 数学推导；未核验完整调用链","https://huggingface.co/openbmb/MiniCPM3-RAG-LoRA/resolve/3ee34a2c7b518f2d9be23d7138a7d29300b240f8/config.json","logical [6400,2560]","未核验","未核验","未核验","https://huggingface.co/openbmb/MiniCPM3-RAG-LoRA/resolve/3ee34a2c7b518f2d9be23d7138a7d29300b240f8/config.json","文本decode/verify；B[1,16],S[1,8]；TP=1逻辑参考；","Y=X@W^T"
"root/layer_52","FFN_activation_and_optional_gate","未核验","activation","[B,S,6400]","[B,S,6400]","B,S,T；其他轴见模型参数","B[1,16];S_verify[1,8];L_KV独立未知；TP=1","config=bfloat16；激活/累加类型未核验","未核验","逻辑轴顺序；物理format未核验","逻辑轴顺序；物理format未核验","未评估候选","未评估候选","未评估候选","未核验","未实测","未实测","未实测","未实测","未核验","配置确认 + 数学推导；未核验完整调用链","https://huggingface.co/openbmb/MiniCPM3-RAG-LoRA/resolve/3ee34a2c7b518f2d9be23d7138a7d29300b240f8/config.json","未核验","未核验","未核验","未核验","https://huggingface.co/openbmb/MiniCPM3-RAG-LoRA/resolve/3ee34a2c7b518f2d9be23d7138a7d29300b240f8/config.json","文本decode/verify；B[1,16],S[1,8]；TP=1逻辑参考；是否额外gate矩阵与门控分支维度需要实现；不能仅由silu推定完整SwiGLU","config.hidden_act=silu"
"root/layer_52","FFN_down","未核验","GEMM","[B,S,6400]","[B,S,2560]","B,S,T；其他轴见模型参数","B[1,16];S_verify[1,8];L_KV独立未知；TP=1","config=bfloat16；激活/累加类型未核验","未核验","逻辑轴顺序；物理format未核验","逻辑轴顺序；物理format未核验","未评估候选","未评估候选","未评估候选","未核验","未实测","未实测","未实测","未实测","未核验","配置确认 + 数学推导；未核验完整调用链","https://huggingface.co/openbmb/MiniCPM3-RAG-LoRA/resolve/3ee34a2c7b518f2d9be23d7138a7d29300b240f8/config.json","logical [2560,6400]","未核验","未核验","未核验","https://huggingface.co/openbmb/MiniCPM3-RAG-LoRA/resolve/3ee34a2c7b518f2d9be23d7138a7d29300b240f8/config.json","文本decode/verify；B[1,16],S[1,8]；TP=1逻辑参考；","Y=X@W^T"
"root/layer_52","FFN_residual","未核验","elementwise","[B,S,2560];[B,S,2560]","[B,S,2560]","B,S,T；其他轴见模型参数","B[1,16];S_verify[1,8];L_KV独立未知；TP=1","config=bfloat16；激活/累加类型未核验","未核验","逻辑轴顺序；物理format未核验","逻辑轴顺序；物理format未核验","未评估候选","未评估候选","未评估候选","未核验","未实测","未实测","未实测","未实测","未核验","配置确认 + 数学推导；未核验完整调用链","https://huggingface.co/openbmb/MiniCPM3-RAG-LoRA/resolve/3ee34a2c7b518f2d9be23d7138a7d29300b240f8/config.json","未核验","未核验","未核验","未核验","https://huggingface.co/openbmb/MiniCPM3-RAG-LoRA/resolve/3ee34a2c7b518f2d9be23d7138a7d29300b240f8/config.json","文本decode/verify；B[1,16],S[1,8]；TP=1逻辑参考；","Y=X+branch（参考，实际残差策略未核验）"
"root/layer_53","input_normalization","未核验","norm","[B,S,2560]","[B,S,2560]","B,S,T；其他轴见模型参数","B[1,16];S_verify[1,8];L_KV独立未知；TP=1","config=bfloat16；激活/累加类型未核验","未核验","逻辑轴顺序；物理format未核验","逻辑轴顺序；物理format未核验","未评估候选","未评估候选","未评估候选","未核验","未实测","未实测","未实测","未实测","未核验","配置确认 + 数学推导；未核验完整调用链","https://huggingface.co/openbmb/MiniCPM3-RAG-LoRA/resolve/3ee34a2c7b518f2d9be23d7138a7d29300b240f8/config.json","未核验","未核验","未核验","未核验","https://huggingface.co/openbmb/MiniCPM3-RAG-LoRA/resolve/3ee34a2c7b518f2d9be23d7138a7d29300b240f8/config.json","文本decode/verify；B[1,16],S[1,8]；TP=1逻辑参考；","归一化类型/先后顺序待实现核验"
"root/layer_53","q_a_projection","未核验","GEMM","[B,S,2560]","[B,S,768]","B,S,T；其他轴见模型参数","B[1,16];S_verify[1,8];L_KV独立未知；TP=1","config=bfloat16；激活/累加类型未核验","未核验","逻辑轴顺序；物理format未核验","逻辑轴顺序；物理format未核验","未评估候选","未评估候选","未评估候选","未核验","未实测","未实测","未实测","未实测","未核验","配置确认 + 数学推导；未核验完整调用链","https://huggingface.co/openbmb/MiniCPM3-RAG-LoRA/resolve/3ee34a2c7b518f2d9be23d7138a7d29300b240f8/config.json","logical [768,2560]","未核验","未核验","未核验","https://huggingface.co/openbmb/MiniCPM3-RAG-LoRA/resolve/3ee34a2c7b518f2d9be23d7138a7d29300b240f8/config.json","文本decode/verify；B[1,16],S[1,8]；TP=1逻辑参考；","Y=X@W^T"
"root/layer_53","q_b_projection","未核验","GEMM","[B,S,768]","[B,S,3840]","B,S,T；其他轴见模型参数","B[1,16];S_verify[1,8];L_KV独立未知；TP=1","config=bfloat16；激活/累加类型未核验","未核验","逻辑轴顺序；物理format未核验","逻辑轴顺序；物理format未核验","未评估候选","未评估候选","未评估候选","未核验","未实测","未实测","未实测","未实测","未核验","配置确认 + 数学推导；未核验完整调用链","https://huggingface.co/openbmb/MiniCPM3-RAG-LoRA/resolve/3ee34a2c7b518f2d9be23d7138a7d29300b240f8/config.json","logical [3840,768]","未核验","未核验","未核验","https://huggingface.co/openbmb/MiniCPM3-RAG-LoRA/resolve/3ee34a2c7b518f2d9be23d7138a7d29300b240f8/config.json","文本decode/verify；B[1,16],S[1,8]；TP=1逻辑参考；","Q_width=heads*(qk_nope+qk_rope)"
"root/layer_53","kv_compression","未核验","GEMM","[B,S,2560]","[B,S,288]","B,S,T；其他轴见模型参数","B[1,16];S_verify[1,8];L_KV独立未知；TP=1","config=bfloat16；激活/累加类型未核验","未核验","逻辑轴顺序；物理format未核验","逻辑轴顺序；物理format未核验","未评估候选","未评估候选","未评估候选","未核验","未实测","未实测","未实测","未实测","未核验","配置确认 + 数学推导；未核验完整调用链","https://huggingface.co/openbmb/MiniCPM3-RAG-LoRA/resolve/3ee34a2c7b518f2d9be23d7138a7d29300b240f8/config.json","logical [288,2560]","未核验","未核验","未核验","https://huggingface.co/openbmb/MiniCPM3-RAG-LoRA/resolve/3ee34a2c7b518f2d9be23d7138a7d29300b240f8/config.json","文本decode/verify；B[1,16],S[1,8]；TP=1逻辑参考；","KV_width=kv_lora_rank+qk_rope_head_dim"
"root/layer_53","MLA_cache_and_attention","未核验","MLA","Q:[B,S,40,96];KVc:[B,L_KV,256]","[B,S,2560]","B,S,T；其他轴见模型参数","B[1,16];S_verify[1,8];L_KV独立未知；TP=1","config=bfloat16；激活/累加类型未核验","未核验","逻辑轴顺序；物理format未核验","逻辑轴顺序；物理format未核验","未评估候选","未评估候选","未评估候选","未核验","未实测","未实测","未实测","未实测","未核验","配置确认 + 数学推导；未核验完整调用链","https://huggingface.co/openbmb/MiniCPM3-RAG-LoRA/resolve/3ee34a2c7b518f2d9be23d7138a7d29300b240f8/config.json","未核验","未核验","未核验","未核验","https://huggingface.co/openbmb/MiniCPM3-RAG-LoRA/resolve/3ee34a2c7b518f2d9be23d7138a7d29300b240f8/config.json","文本decode/verify；B[1,16],S[1,8]；TP=1逻辑参考；","KV展开/吸收、value维度、cache布局待实现核验"
"root/layer_53","attention_residual","未核验","elementwise","[B,S,2560];[B,S,2560]","[B,S,2560]","B,S,T；其他轴见模型参数","B[1,16];S_verify[1,8];L_KV独立未知；TP=1","config=bfloat16；激活/累加类型未核验","未核验","逻辑轴顺序；物理format未核验","逻辑轴顺序；物理format未核验","未评估候选","未评估候选","未评估候选","未核验","未实测","未实测","未实测","未实测","未核验","配置确认 + 数学推导；未核验完整调用链","https://huggingface.co/openbmb/MiniCPM3-RAG-LoRA/resolve/3ee34a2c7b518f2d9be23d7138a7d29300b240f8/config.json","未核验","未核验","未核验","未核验","https://huggingface.co/openbmb/MiniCPM3-RAG-LoRA/resolve/3ee34a2c7b518f2d9be23d7138a7d29300b240f8/config.json","文本decode/verify；B[1,16],S[1,8]；TP=1逻辑参考；","Y=X+branch（参考，实际残差策略未核验）"
"root/layer_53","post_attention_normalization","未核验","norm","[B,S,2560]","[B,S,2560]","B,S,T；其他轴见模型参数","B[1,16];S_verify[1,8];L_KV独立未知；TP=1","config=bfloat16；激活/累加类型未核验","未核验","逻辑轴顺序；物理format未核验","逻辑轴顺序；物理format未核验","未评估候选","未评估候选","未评估候选","未核验","未实测","未实测","未实测","未实测","未核验","配置确认 + 数学推导；未核验完整调用链","https://huggingface.co/openbmb/MiniCPM3-RAG-LoRA/resolve/3ee34a2c7b518f2d9be23d7138a7d29300b240f8/config.json","未核验","未核验","未核验","未核验","https://huggingface.co/openbmb/MiniCPM3-RAG-LoRA/resolve/3ee34a2c7b518f2d9be23d7138a7d29300b240f8/config.json","文本decode/verify；B[1,16],S[1,8]；TP=1逻辑参考；","类型与位置待源码核验"
"root/layer_53","FFN_up","未核验","GEMM","[B,S,2560]","[B,S,6400]","B,S,T；其他轴见模型参数","B[1,16];S_verify[1,8];L_KV独立未知；TP=1","config=bfloat16；激活/累加类型未核验","未核验","逻辑轴顺序；物理format未核验","逻辑轴顺序；物理format未核验","未评估候选","未评估候选","未评估候选","未核验","未实测","未实测","未实测","未实测","未核验","配置确认 + 数学推导；未核验完整调用链","https://huggingface.co/openbmb/MiniCPM3-RAG-LoRA/resolve/3ee34a2c7b518f2d9be23d7138a7d29300b240f8/config.json","logical [6400,2560]","未核验","未核验","未核验","https://huggingface.co/openbmb/MiniCPM3-RAG-LoRA/resolve/3ee34a2c7b518f2d9be23d7138a7d29300b240f8/config.json","文本decode/verify；B[1,16],S[1,8]；TP=1逻辑参考；","Y=X@W^T"
"root/layer_53","FFN_activation_and_optional_gate","未核验","activation","[B,S,6400]","[B,S,6400]","B,S,T；其他轴见模型参数","B[1,16];S_verify[1,8];L_KV独立未知；TP=1","config=bfloat16；激活/累加类型未核验","未核验","逻辑轴顺序；物理format未核验","逻辑轴顺序；物理format未核验","未评估候选","未评估候选","未评估候选","未核验","未实测","未实测","未实测","未实测","未核验","配置确认 + 数学推导；未核验完整调用链","https://huggingface.co/openbmb/MiniCPM3-RAG-LoRA/resolve/3ee34a2c7b518f2d9be23d7138a7d29300b240f8/config.json","未核验","未核验","未核验","未核验","https://huggingface.co/openbmb/MiniCPM3-RAG-LoRA/resolve/3ee34a2c7b518f2d9be23d7138a7d29300b240f8/config.json","文本decode/verify；B[1,16],S[1,8]；TP=1逻辑参考；是否额外gate矩阵与门控分支维度需要实现；不能仅由silu推定完整SwiGLU","config.hidden_act=silu"
"root/layer_53","FFN_down","未核验","GEMM","[B,S,6400]","[B,S,2560]","B,S,T；其他轴见模型参数","B[1,16];S_verify[1,8];L_KV独立未知；TP=1","config=bfloat16；激活/累加类型未核验","未核验","逻辑轴顺序；物理format未核验","逻辑轴顺序；物理format未核验","未评估候选","未评估候选","未评估候选","未核验","未实测","未实测","未实测","未实测","未核验","配置确认 + 数学推导；未核验完整调用链","https://huggingface.co/openbmb/MiniCPM3-RAG-LoRA/resolve/3ee34a2c7b518f2d9be23d7138a7d29300b240f8/config.json","logical [2560,6400]","未核验","未核验","未核验","https://huggingface.co/openbmb/MiniCPM3-RAG-LoRA/resolve/3ee34a2c7b518f2d9be23d7138a7d29300b240f8/config.json","文本decode/verify；B[1,16],S[1,8]；TP=1逻辑参考；","Y=X@W^T"
"root/layer_53","FFN_residual","未核验","elementwise","[B,S,2560];[B,S,2560]","[B,S,2560]","B,S,T；其他轴见模型参数","B[1,16];S_verify[1,8];L_KV独立未知；TP=1","config=bfloat16；激活/累加类型未核验","未核验","逻辑轴顺序；物理format未核验","逻辑轴顺序；物理format未核验","未评估候选","未评估候选","未评估候选","未核验","未实测","未实测","未实测","未实测","未核验","配置确认 + 数学推导；未核验完整调用链","https://huggingface.co/openbmb/MiniCPM3-RAG-LoRA/resolve/3ee34a2c7b518f2d9be23d7138a7d29300b240f8/config.json","未核验","未核验","未核验","未核验","https://huggingface.co/openbmb/MiniCPM3-RAG-LoRA/resolve/3ee34a2c7b518f2d9be23d7138a7d29300b240f8/config.json","文本decode/verify；B[1,16],S[1,8]；TP=1逻辑参考；","Y=X+branch（参考，实际残差策略未核验）"
"root/layer_54","input_normalization","未核验","norm","[B,S,2560]","[B,S,2560]","B,S,T；其他轴见模型参数","B[1,16];S_verify[1,8];L_KV独立未知；TP=1","config=bfloat16；激活/累加类型未核验","未核验","逻辑轴顺序；物理format未核验","逻辑轴顺序；物理format未核验","未评估候选","未评估候选","未评估候选","未核验","未实测","未实测","未实测","未实测","未核验","配置确认 + 数学推导；未核验完整调用链","https://huggingface.co/openbmb/MiniCPM3-RAG-LoRA/resolve/3ee34a2c7b518f2d9be23d7138a7d29300b240f8/config.json","未核验","未核验","未核验","未核验","https://huggingface.co/openbmb/MiniCPM3-RAG-LoRA/resolve/3ee34a2c7b518f2d9be23d7138a7d29300b240f8/config.json","文本decode/verify；B[1,16],S[1,8]；TP=1逻辑参考；","归一化类型/先后顺序待实现核验"
"root/layer_54","q_a_projection","未核验","GEMM","[B,S,2560]","[B,S,768]","B,S,T；其他轴见模型参数","B[1,16];S_verify[1,8];L_KV独立未知；TP=1","config=bfloat16；激活/累加类型未核验","未核验","逻辑轴顺序；物理format未核验","逻辑轴顺序；物理format未核验","未评估候选","未评估候选","未评估候选","未核验","未实测","未实测","未实测","未实测","未核验","配置确认 + 数学推导；未核验完整调用链","https://huggingface.co/openbmb/MiniCPM3-RAG-LoRA/resolve/3ee34a2c7b518f2d9be23d7138a7d29300b240f8/config.json","logical [768,2560]","未核验","未核验","未核验","https://huggingface.co/openbmb/MiniCPM3-RAG-LoRA/resolve/3ee34a2c7b518f2d9be23d7138a7d29300b240f8/config.json","文本decode/verify；B[1,16],S[1,8]；TP=1逻辑参考；","Y=X@W^T"
"root/layer_54","q_b_projection","未核验","GEMM","[B,S,768]","[B,S,3840]","B,S,T；其他轴见模型参数","B[1,16];S_verify[1,8];L_KV独立未知；TP=1","config=bfloat16；激活/累加类型未核验","未核验","逻辑轴顺序；物理format未核验","逻辑轴顺序；物理format未核验","未评估候选","未评估候选","未评估候选","未核验","未实测","未实测","未实测","未实测","未核验","配置确认 + 数学推导；未核验完整调用链","https://huggingface.co/openbmb/MiniCPM3-RAG-LoRA/resolve/3ee34a2c7b518f2d9be23d7138a7d29300b240f8/config.json","logical [3840,768]","未核验","未核验","未核验","https://huggingface.co/openbmb/MiniCPM3-RAG-LoRA/resolve/3ee34a2c7b518f2d9be23d7138a7d29300b240f8/config.json","文本decode/verify；B[1,16],S[1,8]；TP=1逻辑参考；","Q_width=heads*(qk_nope+qk_rope)"
"root/layer_54","kv_compression","未核验","GEMM","[B,S,2560]","[B,S,288]","B,S,T；其他轴见模型参数","B[1,16];S_verify[1,8];L_KV独立未知；TP=1","config=bfloat16；激活/累加类型未核验","未核验","逻辑轴顺序；物理format未核验","逻辑轴顺序；物理format未核验","未评估候选","未评估候选","未评估候选","未核验","未实测","未实测","未实测","未实测","未核验","配置确认 + 数学推导；未核验完整调用链","https://huggingface.co/openbmb/MiniCPM3-RAG-LoRA/resolve/3ee34a2c7b518f2d9be23d7138a7d29300b240f8/config.json","logical [288,2560]","未核验","未核验","未核验","https://huggingface.co/openbmb/MiniCPM3-RAG-LoRA/resolve/3ee34a2c7b518f2d9be23d7138a7d29300b240f8/config.json","文本decode/verify；B[1,16],S[1,8]；TP=1逻辑参考；","KV_width=kv_lora_rank+qk_rope_head_dim"
"root/layer_54","MLA_cache_and_attention","未核验","MLA","Q:[B,S,40,96];KVc:[B,L_KV,256]","[B,S,2560]","B,S,T；其他轴见模型参数","B[1,16];S_verify[1,8];L_KV独立未知；TP=1","config=bfloat16；激活/累加类型未核验","未核验","逻辑轴顺序；物理format未核验","逻辑轴顺序；物理format未核验","未评估候选","未评估候选","未评估候选","未核验","未实测","未实测","未实测","未实测","未核验","配置确认 + 数学推导；未核验完整调用链","https://huggingface.co/openbmb/MiniCPM3-RAG-LoRA/resolve/3ee34a2c7b518f2d9be23d7138a7d29300b240f8/config.json","未核验","未核验","未核验","未核验","https://huggingface.co/openbmb/MiniCPM3-RAG-LoRA/resolve/3ee34a2c7b518f2d9be23d7138a7d29300b240f8/config.json","文本decode/verify；B[1,16],S[1,8]；TP=1逻辑参考；","KV展开/吸收、value维度、cache布局待实现核验"
"root/layer_54","attention_residual","未核验","elementwise","[B,S,2560];[B,S,2560]","[B,S,2560]","B,S,T；其他轴见模型参数","B[1,16];S_verify[1,8];L_KV独立未知；TP=1","config=bfloat16；激活/累加类型未核验","未核验","逻辑轴顺序；物理format未核验","逻辑轴顺序；物理format未核验","未评估候选","未评估候选","未评估候选","未核验","未实测","未实测","未实测","未实测","未核验","配置确认 + 数学推导；未核验完整调用链","https://huggingface.co/openbmb/MiniCPM3-RAG-LoRA/resolve/3ee34a2c7b518f2d9be23d7138a7d29300b240f8/config.json","未核验","未核验","未核验","未核验","https://huggingface.co/openbmb/MiniCPM3-RAG-LoRA/resolve/3ee34a2c7b518f2d9be23d7138a7d29300b240f8/config.json","文本decode/verify；B[1,16],S[1,8]；TP=1逻辑参考；","Y=X+branch（参考，实际残差策略未核验）"
"root/layer_54","post_attention_normalization","未核验","norm","[B,S,2560]","[B,S,2560]","B,S,T；其他轴见模型参数","B[1,16];S_verify[1,8];L_KV独立未知；TP=1","config=bfloat16；激活/累加类型未核验","未核验","逻辑轴顺序；物理format未核验","逻辑轴顺序；物理format未核验","未评估候选","未评估候选","未评估候选","未核验","未实测","未实测","未实测","未实测","未核验","配置确认 + 数学推导；未核验完整调用链","https://huggingface.co/openbmb/MiniCPM3-RAG-LoRA/resolve/3ee34a2c7b518f2d9be23d7138a7d29300b240f8/config.json","未核验","未核验","未核验","未核验","https://huggingface.co/openbmb/MiniCPM3-RAG-LoRA/resolve/3ee34a2c7b518f2d9be23d7138a7d29300b240f8/config.json","文本decode/verify；B[1,16],S[1,8]；TP=1逻辑参考；","类型与位置待源码核验"
"root/layer_54","FFN_up","未核验","GEMM","[B,S,2560]","[B,S,6400]","B,S,T；其他轴见模型参数","B[1,16];S_verify[1,8];L_KV独立未知；TP=1","config=bfloat16；激活/累加类型未核验","未核验","逻辑轴顺序；物理format未核验","逻辑轴顺序；物理format未核验","未评估候选","未评估候选","未评估候选","未核验","未实测","未实测","未实测","未实测","未核验","配置确认 + 数学推导；未核验完整调用链","https://huggingface.co/openbmb/MiniCPM3-RAG-LoRA/resolve/3ee34a2c7b518f2d9be23d7138a7d29300b240f8/config.json","logical [6400,2560]","未核验","未核验","未核验","https://huggingface.co/openbmb/MiniCPM3-RAG-LoRA/resolve/3ee34a2c7b518f2d9be23d7138a7d29300b240f8/config.json","文本decode/verify；B[1,16],S[1,8]；TP=1逻辑参考；","Y=X@W^T"
"root/layer_54","FFN_activation_and_optional_gate","未核验","activation","[B,S,6400]","[B,S,6400]","B,S,T；其他轴见模型参数","B[1,16];S_verify[1,8];L_KV独立未知；TP=1","config=bfloat16；激活/累加类型未核验","未核验","逻辑轴顺序；物理format未核验","逻辑轴顺序；物理format未核验","未评估候选","未评估候选","未评估候选","未核验","未实测","未实测","未实测","未实测","未核验","配置确认 + 数学推导；未核验完整调用链","https://huggingface.co/openbmb/MiniCPM3-RAG-LoRA/resolve/3ee34a2c7b518f2d9be23d7138a7d29300b240f8/config.json","未核验","未核验","未核验","未核验","https://huggingface.co/openbmb/MiniCPM3-RAG-LoRA/resolve/3ee34a2c7b518f2d9be23d7138a7d29300b240f8/config.json","文本decode/verify；B[1,16],S[1,8]；TP=1逻辑参考；是否额外gate矩阵与门控分支维度需要实现；不能仅由silu推定完整SwiGLU","config.hidden_act=silu"
"root/layer_54","FFN_down","未核验","GEMM","[B,S,6400]","[B,S,2560]","B,S,T；其他轴见模型参数","B[1,16];S_verify[1,8];L_KV独立未知；TP=1","config=bfloat16；激活/累加类型未核验","未核验","逻辑轴顺序；物理format未核验","逻辑轴顺序；物理format未核验","未评估候选","未评估候选","未评估候选","未核验","未实测","未实测","未实测","未实测","未核验","配置确认 + 数学推导；未核验完整调用链","https://huggingface.co/openbmb/MiniCPM3-RAG-LoRA/resolve/3ee34a2c7b518f2d9be23d7138a7d29300b240f8/config.json","logical [2560,6400]","未核验","未核验","未核验","https://huggingface.co/openbmb/MiniCPM3-RAG-LoRA/resolve/3ee34a2c7b518f2d9be23d7138a7d29300b240f8/config.json","文本decode/verify；B[1,16],S[1,8]；TP=1逻辑参考；","Y=X@W^T"
"root/layer_54","FFN_residual","未核验","elementwise","[B,S,2560];[B,S,2560]","[B,S,2560]","B,S,T；其他轴见模型参数","B[1,16];S_verify[1,8];L_KV独立未知；TP=1","config=bfloat16；激活/累加类型未核验","未核验","逻辑轴顺序；物理format未核验","逻辑轴顺序；物理format未核验","未评估候选","未评估候选","未评估候选","未核验","未实测","未实测","未实测","未实测","未核验","配置确认 + 数学推导；未核验完整调用链","https://huggingface.co/openbmb/MiniCPM3-RAG-LoRA/resolve/3ee34a2c7b518f2d9be23d7138a7d29300b240f8/config.json","未核验","未核验","未核验","未核验","https://huggingface.co/openbmb/MiniCPM3-RAG-LoRA/resolve/3ee34a2c7b518f2d9be23d7138a7d29300b240f8/config.json","文本decode/verify；B[1,16],S[1,8]；TP=1逻辑参考；","Y=X+branch（参考，实际残差策略未核验）"
"root/layer_55","input_normalization","未核验","norm","[B,S,2560]","[B,S,2560]","B,S,T；其他轴见模型参数","B[1,16];S_verify[1,8];L_KV独立未知；TP=1","config=bfloat16；激活/累加类型未核验","未核验","逻辑轴顺序；物理format未核验","逻辑轴顺序；物理format未核验","未评估候选","未评估候选","未评估候选","未核验","未实测","未实测","未实测","未实测","未核验","配置确认 + 数学推导；未核验完整调用链","https://huggingface.co/openbmb/MiniCPM3-RAG-LoRA/resolve/3ee34a2c7b518f2d9be23d7138a7d29300b240f8/config.json","未核验","未核验","未核验","未核验","https://huggingface.co/openbmb/MiniCPM3-RAG-LoRA/resolve/3ee34a2c7b518f2d9be23d7138a7d29300b240f8/config.json","文本decode/verify；B[1,16],S[1,8]；TP=1逻辑参考；","归一化类型/先后顺序待实现核验"
"root/layer_55","q_a_projection","未核验","GEMM","[B,S,2560]","[B,S,768]","B,S,T；其他轴见模型参数","B[1,16];S_verify[1,8];L_KV独立未知；TP=1","config=bfloat16；激活/累加类型未核验","未核验","逻辑轴顺序；物理format未核验","逻辑轴顺序；物理format未核验","未评估候选","未评估候选","未评估候选","未核验","未实测","未实测","未实测","未实测","未核验","配置确认 + 数学推导；未核验完整调用链","https://huggingface.co/openbmb/MiniCPM3-RAG-LoRA/resolve/3ee34a2c7b518f2d9be23d7138a7d29300b240f8/config.json","logical [768,2560]","未核验","未核验","未核验","https://huggingface.co/openbmb/MiniCPM3-RAG-LoRA/resolve/3ee34a2c7b518f2d9be23d7138a7d29300b240f8/config.json","文本decode/verify；B[1,16],S[1,8]；TP=1逻辑参考；","Y=X@W^T"
"root/layer_55","q_b_projection","未核验","GEMM","[B,S,768]","[B,S,3840]","B,S,T；其他轴见模型参数","B[1,16];S_verify[1,8];L_KV独立未知；TP=1","config=bfloat16；激活/累加类型未核验","未核验","逻辑轴顺序；物理format未核验","逻辑轴顺序；物理format未核验","未评估候选","未评估候选","未评估候选","未核验","未实测","未实测","未实测","未实测","未核验","配置确认 + 数学推导；未核验完整调用链","https://huggingface.co/openbmb/MiniCPM3-RAG-LoRA/resolve/3ee34a2c7b518f2d9be23d7138a7d29300b240f8/config.json","logical [3840,768]","未核验","未核验","未核验","https://huggingface.co/openbmb/MiniCPM3-RAG-LoRA/resolve/3ee34a2c7b518f2d9be23d7138a7d29300b240f8/config.json","文本decode/verify；B[1,16],S[1,8]；TP=1逻辑参考；","Q_width=heads*(qk_nope+qk_rope)"
"root/layer_55","kv_compression","未核验","GEMM","[B,S,2560]","[B,S,288]","B,S,T；其他轴见模型参数","B[1,16];S_verify[1,8];L_KV独立未知；TP=1","config=bfloat16；激活/累加类型未核验","未核验","逻辑轴顺序；物理format未核验","逻辑轴顺序；物理format未核验","未评估候选","未评估候选","未评估候选","未核验","未实测","未实测","未实测","未实测","未核验","配置确认 + 数学推导；未核验完整调用链","https://huggingface.co/openbmb/MiniCPM3-RAG-LoRA/resolve/3ee34a2c7b518f2d9be23d7138a7d29300b240f8/config.json","logical [288,2560]","未核验","未核验","未核验","https://huggingface.co/openbmb/MiniCPM3-RAG-LoRA/resolve/3ee34a2c7b518f2d9be23d7138a7d29300b240f8/config.json","文本decode/verify；B[1,16],S[1,8]；TP=1逻辑参考；","KV_width=kv_lora_rank+qk_rope_head_dim"
"root/layer_55","MLA_cache_and_attention","未核验","MLA","Q:[B,S,40,96];KVc:[B,L_KV,256]","[B,S,2560]","B,S,T；其他轴见模型参数","B[1,16];S_verify[1,8];L_KV独立未知；TP=1","config=bfloat16；激活/累加类型未核验","未核验","逻辑轴顺序；物理format未核验","逻辑轴顺序；物理format未核验","未评估候选","未评估候选","未评估候选","未核验","未实测","未实测","未实测","未实测","未核验","配置确认 + 数学推导；未核验完整调用链","https://huggingface.co/openbmb/MiniCPM3-RAG-LoRA/resolve/3ee34a2c7b518f2d9be23d7138a7d29300b240f8/config.json","未核验","未核验","未核验","未核验","https://huggingface.co/openbmb/MiniCPM3-RAG-LoRA/resolve/3ee34a2c7b518f2d9be23d7138a7d29300b240f8/config.json","文本decode/verify；B[1,16],S[1,8]；TP=1逻辑参考；","KV展开/吸收、value维度、cache布局待实现核验"
"root/layer_55","attention_residual","未核验","elementwise","[B,S,2560];[B,S,2560]","[B,S,2560]","B,S,T；其他轴见模型参数","B[1,16];S_verify[1,8];L_KV独立未知；TP=1","config=bfloat16；激活/累加类型未核验","未核验","逻辑轴顺序；物理format未核验","逻辑轴顺序；物理format未核验","未评估候选","未评估候选","未评估候选","未核验","未实测","未实测","未实测","未实测","未核验","配置确认 + 数学推导；未核验完整调用链","https://huggingface.co/openbmb/MiniCPM3-RAG-LoRA/resolve/3ee34a2c7b518f2d9be23d7138a7d29300b240f8/config.json","未核验","未核验","未核验","未核验","https://huggingface.co/openbmb/MiniCPM3-RAG-LoRA/resolve/3ee34a2c7b518f2d9be23d7138a7d29300b240f8/config.json","文本decode/verify；B[1,16],S[1,8]；TP=1逻辑参考；","Y=X+branch（参考，实际残差策略未核验）"
"root/layer_55","post_attention_normalization","未核验","norm","[B,S,2560]","[B,S,2560]","B,S,T；其他轴见模型参数","B[1,16];S_verify[1,8];L_KV独立未知；TP=1","config=bfloat16；激活/累加类型未核验","未核验","逻辑轴顺序；物理format未核验","逻辑轴顺序；物理format未核验","未评估候选","未评估候选","未评估候选","未核验","未实测","未实测","未实测","未实测","未核验","配置确认 + 数学推导；未核验完整调用链","https://huggingface.co/openbmb/MiniCPM3-RAG-LoRA/resolve/3ee34a2c7b518f2d9be23d7138a7d29300b240f8/config.json","未核验","未核验","未核验","未核验","https://huggingface.co/openbmb/MiniCPM3-RAG-LoRA/resolve/3ee34a2c7b518f2d9be23d7138a7d29300b240f8/config.json","文本decode/verify；B[1,16],S[1,8]；TP=1逻辑参考；","类型与位置待源码核验"
"root/layer_55","FFN_up","未核验","GEMM","[B,S,2560]","[B,S,6400]","B,S,T；其他轴见模型参数","B[1,16];S_verify[1,8];L_KV独立未知；TP=1","config=bfloat16；激活/累加类型未核验","未核验","逻辑轴顺序；物理format未核验","逻辑轴顺序；物理format未核验","未评估候选","未评估候选","未评估候选","未核验","未实测","未实测","未实测","未实测","未核验","配置确认 + 数学推导；未核验完整调用链","https://huggingface.co/openbmb/MiniCPM3-RAG-LoRA/resolve/3ee34a2c7b518f2d9be23d7138a7d29300b240f8/config.json","logical [6400,2560]","未核验","未核验","未核验","https://huggingface.co/openbmb/MiniCPM3-RAG-LoRA/resolve/3ee34a2c7b518f2d9be23d7138a7d29300b240f8/config.json","文本decode/verify；B[1,16],S[1,8]；TP=1逻辑参考；","Y=X@W^T"
"root/layer_55","FFN_activation_and_optional_gate","未核验","activation","[B,S,6400]","[B,S,6400]","B,S,T；其他轴见模型参数","B[1,16];S_verify[1,8];L_KV独立未知；TP=1","config=bfloat16；激活/累加类型未核验","未核验","逻辑轴顺序；物理format未核验","逻辑轴顺序；物理format未核验","未评估候选","未评估候选","未评估候选","未核验","未实测","未实测","未实测","未实测","未核验","配置确认 + 数学推导；未核验完整调用链","https://huggingface.co/openbmb/MiniCPM3-RAG-LoRA/resolve/3ee34a2c7b518f2d9be23d7138a7d29300b240f8/config.json","未核验","未核验","未核验","未核验","https://huggingface.co/openbmb/MiniCPM3-RAG-LoRA/resolve/3ee34a2c7b518f2d9be23d7138a7d29300b240f8/config.json","文本decode/verify；B[1,16],S[1,8]；TP=1逻辑参考；是否额外gate矩阵与门控分支维度需要实现；不能仅由silu推定完整SwiGLU","config.hidden_act=silu"
"root/layer_55","FFN_down","未核验","GEMM","[B,S,6400]","[B,S,2560]","B,S,T；其他轴见模型参数","B[1,16];S_verify[1,8];L_KV独立未知；TP=1","config=bfloat16；激活/累加类型未核验","未核验","逻辑轴顺序；物理format未核验","逻辑轴顺序；物理format未核验","未评估候选","未评估候选","未评估候选","未核验","未实测","未实测","未实测","未实测","未核验","配置确认 + 数学推导；未核验完整调用链","https://huggingface.co/openbmb/MiniCPM3-RAG-LoRA/resolve/3ee34a2c7b518f2d9be23d7138a7d29300b240f8/config.json","logical [2560,6400]","未核验","未核验","未核验","https://huggingface.co/openbmb/MiniCPM3-RAG-LoRA/resolve/3ee34a2c7b518f2d9be23d7138a7d29300b240f8/config.json","文本decode/verify；B[1,16],S[1,8]；TP=1逻辑参考；","Y=X@W^T"
"root/layer_55","FFN_residual","未核验","elementwise","[B,S,2560];[B,S,2560]","[B,S,2560]","B,S,T；其他轴见模型参数","B[1,16];S_verify[1,8];L_KV独立未知；TP=1","config=bfloat16；激活/累加类型未核验","未核验","逻辑轴顺序；物理format未核验","逻辑轴顺序；物理format未核验","未评估候选","未评估候选","未评估候选","未核验","未实测","未实测","未实测","未实测","未核验","配置确认 + 数学推导；未核验完整调用链","https://huggingface.co/openbmb/MiniCPM3-RAG-LoRA/resolve/3ee34a2c7b518f2d9be23d7138a7d29300b240f8/config.json","未核验","未核验","未核验","未核验","https://huggingface.co/openbmb/MiniCPM3-RAG-LoRA/resolve/3ee34a2c7b518f2d9be23d7138a7d29300b240f8/config.json","文本decode/verify；B[1,16],S[1,8]；TP=1逻辑参考；","Y=X+branch（参考，实际残差策略未核验）"
"root/layer_56","input_normalization","未核验","norm","[B,S,2560]","[B,S,2560]","B,S,T；其他轴见模型参数","B[1,16];S_verify[1,8];L_KV独立未知；TP=1","config=bfloat16；激活/累加类型未核验","未核验","逻辑轴顺序；物理format未核验","逻辑轴顺序；物理format未核验","未评估候选","未评估候选","未评估候选","未核验","未实测","未实测","未实测","未实测","未核验","配置确认 + 数学推导；未核验完整调用链","https://huggingface.co/openbmb/MiniCPM3-RAG-LoRA/resolve/3ee34a2c7b518f2d9be23d7138a7d29300b240f8/config.json","未核验","未核验","未核验","未核验","https://huggingface.co/openbmb/MiniCPM3-RAG-LoRA/resolve/3ee34a2c7b518f2d9be23d7138a7d29300b240f8/config.json","文本decode/verify；B[1,16],S[1,8]；TP=1逻辑参考；","归一化类型/先后顺序待实现核验"
"root/layer_56","q_a_projection","未核验","GEMM","[B,S,2560]","[B,S,768]","B,S,T；其他轴见模型参数","B[1,16];S_verify[1,8];L_KV独立未知；TP=1","config=bfloat16；激活/累加类型未核验","未核验","逻辑轴顺序；物理format未核验","逻辑轴顺序；物理format未核验","未评估候选","未评估候选","未评估候选","未核验","未实测","未实测","未实测","未实测","未核验","配置确认 + 数学推导；未核验完整调用链","https://huggingface.co/openbmb/MiniCPM3-RAG-LoRA/resolve/3ee34a2c7b518f2d9be23d7138a7d29300b240f8/config.json","logical [768,2560]","未核验","未核验","未核验","https://huggingface.co/openbmb/MiniCPM3-RAG-LoRA/resolve/3ee34a2c7b518f2d9be23d7138a7d29300b240f8/config.json","文本decode/verify；B[1,16],S[1,8]；TP=1逻辑参考；","Y=X@W^T"
"root/layer_56","q_b_projection","未核验","GEMM","[B,S,768]","[B,S,3840]","B,S,T；其他轴见模型参数","B[1,16];S_verify[1,8];L_KV独立未知；TP=1","config=bfloat16；激活/累加类型未核验","未核验","逻辑轴顺序；物理format未核验","逻辑轴顺序；物理format未核验","未评估候选","未评估候选","未评估候选","未核验","未实测","未实测","未实测","未实测","未核验","配置确认 + 数学推导；未核验完整调用链","https://huggingface.co/openbmb/MiniCPM3-RAG-LoRA/resolve/3ee34a2c7b518f2d9be23d7138a7d29300b240f8/config.json","logical [3840,768]","未核验","未核验","未核验","https://huggingface.co/openbmb/MiniCPM3-RAG-LoRA/resolve/3ee34a2c7b518f2d9be23d7138a7d29300b240f8/config.json","文本decode/verify；B[1,16],S[1,8]；TP=1逻辑参考；","Q_width=heads*(qk_nope+qk_rope)"
"root/layer_56","kv_compression","未核验","GEMM","[B,S,2560]","[B,S,288]","B,S,T；其他轴见模型参数","B[1,16];S_verify[1,8];L_KV独立未知；TP=1","config=bfloat16；激活/累加类型未核验","未核验","逻辑轴顺序；物理format未核验","逻辑轴顺序；物理format未核验","未评估候选","未评估候选","未评估候选","未核验","未实测","未实测","未实测","未实测","未核验","配置确认 + 数学推导；未核验完整调用链","https://huggingface.co/openbmb/MiniCPM3-RAG-LoRA/resolve/3ee34a2c7b518f2d9be23d7138a7d29300b240f8/config.json","logical [288,2560]","未核验","未核验","未核验","https://huggingface.co/openbmb/MiniCPM3-RAG-LoRA/resolve/3ee34a2c7b518f2d9be23d7138a7d29300b240f8/config.json","文本decode/verify；B[1,16],S[1,8]；TP=1逻辑参考；","KV_width=kv_lora_rank+qk_rope_head_dim"
"root/layer_56","MLA_cache_and_attention","未核验","MLA","Q:[B,S,40,96];KVc:[B,L_KV,256]","[B,S,2560]","B,S,T；其他轴见模型参数","B[1,16];S_verify[1,8];L_KV独立未知；TP=1","config=bfloat16；激活/累加类型未核验","未核验","逻辑轴顺序；物理format未核验","逻辑轴顺序；物理format未核验","未评估候选","未评估候选","未评估候选","未核验","未实测","未实测","未实测","未实测","未核验","配置确认 + 数学推导；未核验完整调用链","https://huggingface.co/openbmb/MiniCPM3-RAG-LoRA/resolve/3ee34a2c7b518f2d9be23d7138a7d29300b240f8/config.json","未核验","未核验","未核验","未核验","https://huggingface.co/openbmb/MiniCPM3-RAG-LoRA/resolve/3ee34a2c7b518f2d9be23d7138a7d29300b240f8/config.json","文本decode/verify；B[1,16],S[1,8]；TP=1逻辑参考；","KV展开/吸收、value维度、cache布局待实现核验"
"root/layer_56","attention_residual","未核验","elementwise","[B,S,2560];[B,S,2560]","[B,S,2560]","B,S,T；其他轴见模型参数","B[1,16];S_verify[1,8];L_KV独立未知；TP=1","config=bfloat16；激活/累加类型未核验","未核验","逻辑轴顺序；物理format未核验","逻辑轴顺序；物理format未核验","未评估候选","未评估候选","未评估候选","未核验","未实测","未实测","未实测","未实测","未核验","配置确认 + 数学推导；未核验完整调用链","https://huggingface.co/openbmb/MiniCPM3-RAG-LoRA/resolve/3ee34a2c7b518f2d9be23d7138a7d29300b240f8/config.json","未核验","未核验","未核验","未核验","https://huggingface.co/openbmb/MiniCPM3-RAG-LoRA/resolve/3ee34a2c7b518f2d9be23d7138a7d29300b240f8/config.json","文本decode/verify；B[1,16],S[1,8]；TP=1逻辑参考；","Y=X+branch（参考，实际残差策略未核验）"
"root/layer_56","post_attention_normalization","未核验","norm","[B,S,2560]","[B,S,2560]","B,S,T；其他轴见模型参数","B[1,16];S_verify[1,8];L_KV独立未知；TP=1","config=bfloat16；激活/累加类型未核验","未核验","逻辑轴顺序；物理format未核验","逻辑轴顺序；物理format未核验","未评估候选","未评估候选","未评估候选","未核验","未实测","未实测","未实测","未实测","未核验","配置确认 + 数学推导；未核验完整调用链","https://huggingface.co/openbmb/MiniCPM3-RAG-LoRA/resolve/3ee34a2c7b518f2d9be23d7138a7d29300b240f8/config.json","未核验","未核验","未核验","未核验","https://huggingface.co/openbmb/MiniCPM3-RAG-LoRA/resolve/3ee34a2c7b518f2d9be23d7138a7d29300b240f8/config.json","文本decode/verify；B[1,16],S[1,8]；TP=1逻辑参考；","类型与位置待源码核验"
"root/layer_56","FFN_up","未核验","GEMM","[B,S,2560]","[B,S,6400]","B,S,T；其他轴见模型参数","B[1,16];S_verify[1,8];L_KV独立未知；TP=1","config=bfloat16；激活/累加类型未核验","未核验","逻辑轴顺序；物理format未核验","逻辑轴顺序；物理format未核验","未评估候选","未评估候选","未评估候选","未核验","未实测","未实测","未实测","未实测","未核验","配置确认 + 数学推导；未核验完整调用链","https://huggingface.co/openbmb/MiniCPM3-RAG-LoRA/resolve/3ee34a2c7b518f2d9be23d7138a7d29300b240f8/config.json","logical [6400,2560]","未核验","未核验","未核验","https://huggingface.co/openbmb/MiniCPM3-RAG-LoRA/resolve/3ee34a2c7b518f2d9be23d7138a7d29300b240f8/config.json","文本decode/verify；B[1,16],S[1,8]；TP=1逻辑参考；","Y=X@W^T"
"root/layer_56","FFN_activation_and_optional_gate","未核验","activation","[B,S,6400]","[B,S,6400]","B,S,T；其他轴见模型参数","B[1,16];S_verify[1,8];L_KV独立未知；TP=1","config=bfloat16；激活/累加类型未核验","未核验","逻辑轴顺序；物理format未核验","逻辑轴顺序；物理format未核验","未评估候选","未评估候选","未评估候选","未核验","未实测","未实测","未实测","未实测","未核验","配置确认 + 数学推导；未核验完整调用链","https://huggingface.co/openbmb/MiniCPM3-RAG-LoRA/resolve/3ee34a2c7b518f2d9be23d7138a7d29300b240f8/config.json","未核验","未核验","未核验","未核验","https://huggingface.co/openbmb/MiniCPM3-RAG-LoRA/resolve/3ee34a2c7b518f2d9be23d7138a7d29300b240f8/config.json","文本decode/verify；B[1,16],S[1,8]；TP=1逻辑参考；是否额外gate矩阵与门控分支维度需要实现；不能仅由silu推定完整SwiGLU","config.hidden_act=silu"
"root/layer_56","FFN_down","未核验","GEMM","[B,S,6400]","[B,S,2560]","B,S,T；其他轴见模型参数","B[1,16];S_verify[1,8];L_KV独立未知；TP=1","config=bfloat16；激活/累加类型未核验","未核验","逻辑轴顺序；物理format未核验","逻辑轴顺序；物理format未核验","未评估候选","未评估候选","未评估候选","未核验","未实测","未实测","未实测","未实测","未核验","配置确认 + 数学推导；未核验完整调用链","https://huggingface.co/openbmb/MiniCPM3-RAG-LoRA/resolve/3ee34a2c7b518f2d9be23d7138a7d29300b240f8/config.json","logical [2560,6400]","未核验","未核验","未核验","https://huggingface.co/openbmb/MiniCPM3-RAG-LoRA/resolve/3ee34a2c7b518f2d9be23d7138a7d29300b240f8/config.json","文本decode/verify；B[1,16],S[1,8]；TP=1逻辑参考；","Y=X@W^T"
"root/layer_56","FFN_residual","未核验","elementwise","[B,S,2560];[B,S,2560]","[B,S,2560]","B,S,T；其他轴见模型参数","B[1,16];S_verify[1,8];L_KV独立未知；TP=1","config=bfloat16；激活/累加类型未核验","未核验","逻辑轴顺序；物理format未核验","逻辑轴顺序；物理format未核验","未评估候选","未评估候选","未评估候选","未核验","未实测","未实测","未实测","未实测","未核验","配置确认 + 数学推导；未核验完整调用链","https://huggingface.co/openbmb/MiniCPM3-RAG-LoRA/resolve/3ee34a2c7b518f2d9be23d7138a7d29300b240f8/config.json","未核验","未核验","未核验","未核验","https://huggingface.co/openbmb/MiniCPM3-RAG-LoRA/resolve/3ee34a2c7b518f2d9be23d7138a7d29300b240f8/config.json","文本decode/verify；B[1,16],S[1,8]；TP=1逻辑参考；","Y=X+branch（参考，实际残差策略未核验）"
"root/layer_57","input_normalization","未核验","norm","[B,S,2560]","[B,S,2560]","B,S,T；其他轴见模型参数","B[1,16];S_verify[1,8];L_KV独立未知；TP=1","config=bfloat16；激活/累加类型未核验","未核验","逻辑轴顺序；物理format未核验","逻辑轴顺序；物理format未核验","未评估候选","未评估候选","未评估候选","未核验","未实测","未实测","未实测","未实测","未核验","配置确认 + 数学推导；未核验完整调用链","https://huggingface.co/openbmb/MiniCPM3-RAG-LoRA/resolve/3ee34a2c7b518f2d9be23d7138a7d29300b240f8/config.json","未核验","未核验","未核验","未核验","https://huggingface.co/openbmb/MiniCPM3-RAG-LoRA/resolve/3ee34a2c7b518f2d9be23d7138a7d29300b240f8/config.json","文本decode/verify；B[1,16],S[1,8]；TP=1逻辑参考；","归一化类型/先后顺序待实现核验"
"root/layer_57","q_a_projection","未核验","GEMM","[B,S,2560]","[B,S,768]","B,S,T；其他轴见模型参数","B[1,16];S_verify[1,8];L_KV独立未知；TP=1","config=bfloat16；激活/累加类型未核验","未核验","逻辑轴顺序；物理format未核验","逻辑轴顺序；物理format未核验","未评估候选","未评估候选","未评估候选","未核验","未实测","未实测","未实测","未实测","未核验","配置确认 + 数学推导；未核验完整调用链","https://huggingface.co/openbmb/MiniCPM3-RAG-LoRA/resolve/3ee34a2c7b518f2d9be23d7138a7d29300b240f8/config.json","logical [768,2560]","未核验","未核验","未核验","https://huggingface.co/openbmb/MiniCPM3-RAG-LoRA/resolve/3ee34a2c7b518f2d9be23d7138a7d29300b240f8/config.json","文本decode/verify；B[1,16],S[1,8]；TP=1逻辑参考；","Y=X@W^T"
"root/layer_57","q_b_projection","未核验","GEMM","[B,S,768]","[B,S,3840]","B,S,T；其他轴见模型参数","B[1,16];S_verify[1,8];L_KV独立未知；TP=1","config=bfloat16；激活/累加类型未核验","未核验","逻辑轴顺序；物理format未核验","逻辑轴顺序；物理format未核验","未评估候选","未评估候选","未评估候选","未核验","未实测","未实测","未实测","未实测","未核验","配置确认 + 数学推导；未核验完整调用链","https://huggingface.co/openbmb/MiniCPM3-RAG-LoRA/resolve/3ee34a2c7b518f2d9be23d7138a7d29300b240f8/config.json","logical [3840,768]","未核验","未核验","未核验","https://huggingface.co/openbmb/MiniCPM3-RAG-LoRA/resolve/3ee34a2c7b518f2d9be23d7138a7d29300b240f8/config.json","文本decode/verify；B[1,16],S[1,8]；TP=1逻辑参考；","Q_width=heads*(qk_nope+qk_rope)"
"root/layer_57","kv_compression","未核验","GEMM","[B,S,2560]","[B,S,288]","B,S,T；其他轴见模型参数","B[1,16];S_verify[1,8];L_KV独立未知；TP=1","config=bfloat16；激活/累加类型未核验","未核验","逻辑轴顺序；物理format未核验","逻辑轴顺序；物理format未核验","未评估候选","未评估候选","未评估候选","未核验","未实测","未实测","未实测","未实测","未核验","配置确认 + 数学推导；未核验完整调用链","https://huggingface.co/openbmb/MiniCPM3-RAG-LoRA/resolve/3ee34a2c7b518f2d9be23d7138a7d29300b240f8/config.json","logical [288,2560]","未核验","未核验","未核验","https://huggingface.co/openbmb/MiniCPM3-RAG-LoRA/resolve/3ee34a2c7b518f2d9be23d7138a7d29300b240f8/config.json","文本decode/verify；B[1,16],S[1,8]；TP=1逻辑参考；","KV_width=kv_lora_rank+qk_rope_head_dim"
"root/layer_57","MLA_cache_and_attention","未核验","MLA","Q:[B,S,40,96];KVc:[B,L_KV,256]","[B,S,2560]","B,S,T；其他轴见模型参数","B[1,16];S_verify[1,8];L_KV独立未知；TP=1","config=bfloat16；激活/累加类型未核验","未核验","逻辑轴顺序；物理format未核验","逻辑轴顺序；物理format未核验","未评估候选","未评估候选","未评估候选","未核验","未实测","未实测","未实测","未实测","未核验","配置确认 + 数学推导；未核验完整调用链","https://huggingface.co/openbmb/MiniCPM3-RAG-LoRA/resolve/3ee34a2c7b518f2d9be23d7138a7d29300b240f8/config.json","未核验","未核验","未核验","未核验","https://huggingface.co/openbmb/MiniCPM3-RAG-LoRA/resolve/3ee34a2c7b518f2d9be23d7138a7d29300b240f8/config.json","文本decode/verify；B[1,16],S[1,8]；TP=1逻辑参考；","KV展开/吸收、value维度、cache布局待实现核验"
"root/layer_57","attention_residual","未核验","elementwise","[B,S,2560];[B,S,2560]","[B,S,2560]","B,S,T；其他轴见模型参数","B[1,16];S_verify[1,8];L_KV独立未知；TP=1","config=bfloat16；激活/累加类型未核验","未核验","逻辑轴顺序；物理format未核验","逻辑轴顺序；物理format未核验","未评估候选","未评估候选","未评估候选","未核验","未实测","未实测","未实测","未实测","未核验","配置确认 + 数学推导；未核验完整调用链","https://huggingface.co/openbmb/MiniCPM3-RAG-LoRA/resolve/3ee34a2c7b518f2d9be23d7138a7d29300b240f8/config.json","未核验","未核验","未核验","未核验","https://huggingface.co/openbmb/MiniCPM3-RAG-LoRA/resolve/3ee34a2c7b518f2d9be23d7138a7d29300b240f8/config.json","文本decode/verify；B[1,16],S[1,8]；TP=1逻辑参考；","Y=X+branch（参考，实际残差策略未核验）"
"root/layer_57","post_attention_normalization","未核验","norm","[B,S,2560]","[B,S,2560]","B,S,T；其他轴见模型参数","B[1,16];S_verify[1,8];L_KV独立未知；TP=1","config=bfloat16；激活/累加类型未核验","未核验","逻辑轴顺序；物理format未核验","逻辑轴顺序；物理format未核验","未评估候选","未评估候选","未评估候选","未核验","未实测","未实测","未实测","未实测","未核验","配置确认 + 数学推导；未核验完整调用链","https://huggingface.co/openbmb/MiniCPM3-RAG-LoRA/resolve/3ee34a2c7b518f2d9be23d7138a7d29300b240f8/config.json","未核验","未核验","未核验","未核验","https://huggingface.co/openbmb/MiniCPM3-RAG-LoRA/resolve/3ee34a2c7b518f2d9be23d7138a7d29300b240f8/config.json","文本decode/verify；B[1,16],S[1,8]；TP=1逻辑参考；","类型与位置待源码核验"
"root/layer_57","FFN_up","未核验","GEMM","[B,S,2560]","[B,S,6400]","B,S,T；其他轴见模型参数","B[1,16];S_verify[1,8];L_KV独立未知；TP=1","config=bfloat16；激活/累加类型未核验","未核验","逻辑轴顺序；物理format未核验","逻辑轴顺序；物理format未核验","未评估候选","未评估候选","未评估候选","未核验","未实测","未实测","未实测","未实测","未核验","配置确认 + 数学推导；未核验完整调用链","https://huggingface.co/openbmb/MiniCPM3-RAG-LoRA/resolve/3ee34a2c7b518f2d9be23d7138a7d29300b240f8/config.json","logical [6400,2560]","未核验","未核验","未核验","https://huggingface.co/openbmb/MiniCPM3-RAG-LoRA/resolve/3ee34a2c7b518f2d9be23d7138a7d29300b240f8/config.json","文本decode/verify；B[1,16],S[1,8]；TP=1逻辑参考；","Y=X@W^T"
"root/layer_57","FFN_activation_and_optional_gate","未核验","activation","[B,S,6400]","[B,S,6400]","B,S,T；其他轴见模型参数","B[1,16];S_verify[1,8];L_KV独立未知；TP=1","config=bfloat16；激活/累加类型未核验","未核验","逻辑轴顺序；物理format未核验","逻辑轴顺序；物理format未核验","未评估候选","未评估候选","未评估候选","未核验","未实测","未实测","未实测","未实测","未核验","配置确认 + 数学推导；未核验完整调用链","https://huggingface.co/openbmb/MiniCPM3-RAG-LoRA/resolve/3ee34a2c7b518f2d9be23d7138a7d29300b240f8/config.json","未核验","未核验","未核验","未核验","https://huggingface.co/openbmb/MiniCPM3-RAG-LoRA/resolve/3ee34a2c7b518f2d9be23d7138a7d29300b240f8/config.json","文本decode/verify；B[1,16],S[1,8]；TP=1逻辑参考；是否额外gate矩阵与门控分支维度需要实现；不能仅由silu推定完整SwiGLU","config.hidden_act=silu"
"root/layer_57","FFN_down","未核验","GEMM","[B,S,6400]","[B,S,2560]","B,S,T；其他轴见模型参数","B[1,16];S_verify[1,8];L_KV独立未知；TP=1","config=bfloat16；激活/累加类型未核验","未核验","逻辑轴顺序；物理format未核验","逻辑轴顺序；物理format未核验","未评估候选","未评估候选","未评估候选","未核验","未实测","未实测","未实测","未实测","未核验","配置确认 + 数学推导；未核验完整调用链","https://huggingface.co/openbmb/MiniCPM3-RAG-LoRA/resolve/3ee34a2c7b518f2d9be23d7138a7d29300b240f8/config.json","logical [2560,6400]","未核验","未核验","未核验","https://huggingface.co/openbmb/MiniCPM3-RAG-LoRA/resolve/3ee34a2c7b518f2d9be23d7138a7d29300b240f8/config.json","文本decode/verify；B[1,16],S[1,8]；TP=1逻辑参考；","Y=X@W^T"
"root/layer_57","FFN_residual","未核验","elementwise","[B,S,2560];[B,S,2560]","[B,S,2560]","B,S,T；其他轴见模型参数","B[1,16];S_verify[1,8];L_KV独立未知；TP=1","config=bfloat16；激活/累加类型未核验","未核验","逻辑轴顺序；物理format未核验","逻辑轴顺序；物理format未核验","未评估候选","未评估候选","未评估候选","未核验","未实测","未实测","未实测","未实测","未核验","配置确认 + 数学推导；未核验完整调用链","https://huggingface.co/openbmb/MiniCPM3-RAG-LoRA/resolve/3ee34a2c7b518f2d9be23d7138a7d29300b240f8/config.json","未核验","未核验","未核验","未核验","https://huggingface.co/openbmb/MiniCPM3-RAG-LoRA/resolve/3ee34a2c7b518f2d9be23d7138a7d29300b240f8/config.json","文本decode/verify；B[1,16],S[1,8]；TP=1逻辑参考；","Y=X+branch（参考，实际残差策略未核验）"
"root/layer_58","input_normalization","未核验","norm","[B,S,2560]","[B,S,2560]","B,S,T；其他轴见模型参数","B[1,16];S_verify[1,8];L_KV独立未知；TP=1","config=bfloat16；激活/累加类型未核验","未核验","逻辑轴顺序；物理format未核验","逻辑轴顺序；物理format未核验","未评估候选","未评估候选","未评估候选","未核验","未实测","未实测","未实测","未实测","未核验","配置确认 + 数学推导；未核验完整调用链","https://huggingface.co/openbmb/MiniCPM3-RAG-LoRA/resolve/3ee34a2c7b518f2d9be23d7138a7d29300b240f8/config.json","未核验","未核验","未核验","未核验","https://huggingface.co/openbmb/MiniCPM3-RAG-LoRA/resolve/3ee34a2c7b518f2d9be23d7138a7d29300b240f8/config.json","文本decode/verify；B[1,16],S[1,8]；TP=1逻辑参考；","归一化类型/先后顺序待实现核验"
"root/layer_58","q_a_projection","未核验","GEMM","[B,S,2560]","[B,S,768]","B,S,T；其他轴见模型参数","B[1,16];S_verify[1,8];L_KV独立未知；TP=1","config=bfloat16；激活/累加类型未核验","未核验","逻辑轴顺序；物理format未核验","逻辑轴顺序；物理format未核验","未评估候选","未评估候选","未评估候选","未核验","未实测","未实测","未实测","未实测","未核验","配置确认 + 数学推导；未核验完整调用链","https://huggingface.co/openbmb/MiniCPM3-RAG-LoRA/resolve/3ee34a2c7b518f2d9be23d7138a7d29300b240f8/config.json","logical [768,2560]","未核验","未核验","未核验","https://huggingface.co/openbmb/MiniCPM3-RAG-LoRA/resolve/3ee34a2c7b518f2d9be23d7138a7d29300b240f8/config.json","文本decode/verify；B[1,16],S[1,8]；TP=1逻辑参考；","Y=X@W^T"
"root/layer_58","q_b_projection","未核验","GEMM","[B,S,768]","[B,S,3840]","B,S,T；其他轴见模型参数","B[1,16];S_verify[1,8];L_KV独立未知；TP=1","config=bfloat16；激活/累加类型未核验","未核验","逻辑轴顺序；物理format未核验","逻辑轴顺序；物理format未核验","未评估候选","未评估候选","未评估候选","未核验","未实测","未实测","未实测","未实测","未核验","配置确认 + 数学推导；未核验完整调用链","https://huggingface.co/openbmb/MiniCPM3-RAG-LoRA/resolve/3ee34a2c7b518f2d9be23d7138a7d29300b240f8/config.json","logical [3840,768]","未核验","未核验","未核验","https://huggingface.co/openbmb/MiniCPM3-RAG-LoRA/resolve/3ee34a2c7b518f2d9be23d7138a7d29300b240f8/config.json","文本decode/verify；B[1,16],S[1,8]；TP=1逻辑参考；","Q_width=heads*(qk_nope+qk_rope)"
"root/layer_58","kv_compression","未核验","GEMM","[B,S,2560]","[B,S,288]","B,S,T；其他轴见模型参数","B[1,16];S_verify[1,8];L_KV独立未知；TP=1","config=bfloat16；激活/累加类型未核验","未核验","逻辑轴顺序；物理format未核验","逻辑轴顺序；物理format未核验","未评估候选","未评估候选","未评估候选","未核验","未实测","未实测","未实测","未实测","未核验","配置确认 + 数学推导；未核验完整调用链","https://huggingface.co/openbmb/MiniCPM3-RAG-LoRA/resolve/3ee34a2c7b518f2d9be23d7138a7d29300b240f8/config.json","logical [288,2560]","未核验","未核验","未核验","https://huggingface.co/openbmb/MiniCPM3-RAG-LoRA/resolve/3ee34a2c7b518f2d9be23d7138a7d29300b240f8/config.json","文本decode/verify；B[1,16],S[1,8]；TP=1逻辑参考；","KV_width=kv_lora_rank+qk_rope_head_dim"
"root/layer_58","MLA_cache_and_attention","未核验","MLA","Q:[B,S,40,96];KVc:[B,L_KV,256]","[B,S,2560]","B,S,T；其他轴见模型参数","B[1,16];S_verify[1,8];L_KV独立未知；TP=1","config=bfloat16；激活/累加类型未核验","未核验","逻辑轴顺序；物理format未核验","逻辑轴顺序；物理format未核验","未评估候选","未评估候选","未评估候选","未核验","未实测","未实测","未实测","未实测","未核验","配置确认 + 数学推导；未核验完整调用链","https://huggingface.co/openbmb/MiniCPM3-RAG-LoRA/resolve/3ee34a2c7b518f2d9be23d7138a7d29300b240f8/config.json","未核验","未核验","未核验","未核验","https://huggingface.co/openbmb/MiniCPM3-RAG-LoRA/resolve/3ee34a2c7b518f2d9be23d7138a7d29300b240f8/config.json","文本decode/verify；B[1,16],S[1,8]；TP=1逻辑参考；","KV展开/吸收、value维度、cache布局待实现核验"
"root/layer_58","attention_residual","未核验","elementwise","[B,S,2560];[B,S,2560]","[B,S,2560]","B,S,T；其他轴见模型参数","B[1,16];S_verify[1,8];L_KV独立未知；TP=1","config=bfloat16；激活/累加类型未核验","未核验","逻辑轴顺序；物理format未核验","逻辑轴顺序；物理format未核验","未评估候选","未评估候选","未评估候选","未核验","未实测","未实测","未实测","未实测","未核验","配置确认 + 数学推导；未核验完整调用链","https://huggingface.co/openbmb/MiniCPM3-RAG-LoRA/resolve/3ee34a2c7b518f2d9be23d7138a7d29300b240f8/config.json","未核验","未核验","未核验","未核验","https://huggingface.co/openbmb/MiniCPM3-RAG-LoRA/resolve/3ee34a2c7b518f2d9be23d7138a7d29300b240f8/config.json","文本decode/verify；B[1,16],S[1,8]；TP=1逻辑参考；","Y=X+branch（参考，实际残差策略未核验）"
"root/layer_58","post_attention_normalization","未核验","norm","[B,S,2560]","[B,S,2560]","B,S,T；其他轴见模型参数","B[1,16];S_verify[1,8];L_KV独立未知；TP=1","config=bfloat16；激活/累加类型未核验","未核验","逻辑轴顺序；物理format未核验","逻辑轴顺序；物理format未核验","未评估候选","未评估候选","未评估候选","未核验","未实测","未实测","未实测","未实测","未核验","配置确认 + 数学推导；未核验完整调用链","https://huggingface.co/openbmb/MiniCPM3-RAG-LoRA/resolve/3ee34a2c7b518f2d9be23d7138a7d29300b240f8/config.json","未核验","未核验","未核验","未核验","https://huggingface.co/openbmb/MiniCPM3-RAG-LoRA/resolve/3ee34a2c7b518f2d9be23d7138a7d29300b240f8/config.json","文本decode/verify；B[1,16],S[1,8]；TP=1逻辑参考；","类型与位置待源码核验"
"root/layer_58","FFN_up","未核验","GEMM","[B,S,2560]","[B,S,6400]","B,S,T；其他轴见模型参数","B[1,16];S_verify[1,8];L_KV独立未知；TP=1","config=bfloat16；激活/累加类型未核验","未核验","逻辑轴顺序；物理format未核验","逻辑轴顺序；物理format未核验","未评估候选","未评估候选","未评估候选","未核验","未实测","未实测","未实测","未实测","未核验","配置确认 + 数学推导；未核验完整调用链","https://huggingface.co/openbmb/MiniCPM3-RAG-LoRA/resolve/3ee34a2c7b518f2d9be23d7138a7d29300b240f8/config.json","logical [6400,2560]","未核验","未核验","未核验","https://huggingface.co/openbmb/MiniCPM3-RAG-LoRA/resolve/3ee34a2c7b518f2d9be23d7138a7d29300b240f8/config.json","文本decode/verify；B[1,16],S[1,8]；TP=1逻辑参考；","Y=X@W^T"
"root/layer_58","FFN_activation_and_optional_gate","未核验","activation","[B,S,6400]","[B,S,6400]","B,S,T；其他轴见模型参数","B[1,16];S_verify[1,8];L_KV独立未知；TP=1","config=bfloat16；激活/累加类型未核验","未核验","逻辑轴顺序；物理format未核验","逻辑轴顺序；物理format未核验","未评估候选","未评估候选","未评估候选","未核验","未实测","未实测","未实测","未实测","未核验","配置确认 + 数学推导；未核验完整调用链","https://huggingface.co/openbmb/MiniCPM3-RAG-LoRA/resolve/3ee34a2c7b518f2d9be23d7138a7d29300b240f8/config.json","未核验","未核验","未核验","未核验","https://huggingface.co/openbmb/MiniCPM3-RAG-LoRA/resolve/3ee34a2c7b518f2d9be23d7138a7d29300b240f8/config.json","文本decode/verify；B[1,16],S[1,8]；TP=1逻辑参考；是否额外gate矩阵与门控分支维度需要实现；不能仅由silu推定完整SwiGLU","config.hidden_act=silu"
"root/layer_58","FFN_down","未核验","GEMM","[B,S,6400]","[B,S,2560]","B,S,T；其他轴见模型参数","B[1,16];S_verify[1,8];L_KV独立未知；TP=1","config=bfloat16；激活/累加类型未核验","未核验","逻辑轴顺序；物理format未核验","逻辑轴顺序；物理format未核验","未评估候选","未评估候选","未评估候选","未核验","未实测","未实测","未实测","未实测","未核验","配置确认 + 数学推导；未核验完整调用链","https://huggingface.co/openbmb/MiniCPM3-RAG-LoRA/resolve/3ee34a2c7b518f2d9be23d7138a7d29300b240f8/config.json","logical [2560,6400]","未核验","未核验","未核验","https://huggingface.co/openbmb/MiniCPM3-RAG-LoRA/resolve/3ee34a2c7b518f2d9be23d7138a7d29300b240f8/config.json","文本decode/verify；B[1,16],S[1,8]；TP=1逻辑参考；","Y=X@W^T"
"root/layer_58","FFN_residual","未核验","elementwise","[B,S,2560];[B,S,2560]","[B,S,2560]","B,S,T；其他轴见模型参数","B[1,16];S_verify[1,8];L_KV独立未知；TP=1","config=bfloat16；激活/累加类型未核验","未核验","逻辑轴顺序；物理format未核验","逻辑轴顺序；物理format未核验","未评估候选","未评估候选","未评估候选","未核验","未实测","未实测","未实测","未实测","未核验","配置确认 + 数学推导；未核验完整调用链","https://huggingface.co/openbmb/MiniCPM3-RAG-LoRA/resolve/3ee34a2c7b518f2d9be23d7138a7d29300b240f8/config.json","未核验","未核验","未核验","未核验","https://huggingface.co/openbmb/MiniCPM3-RAG-LoRA/resolve/3ee34a2c7b518f2d9be23d7138a7d29300b240f8/config.json","文本decode/verify；B[1,16],S[1,8]；TP=1逻辑参考；","Y=X+branch（参考，实际残差策略未核验）"
"root/layer_59","input_normalization","未核验","norm","[B,S,2560]","[B,S,2560]","B,S,T；其他轴见模型参数","B[1,16];S_verify[1,8];L_KV独立未知；TP=1","config=bfloat16；激活/累加类型未核验","未核验","逻辑轴顺序；物理format未核验","逻辑轴顺序；物理format未核验","未评估候选","未评估候选","未评估候选","未核验","未实测","未实测","未实测","未实测","未核验","配置确认 + 数学推导；未核验完整调用链","https://huggingface.co/openbmb/MiniCPM3-RAG-LoRA/resolve/3ee34a2c7b518f2d9be23d7138a7d29300b240f8/config.json","未核验","未核验","未核验","未核验","https://huggingface.co/openbmb/MiniCPM3-RAG-LoRA/resolve/3ee34a2c7b518f2d9be23d7138a7d29300b240f8/config.json","文本decode/verify；B[1,16],S[1,8]；TP=1逻辑参考；","归一化类型/先后顺序待实现核验"
"root/layer_59","q_a_projection","未核验","GEMM","[B,S,2560]","[B,S,768]","B,S,T；其他轴见模型参数","B[1,16];S_verify[1,8];L_KV独立未知；TP=1","config=bfloat16；激活/累加类型未核验","未核验","逻辑轴顺序；物理format未核验","逻辑轴顺序；物理format未核验","未评估候选","未评估候选","未评估候选","未核验","未实测","未实测","未实测","未实测","未核验","配置确认 + 数学推导；未核验完整调用链","https://huggingface.co/openbmb/MiniCPM3-RAG-LoRA/resolve/3ee34a2c7b518f2d9be23d7138a7d29300b240f8/config.json","logical [768,2560]","未核验","未核验","未核验","https://huggingface.co/openbmb/MiniCPM3-RAG-LoRA/resolve/3ee34a2c7b518f2d9be23d7138a7d29300b240f8/config.json","文本decode/verify；B[1,16],S[1,8]；TP=1逻辑参考；","Y=X@W^T"
"root/layer_59","q_b_projection","未核验","GEMM","[B,S,768]","[B,S,3840]","B,S,T；其他轴见模型参数","B[1,16];S_verify[1,8];L_KV独立未知；TP=1","config=bfloat16；激活/累加类型未核验","未核验","逻辑轴顺序；物理format未核验","逻辑轴顺序；物理format未核验","未评估候选","未评估候选","未评估候选","未核验","未实测","未实测","未实测","未实测","未核验","配置确认 + 数学推导；未核验完整调用链","https://huggingface.co/openbmb/MiniCPM3-RAG-LoRA/resolve/3ee34a2c7b518f2d9be23d7138a7d29300b240f8/config.json","logical [3840,768]","未核验","未核验","未核验","https://huggingface.co/openbmb/MiniCPM3-RAG-LoRA/resolve/3ee34a2c7b518f2d9be23d7138a7d29300b240f8/config.json","文本decode/verify；B[1,16],S[1,8]；TP=1逻辑参考；","Q_width=heads*(qk_nope+qk_rope)"
"root/layer_59","kv_compression","未核验","GEMM","[B,S,2560]","[B,S,288]","B,S,T；其他轴见模型参数","B[1,16];S_verify[1,8];L_KV独立未知；TP=1","config=bfloat16；激活/累加类型未核验","未核验","逻辑轴顺序；物理format未核验","逻辑轴顺序；物理format未核验","未评估候选","未评估候选","未评估候选","未核验","未实测","未实测","未实测","未实测","未核验","配置确认 + 数学推导；未核验完整调用链","https://huggingface.co/openbmb/MiniCPM3-RAG-LoRA/resolve/3ee34a2c7b518f2d9be23d7138a7d29300b240f8/config.json","logical [288,2560]","未核验","未核验","未核验","https://huggingface.co/openbmb/MiniCPM3-RAG-LoRA/resolve/3ee34a2c7b518f2d9be23d7138a7d29300b240f8/config.json","文本decode/verify；B[1,16],S[1,8]；TP=1逻辑参考；","KV_width=kv_lora_rank+qk_rope_head_dim"
"root/layer_59","MLA_cache_and_attention","未核验","MLA","Q:[B,S,40,96];KVc:[B,L_KV,256]","[B,S,2560]","B,S,T；其他轴见模型参数","B[1,16];S_verify[1,8];L_KV独立未知；TP=1","config=bfloat16；激活/累加类型未核验","未核验","逻辑轴顺序；物理format未核验","逻辑轴顺序；物理format未核验","未评估候选","未评估候选","未评估候选","未核验","未实测","未实测","未实测","未实测","未核验","配置确认 + 数学推导；未核验完整调用链","https://huggingface.co/openbmb/MiniCPM3-RAG-LoRA/resolve/3ee34a2c7b518f2d9be23d7138a7d29300b240f8/config.json","未核验","未核验","未核验","未核验","https://huggingface.co/openbmb/MiniCPM3-RAG-LoRA/resolve/3ee34a2c7b518f2d9be23d7138a7d29300b240f8/config.json","文本decode/verify；B[1,16],S[1,8]；TP=1逻辑参考；","KV展开/吸收、value维度、cache布局待实现核验"
"root/layer_59","attention_residual","未核验","elementwise","[B,S,2560];[B,S,2560]","[B,S,2560]","B,S,T；其他轴见模型参数","B[1,16];S_verify[1,8];L_KV独立未知；TP=1","config=bfloat16；激活/累加类型未核验","未核验","逻辑轴顺序；物理format未核验","逻辑轴顺序；物理format未核验","未评估候选","未评估候选","未评估候选","未核验","未实测","未实测","未实测","未实测","未核验","配置确认 + 数学推导；未核验完整调用链","https://huggingface.co/openbmb/MiniCPM3-RAG-LoRA/resolve/3ee34a2c7b518f2d9be23d7138a7d29300b240f8/config.json","未核验","未核验","未核验","未核验","https://huggingface.co/openbmb/MiniCPM3-RAG-LoRA/resolve/3ee34a2c7b518f2d9be23d7138a7d29300b240f8/config.json","文本decode/verify；B[1,16],S[1,8]；TP=1逻辑参考；","Y=X+branch（参考，实际残差策略未核验）"
"root/layer_59","post_attention_normalization","未核验","norm","[B,S,2560]","[B,S,2560]","B,S,T；其他轴见模型参数","B[1,16];S_verify[1,8];L_KV独立未知；TP=1","config=bfloat16；激活/累加类型未核验","未核验","逻辑轴顺序；物理format未核验","逻辑轴顺序；物理format未核验","未评估候选","未评估候选","未评估候选","未核验","未实测","未实测","未实测","未实测","未核验","配置确认 + 数学推导；未核验完整调用链","https://huggingface.co/openbmb/MiniCPM3-RAG-LoRA/resolve/3ee34a2c7b518f2d9be23d7138a7d29300b240f8/config.json","未核验","未核验","未核验","未核验","https://huggingface.co/openbmb/MiniCPM3-RAG-LoRA/resolve/3ee34a2c7b518f2d9be23d7138a7d29300b240f8/config.json","文本decode/verify；B[1,16],S[1,8]；TP=1逻辑参考；","类型与位置待源码核验"
"root/layer_59","FFN_up","未核验","GEMM","[B,S,2560]","[B,S,6400]","B,S,T；其他轴见模型参数","B[1,16];S_verify[1,8];L_KV独立未知；TP=1","config=bfloat16；激活/累加类型未核验","未核验","逻辑轴顺序；物理format未核验","逻辑轴顺序；物理format未核验","未评估候选","未评估候选","未评估候选","未核验","未实测","未实测","未实测","未实测","未核验","配置确认 + 数学推导；未核验完整调用链","https://huggingface.co/openbmb/MiniCPM3-RAG-LoRA/resolve/3ee34a2c7b518f2d9be23d7138a7d29300b240f8/config.json","logical [6400,2560]","未核验","未核验","未核验","https://huggingface.co/openbmb/MiniCPM3-RAG-LoRA/resolve/3ee34a2c7b518f2d9be23d7138a7d29300b240f8/config.json","文本decode/verify；B[1,16],S[1,8]；TP=1逻辑参考；","Y=X@W^T"
"root/layer_59","FFN_activation_and_optional_gate","未核验","activation","[B,S,6400]","[B,S,6400]","B,S,T；其他轴见模型参数","B[1,16];S_verify[1,8];L_KV独立未知；TP=1","config=bfloat16；激活/累加类型未核验","未核验","逻辑轴顺序；物理format未核验","逻辑轴顺序；物理format未核验","未评估候选","未评估候选","未评估候选","未核验","未实测","未实测","未实测","未实测","未核验","配置确认 + 数学推导；未核验完整调用链","https://huggingface.co/openbmb/MiniCPM3-RAG-LoRA/resolve/3ee34a2c7b518f2d9be23d7138a7d29300b240f8/config.json","未核验","未核验","未核验","未核验","https://huggingface.co/openbmb/MiniCPM3-RAG-LoRA/resolve/3ee34a2c7b518f2d9be23d7138a7d29300b240f8/config.json","文本decode/verify；B[1,16],S[1,8]；TP=1逻辑参考；是否额外gate矩阵与门控分支维度需要实现；不能仅由silu推定完整SwiGLU","config.hidden_act=silu"
"root/layer_59","FFN_down","未核验","GEMM","[B,S,6400]","[B,S,2560]","B,S,T；其他轴见模型参数","B[1,16];S_verify[1,8];L_KV独立未知；TP=1","config=bfloat16；激活/累加类型未核验","未核验","逻辑轴顺序；物理format未核验","逻辑轴顺序；物理format未核验","未评估候选","未评估候选","未评估候选","未核验","未实测","未实测","未实测","未实测","未核验","配置确认 + 数学推导；未核验完整调用链","https://huggingface.co/openbmb/MiniCPM3-RAG-LoRA/resolve/3ee34a2c7b518f2d9be23d7138a7d29300b240f8/config.json","logical [2560,6400]","未核验","未核验","未核验","https://huggingface.co/openbmb/MiniCPM3-RAG-LoRA/resolve/3ee34a2c7b518f2d9be23d7138a7d29300b240f8/config.json","文本decode/verify；B[1,16],S[1,8]；TP=1逻辑参考；","Y=X@W^T"
"root/layer_59","FFN_residual","未核验","elementwise","[B,S,2560];[B,S,2560]","[B,S,2560]","B,S,T；其他轴见模型参数","B[1,16];S_verify[1,8];L_KV独立未知；TP=1","config=bfloat16；激活/累加类型未核验","未核验","逻辑轴顺序；物理format未核验","逻辑轴顺序；物理format未核验","未评估候选","未评估候选","未评估候选","未核验","未实测","未实测","未实测","未实测","未核验","配置确认 + 数学推导；未核验完整调用链","https://huggingface.co/openbmb/MiniCPM3-RAG-LoRA/resolve/3ee34a2c7b518f2d9be23d7138a7d29300b240f8/config.json","未核验","未核验","未核验","未核验","https://huggingface.co/openbmb/MiniCPM3-RAG-LoRA/resolve/3ee34a2c7b518f2d9be23d7138a7d29300b240f8/config.json","文本decode/verify；B[1,16],S[1,8]；TP=1逻辑参考；","Y=X+branch（参考，实际残差策略未核验）"
"root/layer_60","input_normalization","未核验","norm","[B,S,2560]","[B,S,2560]","B,S,T；其他轴见模型参数","B[1,16];S_verify[1,8];L_KV独立未知；TP=1","config=bfloat16；激活/累加类型未核验","未核验","逻辑轴顺序；物理format未核验","逻辑轴顺序；物理format未核验","未评估候选","未评估候选","未评估候选","未核验","未实测","未实测","未实测","未实测","未核验","配置确认 + 数学推导；未核验完整调用链","https://huggingface.co/openbmb/MiniCPM3-RAG-LoRA/resolve/3ee34a2c7b518f2d9be23d7138a7d29300b240f8/config.json","未核验","未核验","未核验","未核验","https://huggingface.co/openbmb/MiniCPM3-RAG-LoRA/resolve/3ee34a2c7b518f2d9be23d7138a7d29300b240f8/config.json","文本decode/verify；B[1,16],S[1,8]；TP=1逻辑参考；","归一化类型/先后顺序待实现核验"
"root/layer_60","q_a_projection","未核验","GEMM","[B,S,2560]","[B,S,768]","B,S,T；其他轴见模型参数","B[1,16];S_verify[1,8];L_KV独立未知；TP=1","config=bfloat16；激活/累加类型未核验","未核验","逻辑轴顺序；物理format未核验","逻辑轴顺序；物理format未核验","未评估候选","未评估候选","未评估候选","未核验","未实测","未实测","未实测","未实测","未核验","配置确认 + 数学推导；未核验完整调用链","https://huggingface.co/openbmb/MiniCPM3-RAG-LoRA/resolve/3ee34a2c7b518f2d9be23d7138a7d29300b240f8/config.json","logical [768,2560]","未核验","未核验","未核验","https://huggingface.co/openbmb/MiniCPM3-RAG-LoRA/resolve/3ee34a2c7b518f2d9be23d7138a7d29300b240f8/config.json","文本decode/verify；B[1,16],S[1,8]；TP=1逻辑参考；","Y=X@W^T"
"root/layer_60","q_b_projection","未核验","GEMM","[B,S,768]","[B,S,3840]","B,S,T；其他轴见模型参数","B[1,16];S_verify[1,8];L_KV独立未知；TP=1","config=bfloat16；激活/累加类型未核验","未核验","逻辑轴顺序；物理format未核验","逻辑轴顺序；物理format未核验","未评估候选","未评估候选","未评估候选","未核验","未实测","未实测","未实测","未实测","未核验","配置确认 + 数学推导；未核验完整调用链","https://huggingface.co/openbmb/MiniCPM3-RAG-LoRA/resolve/3ee34a2c7b518f2d9be23d7138a7d29300b240f8/config.json","logical [3840,768]","未核验","未核验","未核验","https://huggingface.co/openbmb/MiniCPM3-RAG-LoRA/resolve/3ee34a2c7b518f2d9be23d7138a7d29300b240f8/config.json","文本decode/verify；B[1,16],S[1,8]；TP=1逻辑参考；","Q_width=heads*(qk_nope+qk_rope)"
"root/layer_60","kv_compression","未核验","GEMM","[B,S,2560]","[B,S,288]","B,S,T；其他轴见模型参数","B[1,16];S_verify[1,8];L_KV独立未知；TP=1","config=bfloat16；激活/累加类型未核验","未核验","逻辑轴顺序；物理format未核验","逻辑轴顺序；物理format未核验","未评估候选","未评估候选","未评估候选","未核验","未实测","未实测","未实测","未实测","未核验","配置确认 + 数学推导；未核验完整调用链","https://huggingface.co/openbmb/MiniCPM3-RAG-LoRA/resolve/3ee34a2c7b518f2d9be23d7138a7d29300b240f8/config.json","logical [288,2560]","未核验","未核验","未核验","https://huggingface.co/openbmb/MiniCPM3-RAG-LoRA/resolve/3ee34a2c7b518f2d9be23d7138a7d29300b240f8/config.json","文本decode/verify；B[1,16],S[1,8]；TP=1逻辑参考；","KV_width=kv_lora_rank+qk_rope_head_dim"
"root/layer_60","MLA_cache_and_attention","未核验","MLA","Q:[B,S,40,96];KVc:[B,L_KV,256]","[B,S,2560]","B,S,T；其他轴见模型参数","B[1,16];S_verify[1,8];L_KV独立未知；TP=1","config=bfloat16；激活/累加类型未核验","未核验","逻辑轴顺序；物理format未核验","逻辑轴顺序；物理format未核验","未评估候选","未评估候选","未评估候选","未核验","未实测","未实测","未实测","未实测","未核验","配置确认 + 数学推导；未核验完整调用链","https://huggingface.co/openbmb/MiniCPM3-RAG-LoRA/resolve/3ee34a2c7b518f2d9be23d7138a7d29300b240f8/config.json","未核验","未核验","未核验","未核验","https://huggingface.co/openbmb/MiniCPM3-RAG-LoRA/resolve/3ee34a2c7b518f2d9be23d7138a7d29300b240f8/config.json","文本decode/verify；B[1,16],S[1,8]；TP=1逻辑参考；","KV展开/吸收、value维度、cache布局待实现核验"
"root/layer_60","attention_residual","未核验","elementwise","[B,S,2560];[B,S,2560]","[B,S,2560]","B,S,T；其他轴见模型参数","B[1,16];S_verify[1,8];L_KV独立未知；TP=1","config=bfloat16；激活/累加类型未核验","未核验","逻辑轴顺序；物理format未核验","逻辑轴顺序；物理format未核验","未评估候选","未评估候选","未评估候选","未核验","未实测","未实测","未实测","未实测","未核验","配置确认 + 数学推导；未核验完整调用链","https://huggingface.co/openbmb/MiniCPM3-RAG-LoRA/resolve/3ee34a2c7b518f2d9be23d7138a7d29300b240f8/config.json","未核验","未核验","未核验","未核验","https://huggingface.co/openbmb/MiniCPM3-RAG-LoRA/resolve/3ee34a2c7b518f2d9be23d7138a7d29300b240f8/config.json","文本decode/verify；B[1,16],S[1,8]；TP=1逻辑参考；","Y=X+branch（参考，实际残差策略未核验）"
"root/layer_60","post_attention_normalization","未核验","norm","[B,S,2560]","[B,S,2560]","B,S,T；其他轴见模型参数","B[1,16];S_verify[1,8];L_KV独立未知；TP=1","config=bfloat16；激活/累加类型未核验","未核验","逻辑轴顺序；物理format未核验","逻辑轴顺序；物理format未核验","未评估候选","未评估候选","未评估候选","未核验","未实测","未实测","未实测","未实测","未核验","配置确认 + 数学推导；未核验完整调用链","https://huggingface.co/openbmb/MiniCPM3-RAG-LoRA/resolve/3ee34a2c7b518f2d9be23d7138a7d29300b240f8/config.json","未核验","未核验","未核验","未核验","https://huggingface.co/openbmb/MiniCPM3-RAG-LoRA/resolve/3ee34a2c7b518f2d9be23d7138a7d29300b240f8/config.json","文本decode/verify；B[1,16],S[1,8]；TP=1逻辑参考；","类型与位置待源码核验"
"root/layer_60","FFN_up","未核验","GEMM","[B,S,2560]","[B,S,6400]","B,S,T；其他轴见模型参数","B[1,16];S_verify[1,8];L_KV独立未知；TP=1","config=bfloat16；激活/累加类型未核验","未核验","逻辑轴顺序；物理format未核验","逻辑轴顺序；物理format未核验","未评估候选","未评估候选","未评估候选","未核验","未实测","未实测","未实测","未实测","未核验","配置确认 + 数学推导；未核验完整调用链","https://huggingface.co/openbmb/MiniCPM3-RAG-LoRA/resolve/3ee34a2c7b518f2d9be23d7138a7d29300b240f8/config.json","logical [6400,2560]","未核验","未核验","未核验","https://huggingface.co/openbmb/MiniCPM3-RAG-LoRA/resolve/3ee34a2c7b518f2d9be23d7138a7d29300b240f8/config.json","文本decode/verify；B[1,16],S[1,8]；TP=1逻辑参考；","Y=X@W^T"
"root/layer_60","FFN_activation_and_optional_gate","未核验","activation","[B,S,6400]","[B,S,6400]","B,S,T；其他轴见模型参数","B[1,16];S_verify[1,8];L_KV独立未知；TP=1","config=bfloat16；激活/累加类型未核验","未核验","逻辑轴顺序；物理format未核验","逻辑轴顺序；物理format未核验","未评估候选","未评估候选","未评估候选","未核验","未实测","未实测","未实测","未实测","未核验","配置确认 + 数学推导；未核验完整调用链","https://huggingface.co/openbmb/MiniCPM3-RAG-LoRA/resolve/3ee34a2c7b518f2d9be23d7138a7d29300b240f8/config.json","未核验","未核验","未核验","未核验","https://huggingface.co/openbmb/MiniCPM3-RAG-LoRA/resolve/3ee34a2c7b518f2d9be23d7138a7d29300b240f8/config.json","文本decode/verify；B[1,16],S[1,8]；TP=1逻辑参考；是否额外gate矩阵与门控分支维度需要实现；不能仅由silu推定完整SwiGLU","config.hidden_act=silu"
"root/layer_60","FFN_down","未核验","GEMM","[B,S,6400]","[B,S,2560]","B,S,T；其他轴见模型参数","B[1,16];S_verify[1,8];L_KV独立未知；TP=1","config=bfloat16；激活/累加类型未核验","未核验","逻辑轴顺序；物理format未核验","逻辑轴顺序；物理format未核验","未评估候选","未评估候选","未评估候选","未核验","未实测","未实测","未实测","未实测","未核验","配置确认 + 数学推导；未核验完整调用链","https://huggingface.co/openbmb/MiniCPM3-RAG-LoRA/resolve/3ee34a2c7b518f2d9be23d7138a7d29300b240f8/config.json","logical [2560,6400]","未核验","未核验","未核验","https://huggingface.co/openbmb/MiniCPM3-RAG-LoRA/resolve/3ee34a2c7b518f2d9be23d7138a7d29300b240f8/config.json","文本decode/verify；B[1,16],S[1,8]；TP=1逻辑参考；","Y=X@W^T"
"root/layer_60","FFN_residual","未核验","elementwise","[B,S,2560];[B,S,2560]","[B,S,2560]","B,S,T；其他轴见模型参数","B[1,16];S_verify[1,8];L_KV独立未知；TP=1","config=bfloat16；激活/累加类型未核验","未核验","逻辑轴顺序；物理format未核验","逻辑轴顺序；物理format未核验","未评估候选","未评估候选","未评估候选","未核验","未实测","未实测","未实测","未实测","未核验","配置确认 + 数学推导；未核验完整调用链","https://huggingface.co/openbmb/MiniCPM3-RAG-LoRA/resolve/3ee34a2c7b518f2d9be23d7138a7d29300b240f8/config.json","未核验","未核验","未核验","未核验","https://huggingface.co/openbmb/MiniCPM3-RAG-LoRA/resolve/3ee34a2c7b518f2d9be23d7138a7d29300b240f8/config.json","文本decode/verify；B[1,16],S[1,8]；TP=1逻辑参考；","Y=X+branch（参考，实际残差策略未核验）"
"root/layer_61","input_normalization","未核验","norm","[B,S,2560]","[B,S,2560]","B,S,T；其他轴见模型参数","B[1,16];S_verify[1,8];L_KV独立未知；TP=1","config=bfloat16；激活/累加类型未核验","未核验","逻辑轴顺序；物理format未核验","逻辑轴顺序；物理format未核验","未评估候选","未评估候选","未评估候选","未核验","未实测","未实测","未实测","未实测","未核验","配置确认 + 数学推导；未核验完整调用链","https://huggingface.co/openbmb/MiniCPM3-RAG-LoRA/resolve/3ee34a2c7b518f2d9be23d7138a7d29300b240f8/config.json","未核验","未核验","未核验","未核验","https://huggingface.co/openbmb/MiniCPM3-RAG-LoRA/resolve/3ee34a2c7b518f2d9be23d7138a7d29300b240f8/config.json","文本decode/verify；B[1,16],S[1,8]；TP=1逻辑参考；","归一化类型/先后顺序待实现核验"
"root/layer_61","q_a_projection","未核验","GEMM","[B,S,2560]","[B,S,768]","B,S,T；其他轴见模型参数","B[1,16];S_verify[1,8];L_KV独立未知；TP=1","config=bfloat16；激活/累加类型未核验","未核验","逻辑轴顺序；物理format未核验","逻辑轴顺序；物理format未核验","未评估候选","未评估候选","未评估候选","未核验","未实测","未实测","未实测","未实测","未核验","配置确认 + 数学推导；未核验完整调用链","https://huggingface.co/openbmb/MiniCPM3-RAG-LoRA/resolve/3ee34a2c7b518f2d9be23d7138a7d29300b240f8/config.json","logical [768,2560]","未核验","未核验","未核验","https://huggingface.co/openbmb/MiniCPM3-RAG-LoRA/resolve/3ee34a2c7b518f2d9be23d7138a7d29300b240f8/config.json","文本decode/verify；B[1,16],S[1,8]；TP=1逻辑参考；","Y=X@W^T"
"root/layer_61","q_b_projection","未核验","GEMM","[B,S,768]","[B,S,3840]","B,S,T；其他轴见模型参数","B[1,16];S_verify[1,8];L_KV独立未知；TP=1","config=bfloat16；激活/累加类型未核验","未核验","逻辑轴顺序；物理format未核验","逻辑轴顺序；物理format未核验","未评估候选","未评估候选","未评估候选","未核验","未实测","未实测","未实测","未实测","未核验","配置确认 + 数学推导；未核验完整调用链","https://huggingface.co/openbmb/MiniCPM3-RAG-LoRA/resolve/3ee34a2c7b518f2d9be23d7138a7d29300b240f8/config.json","logical [3840,768]","未核验","未核验","未核验","https://huggingface.co/openbmb/MiniCPM3-RAG-LoRA/resolve/3ee34a2c7b518f2d9be23d7138a7d29300b240f8/config.json","文本decode/verify；B[1,16],S[1,8]；TP=1逻辑参考；","Q_width=heads*(qk_nope+qk_rope)"
"root/layer_61","kv_compression","未核验","GEMM","[B,S,2560]","[B,S,288]","B,S,T；其他轴见模型参数","B[1,16];S_verify[1,8];L_KV独立未知；TP=1","config=bfloat16；激活/累加类型未核验","未核验","逻辑轴顺序；物理format未核验","逻辑轴顺序；物理format未核验","未评估候选","未评估候选","未评估候选","未核验","未实测","未实测","未实测","未实测","未核验","配置确认 + 数学推导；未核验完整调用链","https://huggingface.co/openbmb/MiniCPM3-RAG-LoRA/resolve/3ee34a2c7b518f2d9be23d7138a7d29300b240f8/config.json","logical [288,2560]","未核验","未核验","未核验","https://huggingface.co/openbmb/MiniCPM3-RAG-LoRA/resolve/3ee34a2c7b518f2d9be23d7138a7d29300b240f8/config.json","文本decode/verify；B[1,16],S[1,8]；TP=1逻辑参考；","KV_width=kv_lora_rank+qk_rope_head_dim"
"root/layer_61","MLA_cache_and_attention","未核验","MLA","Q:[B,S,40,96];KVc:[B,L_KV,256]","[B,S,2560]","B,S,T；其他轴见模型参数","B[1,16];S_verify[1,8];L_KV独立未知；TP=1","config=bfloat16；激活/累加类型未核验","未核验","逻辑轴顺序；物理format未核验","逻辑轴顺序；物理format未核验","未评估候选","未评估候选","未评估候选","未核验","未实测","未实测","未实测","未实测","未核验","配置确认 + 数学推导；未核验完整调用链","https://huggingface.co/openbmb/MiniCPM3-RAG-LoRA/resolve/3ee34a2c7b518f2d9be23d7138a7d29300b240f8/config.json","未核验","未核验","未核验","未核验","https://huggingface.co/openbmb/MiniCPM3-RAG-LoRA/resolve/3ee34a2c7b518f2d9be23d7138a7d29300b240f8/config.json","文本decode/verify；B[1,16],S[1,8]；TP=1逻辑参考；","KV展开/吸收、value维度、cache布局待实现核验"
"root/layer_61","attention_residual","未核验","elementwise","[B,S,2560];[B,S,2560]","[B,S,2560]","B,S,T；其他轴见模型参数","B[1,16];S_verify[1,8];L_KV独立未知；TP=1","config=bfloat16；激活/累加类型未核验","未核验","逻辑轴顺序；物理format未核验","逻辑轴顺序；物理format未核验","未评估候选","未评估候选","未评估候选","未核验","未实测","未实测","未实测","未实测","未核验","配置确认 + 数学推导；未核验完整调用链","https://huggingface.co/openbmb/MiniCPM3-RAG-LoRA/resolve/3ee34a2c7b518f2d9be23d7138a7d29300b240f8/config.json","未核验","未核验","未核验","未核验","https://huggingface.co/openbmb/MiniCPM3-RAG-LoRA/resolve/3ee34a2c7b518f2d9be23d7138a7d29300b240f8/config.json","文本decode/verify；B[1,16],S[1,8]；TP=1逻辑参考；","Y=X+branch（参考，实际残差策略未核验）"
"root/layer_61","post_attention_normalization","未核验","norm","[B,S,2560]","[B,S,2560]","B,S,T；其他轴见模型参数","B[1,16];S_verify[1,8];L_KV独立未知；TP=1","config=bfloat16；激活/累加类型未核验","未核验","逻辑轴顺序；物理format未核验","逻辑轴顺序；物理format未核验","未评估候选","未评估候选","未评估候选","未核验","未实测","未实测","未实测","未实测","未核验","配置确认 + 数学推导；未核验完整调用链","https://huggingface.co/openbmb/MiniCPM3-RAG-LoRA/resolve/3ee34a2c7b518f2d9be23d7138a7d29300b240f8/config.json","未核验","未核验","未核验","未核验","https://huggingface.co/openbmb/MiniCPM3-RAG-LoRA/resolve/3ee34a2c7b518f2d9be23d7138a7d29300b240f8/config.json","文本decode/verify；B[1,16],S[1,8]；TP=1逻辑参考；","类型与位置待源码核验"
"root/layer_61","FFN_up","未核验","GEMM","[B,S,2560]","[B,S,6400]","B,S,T；其他轴见模型参数","B[1,16];S_verify[1,8];L_KV独立未知；TP=1","config=bfloat16；激活/累加类型未核验","未核验","逻辑轴顺序；物理format未核验","逻辑轴顺序；物理format未核验","未评估候选","未评估候选","未评估候选","未核验","未实测","未实测","未实测","未实测","未核验","配置确认 + 数学推导；未核验完整调用链","https://huggingface.co/openbmb/MiniCPM3-RAG-LoRA/resolve/3ee34a2c7b518f2d9be23d7138a7d29300b240f8/config.json","logical [6400,2560]","未核验","未核验","未核验","https://huggingface.co/openbmb/MiniCPM3-RAG-LoRA/resolve/3ee34a2c7b518f2d9be23d7138a7d29300b240f8/config.json","文本decode/verify；B[1,16],S[1,8]；TP=1逻辑参考；","Y=X@W^T"
"root/layer_61","FFN_activation_and_optional_gate","未核验","activation","[B,S,6400]","[B,S,6400]","B,S,T；其他轴见模型参数","B[1,16];S_verify[1,8];L_KV独立未知；TP=1","config=bfloat16；激活/累加类型未核验","未核验","逻辑轴顺序；物理format未核验","逻辑轴顺序；物理format未核验","未评估候选","未评估候选","未评估候选","未核验","未实测","未实测","未实测","未实测","未核验","配置确认 + 数学推导；未核验完整调用链","https://huggingface.co/openbmb/MiniCPM3-RAG-LoRA/resolve/3ee34a2c7b518f2d9be23d7138a7d29300b240f8/config.json","未核验","未核验","未核验","未核验","https://huggingface.co/openbmb/MiniCPM3-RAG-LoRA/resolve/3ee34a2c7b518f2d9be23d7138a7d29300b240f8/config.json","文本decode/verify；B[1,16],S[1,8]；TP=1逻辑参考；是否额外gate矩阵与门控分支维度需要实现；不能仅由silu推定完整SwiGLU","config.hidden_act=silu"
"root/layer_61","FFN_down","未核验","GEMM","[B,S,6400]","[B,S,2560]","B,S,T；其他轴见模型参数","B[1,16];S_verify[1,8];L_KV独立未知；TP=1","config=bfloat16；激活/累加类型未核验","未核验","逻辑轴顺序；物理format未核验","逻辑轴顺序；物理format未核验","未评估候选","未评估候选","未评估候选","未核验","未实测","未实测","未实测","未实测","未核验","配置确认 + 数学推导；未核验完整调用链","https://huggingface.co/openbmb/MiniCPM3-RAG-LoRA/resolve/3ee34a2c7b518f2d9be23d7138a7d29300b240f8/config.json","logical [2560,6400]","未核验","未核验","未核验","https://huggingface.co/openbmb/MiniCPM3-RAG-LoRA/resolve/3ee34a2c7b518f2d9be23d7138a7d29300b240f8/config.json","文本decode/verify；B[1,16],S[1,8]；TP=1逻辑参考；","Y=X@W^T"
"root/layer_61","FFN_residual","未核验","elementwise","[B,S,2560];[B,S,2560]","[B,S,2560]","B,S,T；其他轴见模型参数","B[1,16];S_verify[1,8];L_KV独立未知；TP=1","config=bfloat16；激活/累加类型未核验","未核验","逻辑轴顺序；物理format未核验","逻辑轴顺序；物理format未核验","未评估候选","未评估候选","未评估候选","未核验","未实测","未实测","未实测","未实测","未核验","配置确认 + 数学推导；未核验完整调用链","https://huggingface.co/openbmb/MiniCPM3-RAG-LoRA/resolve/3ee34a2c7b518f2d9be23d7138a7d29300b240f8/config.json","未核验","未核验","未核验","未核验","https://huggingface.co/openbmb/MiniCPM3-RAG-LoRA/resolve/3ee34a2c7b518f2d9be23d7138a7d29300b240f8/config.json","文本decode/verify；B[1,16],S[1,8]；TP=1逻辑参考；","Y=X+branch（参考，实际残差策略未核验）"
"global","embedding_output_heads_modal_connectors","未核验","全局/模态组件","未核验","未核验","B,S,T；其他轴见模型参数","B[1,16];S_verify[1,8];L_KV独立未知；TP=1","未核验","未核验","逻辑轴顺序；物理format未核验","逻辑轴顺序；物理format未核验","未评估候选","未评估候选","未评估候选","未核验","未实测","未实测","未实测","未实测","未核验","配置可见；专用/全局算子未完整核验","https://huggingface.co/openbmb/MiniCPM3-RAG-LoRA/resolve/3ee34a2c7b518f2d9be23d7138a7d29300b240f8/config.json","未核验","未核验","未核验","未核验","https://huggingface.co/openbmb/MiniCPM3-RAG-LoRA/resolve/3ee34a2c7b518f2d9be23d7138a7d29300b240f8/config.json","文本decode/verify；S=1..8，B=1..16；TP=1逻辑形状；embedding、lm_head、模态连接器、压缩器、AudioVAE、扩散/动作/检索头需独立源码；不因主干展开而声称全图已完成","未核验"