"模块","算子列表","npu kernel","算子类型","inputshape","output shape","dim","shape范围","input dtype","output dtype","input format","output format","dtype next1","dtype next2","next3","并行资源占用情况","duration","计算利用率","mte","scalar","融合算子分析","证据状态","配置来源","权重证据","PyTorch参考或调用","NVIDIA条件路径","AMD条件路径","实现来源","运行条件与缺口","数学关系或推导"
"root/layer_0","input_normalization","未核验","norm","[B,S,2560]","[B,S,2560]","B,S,T；其他轴见模型参数","B[1,16];S_verify[1,8];L_KV独立未知；TP=1","config=bfloat16；激活/累加类型未核验","未核验","逻辑轴顺序；物理format未核验","逻辑轴顺序；物理format未核验","未评估候选","未评估候选","未评估候选","未核验","未实测","未实测","未实测","未实测","未核验","配置确认 + 数学推导；未核验完整调用链","https://huggingface.co/openbmb/AgentCPM-Explore/resolve/f528bbb55317bd291387ba3347551dd3414e698e/config.json","未核验","未核验","未核验","未核验","https://huggingface.co/openbmb/AgentCPM-Explore/resolve/f528bbb55317bd291387ba3347551dd3414e698e/config.json","文本decode/verify；B[1,16],S[1,8]；TP=1逻辑参考；","归一化类型/先后顺序待实现核验"
"root/layer_0","q_projection","未核验","GEMM","[B,S,2560]","[B,S,4096]","B,S,T；其他轴见模型参数","B[1,16];S_verify[1,8];L_KV独立未知；TP=1","config=bfloat16；激活/累加类型未核验","未核验","逻辑轴顺序；物理format未核验","逻辑轴顺序；物理format未核验","未评估候选","未评估候选","未评估候选","未核验","未实测","未实测","未实测","未实测","未核验","配置确认 + 数学推导；未核验完整调用链","https://huggingface.co/openbmb/AgentCPM-Explore/resolve/f528bbb55317bd291387ba3347551dd3414e698e/config.json","logical [4096,2560]","未核验","未核验","未核验","https://huggingface.co/openbmb/AgentCPM-Explore/resolve/f528bbb55317bd291387ba3347551dd3414e698e/config.json","文本decode/verify；B[1,16],S[1,8]；TP=1逻辑参考；独立逻辑矩阵，不断言实际融合与存储","Y=X@W^T; width=heads*head_dim"
"root/layer_0","k_projection","未核验","GEMM","[B,S,2560]","[B,S,1024]","B,S,T；其他轴见模型参数","B[1,16];S_verify[1,8];L_KV独立未知；TP=1","config=bfloat16；激活/累加类型未核验","未核验","逻辑轴顺序；物理format未核验","逻辑轴顺序；物理format未核验","未评估候选","未评估候选","未评估候选","未核验","未实测","未实测","未实测","未实测","未核验","配置确认 + 数学推导；未核验完整调用链","https://huggingface.co/openbmb/AgentCPM-Explore/resolve/f528bbb55317bd291387ba3347551dd3414e698e/config.json","logical [1024,2560]","未核验","未核验","未核验","https://huggingface.co/openbmb/AgentCPM-Explore/resolve/f528bbb55317bd291387ba3347551dd3414e698e/config.json","文本decode/verify；B[1,16],S[1,8]；TP=1逻辑参考；独立逻辑矩阵，不断言实际融合与存储","Y=X@W^T; width=heads*head_dim"
"root/layer_0","v_projection","未核验","GEMM","[B,S,2560]","[B,S,1024]","B,S,T；其他轴见模型参数","B[1,16];S_verify[1,8];L_KV独立未知；TP=1","config=bfloat16；激活/累加类型未核验","未核验","逻辑轴顺序；物理format未核验","逻辑轴顺序；物理format未核验","未评估候选","未评估候选","未评估候选","未核验","未实测","未实测","未实测","未实测","未核验","配置确认 + 数学推导；未核验完整调用链","https://huggingface.co/openbmb/AgentCPM-Explore/resolve/f528bbb55317bd291387ba3347551dd3414e698e/config.json","logical [1024,2560]","未核验","未核验","未核验","https://huggingface.co/openbmb/AgentCPM-Explore/resolve/f528bbb55317bd291387ba3347551dd3414e698e/config.json","文本decode/verify；B[1,16],S[1,8]；TP=1逻辑参考；独立逻辑矩阵，不断言实际融合与存储","Y=X@W^T; width=heads*head_dim"
"root/layer_0","position_and_cache","未核验","位置/缓存","Q,K,V projected; B,S","Q:[B,32,S,128]; K,V:[B,8,L_KV,128]","B,S,T；其他轴见模型参数","B[1,16];S_verify[1,8];L_KV独立未知；TP=1","config=bfloat16；激活/累加类型未核验","未核验","逻辑轴顺序；物理format未核验","逻辑轴顺序；物理format未核验","未评估候选","未评估候选","未评估候选","未核验","未实测","未实测","未实测","未实测","未核验","配置确认 + 数学推导；未核验完整调用链","https://huggingface.co/openbmb/AgentCPM-Explore/resolve/f528bbb55317bd291387ba3347551dd3414e698e/config.json","未核验","未核验","未核验","未核验","https://huggingface.co/openbmb/AgentCPM-Explore/resolve/f528bbb55317bd291387ba3347551dd3414e698e/config.json","文本decode/verify；B[1,16],S[1,8]；TP=1逻辑参考；","文本decode/verify；B[1,16],S[1,8]；TP=1逻辑参考；位置编码与物理layout需实现核验"
"root/layer_0","attention","未核验","attention","Q:[B,32,S,128];K,V:[B,8,L_KV,128]","[B,32,S,128]","B,S,T；其他轴见模型参数","B[1,16];S_verify[1,8];L_KV独立未知；TP=1","config=bfloat16；激活/累加类型未核验","未核验","逻辑轴顺序；物理format未核验","逻辑轴顺序；物理format未核验","未评估候选","未评估候选","未评估候选","未核验","未实测","未实测","未实测","未实测","未核验","配置确认 + 数学推导；未核验完整调用链","https://huggingface.co/openbmb/AgentCPM-Explore/resolve/f528bbb55317bd291387ba3347551dd3414e698e/config.json","未核验","未核验","未核验","未核验","https://huggingface.co/openbmb/AgentCPM-Explore/resolve/f528bbb55317bd291387ba3347551dd3414e698e/config.json","文本decode/verify；B[1,16],S[1,8]；TP=1逻辑参考；稀疏选块/线性分支需按实现，不能据此声称稠密执行或峰值中间内存","softmax(QK^T / sqrt(head_dim) + mask)V（数学参考）"
"root/layer_0","output_projection","未核验","GEMM","[B,S,4096]","[B,S,2560]","B,S,T；其他轴见模型参数","B[1,16];S_verify[1,8];L_KV独立未知；TP=1","config=bfloat16；激活/累加类型未核验","未核验","逻辑轴顺序；物理format未核验","逻辑轴顺序；物理format未核验","未评估候选","未评估候选","未评估候选","未核验","未实测","未实测","未实测","未实测","未核验","配置确认 + 数学推导；未核验完整调用链","https://huggingface.co/openbmb/AgentCPM-Explore/resolve/f528bbb55317bd291387ba3347551dd3414e698e/config.json","logical [2560,4096]","未核验","未核验","未核验","https://huggingface.co/openbmb/AgentCPM-Explore/resolve/f528bbb55317bd291387ba3347551dd3414e698e/config.json","文本decode/verify；B[1,16],S[1,8]；TP=1逻辑参考；","Y=X@W^T"
"root/layer_0","attention_residual","未核验","elementwise","[B,S,2560];[B,S,2560]","[B,S,2560]","B,S,T；其他轴见模型参数","B[1,16];S_verify[1,8];L_KV独立未知；TP=1","config=bfloat16；激活/累加类型未核验","未核验","逻辑轴顺序；物理format未核验","逻辑轴顺序；物理format未核验","未评估候选","未评估候选","未评估候选","未核验","未实测","未实测","未实测","未实测","未核验","配置确认 + 数学推导；未核验完整调用链","https://huggingface.co/openbmb/AgentCPM-Explore/resolve/f528bbb55317bd291387ba3347551dd3414e698e/config.json","未核验","未核验","未核验","未核验","https://huggingface.co/openbmb/AgentCPM-Explore/resolve/f528bbb55317bd291387ba3347551dd3414e698e/config.json","文本decode/verify；B[1,16],S[1,8]；TP=1逻辑参考；","Y=X+branch（参考，实际残差策略未核验）"
"root/layer_0","post_attention_normalization","未核验","norm","[B,S,2560]","[B,S,2560]","B,S,T；其他轴见模型参数","B[1,16];S_verify[1,8];L_KV独立未知；TP=1","config=bfloat16；激活/累加类型未核验","未核验","逻辑轴顺序；物理format未核验","逻辑轴顺序；物理format未核验","未评估候选","未评估候选","未评估候选","未核验","未实测","未实测","未实测","未实测","未核验","配置确认 + 数学推导；未核验完整调用链","https://huggingface.co/openbmb/AgentCPM-Explore/resolve/f528bbb55317bd291387ba3347551dd3414e698e/config.json","未核验","未核验","未核验","未核验","https://huggingface.co/openbmb/AgentCPM-Explore/resolve/f528bbb55317bd291387ba3347551dd3414e698e/config.json","文本decode/verify；B[1,16],S[1,8]；TP=1逻辑参考；","类型与位置待源码核验"
"root/layer_0","FFN_up","未核验","GEMM","[B,S,2560]","[B,S,9728]","B,S,T；其他轴见模型参数","B[1,16];S_verify[1,8];L_KV独立未知；TP=1","config=bfloat16；激活/累加类型未核验","未核验","逻辑轴顺序；物理format未核验","逻辑轴顺序；物理format未核验","未评估候选","未评估候选","未评估候选","未核验","未实测","未实测","未实测","未实测","未核验","配置确认 + 数学推导；未核验完整调用链","https://huggingface.co/openbmb/AgentCPM-Explore/resolve/f528bbb55317bd291387ba3347551dd3414e698e/config.json","logical [9728,2560]","未核验","未核验","未核验","https://huggingface.co/openbmb/AgentCPM-Explore/resolve/f528bbb55317bd291387ba3347551dd3414e698e/config.json","文本decode/verify；B[1,16],S[1,8]；TP=1逻辑参考；","Y=X@W^T"
"root/layer_0","FFN_activation_and_optional_gate","未核验","activation","[B,S,9728]","[B,S,9728]","B,S,T；其他轴见模型参数","B[1,16];S_verify[1,8];L_KV独立未知；TP=1","config=bfloat16；激活/累加类型未核验","未核验","逻辑轴顺序；物理format未核验","逻辑轴顺序；物理format未核验","未评估候选","未评估候选","未评估候选","未核验","未实测","未实测","未实测","未实测","未核验","配置确认 + 数学推导；未核验完整调用链","https://huggingface.co/openbmb/AgentCPM-Explore/resolve/f528bbb55317bd291387ba3347551dd3414e698e/config.json","未核验","未核验","未核验","未核验","https://huggingface.co/openbmb/AgentCPM-Explore/resolve/f528bbb55317bd291387ba3347551dd3414e698e/config.json","文本decode/verify；B[1,16],S[1,8]；TP=1逻辑参考；是否额外gate矩阵与门控分支维度需要实现；不能仅由silu推定完整SwiGLU","config.hidden_act=silu"
"root/layer_0","FFN_down","未核验","GEMM","[B,S,9728]","[B,S,2560]","B,S,T；其他轴见模型参数","B[1,16];S_verify[1,8];L_KV独立未知；TP=1","config=bfloat16；激活/累加类型未核验","未核验","逻辑轴顺序；物理format未核验","逻辑轴顺序；物理format未核验","未评估候选","未评估候选","未评估候选","未核验","未实测","未实测","未实测","未实测","未核验","配置确认 + 数学推导；未核验完整调用链","https://huggingface.co/openbmb/AgentCPM-Explore/resolve/f528bbb55317bd291387ba3347551dd3414e698e/config.json","logical [2560,9728]","未核验","未核验","未核验","https://huggingface.co/openbmb/AgentCPM-Explore/resolve/f528bbb55317bd291387ba3347551dd3414e698e/config.json","文本decode/verify；B[1,16],S[1,8]；TP=1逻辑参考；","Y=X@W^T"
"root/layer_0","FFN_residual","未核验","elementwise","[B,S,2560];[B,S,2560]","[B,S,2560]","B,S,T；其他轴见模型参数","B[1,16];S_verify[1,8];L_KV独立未知；TP=1","config=bfloat16；激活/累加类型未核验","未核验","逻辑轴顺序；物理format未核验","逻辑轴顺序；物理format未核验","未评估候选","未评估候选","未评估候选","未核验","未实测","未实测","未实测","未实测","未核验","配置确认 + 数学推导；未核验完整调用链","https://huggingface.co/openbmb/AgentCPM-Explore/resolve/f528bbb55317bd291387ba3347551dd3414e698e/config.json","未核验","未核验","未核验","未核验","https://huggingface.co/openbmb/AgentCPM-Explore/resolve/f528bbb55317bd291387ba3347551dd3414e698e/config.json","文本decode/verify；B[1,16],S[1,8]；TP=1逻辑参考；","Y=X+branch（参考，实际残差策略未核验）"
"root/layer_1","input_normalization","未核验","norm","[B,S,2560]","[B,S,2560]","B,S,T；其他轴见模型参数","B[1,16];S_verify[1,8];L_KV独立未知；TP=1","config=bfloat16；激活/累加类型未核验","未核验","逻辑轴顺序；物理format未核验","逻辑轴顺序；物理format未核验","未评估候选","未评估候选","未评估候选","未核验","未实测","未实测","未实测","未实测","未核验","配置确认 + 数学推导；未核验完整调用链","https://huggingface.co/openbmb/AgentCPM-Explore/resolve/f528bbb55317bd291387ba3347551dd3414e698e/config.json","未核验","未核验","未核验","未核验","https://huggingface.co/openbmb/AgentCPM-Explore/resolve/f528bbb55317bd291387ba3347551dd3414e698e/config.json","文本decode/verify；B[1,16],S[1,8]；TP=1逻辑参考；","归一化类型/先后顺序待实现核验"
"root/layer_1","q_projection","未核验","GEMM","[B,S,2560]","[B,S,4096]","B,S,T；其他轴见模型参数","B[1,16];S_verify[1,8];L_KV独立未知；TP=1","config=bfloat16；激活/累加类型未核验","未核验","逻辑轴顺序；物理format未核验","逻辑轴顺序；物理format未核验","未评估候选","未评估候选","未评估候选","未核验","未实测","未实测","未实测","未实测","未核验","配置确认 + 数学推导；未核验完整调用链","https://huggingface.co/openbmb/AgentCPM-Explore/resolve/f528bbb55317bd291387ba3347551dd3414e698e/config.json","logical [4096,2560]","未核验","未核验","未核验","https://huggingface.co/openbmb/AgentCPM-Explore/resolve/f528bbb55317bd291387ba3347551dd3414e698e/config.json","文本decode/verify；B[1,16],S[1,8]；TP=1逻辑参考；独立逻辑矩阵，不断言实际融合与存储","Y=X@W^T; width=heads*head_dim"
"root/layer_1","k_projection","未核验","GEMM","[B,S,2560]","[B,S,1024]","B,S,T；其他轴见模型参数","B[1,16];S_verify[1,8];L_KV独立未知；TP=1","config=bfloat16；激活/累加类型未核验","未核验","逻辑轴顺序；物理format未核验","逻辑轴顺序；物理format未核验","未评估候选","未评估候选","未评估候选","未核验","未实测","未实测","未实测","未实测","未核验","配置确认 + 数学推导；未核验完整调用链","https://huggingface.co/openbmb/AgentCPM-Explore/resolve/f528bbb55317bd291387ba3347551dd3414e698e/config.json","logical [1024,2560]","未核验","未核验","未核验","https://huggingface.co/openbmb/AgentCPM-Explore/resolve/f528bbb55317bd291387ba3347551dd3414e698e/config.json","文本decode/verify；B[1,16],S[1,8]；TP=1逻辑参考；独立逻辑矩阵，不断言实际融合与存储","Y=X@W^T; width=heads*head_dim"
"root/layer_1","v_projection","未核验","GEMM","[B,S,2560]","[B,S,1024]","B,S,T；其他轴见模型参数","B[1,16];S_verify[1,8];L_KV独立未知；TP=1","config=bfloat16；激活/累加类型未核验","未核验","逻辑轴顺序；物理format未核验","逻辑轴顺序；物理format未核验","未评估候选","未评估候选","未评估候选","未核验","未实测","未实测","未实测","未实测","未核验","配置确认 + 数学推导；未核验完整调用链","https://huggingface.co/openbmb/AgentCPM-Explore/resolve/f528bbb55317bd291387ba3347551dd3414e698e/config.json","logical [1024,2560]","未核验","未核验","未核验","https://huggingface.co/openbmb/AgentCPM-Explore/resolve/f528bbb55317bd291387ba3347551dd3414e698e/config.json","文本decode/verify；B[1,16],S[1,8]；TP=1逻辑参考；独立逻辑矩阵，不断言实际融合与存储","Y=X@W^T; width=heads*head_dim"
"root/layer_1","position_and_cache","未核验","位置/缓存","Q,K,V projected; B,S","Q:[B,32,S,128]; K,V:[B,8,L_KV,128]","B,S,T；其他轴见模型参数","B[1,16];S_verify[1,8];L_KV独立未知；TP=1","config=bfloat16；激活/累加类型未核验","未核验","逻辑轴顺序；物理format未核验","逻辑轴顺序；物理format未核验","未评估候选","未评估候选","未评估候选","未核验","未实测","未实测","未实测","未实测","未核验","配置确认 + 数学推导；未核验完整调用链","https://huggingface.co/openbmb/AgentCPM-Explore/resolve/f528bbb55317bd291387ba3347551dd3414e698e/config.json","未核验","未核验","未核验","未核验","https://huggingface.co/openbmb/AgentCPM-Explore/resolve/f528bbb55317bd291387ba3347551dd3414e698e/config.json","文本decode/verify；B[1,16],S[1,8]；TP=1逻辑参考；","文本decode/verify；B[1,16],S[1,8]；TP=1逻辑参考；位置编码与物理layout需实现核验"
"root/layer_1","attention","未核验","attention","Q:[B,32,S,128];K,V:[B,8,L_KV,128]","[B,32,S,128]","B,S,T；其他轴见模型参数","B[1,16];S_verify[1,8];L_KV独立未知；TP=1","config=bfloat16；激活/累加类型未核验","未核验","逻辑轴顺序；物理format未核验","逻辑轴顺序；物理format未核验","未评估候选","未评估候选","未评估候选","未核验","未实测","未实测","未实测","未实测","未核验","配置确认 + 数学推导；未核验完整调用链","https://huggingface.co/openbmb/AgentCPM-Explore/resolve/f528bbb55317bd291387ba3347551dd3414e698e/config.json","未核验","未核验","未核验","未核验","https://huggingface.co/openbmb/AgentCPM-Explore/resolve/f528bbb55317bd291387ba3347551dd3414e698e/config.json","文本decode/verify；B[1,16],S[1,8]；TP=1逻辑参考；稀疏选块/线性分支需按实现，不能据此声称稠密执行或峰值中间内存","softmax(QK^T / sqrt(head_dim) + mask)V（数学参考）"
"root/layer_1","output_projection","未核验","GEMM","[B,S,4096]","[B,S,2560]","B,S,T；其他轴见模型参数","B[1,16];S_verify[1,8];L_KV独立未知；TP=1","config=bfloat16；激活/累加类型未核验","未核验","逻辑轴顺序；物理format未核验","逻辑轴顺序；物理format未核验","未评估候选","未评估候选","未评估候选","未核验","未实测","未实测","未实测","未实测","未核验","配置确认 + 数学推导；未核验完整调用链","https://huggingface.co/openbmb/AgentCPM-Explore/resolve/f528bbb55317bd291387ba3347551dd3414e698e/config.json","logical [2560,4096]","未核验","未核验","未核验","https://huggingface.co/openbmb/AgentCPM-Explore/resolve/f528bbb55317bd291387ba3347551dd3414e698e/config.json","文本decode/verify；B[1,16],S[1,8]；TP=1逻辑参考；","Y=X@W^T"
"root/layer_1","attention_residual","未核验","elementwise","[B,S,2560];[B,S,2560]","[B,S,2560]","B,S,T；其他轴见模型参数","B[1,16];S_verify[1,8];L_KV独立未知；TP=1","config=bfloat16；激活/累加类型未核验","未核验","逻辑轴顺序；物理format未核验","逻辑轴顺序；物理format未核验","未评估候选","未评估候选","未评估候选","未核验","未实测","未实测","未实测","未实测","未核验","配置确认 + 数学推导；未核验完整调用链","https://huggingface.co/openbmb/AgentCPM-Explore/resolve/f528bbb55317bd291387ba3347551dd3414e698e/config.json","未核验","未核验","未核验","未核验","https://huggingface.co/openbmb/AgentCPM-Explore/resolve/f528bbb55317bd291387ba3347551dd3414e698e/config.json","文本decode/verify；B[1,16],S[1,8]；TP=1逻辑参考；","Y=X+branch（参考，实际残差策略未核验）"
"root/layer_1","post_attention_normalization","未核验","norm","[B,S,2560]","[B,S,2560]","B,S,T；其他轴见模型参数","B[1,16];S_verify[1,8];L_KV独立未知；TP=1","config=bfloat16；激活/累加类型未核验","未核验","逻辑轴顺序；物理format未核验","逻辑轴顺序；物理format未核验","未评估候选","未评估候选","未评估候选","未核验","未实测","未实测","未实测","未实测","未核验","配置确认 + 数学推导；未核验完整调用链","https://huggingface.co/openbmb/AgentCPM-Explore/resolve/f528bbb55317bd291387ba3347551dd3414e698e/config.json","未核验","未核验","未核验","未核验","https://huggingface.co/openbmb/AgentCPM-Explore/resolve/f528bbb55317bd291387ba3347551dd3414e698e/config.json","文本decode/verify；B[1,16],S[1,8]；TP=1逻辑参考；","类型与位置待源码核验"
"root/layer_1","FFN_up","未核验","GEMM","[B,S,2560]","[B,S,9728]","B,S,T；其他轴见模型参数","B[1,16];S_verify[1,8];L_KV独立未知；TP=1","config=bfloat16；激活/累加类型未核验","未核验","逻辑轴顺序；物理format未核验","逻辑轴顺序；物理format未核验","未评估候选","未评估候选","未评估候选","未核验","未实测","未实测","未实测","未实测","未核验","配置确认 + 数学推导；未核验完整调用链","https://huggingface.co/openbmb/AgentCPM-Explore/resolve/f528bbb55317bd291387ba3347551dd3414e698e/config.json","logical [9728,2560]","未核验","未核验","未核验","https://huggingface.co/openbmb/AgentCPM-Explore/resolve/f528bbb55317bd291387ba3347551dd3414e698e/config.json","文本decode/verify；B[1,16],S[1,8]；TP=1逻辑参考；","Y=X@W^T"
"root/layer_1","FFN_activation_and_optional_gate","未核验","activation","[B,S,9728]","[B,S,9728]","B,S,T；其他轴见模型参数","B[1,16];S_verify[1,8];L_KV独立未知；TP=1","config=bfloat16；激活/累加类型未核验","未核验","逻辑轴顺序；物理format未核验","逻辑轴顺序；物理format未核验","未评估候选","未评估候选","未评估候选","未核验","未实测","未实测","未实测","未实测","未核验","配置确认 + 数学推导；未核验完整调用链","https://huggingface.co/openbmb/AgentCPM-Explore/resolve/f528bbb55317bd291387ba3347551dd3414e698e/config.json","未核验","未核验","未核验","未核验","https://huggingface.co/openbmb/AgentCPM-Explore/resolve/f528bbb55317bd291387ba3347551dd3414e698e/config.json","文本decode/verify；B[1,16],S[1,8]；TP=1逻辑参考；是否额外gate矩阵与门控分支维度需要实现；不能仅由silu推定完整SwiGLU","config.hidden_act=silu"
"root/layer_1","FFN_down","未核验","GEMM","[B,S,9728]","[B,S,2560]","B,S,T；其他轴见模型参数","B[1,16];S_verify[1,8];L_KV独立未知；TP=1","config=bfloat16；激活/累加类型未核验","未核验","逻辑轴顺序；物理format未核验","逻辑轴顺序；物理format未核验","未评估候选","未评估候选","未评估候选","未核验","未实测","未实测","未实测","未实测","未核验","配置确认 + 数学推导；未核验完整调用链","https://huggingface.co/openbmb/AgentCPM-Explore/resolve/f528bbb55317bd291387ba3347551dd3414e698e/config.json","logical [2560,9728]","未核验","未核验","未核验","https://huggingface.co/openbmb/AgentCPM-Explore/resolve/f528bbb55317bd291387ba3347551dd3414e698e/config.json","文本decode/verify；B[1,16],S[1,8]；TP=1逻辑参考；","Y=X@W^T"
"root/layer_1","FFN_residual","未核验","elementwise","[B,S,2560];[B,S,2560]","[B,S,2560]","B,S,T；其他轴见模型参数","B[1,16];S_verify[1,8];L_KV独立未知；TP=1","config=bfloat16；激活/累加类型未核验","未核验","逻辑轴顺序；物理format未核验","逻辑轴顺序；物理format未核验","未评估候选","未评估候选","未评估候选","未核验","未实测","未实测","未实测","未实测","未核验","配置确认 + 数学推导；未核验完整调用链","https://huggingface.co/openbmb/AgentCPM-Explore/resolve/f528bbb55317bd291387ba3347551dd3414e698e/config.json","未核验","未核验","未核验","未核验","https://huggingface.co/openbmb/AgentCPM-Explore/resolve/f528bbb55317bd291387ba3347551dd3414e698e/config.json","文本decode/verify；B[1,16],S[1,8]；TP=1逻辑参考；","Y=X+branch（参考，实际残差策略未核验）"
"root/layer_2","input_normalization","未核验","norm","[B,S,2560]","[B,S,2560]","B,S,T；其他轴见模型参数","B[1,16];S_verify[1,8];L_KV独立未知；TP=1","config=bfloat16；激活/累加类型未核验","未核验","逻辑轴顺序；物理format未核验","逻辑轴顺序；物理format未核验","未评估候选","未评估候选","未评估候选","未核验","未实测","未实测","未实测","未实测","未核验","配置确认 + 数学推导；未核验完整调用链","https://huggingface.co/openbmb/AgentCPM-Explore/resolve/f528bbb55317bd291387ba3347551dd3414e698e/config.json","未核验","未核验","未核验","未核验","https://huggingface.co/openbmb/AgentCPM-Explore/resolve/f528bbb55317bd291387ba3347551dd3414e698e/config.json","文本decode/verify；B[1,16],S[1,8]；TP=1逻辑参考；","归一化类型/先后顺序待实现核验"
"root/layer_2","q_projection","未核验","GEMM","[B,S,2560]","[B,S,4096]","B,S,T；其他轴见模型参数","B[1,16];S_verify[1,8];L_KV独立未知；TP=1","config=bfloat16；激活/累加类型未核验","未核验","逻辑轴顺序；物理format未核验","逻辑轴顺序；物理format未核验","未评估候选","未评估候选","未评估候选","未核验","未实测","未实测","未实测","未实测","未核验","配置确认 + 数学推导；未核验完整调用链","https://huggingface.co/openbmb/AgentCPM-Explore/resolve/f528bbb55317bd291387ba3347551dd3414e698e/config.json","logical [4096,2560]","未核验","未核验","未核验","https://huggingface.co/openbmb/AgentCPM-Explore/resolve/f528bbb55317bd291387ba3347551dd3414e698e/config.json","文本decode/verify；B[1,16],S[1,8]；TP=1逻辑参考；独立逻辑矩阵，不断言实际融合与存储","Y=X@W^T; width=heads*head_dim"
"root/layer_2","k_projection","未核验","GEMM","[B,S,2560]","[B,S,1024]","B,S,T；其他轴见模型参数","B[1,16];S_verify[1,8];L_KV独立未知；TP=1","config=bfloat16；激活/累加类型未核验","未核验","逻辑轴顺序；物理format未核验","逻辑轴顺序；物理format未核验","未评估候选","未评估候选","未评估候选","未核验","未实测","未实测","未实测","未实测","未核验","配置确认 + 数学推导；未核验完整调用链","https://huggingface.co/openbmb/AgentCPM-Explore/resolve/f528bbb55317bd291387ba3347551dd3414e698e/config.json","logical [1024,2560]","未核验","未核验","未核验","https://huggingface.co/openbmb/AgentCPM-Explore/resolve/f528bbb55317bd291387ba3347551dd3414e698e/config.json","文本decode/verify；B[1,16],S[1,8]；TP=1逻辑参考；独立逻辑矩阵，不断言实际融合与存储","Y=X@W^T; width=heads*head_dim"
"root/layer_2","v_projection","未核验","GEMM","[B,S,2560]","[B,S,1024]","B,S,T；其他轴见模型参数","B[1,16];S_verify[1,8];L_KV独立未知；TP=1","config=bfloat16；激活/累加类型未核验","未核验","逻辑轴顺序；物理format未核验","逻辑轴顺序；物理format未核验","未评估候选","未评估候选","未评估候选","未核验","未实测","未实测","未实测","未实测","未核验","配置确认 + 数学推导；未核验完整调用链","https://huggingface.co/openbmb/AgentCPM-Explore/resolve/f528bbb55317bd291387ba3347551dd3414e698e/config.json","logical [1024,2560]","未核验","未核验","未核验","https://huggingface.co/openbmb/AgentCPM-Explore/resolve/f528bbb55317bd291387ba3347551dd3414e698e/config.json","文本decode/verify；B[1,16],S[1,8]；TP=1逻辑参考；独立逻辑矩阵，不断言实际融合与存储","Y=X@W^T; width=heads*head_dim"
"root/layer_2","position_and_cache","未核验","位置/缓存","Q,K,V projected; B,S","Q:[B,32,S,128]; K,V:[B,8,L_KV,128]","B,S,T；其他轴见模型参数","B[1,16];S_verify[1,8];L_KV独立未知；TP=1","config=bfloat16；激活/累加类型未核验","未核验","逻辑轴顺序；物理format未核验","逻辑轴顺序；物理format未核验","未评估候选","未评估候选","未评估候选","未核验","未实测","未实测","未实测","未实测","未核验","配置确认 + 数学推导；未核验完整调用链","https://huggingface.co/openbmb/AgentCPM-Explore/resolve/f528bbb55317bd291387ba3347551dd3414e698e/config.json","未核验","未核验","未核验","未核验","https://huggingface.co/openbmb/AgentCPM-Explore/resolve/f528bbb55317bd291387ba3347551dd3414e698e/config.json","文本decode/verify；B[1,16],S[1,8]；TP=1逻辑参考；","文本decode/verify；B[1,16],S[1,8]；TP=1逻辑参考；位置编码与物理layout需实现核验"
"root/layer_2","attention","未核验","attention","Q:[B,32,S,128];K,V:[B,8,L_KV,128]","[B,32,S,128]","B,S,T；其他轴见模型参数","B[1,16];S_verify[1,8];L_KV独立未知；TP=1","config=bfloat16；激活/累加类型未核验","未核验","逻辑轴顺序；物理format未核验","逻辑轴顺序；物理format未核验","未评估候选","未评估候选","未评估候选","未核验","未实测","未实测","未实测","未实测","未核验","配置确认 + 数学推导；未核验完整调用链","https://huggingface.co/openbmb/AgentCPM-Explore/resolve/f528bbb55317bd291387ba3347551dd3414e698e/config.json","未核验","未核验","未核验","未核验","https://huggingface.co/openbmb/AgentCPM-Explore/resolve/f528bbb55317bd291387ba3347551dd3414e698e/config.json","文本decode/verify；B[1,16],S[1,8]；TP=1逻辑参考；稀疏选块/线性分支需按实现，不能据此声称稠密执行或峰值中间内存","softmax(QK^T / sqrt(head_dim) + mask)V（数学参考）"
"root/layer_2","output_projection","未核验","GEMM","[B,S,4096]","[B,S,2560]","B,S,T；其他轴见模型参数","B[1,16];S_verify[1,8];L_KV独立未知；TP=1","config=bfloat16；激活/累加类型未核验","未核验","逻辑轴顺序；物理format未核验","逻辑轴顺序；物理format未核验","未评估候选","未评估候选","未评估候选","未核验","未实测","未实测","未实测","未实测","未核验","配置确认 + 数学推导；未核验完整调用链","https://huggingface.co/openbmb/AgentCPM-Explore/resolve/f528bbb55317bd291387ba3347551dd3414e698e/config.json","logical [2560,4096]","未核验","未核验","未核验","https://huggingface.co/openbmb/AgentCPM-Explore/resolve/f528bbb55317bd291387ba3347551dd3414e698e/config.json","文本decode/verify；B[1,16],S[1,8]；TP=1逻辑参考；","Y=X@W^T"
"root/layer_2","attention_residual","未核验","elementwise","[B,S,2560];[B,S,2560]","[B,S,2560]","B,S,T；其他轴见模型参数","B[1,16];S_verify[1,8];L_KV独立未知；TP=1","config=bfloat16；激活/累加类型未核验","未核验","逻辑轴顺序；物理format未核验","逻辑轴顺序；物理format未核验","未评估候选","未评估候选","未评估候选","未核验","未实测","未实测","未实测","未实测","未核验","配置确认 + 数学推导；未核验完整调用链","https://huggingface.co/openbmb/AgentCPM-Explore/resolve/f528bbb55317bd291387ba3347551dd3414e698e/config.json","未核验","未核验","未核验","未核验","https://huggingface.co/openbmb/AgentCPM-Explore/resolve/f528bbb55317bd291387ba3347551dd3414e698e/config.json","文本decode/verify；B[1,16],S[1,8]；TP=1逻辑参考；","Y=X+branch（参考，实际残差策略未核验）"
"root/layer_2","post_attention_normalization","未核验","norm","[B,S,2560]","[B,S,2560]","B,S,T；其他轴见模型参数","B[1,16];S_verify[1,8];L_KV独立未知；TP=1","config=bfloat16；激活/累加类型未核验","未核验","逻辑轴顺序；物理format未核验","逻辑轴顺序；物理format未核验","未评估候选","未评估候选","未评估候选","未核验","未实测","未实测","未实测","未实测","未核验","配置确认 + 数学推导；未核验完整调用链","https://huggingface.co/openbmb/AgentCPM-Explore/resolve/f528bbb55317bd291387ba3347551dd3414e698e/config.json","未核验","未核验","未核验","未核验","https://huggingface.co/openbmb/AgentCPM-Explore/resolve/f528bbb55317bd291387ba3347551dd3414e698e/config.json","文本decode/verify；B[1,16],S[1,8]；TP=1逻辑参考；","类型与位置待源码核验"
"root/layer_2","FFN_up","未核验","GEMM","[B,S,2560]","[B,S,9728]","B,S,T；其他轴见模型参数","B[1,16];S_verify[1,8];L_KV独立未知；TP=1","config=bfloat16；激活/累加类型未核验","未核验","逻辑轴顺序；物理format未核验","逻辑轴顺序；物理format未核验","未评估候选","未评估候选","未评估候选","未核验","未实测","未实测","未实测","未实测","未核验","配置确认 + 数学推导；未核验完整调用链","https://huggingface.co/openbmb/AgentCPM-Explore/resolve/f528bbb55317bd291387ba3347551dd3414e698e/config.json","logical [9728,2560]","未核验","未核验","未核验","https://huggingface.co/openbmb/AgentCPM-Explore/resolve/f528bbb55317bd291387ba3347551dd3414e698e/config.json","文本decode/verify；B[1,16],S[1,8]；TP=1逻辑参考；","Y=X@W^T"
"root/layer_2","FFN_activation_and_optional_gate","未核验","activation","[B,S,9728]","[B,S,9728]","B,S,T；其他轴见模型参数","B[1,16];S_verify[1,8];L_KV独立未知；TP=1","config=bfloat16；激活/累加类型未核验","未核验","逻辑轴顺序；物理format未核验","逻辑轴顺序；物理format未核验","未评估候选","未评估候选","未评估候选","未核验","未实测","未实测","未实测","未实测","未核验","配置确认 + 数学推导；未核验完整调用链","https://huggingface.co/openbmb/AgentCPM-Explore/resolve/f528bbb55317bd291387ba3347551dd3414e698e/config.json","未核验","未核验","未核验","未核验","https://huggingface.co/openbmb/AgentCPM-Explore/resolve/f528bbb55317bd291387ba3347551dd3414e698e/config.json","文本decode/verify；B[1,16],S[1,8]；TP=1逻辑参考；是否额外gate矩阵与门控分支维度需要实现；不能仅由silu推定完整SwiGLU","config.hidden_act=silu"
"root/layer_2","FFN_down","未核验","GEMM","[B,S,9728]","[B,S,2560]","B,S,T；其他轴见模型参数","B[1,16];S_verify[1,8];L_KV独立未知；TP=1","config=bfloat16；激活/累加类型未核验","未核验","逻辑轴顺序；物理format未核验","逻辑轴顺序；物理format未核验","未评估候选","未评估候选","未评估候选","未核验","未实测","未实测","未实测","未实测","未核验","配置确认 + 数学推导；未核验完整调用链","https://huggingface.co/openbmb/AgentCPM-Explore/resolve/f528bbb55317bd291387ba3347551dd3414e698e/config.json","logical [2560,9728]","未核验","未核验","未核验","https://huggingface.co/openbmb/AgentCPM-Explore/resolve/f528bbb55317bd291387ba3347551dd3414e698e/config.json","文本decode/verify；B[1,16],S[1,8]；TP=1逻辑参考；","Y=X@W^T"
"root/layer_2","FFN_residual","未核验","elementwise","[B,S,2560];[B,S,2560]","[B,S,2560]","B,S,T；其他轴见模型参数","B[1,16];S_verify[1,8];L_KV独立未知；TP=1","config=bfloat16；激活/累加类型未核验","未核验","逻辑轴顺序；物理format未核验","逻辑轴顺序；物理format未核验","未评估候选","未评估候选","未评估候选","未核验","未实测","未实测","未实测","未实测","未核验","配置确认 + 数学推导；未核验完整调用链","https://huggingface.co/openbmb/AgentCPM-Explore/resolve/f528bbb55317bd291387ba3347551dd3414e698e/config.json","未核验","未核验","未核验","未核验","https://huggingface.co/openbmb/AgentCPM-Explore/resolve/f528bbb55317bd291387ba3347551dd3414e698e/config.json","文本decode/verify；B[1,16],S[1,8]；TP=1逻辑参考；","Y=X+branch（参考，实际残差策略未核验）"
"root/layer_3","input_normalization","未核验","norm","[B,S,2560]","[B,S,2560]","B,S,T；其他轴见模型参数","B[1,16];S_verify[1,8];L_KV独立未知；TP=1","config=bfloat16；激活/累加类型未核验","未核验","逻辑轴顺序；物理format未核验","逻辑轴顺序；物理format未核验","未评估候选","未评估候选","未评估候选","未核验","未实测","未实测","未实测","未实测","未核验","配置确认 + 数学推导；未核验完整调用链","https://huggingface.co/openbmb/AgentCPM-Explore/resolve/f528bbb55317bd291387ba3347551dd3414e698e/config.json","未核验","未核验","未核验","未核验","https://huggingface.co/openbmb/AgentCPM-Explore/resolve/f528bbb55317bd291387ba3347551dd3414e698e/config.json","文本decode/verify；B[1,16],S[1,8]；TP=1逻辑参考；","归一化类型/先后顺序待实现核验"
"root/layer_3","q_projection","未核验","GEMM","[B,S,2560]","[B,S,4096]","B,S,T；其他轴见模型参数","B[1,16];S_verify[1,8];L_KV独立未知；TP=1","config=bfloat16；激活/累加类型未核验","未核验","逻辑轴顺序；物理format未核验","逻辑轴顺序；物理format未核验","未评估候选","未评估候选","未评估候选","未核验","未实测","未实测","未实测","未实测","未核验","配置确认 + 数学推导；未核验完整调用链","https://huggingface.co/openbmb/AgentCPM-Explore/resolve/f528bbb55317bd291387ba3347551dd3414e698e/config.json","logical [4096,2560]","未核验","未核验","未核验","https://huggingface.co/openbmb/AgentCPM-Explore/resolve/f528bbb55317bd291387ba3347551dd3414e698e/config.json","文本decode/verify；B[1,16],S[1,8]；TP=1逻辑参考；独立逻辑矩阵，不断言实际融合与存储","Y=X@W^T; width=heads*head_dim"
"root/layer_3","k_projection","未核验","GEMM","[B,S,2560]","[B,S,1024]","B,S,T；其他轴见模型参数","B[1,16];S_verify[1,8];L_KV独立未知；TP=1","config=bfloat16；激活/累加类型未核验","未核验","逻辑轴顺序；物理format未核验","逻辑轴顺序；物理format未核验","未评估候选","未评估候选","未评估候选","未核验","未实测","未实测","未实测","未实测","未核验","配置确认 + 数学推导；未核验完整调用链","https://huggingface.co/openbmb/AgentCPM-Explore/resolve/f528bbb55317bd291387ba3347551dd3414e698e/config.json","logical [1024,2560]","未核验","未核验","未核验","https://huggingface.co/openbmb/AgentCPM-Explore/resolve/f528bbb55317bd291387ba3347551dd3414e698e/config.json","文本decode/verify；B[1,16],S[1,8]；TP=1逻辑参考；独立逻辑矩阵，不断言实际融合与存储","Y=X@W^T; width=heads*head_dim"
"root/layer_3","v_projection","未核验","GEMM","[B,S,2560]","[B,S,1024]","B,S,T；其他轴见模型参数","B[1,16];S_verify[1,8];L_KV独立未知；TP=1","config=bfloat16；激活/累加类型未核验","未核验","逻辑轴顺序；物理format未核验","逻辑轴顺序；物理format未核验","未评估候选","未评估候选","未评估候选","未核验","未实测","未实测","未实测","未实测","未核验","配置确认 + 数学推导；未核验完整调用链","https://huggingface.co/openbmb/AgentCPM-Explore/resolve/f528bbb55317bd291387ba3347551dd3414e698e/config.json","logical [1024,2560]","未核验","未核验","未核验","https://huggingface.co/openbmb/AgentCPM-Explore/resolve/f528bbb55317bd291387ba3347551dd3414e698e/config.json","文本decode/verify；B[1,16],S[1,8]；TP=1逻辑参考；独立逻辑矩阵，不断言实际融合与存储","Y=X@W^T; width=heads*head_dim"
"root/layer_3","position_and_cache","未核验","位置/缓存","Q,K,V projected; B,S","Q:[B,32,S,128]; K,V:[B,8,L_KV,128]","B,S,T；其他轴见模型参数","B[1,16];S_verify[1,8];L_KV独立未知；TP=1","config=bfloat16；激活/累加类型未核验","未核验","逻辑轴顺序；物理format未核验","逻辑轴顺序；物理format未核验","未评估候选","未评估候选","未评估候选","未核验","未实测","未实测","未实测","未实测","未核验","配置确认 + 数学推导；未核验完整调用链","https://huggingface.co/openbmb/AgentCPM-Explore/resolve/f528bbb55317bd291387ba3347551dd3414e698e/config.json","未核验","未核验","未核验","未核验","https://huggingface.co/openbmb/AgentCPM-Explore/resolve/f528bbb55317bd291387ba3347551dd3414e698e/config.json","文本decode/verify；B[1,16],S[1,8]；TP=1逻辑参考；","文本decode/verify；B[1,16],S[1,8]；TP=1逻辑参考；位置编码与物理layout需实现核验"
"root/layer_3","attention","未核验","attention","Q:[B,32,S,128];K,V:[B,8,L_KV,128]","[B,32,S,128]","B,S,T；其他轴见模型参数","B[1,16];S_verify[1,8];L_KV独立未知；TP=1","config=bfloat16；激活/累加类型未核验","未核验","逻辑轴顺序；物理format未核验","逻辑轴顺序；物理format未核验","未评估候选","未评估候选","未评估候选","未核验","未实测","未实测","未实测","未实测","未核验","配置确认 + 数学推导；未核验完整调用链","https://huggingface.co/openbmb/AgentCPM-Explore/resolve/f528bbb55317bd291387ba3347551dd3414e698e/config.json","未核验","未核验","未核验","未核验","https://huggingface.co/openbmb/AgentCPM-Explore/resolve/f528bbb55317bd291387ba3347551dd3414e698e/config.json","文本decode/verify；B[1,16],S[1,8]；TP=1逻辑参考；稀疏选块/线性分支需按实现，不能据此声称稠密执行或峰值中间内存","softmax(QK^T / sqrt(head_dim) + mask)V（数学参考）"
"root/layer_3","output_projection","未核验","GEMM","[B,S,4096]","[B,S,2560]","B,S,T；其他轴见模型参数","B[1,16];S_verify[1,8];L_KV独立未知；TP=1","config=bfloat16；激活/累加类型未核验","未核验","逻辑轴顺序；物理format未核验","逻辑轴顺序；物理format未核验","未评估候选","未评估候选","未评估候选","未核验","未实测","未实测","未实测","未实测","未核验","配置确认 + 数学推导；未核验完整调用链","https://huggingface.co/openbmb/AgentCPM-Explore/resolve/f528bbb55317bd291387ba3347551dd3414e698e/config.json","logical [2560,4096]","未核验","未核验","未核验","https://huggingface.co/openbmb/AgentCPM-Explore/resolve/f528bbb55317bd291387ba3347551dd3414e698e/config.json","文本decode/verify；B[1,16],S[1,8]；TP=1逻辑参考；","Y=X@W^T"
"root/layer_3","attention_residual","未核验","elementwise","[B,S,2560];[B,S,2560]","[B,S,2560]","B,S,T；其他轴见模型参数","B[1,16];S_verify[1,8];L_KV独立未知；TP=1","config=bfloat16；激活/累加类型未核验","未核验","逻辑轴顺序；物理format未核验","逻辑轴顺序；物理format未核验","未评估候选","未评估候选","未评估候选","未核验","未实测","未实测","未实测","未实测","未核验","配置确认 + 数学推导；未核验完整调用链","https://huggingface.co/openbmb/AgentCPM-Explore/resolve/f528bbb55317bd291387ba3347551dd3414e698e/config.json","未核验","未核验","未核验","未核验","https://huggingface.co/openbmb/AgentCPM-Explore/resolve/f528bbb55317bd291387ba3347551dd3414e698e/config.json","文本decode/verify；B[1,16],S[1,8]；TP=1逻辑参考；","Y=X+branch（参考，实际残差策略未核验）"
"root/layer_3","post_attention_normalization","未核验","norm","[B,S,2560]","[B,S,2560]","B,S,T；其他轴见模型参数","B[1,16];S_verify[1,8];L_KV独立未知；TP=1","config=bfloat16；激活/累加类型未核验","未核验","逻辑轴顺序；物理format未核验","逻辑轴顺序；物理format未核验","未评估候选","未评估候选","未评估候选","未核验","未实测","未实测","未实测","未实测","未核验","配置确认 + 数学推导；未核验完整调用链","https://huggingface.co/openbmb/AgentCPM-Explore/resolve/f528bbb55317bd291387ba3347551dd3414e698e/config.json","未核验","未核验","未核验","未核验","https://huggingface.co/openbmb/AgentCPM-Explore/resolve/f528bbb55317bd291387ba3347551dd3414e698e/config.json","文本decode/verify；B[1,16],S[1,8]；TP=1逻辑参考；","类型与位置待源码核验"
"root/layer_3","FFN_up","未核验","GEMM","[B,S,2560]","[B,S,9728]","B,S,T；其他轴见模型参数","B[1,16];S_verify[1,8];L_KV独立未知；TP=1","config=bfloat16；激活/累加类型未核验","未核验","逻辑轴顺序；物理format未核验","逻辑轴顺序；物理format未核验","未评估候选","未评估候选","未评估候选","未核验","未实测","未实测","未实测","未实测","未核验","配置确认 + 数学推导；未核验完整调用链","https://huggingface.co/openbmb/AgentCPM-Explore/resolve/f528bbb55317bd291387ba3347551dd3414e698e/config.json","logical [9728,2560]","未核验","未核验","未核验","https://huggingface.co/openbmb/AgentCPM-Explore/resolve/f528bbb55317bd291387ba3347551dd3414e698e/config.json","文本decode/verify；B[1,16],S[1,8]；TP=1逻辑参考；","Y=X@W^T"
"root/layer_3","FFN_activation_and_optional_gate","未核验","activation","[B,S,9728]","[B,S,9728]","B,S,T；其他轴见模型参数","B[1,16];S_verify[1,8];L_KV独立未知；TP=1","config=bfloat16；激活/累加类型未核验","未核验","逻辑轴顺序；物理format未核验","逻辑轴顺序；物理format未核验","未评估候选","未评估候选","未评估候选","未核验","未实测","未实测","未实测","未实测","未核验","配置确认 + 数学推导；未核验完整调用链","https://huggingface.co/openbmb/AgentCPM-Explore/resolve/f528bbb55317bd291387ba3347551dd3414e698e/config.json","未核验","未核验","未核验","未核验","https://huggingface.co/openbmb/AgentCPM-Explore/resolve/f528bbb55317bd291387ba3347551dd3414e698e/config.json","文本decode/verify；B[1,16],S[1,8]；TP=1逻辑参考；是否额外gate矩阵与门控分支维度需要实现；不能仅由silu推定完整SwiGLU","config.hidden_act=silu"
"root/layer_3","FFN_down","未核验","GEMM","[B,S,9728]","[B,S,2560]","B,S,T；其他轴见模型参数","B[1,16];S_verify[1,8];L_KV独立未知；TP=1","config=bfloat16；激活/累加类型未核验","未核验","逻辑轴顺序；物理format未核验","逻辑轴顺序；物理format未核验","未评估候选","未评估候选","未评估候选","未核验","未实测","未实测","未实测","未实测","未核验","配置确认 + 数学推导；未核验完整调用链","https://huggingface.co/openbmb/AgentCPM-Explore/resolve/f528bbb55317bd291387ba3347551dd3414e698e/config.json","logical [2560,9728]","未核验","未核验","未核验","https://huggingface.co/openbmb/AgentCPM-Explore/resolve/f528bbb55317bd291387ba3347551dd3414e698e/config.json","文本decode/verify；B[1,16],S[1,8]；TP=1逻辑参考；","Y=X@W^T"
"root/layer_3","FFN_residual","未核验","elementwise","[B,S,2560];[B,S,2560]","[B,S,2560]","B,S,T；其他轴见模型参数","B[1,16];S_verify[1,8];L_KV独立未知；TP=1","config=bfloat16；激活/累加类型未核验","未核验","逻辑轴顺序；物理format未核验","逻辑轴顺序；物理format未核验","未评估候选","未评估候选","未评估候选","未核验","未实测","未实测","未实测","未实测","未核验","配置确认 + 数学推导；未核验完整调用链","https://huggingface.co/openbmb/AgentCPM-Explore/resolve/f528bbb55317bd291387ba3347551dd3414e698e/config.json","未核验","未核验","未核验","未核验","https://huggingface.co/openbmb/AgentCPM-Explore/resolve/f528bbb55317bd291387ba3347551dd3414e698e/config.json","文本decode/verify；B[1,16],S[1,8]；TP=1逻辑参考；","Y=X+branch（参考，实际残差策略未核验）"
"root/layer_4","input_normalization","未核验","norm","[B,S,2560]","[B,S,2560]","B,S,T；其他轴见模型参数","B[1,16];S_verify[1,8];L_KV独立未知；TP=1","config=bfloat16；激活/累加类型未核验","未核验","逻辑轴顺序；物理format未核验","逻辑轴顺序；物理format未核验","未评估候选","未评估候选","未评估候选","未核验","未实测","未实测","未实测","未实测","未核验","配置确认 + 数学推导；未核验完整调用链","https://huggingface.co/openbmb/AgentCPM-Explore/resolve/f528bbb55317bd291387ba3347551dd3414e698e/config.json","未核验","未核验","未核验","未核验","https://huggingface.co/openbmb/AgentCPM-Explore/resolve/f528bbb55317bd291387ba3347551dd3414e698e/config.json","文本decode/verify；B[1,16],S[1,8]；TP=1逻辑参考；","归一化类型/先后顺序待实现核验"
"root/layer_4","q_projection","未核验","GEMM","[B,S,2560]","[B,S,4096]","B,S,T；其他轴见模型参数","B[1,16];S_verify[1,8];L_KV独立未知；TP=1","config=bfloat16；激活/累加类型未核验","未核验","逻辑轴顺序；物理format未核验","逻辑轴顺序；物理format未核验","未评估候选","未评估候选","未评估候选","未核验","未实测","未实测","未实测","未实测","未核验","配置确认 + 数学推导；未核验完整调用链","https://huggingface.co/openbmb/AgentCPM-Explore/resolve/f528bbb55317bd291387ba3347551dd3414e698e/config.json","logical [4096,2560]","未核验","未核验","未核验","https://huggingface.co/openbmb/AgentCPM-Explore/resolve/f528bbb55317bd291387ba3347551dd3414e698e/config.json","文本decode/verify；B[1,16],S[1,8]；TP=1逻辑参考；独立逻辑矩阵，不断言实际融合与存储","Y=X@W^T; width=heads*head_dim"
"root/layer_4","k_projection","未核验","GEMM","[B,S,2560]","[B,S,1024]","B,S,T；其他轴见模型参数","B[1,16];S_verify[1,8];L_KV独立未知；TP=1","config=bfloat16；激活/累加类型未核验","未核验","逻辑轴顺序；物理format未核验","逻辑轴顺序；物理format未核验","未评估候选","未评估候选","未评估候选","未核验","未实测","未实测","未实测","未实测","未核验","配置确认 + 数学推导；未核验完整调用链","https://huggingface.co/openbmb/AgentCPM-Explore/resolve/f528bbb55317bd291387ba3347551dd3414e698e/config.json","logical [1024,2560]","未核验","未核验","未核验","https://huggingface.co/openbmb/AgentCPM-Explore/resolve/f528bbb55317bd291387ba3347551dd3414e698e/config.json","文本decode/verify；B[1,16],S[1,8]；TP=1逻辑参考；独立逻辑矩阵，不断言实际融合与存储","Y=X@W^T; width=heads*head_dim"
"root/layer_4","v_projection","未核验","GEMM","[B,S,2560]","[B,S,1024]","B,S,T；其他轴见模型参数","B[1,16];S_verify[1,8];L_KV独立未知；TP=1","config=bfloat16；激活/累加类型未核验","未核验","逻辑轴顺序；物理format未核验","逻辑轴顺序；物理format未核验","未评估候选","未评估候选","未评估候选","未核验","未实测","未实测","未实测","未实测","未核验","配置确认 + 数学推导；未核验完整调用链","https://huggingface.co/openbmb/AgentCPM-Explore/resolve/f528bbb55317bd291387ba3347551dd3414e698e/config.json","logical [1024,2560]","未核验","未核验","未核验","https://huggingface.co/openbmb/AgentCPM-Explore/resolve/f528bbb55317bd291387ba3347551dd3414e698e/config.json","文本decode/verify；B[1,16],S[1,8]；TP=1逻辑参考；独立逻辑矩阵，不断言实际融合与存储","Y=X@W^T; width=heads*head_dim"
"root/layer_4","position_and_cache","未核验","位置/缓存","Q,K,V projected; B,S","Q:[B,32,S,128]; K,V:[B,8,L_KV,128]","B,S,T；其他轴见模型参数","B[1,16];S_verify[1,8];L_KV独立未知；TP=1","config=bfloat16；激活/累加类型未核验","未核验","逻辑轴顺序；物理format未核验","逻辑轴顺序；物理format未核验","未评估候选","未评估候选","未评估候选","未核验","未实测","未实测","未实测","未实测","未核验","配置确认 + 数学推导；未核验完整调用链","https://huggingface.co/openbmb/AgentCPM-Explore/resolve/f528bbb55317bd291387ba3347551dd3414e698e/config.json","未核验","未核验","未核验","未核验","https://huggingface.co/openbmb/AgentCPM-Explore/resolve/f528bbb55317bd291387ba3347551dd3414e698e/config.json","文本decode/verify；B[1,16],S[1,8]；TP=1逻辑参考；","文本decode/verify；B[1,16],S[1,8]；TP=1逻辑参考；位置编码与物理layout需实现核验"
"root/layer_4","attention","未核验","attention","Q:[B,32,S,128];K,V:[B,8,L_KV,128]","[B,32,S,128]","B,S,T；其他轴见模型参数","B[1,16];S_verify[1,8];L_KV独立未知；TP=1","config=bfloat16；激活/累加类型未核验","未核验","逻辑轴顺序；物理format未核验","逻辑轴顺序；物理format未核验","未评估候选","未评估候选","未评估候选","未核验","未实测","未实测","未实测","未实测","未核验","配置确认 + 数学推导；未核验完整调用链","https://huggingface.co/openbmb/AgentCPM-Explore/resolve/f528bbb55317bd291387ba3347551dd3414e698e/config.json","未核验","未核验","未核验","未核验","https://huggingface.co/openbmb/AgentCPM-Explore/resolve/f528bbb55317bd291387ba3347551dd3414e698e/config.json","文本decode/verify；B[1,16],S[1,8]；TP=1逻辑参考；稀疏选块/线性分支需按实现，不能据此声称稠密执行或峰值中间内存","softmax(QK^T / sqrt(head_dim) + mask)V（数学参考）"
"root/layer_4","output_projection","未核验","GEMM","[B,S,4096]","[B,S,2560]","B,S,T；其他轴见模型参数","B[1,16];S_verify[1,8];L_KV独立未知；TP=1","config=bfloat16；激活/累加类型未核验","未核验","逻辑轴顺序；物理format未核验","逻辑轴顺序；物理format未核验","未评估候选","未评估候选","未评估候选","未核验","未实测","未实测","未实测","未实测","未核验","配置确认 + 数学推导；未核验完整调用链","https://huggingface.co/openbmb/AgentCPM-Explore/resolve/f528bbb55317bd291387ba3347551dd3414e698e/config.json","logical [2560,4096]","未核验","未核验","未核验","https://huggingface.co/openbmb/AgentCPM-Explore/resolve/f528bbb55317bd291387ba3347551dd3414e698e/config.json","文本decode/verify；B[1,16],S[1,8]；TP=1逻辑参考；","Y=X@W^T"
"root/layer_4","attention_residual","未核验","elementwise","[B,S,2560];[B,S,2560]","[B,S,2560]","B,S,T；其他轴见模型参数","B[1,16];S_verify[1,8];L_KV独立未知；TP=1","config=bfloat16；激活/累加类型未核验","未核验","逻辑轴顺序；物理format未核验","逻辑轴顺序；物理format未核验","未评估候选","未评估候选","未评估候选","未核验","未实测","未实测","未实测","未实测","未核验","配置确认 + 数学推导；未核验完整调用链","https://huggingface.co/openbmb/AgentCPM-Explore/resolve/f528bbb55317bd291387ba3347551dd3414e698e/config.json","未核验","未核验","未核验","未核验","https://huggingface.co/openbmb/AgentCPM-Explore/resolve/f528bbb55317bd291387ba3347551dd3414e698e/config.json","文本decode/verify；B[1,16],S[1,8]；TP=1逻辑参考；","Y=X+branch（参考，实际残差策略未核验）"
"root/layer_4","post_attention_normalization","未核验","norm","[B,S,2560]","[B,S,2560]","B,S,T；其他轴见模型参数","B[1,16];S_verify[1,8];L_KV独立未知；TP=1","config=bfloat16；激活/累加类型未核验","未核验","逻辑轴顺序；物理format未核验","逻辑轴顺序；物理format未核验","未评估候选","未评估候选","未评估候选","未核验","未实测","未实测","未实测","未实测","未核验","配置确认 + 数学推导；未核验完整调用链","https://huggingface.co/openbmb/AgentCPM-Explore/resolve/f528bbb55317bd291387ba3347551dd3414e698e/config.json","未核验","未核验","未核验","未核验","https://huggingface.co/openbmb/AgentCPM-Explore/resolve/f528bbb55317bd291387ba3347551dd3414e698e/config.json","文本decode/verify；B[1,16],S[1,8]；TP=1逻辑参考；","类型与位置待源码核验"
"root/layer_4","FFN_up","未核验","GEMM","[B,S,2560]","[B,S,9728]","B,S,T；其他轴见模型参数","B[1,16];S_verify[1,8];L_KV独立未知；TP=1","config=bfloat16；激活/累加类型未核验","未核验","逻辑轴顺序；物理format未核验","逻辑轴顺序；物理format未核验","未评估候选","未评估候选","未评估候选","未核验","未实测","未实测","未实测","未实测","未核验","配置确认 + 数学推导；未核验完整调用链","https://huggingface.co/openbmb/AgentCPM-Explore/resolve/f528bbb55317bd291387ba3347551dd3414e698e/config.json","logical [9728,2560]","未核验","未核验","未核验","https://huggingface.co/openbmb/AgentCPM-Explore/resolve/f528bbb55317bd291387ba3347551dd3414e698e/config.json","文本decode/verify；B[1,16],S[1,8]；TP=1逻辑参考；","Y=X@W^T"
"root/layer_4","FFN_activation_and_optional_gate","未核验","activation","[B,S,9728]","[B,S,9728]","B,S,T；其他轴见模型参数","B[1,16];S_verify[1,8];L_KV独立未知；TP=1","config=bfloat16；激活/累加类型未核验","未核验","逻辑轴顺序；物理format未核验","逻辑轴顺序；物理format未核验","未评估候选","未评估候选","未评估候选","未核验","未实测","未实测","未实测","未实测","未核验","配置确认 + 数学推导；未核验完整调用链","https://huggingface.co/openbmb/AgentCPM-Explore/resolve/f528bbb55317bd291387ba3347551dd3414e698e/config.json","未核验","未核验","未核验","未核验","https://huggingface.co/openbmb/AgentCPM-Explore/resolve/f528bbb55317bd291387ba3347551dd3414e698e/config.json","文本decode/verify；B[1,16],S[1,8]；TP=1逻辑参考；是否额外gate矩阵与门控分支维度需要实现；不能仅由silu推定完整SwiGLU","config.hidden_act=silu"
"root/layer_4","FFN_down","未核验","GEMM","[B,S,9728]","[B,S,2560]","B,S,T；其他轴见模型参数","B[1,16];S_verify[1,8];L_KV独立未知；TP=1","config=bfloat16；激活/累加类型未核验","未核验","逻辑轴顺序；物理format未核验","逻辑轴顺序；物理format未核验","未评估候选","未评估候选","未评估候选","未核验","未实测","未实测","未实测","未实测","未核验","配置确认 + 数学推导；未核验完整调用链","https://huggingface.co/openbmb/AgentCPM-Explore/resolve/f528bbb55317bd291387ba3347551dd3414e698e/config.json","logical [2560,9728]","未核验","未核验","未核验","https://huggingface.co/openbmb/AgentCPM-Explore/resolve/f528bbb55317bd291387ba3347551dd3414e698e/config.json","文本decode/verify；B[1,16],S[1,8]；TP=1逻辑参考；","Y=X@W^T"
"root/layer_4","FFN_residual","未核验","elementwise","[B,S,2560];[B,S,2560]","[B,S,2560]","B,S,T；其他轴见模型参数","B[1,16];S_verify[1,8];L_KV独立未知；TP=1","config=bfloat16；激活/累加类型未核验","未核验","逻辑轴顺序；物理format未核验","逻辑轴顺序；物理format未核验","未评估候选","未评估候选","未评估候选","未核验","未实测","未实测","未实测","未实测","未核验","配置确认 + 数学推导；未核验完整调用链","https://huggingface.co/openbmb/AgentCPM-Explore/resolve/f528bbb55317bd291387ba3347551dd3414e698e/config.json","未核验","未核验","未核验","未核验","https://huggingface.co/openbmb/AgentCPM-Explore/resolve/f528bbb55317bd291387ba3347551dd3414e698e/config.json","文本decode/verify；B[1,16],S[1,8]；TP=1逻辑参考；","Y=X+branch（参考，实际残差策略未核验）"
"root/layer_5","input_normalization","未核验","norm","[B,S,2560]","[B,S,2560]","B,S,T；其他轴见模型参数","B[1,16];S_verify[1,8];L_KV独立未知；TP=1","config=bfloat16；激活/累加类型未核验","未核验","逻辑轴顺序；物理format未核验","逻辑轴顺序；物理format未核验","未评估候选","未评估候选","未评估候选","未核验","未实测","未实测","未实测","未实测","未核验","配置确认 + 数学推导；未核验完整调用链","https://huggingface.co/openbmb/AgentCPM-Explore/resolve/f528bbb55317bd291387ba3347551dd3414e698e/config.json","未核验","未核验","未核验","未核验","https://huggingface.co/openbmb/AgentCPM-Explore/resolve/f528bbb55317bd291387ba3347551dd3414e698e/config.json","文本decode/verify；B[1,16],S[1,8]；TP=1逻辑参考；","归一化类型/先后顺序待实现核验"
"root/layer_5","q_projection","未核验","GEMM","[B,S,2560]","[B,S,4096]","B,S,T；其他轴见模型参数","B[1,16];S_verify[1,8];L_KV独立未知；TP=1","config=bfloat16；激活/累加类型未核验","未核验","逻辑轴顺序；物理format未核验","逻辑轴顺序；物理format未核验","未评估候选","未评估候选","未评估候选","未核验","未实测","未实测","未实测","未实测","未核验","配置确认 + 数学推导；未核验完整调用链","https://huggingface.co/openbmb/AgentCPM-Explore/resolve/f528bbb55317bd291387ba3347551dd3414e698e/config.json","logical [4096,2560]","未核验","未核验","未核验","https://huggingface.co/openbmb/AgentCPM-Explore/resolve/f528bbb55317bd291387ba3347551dd3414e698e/config.json","文本decode/verify；B[1,16],S[1,8]；TP=1逻辑参考；独立逻辑矩阵，不断言实际融合与存储","Y=X@W^T; width=heads*head_dim"
"root/layer_5","k_projection","未核验","GEMM","[B,S,2560]","[B,S,1024]","B,S,T；其他轴见模型参数","B[1,16];S_verify[1,8];L_KV独立未知；TP=1","config=bfloat16；激活/累加类型未核验","未核验","逻辑轴顺序；物理format未核验","逻辑轴顺序；物理format未核验","未评估候选","未评估候选","未评估候选","未核验","未实测","未实测","未实测","未实测","未核验","配置确认 + 数学推导；未核验完整调用链","https://huggingface.co/openbmb/AgentCPM-Explore/resolve/f528bbb55317bd291387ba3347551dd3414e698e/config.json","logical [1024,2560]","未核验","未核验","未核验","https://huggingface.co/openbmb/AgentCPM-Explore/resolve/f528bbb55317bd291387ba3347551dd3414e698e/config.json","文本decode/verify；B[1,16],S[1,8]；TP=1逻辑参考；独立逻辑矩阵，不断言实际融合与存储","Y=X@W^T; width=heads*head_dim"
"root/layer_5","v_projection","未核验","GEMM","[B,S,2560]","[B,S,1024]","B,S,T；其他轴见模型参数","B[1,16];S_verify[1,8];L_KV独立未知；TP=1","config=bfloat16；激活/累加类型未核验","未核验","逻辑轴顺序；物理format未核验","逻辑轴顺序；物理format未核验","未评估候选","未评估候选","未评估候选","未核验","未实测","未实测","未实测","未实测","未核验","配置确认 + 数学推导；未核验完整调用链","https://huggingface.co/openbmb/AgentCPM-Explore/resolve/f528bbb55317bd291387ba3347551dd3414e698e/config.json","logical [1024,2560]","未核验","未核验","未核验","https://huggingface.co/openbmb/AgentCPM-Explore/resolve/f528bbb55317bd291387ba3347551dd3414e698e/config.json","文本decode/verify；B[1,16],S[1,8]；TP=1逻辑参考；独立逻辑矩阵，不断言实际融合与存储","Y=X@W^T; width=heads*head_dim"
"root/layer_5","position_and_cache","未核验","位置/缓存","Q,K,V projected; B,S","Q:[B,32,S,128]; K,V:[B,8,L_KV,128]","B,S,T；其他轴见模型参数","B[1,16];S_verify[1,8];L_KV独立未知；TP=1","config=bfloat16；激活/累加类型未核验","未核验","逻辑轴顺序；物理format未核验","逻辑轴顺序；物理format未核验","未评估候选","未评估候选","未评估候选","未核验","未实测","未实测","未实测","未实测","未核验","配置确认 + 数学推导；未核验完整调用链","https://huggingface.co/openbmb/AgentCPM-Explore/resolve/f528bbb55317bd291387ba3347551dd3414e698e/config.json","未核验","未核验","未核验","未核验","https://huggingface.co/openbmb/AgentCPM-Explore/resolve/f528bbb55317bd291387ba3347551dd3414e698e/config.json","文本decode/verify；B[1,16],S[1,8]；TP=1逻辑参考；","文本decode/verify；B[1,16],S[1,8]；TP=1逻辑参考；位置编码与物理layout需实现核验"
"root/layer_5","attention","未核验","attention","Q:[B,32,S,128];K,V:[B,8,L_KV,128]","[B,32,S,128]","B,S,T；其他轴见模型参数","B[1,16];S_verify[1,8];L_KV独立未知；TP=1","config=bfloat16；激活/累加类型未核验","未核验","逻辑轴顺序；物理format未核验","逻辑轴顺序；物理format未核验","未评估候选","未评估候选","未评估候选","未核验","未实测","未实测","未实测","未实测","未核验","配置确认 + 数学推导；未核验完整调用链","https://huggingface.co/openbmb/AgentCPM-Explore/resolve/f528bbb55317bd291387ba3347551dd3414e698e/config.json","未核验","未核验","未核验","未核验","https://huggingface.co/openbmb/AgentCPM-Explore/resolve/f528bbb55317bd291387ba3347551dd3414e698e/config.json","文本decode/verify；B[1,16],S[1,8]；TP=1逻辑参考；稀疏选块/线性分支需按实现，不能据此声称稠密执行或峰值中间内存","softmax(QK^T / sqrt(head_dim) + mask)V（数学参考）"
"root/layer_5","output_projection","未核验","GEMM","[B,S,4096]","[B,S,2560]","B,S,T；其他轴见模型参数","B[1,16];S_verify[1,8];L_KV独立未知；TP=1","config=bfloat16；激活/累加类型未核验","未核验","逻辑轴顺序；物理format未核验","逻辑轴顺序；物理format未核验","未评估候选","未评估候选","未评估候选","未核验","未实测","未实测","未实测","未实测","未核验","配置确认 + 数学推导；未核验完整调用链","https://huggingface.co/openbmb/AgentCPM-Explore/resolve/f528bbb55317bd291387ba3347551dd3414e698e/config.json","logical [2560,4096]","未核验","未核验","未核验","https://huggingface.co/openbmb/AgentCPM-Explore/resolve/f528bbb55317bd291387ba3347551dd3414e698e/config.json","文本decode/verify；B[1,16],S[1,8]；TP=1逻辑参考；","Y=X@W^T"
"root/layer_5","attention_residual","未核验","elementwise","[B,S,2560];[B,S,2560]","[B,S,2560]","B,S,T；其他轴见模型参数","B[1,16];S_verify[1,8];L_KV独立未知；TP=1","config=bfloat16；激活/累加类型未核验","未核验","逻辑轴顺序；物理format未核验","逻辑轴顺序；物理format未核验","未评估候选","未评估候选","未评估候选","未核验","未实测","未实测","未实测","未实测","未核验","配置确认 + 数学推导；未核验完整调用链","https://huggingface.co/openbmb/AgentCPM-Explore/resolve/f528bbb55317bd291387ba3347551dd3414e698e/config.json","未核验","未核验","未核验","未核验","https://huggingface.co/openbmb/AgentCPM-Explore/resolve/f528bbb55317bd291387ba3347551dd3414e698e/config.json","文本decode/verify；B[1,16],S[1,8]；TP=1逻辑参考；","Y=X+branch（参考，实际残差策略未核验）"
"root/layer_5","post_attention_normalization","未核验","norm","[B,S,2560]","[B,S,2560]","B,S,T；其他轴见模型参数","B[1,16];S_verify[1,8];L_KV独立未知；TP=1","config=bfloat16；激活/累加类型未核验","未核验","逻辑轴顺序；物理format未核验","逻辑轴顺序；物理format未核验","未评估候选","未评估候选","未评估候选","未核验","未实测","未实测","未实测","未实测","未核验","配置确认 + 数学推导；未核验完整调用链","https://huggingface.co/openbmb/AgentCPM-Explore/resolve/f528bbb55317bd291387ba3347551dd3414e698e/config.json","未核验","未核验","未核验","未核验","https://huggingface.co/openbmb/AgentCPM-Explore/resolve/f528bbb55317bd291387ba3347551dd3414e698e/config.json","文本decode/verify；B[1,16],S[1,8]；TP=1逻辑参考；","类型与位置待源码核验"
"root/layer_5","FFN_up","未核验","GEMM","[B,S,2560]","[B,S,9728]","B,S,T；其他轴见模型参数","B[1,16];S_verify[1,8];L_KV独立未知；TP=1","config=bfloat16；激活/累加类型未核验","未核验","逻辑轴顺序；物理format未核验","逻辑轴顺序；物理format未核验","未评估候选","未评估候选","未评估候选","未核验","未实测","未实测","未实测","未实测","未核验","配置确认 + 数学推导；未核验完整调用链","https://huggingface.co/openbmb/AgentCPM-Explore/resolve/f528bbb55317bd291387ba3347551dd3414e698e/config.json","logical [9728,2560]","未核验","未核验","未核验","https://huggingface.co/openbmb/AgentCPM-Explore/resolve/f528bbb55317bd291387ba3347551dd3414e698e/config.json","文本decode/verify；B[1,16],S[1,8]；TP=1逻辑参考；","Y=X@W^T"
"root/layer_5","FFN_activation_and_optional_gate","未核验","activation","[B,S,9728]","[B,S,9728]","B,S,T；其他轴见模型参数","B[1,16];S_verify[1,8];L_KV独立未知；TP=1","config=bfloat16；激活/累加类型未核验","未核验","逻辑轴顺序；物理format未核验","逻辑轴顺序；物理format未核验","未评估候选","未评估候选","未评估候选","未核验","未实测","未实测","未实测","未实测","未核验","配置确认 + 数学推导；未核验完整调用链","https://huggingface.co/openbmb/AgentCPM-Explore/resolve/f528bbb55317bd291387ba3347551dd3414e698e/config.json","未核验","未核验","未核验","未核验","https://huggingface.co/openbmb/AgentCPM-Explore/resolve/f528bbb55317bd291387ba3347551dd3414e698e/config.json","文本decode/verify；B[1,16],S[1,8]；TP=1逻辑参考；是否额外gate矩阵与门控分支维度需要实现；不能仅由silu推定完整SwiGLU","config.hidden_act=silu"
"root/layer_5","FFN_down","未核验","GEMM","[B,S,9728]","[B,S,2560]","B,S,T；其他轴见模型参数","B[1,16];S_verify[1,8];L_KV独立未知；TP=1","config=bfloat16；激活/累加类型未核验","未核验","逻辑轴顺序；物理format未核验","逻辑轴顺序；物理format未核验","未评估候选","未评估候选","未评估候选","未核验","未实测","未实测","未实测","未实测","未核验","配置确认 + 数学推导；未核验完整调用链","https://huggingface.co/openbmb/AgentCPM-Explore/resolve/f528bbb55317bd291387ba3347551dd3414e698e/config.json","logical [2560,9728]","未核验","未核验","未核验","https://huggingface.co/openbmb/AgentCPM-Explore/resolve/f528bbb55317bd291387ba3347551dd3414e698e/config.json","文本decode/verify；B[1,16],S[1,8]；TP=1逻辑参考；","Y=X@W^T"
"root/layer_5","FFN_residual","未核验","elementwise","[B,S,2560];[B,S,2560]","[B,S,2560]","B,S,T；其他轴见模型参数","B[1,16];S_verify[1,8];L_KV独立未知；TP=1","config=bfloat16；激活/累加类型未核验","未核验","逻辑轴顺序；物理format未核验","逻辑轴顺序；物理format未核验","未评估候选","未评估候选","未评估候选","未核验","未实测","未实测","未实测","未实测","未核验","配置确认 + 数学推导；未核验完整调用链","https://huggingface.co/openbmb/AgentCPM-Explore/resolve/f528bbb55317bd291387ba3347551dd3414e698e/config.json","未核验","未核验","未核验","未核验","https://huggingface.co/openbmb/AgentCPM-Explore/resolve/f528bbb55317bd291387ba3347551dd3414e698e/config.json","文本decode/verify；B[1,16],S[1,8]；TP=1逻辑参考；","Y=X+branch（参考，实际残差策略未核验）"
"root/layer_6","input_normalization","未核验","norm","[B,S,2560]","[B,S,2560]","B,S,T；其他轴见模型参数","B[1,16];S_verify[1,8];L_KV独立未知；TP=1","config=bfloat16；激活/累加类型未核验","未核验","逻辑轴顺序；物理format未核验","逻辑轴顺序；物理format未核验","未评估候选","未评估候选","未评估候选","未核验","未实测","未实测","未实测","未实测","未核验","配置确认 + 数学推导；未核验完整调用链","https://huggingface.co/openbmb/AgentCPM-Explore/resolve/f528bbb55317bd291387ba3347551dd3414e698e/config.json","未核验","未核验","未核验","未核验","https://huggingface.co/openbmb/AgentCPM-Explore/resolve/f528bbb55317bd291387ba3347551dd3414e698e/config.json","文本decode/verify；B[1,16],S[1,8]；TP=1逻辑参考；","归一化类型/先后顺序待实现核验"
"root/layer_6","q_projection","未核验","GEMM","[B,S,2560]","[B,S,4096]","B,S,T；其他轴见模型参数","B[1,16];S_verify[1,8];L_KV独立未知；TP=1","config=bfloat16；激活/累加类型未核验","未核验","逻辑轴顺序；物理format未核验","逻辑轴顺序；物理format未核验","未评估候选","未评估候选","未评估候选","未核验","未实测","未实测","未实测","未实测","未核验","配置确认 + 数学推导；未核验完整调用链","https://huggingface.co/openbmb/AgentCPM-Explore/resolve/f528bbb55317bd291387ba3347551dd3414e698e/config.json","logical [4096,2560]","未核验","未核验","未核验","https://huggingface.co/openbmb/AgentCPM-Explore/resolve/f528bbb55317bd291387ba3347551dd3414e698e/config.json","文本decode/verify；B[1,16],S[1,8]；TP=1逻辑参考；独立逻辑矩阵，不断言实际融合与存储","Y=X@W^T; width=heads*head_dim"
"root/layer_6","k_projection","未核验","GEMM","[B,S,2560]","[B,S,1024]","B,S,T；其他轴见模型参数","B[1,16];S_verify[1,8];L_KV独立未知；TP=1","config=bfloat16；激活/累加类型未核验","未核验","逻辑轴顺序；物理format未核验","逻辑轴顺序；物理format未核验","未评估候选","未评估候选","未评估候选","未核验","未实测","未实测","未实测","未实测","未核验","配置确认 + 数学推导；未核验完整调用链","https://huggingface.co/openbmb/AgentCPM-Explore/resolve/f528bbb55317bd291387ba3347551dd3414e698e/config.json","logical [1024,2560]","未核验","未核验","未核验","https://huggingface.co/openbmb/AgentCPM-Explore/resolve/f528bbb55317bd291387ba3347551dd3414e698e/config.json","文本decode/verify；B[1,16],S[1,8]；TP=1逻辑参考；独立逻辑矩阵，不断言实际融合与存储","Y=X@W^T; width=heads*head_dim"
"root/layer_6","v_projection","未核验","GEMM","[B,S,2560]","[B,S,1024]","B,S,T；其他轴见模型参数","B[1,16];S_verify[1,8];L_KV独立未知；TP=1","config=bfloat16；激活/累加类型未核验","未核验","逻辑轴顺序；物理format未核验","逻辑轴顺序；物理format未核验","未评估候选","未评估候选","未评估候选","未核验","未实测","未实测","未实测","未实测","未核验","配置确认 + 数学推导；未核验完整调用链","https://huggingface.co/openbmb/AgentCPM-Explore/resolve/f528bbb55317bd291387ba3347551dd3414e698e/config.json","logical [1024,2560]","未核验","未核验","未核验","https://huggingface.co/openbmb/AgentCPM-Explore/resolve/f528bbb55317bd291387ba3347551dd3414e698e/config.json","文本decode/verify；B[1,16],S[1,8]；TP=1逻辑参考；独立逻辑矩阵，不断言实际融合与存储","Y=X@W^T; width=heads*head_dim"
"root/layer_6","position_and_cache","未核验","位置/缓存","Q,K,V projected; B,S","Q:[B,32,S,128]; K,V:[B,8,L_KV,128]","B,S,T；其他轴见模型参数","B[1,16];S_verify[1,8];L_KV独立未知；TP=1","config=bfloat16；激活/累加类型未核验","未核验","逻辑轴顺序；物理format未核验","逻辑轴顺序；物理format未核验","未评估候选","未评估候选","未评估候选","未核验","未实测","未实测","未实测","未实测","未核验","配置确认 + 数学推导；未核验完整调用链","https://huggingface.co/openbmb/AgentCPM-Explore/resolve/f528bbb55317bd291387ba3347551dd3414e698e/config.json","未核验","未核验","未核验","未核验","https://huggingface.co/openbmb/AgentCPM-Explore/resolve/f528bbb55317bd291387ba3347551dd3414e698e/config.json","文本decode/verify；B[1,16],S[1,8]；TP=1逻辑参考；","文本decode/verify；B[1,16],S[1,8]；TP=1逻辑参考；位置编码与物理layout需实现核验"
"root/layer_6","attention","未核验","attention","Q:[B,32,S,128];K,V:[B,8,L_KV,128]","[B,32,S,128]","B,S,T；其他轴见模型参数","B[1,16];S_verify[1,8];L_KV独立未知；TP=1","config=bfloat16；激活/累加类型未核验","未核验","逻辑轴顺序；物理format未核验","逻辑轴顺序；物理format未核验","未评估候选","未评估候选","未评估候选","未核验","未实测","未实测","未实测","未实测","未核验","配置确认 + 数学推导；未核验完整调用链","https://huggingface.co/openbmb/AgentCPM-Explore/resolve/f528bbb55317bd291387ba3347551dd3414e698e/config.json","未核验","未核验","未核验","未核验","https://huggingface.co/openbmb/AgentCPM-Explore/resolve/f528bbb55317bd291387ba3347551dd3414e698e/config.json","文本decode/verify；B[1,16],S[1,8]；TP=1逻辑参考；稀疏选块/线性分支需按实现，不能据此声称稠密执行或峰值中间内存","softmax(QK^T / sqrt(head_dim) + mask)V（数学参考）"
"root/layer_6","output_projection","未核验","GEMM","[B,S,4096]","[B,S,2560]","B,S,T；其他轴见模型参数","B[1,16];S_verify[1,8];L_KV独立未知；TP=1","config=bfloat16；激活/累加类型未核验","未核验","逻辑轴顺序；物理format未核验","逻辑轴顺序；物理format未核验","未评估候选","未评估候选","未评估候选","未核验","未实测","未实测","未实测","未实测","未核验","配置确认 + 数学推导；未核验完整调用链","https://huggingface.co/openbmb/AgentCPM-Explore/resolve/f528bbb55317bd291387ba3347551dd3414e698e/config.json","logical [2560,4096]","未核验","未核验","未核验","https://huggingface.co/openbmb/AgentCPM-Explore/resolve/f528bbb55317bd291387ba3347551dd3414e698e/config.json","文本decode/verify；B[1,16],S[1,8]；TP=1逻辑参考；","Y=X@W^T"
"root/layer_6","attention_residual","未核验","elementwise","[B,S,2560];[B,S,2560]","[B,S,2560]","B,S,T；其他轴见模型参数","B[1,16];S_verify[1,8];L_KV独立未知；TP=1","config=bfloat16；激活/累加类型未核验","未核验","逻辑轴顺序；物理format未核验","逻辑轴顺序；物理format未核验","未评估候选","未评估候选","未评估候选","未核验","未实测","未实测","未实测","未实测","未核验","配置确认 + 数学推导；未核验完整调用链","https://huggingface.co/openbmb/AgentCPM-Explore/resolve/f528bbb55317bd291387ba3347551dd3414e698e/config.json","未核验","未核验","未核验","未核验","https://huggingface.co/openbmb/AgentCPM-Explore/resolve/f528bbb55317bd291387ba3347551dd3414e698e/config.json","文本decode/verify；B[1,16],S[1,8]；TP=1逻辑参考；","Y=X+branch（参考，实际残差策略未核验）"
"root/layer_6","post_attention_normalization","未核验","norm","[B,S,2560]","[B,S,2560]","B,S,T；其他轴见模型参数","B[1,16];S_verify[1,8];L_KV独立未知；TP=1","config=bfloat16；激活/累加类型未核验","未核验","逻辑轴顺序；物理format未核验","逻辑轴顺序；物理format未核验","未评估候选","未评估候选","未评估候选","未核验","未实测","未实测","未实测","未实测","未核验","配置确认 + 数学推导；未核验完整调用链","https://huggingface.co/openbmb/AgentCPM-Explore/resolve/f528bbb55317bd291387ba3347551dd3414e698e/config.json","未核验","未核验","未核验","未核验","https://huggingface.co/openbmb/AgentCPM-Explore/resolve/f528bbb55317bd291387ba3347551dd3414e698e/config.json","文本decode/verify；B[1,16],S[1,8]；TP=1逻辑参考；","类型与位置待源码核验"
"root/layer_6","FFN_up","未核验","GEMM","[B,S,2560]","[B,S,9728]","B,S,T；其他轴见模型参数","B[1,16];S_verify[1,8];L_KV独立未知；TP=1","config=bfloat16；激活/累加类型未核验","未核验","逻辑轴顺序；物理format未核验","逻辑轴顺序；物理format未核验","未评估候选","未评估候选","未评估候选","未核验","未实测","未实测","未实测","未实测","未核验","配置确认 + 数学推导；未核验完整调用链","https://huggingface.co/openbmb/AgentCPM-Explore/resolve/f528bbb55317bd291387ba3347551dd3414e698e/config.json","logical [9728,2560]","未核验","未核验","未核验","https://huggingface.co/openbmb/AgentCPM-Explore/resolve/f528bbb55317bd291387ba3347551dd3414e698e/config.json","文本decode/verify；B[1,16],S[1,8]；TP=1逻辑参考；","Y=X@W^T"
"root/layer_6","FFN_activation_and_optional_gate","未核验","activation","[B,S,9728]","[B,S,9728]","B,S,T；其他轴见模型参数","B[1,16];S_verify[1,8];L_KV独立未知；TP=1","config=bfloat16；激活/累加类型未核验","未核验","逻辑轴顺序；物理format未核验","逻辑轴顺序；物理format未核验","未评估候选","未评估候选","未评估候选","未核验","未实测","未实测","未实测","未实测","未核验","配置确认 + 数学推导；未核验完整调用链","https://huggingface.co/openbmb/AgentCPM-Explore/resolve/f528bbb55317bd291387ba3347551dd3414e698e/config.json","未核验","未核验","未核验","未核验","https://huggingface.co/openbmb/AgentCPM-Explore/resolve/f528bbb55317bd291387ba3347551dd3414e698e/config.json","文本decode/verify；B[1,16],S[1,8]；TP=1逻辑参考；是否额外gate矩阵与门控分支维度需要实现；不能仅由silu推定完整SwiGLU","config.hidden_act=silu"
"root/layer_6","FFN_down","未核验","GEMM","[B,S,9728]","[B,S,2560]","B,S,T；其他轴见模型参数","B[1,16];S_verify[1,8];L_KV独立未知；TP=1","config=bfloat16；激活/累加类型未核验","未核验","逻辑轴顺序；物理format未核验","逻辑轴顺序；物理format未核验","未评估候选","未评估候选","未评估候选","未核验","未实测","未实测","未实测","未实测","未核验","配置确认 + 数学推导；未核验完整调用链","https://huggingface.co/openbmb/AgentCPM-Explore/resolve/f528bbb55317bd291387ba3347551dd3414e698e/config.json","logical [2560,9728]","未核验","未核验","未核验","https://huggingface.co/openbmb/AgentCPM-Explore/resolve/f528bbb55317bd291387ba3347551dd3414e698e/config.json","文本decode/verify；B[1,16],S[1,8]；TP=1逻辑参考；","Y=X@W^T"
"root/layer_6","FFN_residual","未核验","elementwise","[B,S,2560];[B,S,2560]","[B,S,2560]","B,S,T；其他轴见模型参数","B[1,16];S_verify[1,8];L_KV独立未知；TP=1","config=bfloat16；激活/累加类型未核验","未核验","逻辑轴顺序；物理format未核验","逻辑轴顺序；物理format未核验","未评估候选","未评估候选","未评估候选","未核验","未实测","未实测","未实测","未实测","未核验","配置确认 + 数学推导；未核验完整调用链","https://huggingface.co/openbmb/AgentCPM-Explore/resolve/f528bbb55317bd291387ba3347551dd3414e698e/config.json","未核验","未核验","未核验","未核验","https://huggingface.co/openbmb/AgentCPM-Explore/resolve/f528bbb55317bd291387ba3347551dd3414e698e/config.json","文本decode/verify；B[1,16],S[1,8]；TP=1逻辑参考；","Y=X+branch（参考，实际残差策略未核验）"
"root/layer_7","input_normalization","未核验","norm","[B,S,2560]","[B,S,2560]","B,S,T；其他轴见模型参数","B[1,16];S_verify[1,8];L_KV独立未知；TP=1","config=bfloat16；激活/累加类型未核验","未核验","逻辑轴顺序；物理format未核验","逻辑轴顺序；物理format未核验","未评估候选","未评估候选","未评估候选","未核验","未实测","未实测","未实测","未实测","未核验","配置确认 + 数学推导；未核验完整调用链","https://huggingface.co/openbmb/AgentCPM-Explore/resolve/f528bbb55317bd291387ba3347551dd3414e698e/config.json","未核验","未核验","未核验","未核验","https://huggingface.co/openbmb/AgentCPM-Explore/resolve/f528bbb55317bd291387ba3347551dd3414e698e/config.json","文本decode/verify；B[1,16],S[1,8]；TP=1逻辑参考；","归一化类型/先后顺序待实现核验"
"root/layer_7","q_projection","未核验","GEMM","[B,S,2560]","[B,S,4096]","B,S,T；其他轴见模型参数","B[1,16];S_verify[1,8];L_KV独立未知；TP=1","config=bfloat16；激活/累加类型未核验","未核验","逻辑轴顺序；物理format未核验","逻辑轴顺序；物理format未核验","未评估候选","未评估候选","未评估候选","未核验","未实测","未实测","未实测","未实测","未核验","配置确认 + 数学推导；未核验完整调用链","https://huggingface.co/openbmb/AgentCPM-Explore/resolve/f528bbb55317bd291387ba3347551dd3414e698e/config.json","logical [4096,2560]","未核验","未核验","未核验","https://huggingface.co/openbmb/AgentCPM-Explore/resolve/f528bbb55317bd291387ba3347551dd3414e698e/config.json","文本decode/verify；B[1,16],S[1,8]；TP=1逻辑参考；独立逻辑矩阵，不断言实际融合与存储","Y=X@W^T; width=heads*head_dim"
"root/layer_7","k_projection","未核验","GEMM","[B,S,2560]","[B,S,1024]","B,S,T；其他轴见模型参数","B[1,16];S_verify[1,8];L_KV独立未知；TP=1","config=bfloat16；激活/累加类型未核验","未核验","逻辑轴顺序；物理format未核验","逻辑轴顺序；物理format未核验","未评估候选","未评估候选","未评估候选","未核验","未实测","未实测","未实测","未实测","未核验","配置确认 + 数学推导；未核验完整调用链","https://huggingface.co/openbmb/AgentCPM-Explore/resolve/f528bbb55317bd291387ba3347551dd3414e698e/config.json","logical [1024,2560]","未核验","未核验","未核验","https://huggingface.co/openbmb/AgentCPM-Explore/resolve/f528bbb55317bd291387ba3347551dd3414e698e/config.json","文本decode/verify；B[1,16],S[1,8]；TP=1逻辑参考；独立逻辑矩阵，不断言实际融合与存储","Y=X@W^T; width=heads*head_dim"
"root/layer_7","v_projection","未核验","GEMM","[B,S,2560]","[B,S,1024]","B,S,T；其他轴见模型参数","B[1,16];S_verify[1,8];L_KV独立未知；TP=1","config=bfloat16；激活/累加类型未核验","未核验","逻辑轴顺序；物理format未核验","逻辑轴顺序；物理format未核验","未评估候选","未评估候选","未评估候选","未核验","未实测","未实测","未实测","未实测","未核验","配置确认 + 数学推导；未核验完整调用链","https://huggingface.co/openbmb/AgentCPM-Explore/resolve/f528bbb55317bd291387ba3347551dd3414e698e/config.json","logical [1024,2560]","未核验","未核验","未核验","https://huggingface.co/openbmb/AgentCPM-Explore/resolve/f528bbb55317bd291387ba3347551dd3414e698e/config.json","文本decode/verify；B[1,16],S[1,8]；TP=1逻辑参考；独立逻辑矩阵，不断言实际融合与存储","Y=X@W^T; width=heads*head_dim"
"root/layer_7","position_and_cache","未核验","位置/缓存","Q,K,V projected; B,S","Q:[B,32,S,128]; K,V:[B,8,L_KV,128]","B,S,T；其他轴见模型参数","B[1,16];S_verify[1,8];L_KV独立未知；TP=1","config=bfloat16；激活/累加类型未核验","未核验","逻辑轴顺序；物理format未核验","逻辑轴顺序；物理format未核验","未评估候选","未评估候选","未评估候选","未核验","未实测","未实测","未实测","未实测","未核验","配置确认 + 数学推导；未核验完整调用链","https://huggingface.co/openbmb/AgentCPM-Explore/resolve/f528bbb55317bd291387ba3347551dd3414e698e/config.json","未核验","未核验","未核验","未核验","https://huggingface.co/openbmb/AgentCPM-Explore/resolve/f528bbb55317bd291387ba3347551dd3414e698e/config.json","文本decode/verify；B[1,16],S[1,8]；TP=1逻辑参考；","文本decode/verify；B[1,16],S[1,8]；TP=1逻辑参考；位置编码与物理layout需实现核验"
"root/layer_7","attention","未核验","attention","Q:[B,32,S,128];K,V:[B,8,L_KV,128]","[B,32,S,128]","B,S,T；其他轴见模型参数","B[1,16];S_verify[1,8];L_KV独立未知；TP=1","config=bfloat16；激活/累加类型未核验","未核验","逻辑轴顺序；物理format未核验","逻辑轴顺序；物理format未核验","未评估候选","未评估候选","未评估候选","未核验","未实测","未实测","未实测","未实测","未核验","配置确认 + 数学推导；未核验完整调用链","https://huggingface.co/openbmb/AgentCPM-Explore/resolve/f528bbb55317bd291387ba3347551dd3414e698e/config.json","未核验","未核验","未核验","未核验","https://huggingface.co/openbmb/AgentCPM-Explore/resolve/f528bbb55317bd291387ba3347551dd3414e698e/config.json","文本decode/verify；B[1,16],S[1,8]；TP=1逻辑参考；稀疏选块/线性分支需按实现，不能据此声称稠密执行或峰值中间内存","softmax(QK^T / sqrt(head_dim) + mask)V（数学参考）"
"root/layer_7","output_projection","未核验","GEMM","[B,S,4096]","[B,S,2560]","B,S,T；其他轴见模型参数","B[1,16];S_verify[1,8];L_KV独立未知；TP=1","config=bfloat16；激活/累加类型未核验","未核验","逻辑轴顺序；物理format未核验","逻辑轴顺序；物理format未核验","未评估候选","未评估候选","未评估候选","未核验","未实测","未实测","未实测","未实测","未核验","配置确认 + 数学推导；未核验完整调用链","https://huggingface.co/openbmb/AgentCPM-Explore/resolve/f528bbb55317bd291387ba3347551dd3414e698e/config.json","logical [2560,4096]","未核验","未核验","未核验","https://huggingface.co/openbmb/AgentCPM-Explore/resolve/f528bbb55317bd291387ba3347551dd3414e698e/config.json","文本decode/verify；B[1,16],S[1,8]；TP=1逻辑参考；","Y=X@W^T"
"root/layer_7","attention_residual","未核验","elementwise","[B,S,2560];[B,S,2560]","[B,S,2560]","B,S,T；其他轴见模型参数","B[1,16];S_verify[1,8];L_KV独立未知；TP=1","config=bfloat16；激活/累加类型未核验","未核验","逻辑轴顺序；物理format未核验","逻辑轴顺序；物理format未核验","未评估候选","未评估候选","未评估候选","未核验","未实测","未实测","未实测","未实测","未核验","配置确认 + 数学推导；未核验完整调用链","https://huggingface.co/openbmb/AgentCPM-Explore/resolve/f528bbb55317bd291387ba3347551dd3414e698e/config.json","未核验","未核验","未核验","未核验","https://huggingface.co/openbmb/AgentCPM-Explore/resolve/f528bbb55317bd291387ba3347551dd3414e698e/config.json","文本decode/verify；B[1,16],S[1,8]；TP=1逻辑参考；","Y=X+branch（参考，实际残差策略未核验）"
"root/layer_7","post_attention_normalization","未核验","norm","[B,S,2560]","[B,S,2560]","B,S,T；其他轴见模型参数","B[1,16];S_verify[1,8];L_KV独立未知；TP=1","config=bfloat16；激活/累加类型未核验","未核验","逻辑轴顺序；物理format未核验","逻辑轴顺序；物理format未核验","未评估候选","未评估候选","未评估候选","未核验","未实测","未实测","未实测","未实测","未核验","配置确认 + 数学推导；未核验完整调用链","https://huggingface.co/openbmb/AgentCPM-Explore/resolve/f528bbb55317bd291387ba3347551dd3414e698e/config.json","未核验","未核验","未核验","未核验","https://huggingface.co/openbmb/AgentCPM-Explore/resolve/f528bbb55317bd291387ba3347551dd3414e698e/config.json","文本decode/verify；B[1,16],S[1,8]；TP=1逻辑参考；","类型与位置待源码核验"
"root/layer_7","FFN_up","未核验","GEMM","[B,S,2560]","[B,S,9728]","B,S,T；其他轴见模型参数","B[1,16];S_verify[1,8];L_KV独立未知；TP=1","config=bfloat16；激活/累加类型未核验","未核验","逻辑轴顺序；物理format未核验","逻辑轴顺序；物理format未核验","未评估候选","未评估候选","未评估候选","未核验","未实测","未实测","未实测","未实测","未核验","配置确认 + 数学推导；未核验完整调用链","https://huggingface.co/openbmb/AgentCPM-Explore/resolve/f528bbb55317bd291387ba3347551dd3414e698e/config.json","logical [9728,2560]","未核验","未核验","未核验","https://huggingface.co/openbmb/AgentCPM-Explore/resolve/f528bbb55317bd291387ba3347551dd3414e698e/config.json","文本decode/verify；B[1,16],S[1,8]；TP=1逻辑参考；","Y=X@W^T"
"root/layer_7","FFN_activation_and_optional_gate","未核验","activation","[B,S,9728]","[B,S,9728]","B,S,T；其他轴见模型参数","B[1,16];S_verify[1,8];L_KV独立未知；TP=1","config=bfloat16；激活/累加类型未核验","未核验","逻辑轴顺序；物理format未核验","逻辑轴顺序；物理format未核验","未评估候选","未评估候选","未评估候选","未核验","未实测","未实测","未实测","未实测","未核验","配置确认 + 数学推导；未核验完整调用链","https://huggingface.co/openbmb/AgentCPM-Explore/resolve/f528bbb55317bd291387ba3347551dd3414e698e/config.json","未核验","未核验","未核验","未核验","https://huggingface.co/openbmb/AgentCPM-Explore/resolve/f528bbb55317bd291387ba3347551dd3414e698e/config.json","文本decode/verify；B[1,16],S[1,8]；TP=1逻辑参考；是否额外gate矩阵与门控分支维度需要实现；不能仅由silu推定完整SwiGLU","config.hidden_act=silu"
"root/layer_7","FFN_down","未核验","GEMM","[B,S,9728]","[B,S,2560]","B,S,T；其他轴见模型参数","B[1,16];S_verify[1,8];L_KV独立未知；TP=1","config=bfloat16；激活/累加类型未核验","未核验","逻辑轴顺序；物理format未核验","逻辑轴顺序；物理format未核验","未评估候选","未评估候选","未评估候选","未核验","未实测","未实测","未实测","未实测","未核验","配置确认 + 数学推导；未核验完整调用链","https://huggingface.co/openbmb/AgentCPM-Explore/resolve/f528bbb55317bd291387ba3347551dd3414e698e/config.json","logical [2560,9728]","未核验","未核验","未核验","https://huggingface.co/openbmb/AgentCPM-Explore/resolve/f528bbb55317bd291387ba3347551dd3414e698e/config.json","文本decode/verify；B[1,16],S[1,8]；TP=1逻辑参考；","Y=X@W^T"
"root/layer_7","FFN_residual","未核验","elementwise","[B,S,2560];[B,S,2560]","[B,S,2560]","B,S,T；其他轴见模型参数","B[1,16];S_verify[1,8];L_KV独立未知；TP=1","config=bfloat16；激活/累加类型未核验","未核验","逻辑轴顺序；物理format未核验","逻辑轴顺序；物理format未核验","未评估候选","未评估候选","未评估候选","未核验","未实测","未实测","未实测","未实测","未核验","配置确认 + 数学推导；未核验完整调用链","https://huggingface.co/openbmb/AgentCPM-Explore/resolve/f528bbb55317bd291387ba3347551dd3414e698e/config.json","未核验","未核验","未核验","未核验","https://huggingface.co/openbmb/AgentCPM-Explore/resolve/f528bbb55317bd291387ba3347551dd3414e698e/config.json","文本decode/verify；B[1,16],S[1,8]；TP=1逻辑参考；","Y=X+branch（参考，实际残差策略未核验）"
"root/layer_8","input_normalization","未核验","norm","[B,S,2560]","[B,S,2560]","B,S,T；其他轴见模型参数","B[1,16];S_verify[1,8];L_KV独立未知；TP=1","config=bfloat16；激活/累加类型未核验","未核验","逻辑轴顺序；物理format未核验","逻辑轴顺序；物理format未核验","未评估候选","未评估候选","未评估候选","未核验","未实测","未实测","未实测","未实测","未核验","配置确认 + 数学推导；未核验完整调用链","https://huggingface.co/openbmb/AgentCPM-Explore/resolve/f528bbb55317bd291387ba3347551dd3414e698e/config.json","未核验","未核验","未核验","未核验","https://huggingface.co/openbmb/AgentCPM-Explore/resolve/f528bbb55317bd291387ba3347551dd3414e698e/config.json","文本decode/verify；B[1,16],S[1,8]；TP=1逻辑参考；","归一化类型/先后顺序待实现核验"
"root/layer_8","q_projection","未核验","GEMM","[B,S,2560]","[B,S,4096]","B,S,T；其他轴见模型参数","B[1,16];S_verify[1,8];L_KV独立未知；TP=1","config=bfloat16；激活/累加类型未核验","未核验","逻辑轴顺序；物理format未核验","逻辑轴顺序；物理format未核验","未评估候选","未评估候选","未评估候选","未核验","未实测","未实测","未实测","未实测","未核验","配置确认 + 数学推导；未核验完整调用链","https://huggingface.co/openbmb/AgentCPM-Explore/resolve/f528bbb55317bd291387ba3347551dd3414e698e/config.json","logical [4096,2560]","未核验","未核验","未核验","https://huggingface.co/openbmb/AgentCPM-Explore/resolve/f528bbb55317bd291387ba3347551dd3414e698e/config.json","文本decode/verify；B[1,16],S[1,8]；TP=1逻辑参考；独立逻辑矩阵，不断言实际融合与存储","Y=X@W^T; width=heads*head_dim"
"root/layer_8","k_projection","未核验","GEMM","[B,S,2560]","[B,S,1024]","B,S,T；其他轴见模型参数","B[1,16];S_verify[1,8];L_KV独立未知；TP=1","config=bfloat16；激活/累加类型未核验","未核验","逻辑轴顺序；物理format未核验","逻辑轴顺序；物理format未核验","未评估候选","未评估候选","未评估候选","未核验","未实测","未实测","未实测","未实测","未核验","配置确认 + 数学推导；未核验完整调用链","https://huggingface.co/openbmb/AgentCPM-Explore/resolve/f528bbb55317bd291387ba3347551dd3414e698e/config.json","logical [1024,2560]","未核验","未核验","未核验","https://huggingface.co/openbmb/AgentCPM-Explore/resolve/f528bbb55317bd291387ba3347551dd3414e698e/config.json","文本decode/verify；B[1,16],S[1,8]；TP=1逻辑参考；独立逻辑矩阵，不断言实际融合与存储","Y=X@W^T; width=heads*head_dim"
"root/layer_8","v_projection","未核验","GEMM","[B,S,2560]","[B,S,1024]","B,S,T；其他轴见模型参数","B[1,16];S_verify[1,8];L_KV独立未知；TP=1","config=bfloat16；激活/累加类型未核验","未核验","逻辑轴顺序；物理format未核验","逻辑轴顺序；物理format未核验","未评估候选","未评估候选","未评估候选","未核验","未实测","未实测","未实测","未实测","未核验","配置确认 + 数学推导；未核验完整调用链","https://huggingface.co/openbmb/AgentCPM-Explore/resolve/f528bbb55317bd291387ba3347551dd3414e698e/config.json","logical [1024,2560]","未核验","未核验","未核验","https://huggingface.co/openbmb/AgentCPM-Explore/resolve/f528bbb55317bd291387ba3347551dd3414e698e/config.json","文本decode/verify；B[1,16],S[1,8]；TP=1逻辑参考；独立逻辑矩阵，不断言实际融合与存储","Y=X@W^T; width=heads*head_dim"
"root/layer_8","position_and_cache","未核验","位置/缓存","Q,K,V projected; B,S","Q:[B,32,S,128]; K,V:[B,8,L_KV,128]","B,S,T；其他轴见模型参数","B[1,16];S_verify[1,8];L_KV独立未知；TP=1","config=bfloat16；激活/累加类型未核验","未核验","逻辑轴顺序；物理format未核验","逻辑轴顺序；物理format未核验","未评估候选","未评估候选","未评估候选","未核验","未实测","未实测","未实测","未实测","未核验","配置确认 + 数学推导；未核验完整调用链","https://huggingface.co/openbmb/AgentCPM-Explore/resolve/f528bbb55317bd291387ba3347551dd3414e698e/config.json","未核验","未核验","未核验","未核验","https://huggingface.co/openbmb/AgentCPM-Explore/resolve/f528bbb55317bd291387ba3347551dd3414e698e/config.json","文本decode/verify；B[1,16],S[1,8]；TP=1逻辑参考；","文本decode/verify；B[1,16],S[1,8]；TP=1逻辑参考；位置编码与物理layout需实现核验"
"root/layer_8","attention","未核验","attention","Q:[B,32,S,128];K,V:[B,8,L_KV,128]","[B,32,S,128]","B,S,T；其他轴见模型参数","B[1,16];S_verify[1,8];L_KV独立未知；TP=1","config=bfloat16；激活/累加类型未核验","未核验","逻辑轴顺序；物理format未核验","逻辑轴顺序；物理format未核验","未评估候选","未评估候选","未评估候选","未核验","未实测","未实测","未实测","未实测","未核验","配置确认 + 数学推导；未核验完整调用链","https://huggingface.co/openbmb/AgentCPM-Explore/resolve/f528bbb55317bd291387ba3347551dd3414e698e/config.json","未核验","未核验","未核验","未核验","https://huggingface.co/openbmb/AgentCPM-Explore/resolve/f528bbb55317bd291387ba3347551dd3414e698e/config.json","文本decode/verify；B[1,16],S[1,8]；TP=1逻辑参考；稀疏选块/线性分支需按实现，不能据此声称稠密执行或峰值中间内存","softmax(QK^T / sqrt(head_dim) + mask)V（数学参考）"
"root/layer_8","output_projection","未核验","GEMM","[B,S,4096]","[B,S,2560]","B,S,T；其他轴见模型参数","B[1,16];S_verify[1,8];L_KV独立未知；TP=1","config=bfloat16；激活/累加类型未核验","未核验","逻辑轴顺序；物理format未核验","逻辑轴顺序；物理format未核验","未评估候选","未评估候选","未评估候选","未核验","未实测","未实测","未实测","未实测","未核验","配置确认 + 数学推导；未核验完整调用链","https://huggingface.co/openbmb/AgentCPM-Explore/resolve/f528bbb55317bd291387ba3347551dd3414e698e/config.json","logical [2560,4096]","未核验","未核验","未核验","https://huggingface.co/openbmb/AgentCPM-Explore/resolve/f528bbb55317bd291387ba3347551dd3414e698e/config.json","文本decode/verify；B[1,16],S[1,8]；TP=1逻辑参考；","Y=X@W^T"
"root/layer_8","attention_residual","未核验","elementwise","[B,S,2560];[B,S,2560]","[B,S,2560]","B,S,T；其他轴见模型参数","B[1,16];S_verify[1,8];L_KV独立未知；TP=1","config=bfloat16；激活/累加类型未核验","未核验","逻辑轴顺序；物理format未核验","逻辑轴顺序；物理format未核验","未评估候选","未评估候选","未评估候选","未核验","未实测","未实测","未实测","未实测","未核验","配置确认 + 数学推导；未核验完整调用链","https://huggingface.co/openbmb/AgentCPM-Explore/resolve/f528bbb55317bd291387ba3347551dd3414e698e/config.json","未核验","未核验","未核验","未核验","https://huggingface.co/openbmb/AgentCPM-Explore/resolve/f528bbb55317bd291387ba3347551dd3414e698e/config.json","文本decode/verify；B[1,16],S[1,8]；TP=1逻辑参考；","Y=X+branch（参考，实际残差策略未核验）"
"root/layer_8","post_attention_normalization","未核验","norm","[B,S,2560]","[B,S,2560]","B,S,T；其他轴见模型参数","B[1,16];S_verify[1,8];L_KV独立未知；TP=1","config=bfloat16；激活/累加类型未核验","未核验","逻辑轴顺序；物理format未核验","逻辑轴顺序；物理format未核验","未评估候选","未评估候选","未评估候选","未核验","未实测","未实测","未实测","未实测","未核验","配置确认 + 数学推导；未核验完整调用链","https://huggingface.co/openbmb/AgentCPM-Explore/resolve/f528bbb55317bd291387ba3347551dd3414e698e/config.json","未核验","未核验","未核验","未核验","https://huggingface.co/openbmb/AgentCPM-Explore/resolve/f528bbb55317bd291387ba3347551dd3414e698e/config.json","文本decode/verify；B[1,16],S[1,8]；TP=1逻辑参考；","类型与位置待源码核验"
"root/layer_8","FFN_up","未核验","GEMM","[B,S,2560]","[B,S,9728]","B,S,T；其他轴见模型参数","B[1,16];S_verify[1,8];L_KV独立未知；TP=1","config=bfloat16；激活/累加类型未核验","未核验","逻辑轴顺序；物理format未核验","逻辑轴顺序；物理format未核验","未评估候选","未评估候选","未评估候选","未核验","未实测","未实测","未实测","未实测","未核验","配置确认 + 数学推导；未核验完整调用链","https://huggingface.co/openbmb/AgentCPM-Explore/resolve/f528bbb55317bd291387ba3347551dd3414e698e/config.json","logical [9728,2560]","未核验","未核验","未核验","https://huggingface.co/openbmb/AgentCPM-Explore/resolve/f528bbb55317bd291387ba3347551dd3414e698e/config.json","文本decode/verify；B[1,16],S[1,8]；TP=1逻辑参考；","Y=X@W^T"
"root/layer_8","FFN_activation_and_optional_gate","未核验","activation","[B,S,9728]","[B,S,9728]","B,S,T；其他轴见模型参数","B[1,16];S_verify[1,8];L_KV独立未知；TP=1","config=bfloat16；激活/累加类型未核验","未核验","逻辑轴顺序；物理format未核验","逻辑轴顺序；物理format未核验","未评估候选","未评估候选","未评估候选","未核验","未实测","未实测","未实测","未实测","未核验","配置确认 + 数学推导；未核验完整调用链","https://huggingface.co/openbmb/AgentCPM-Explore/resolve/f528bbb55317bd291387ba3347551dd3414e698e/config.json","未核验","未核验","未核验","未核验","https://huggingface.co/openbmb/AgentCPM-Explore/resolve/f528bbb55317bd291387ba3347551dd3414e698e/config.json","文本decode/verify；B[1,16],S[1,8]；TP=1逻辑参考；是否额外gate矩阵与门控分支维度需要实现；不能仅由silu推定完整SwiGLU","config.hidden_act=silu"
"root/layer_8","FFN_down","未核验","GEMM","[B,S,9728]","[B,S,2560]","B,S,T；其他轴见模型参数","B[1,16];S_verify[1,8];L_KV独立未知；TP=1","config=bfloat16；激活/累加类型未核验","未核验","逻辑轴顺序；物理format未核验","逻辑轴顺序；物理format未核验","未评估候选","未评估候选","未评估候选","未核验","未实测","未实测","未实测","未实测","未核验","配置确认 + 数学推导；未核验完整调用链","https://huggingface.co/openbmb/AgentCPM-Explore/resolve/f528bbb55317bd291387ba3347551dd3414e698e/config.json","logical [2560,9728]","未核验","未核验","未核验","https://huggingface.co/openbmb/AgentCPM-Explore/resolve/f528bbb55317bd291387ba3347551dd3414e698e/config.json","文本decode/verify；B[1,16],S[1,8]；TP=1逻辑参考；","Y=X@W^T"
"root/layer_8","FFN_residual","未核验","elementwise","[B,S,2560];[B,S,2560]","[B,S,2560]","B,S,T；其他轴见模型参数","B[1,16];S_verify[1,8];L_KV独立未知；TP=1","config=bfloat16；激活/累加类型未核验","未核验","逻辑轴顺序；物理format未核验","逻辑轴顺序；物理format未核验","未评估候选","未评估候选","未评估候选","未核验","未实测","未实测","未实测","未实测","未核验","配置确认 + 数学推导；未核验完整调用链","https://huggingface.co/openbmb/AgentCPM-Explore/resolve/f528bbb55317bd291387ba3347551dd3414e698e/config.json","未核验","未核验","未核验","未核验","https://huggingface.co/openbmb/AgentCPM-Explore/resolve/f528bbb55317bd291387ba3347551dd3414e698e/config.json","文本decode/verify；B[1,16],S[1,8]；TP=1逻辑参考；","Y=X+branch（参考，实际残差策略未核验）"
"root/layer_9","input_normalization","未核验","norm","[B,S,2560]","[B,S,2560]","B,S,T；其他轴见模型参数","B[1,16];S_verify[1,8];L_KV独立未知；TP=1","config=bfloat16；激活/累加类型未核验","未核验","逻辑轴顺序；物理format未核验","逻辑轴顺序；物理format未核验","未评估候选","未评估候选","未评估候选","未核验","未实测","未实测","未实测","未实测","未核验","配置确认 + 数学推导；未核验完整调用链","https://huggingface.co/openbmb/AgentCPM-Explore/resolve/f528bbb55317bd291387ba3347551dd3414e698e/config.json","未核验","未核验","未核验","未核验","https://huggingface.co/openbmb/AgentCPM-Explore/resolve/f528bbb55317bd291387ba3347551dd3414e698e/config.json","文本decode/verify；B[1,16],S[1,8]；TP=1逻辑参考；","归一化类型/先后顺序待实现核验"
"root/layer_9","q_projection","未核验","GEMM","[B,S,2560]","[B,S,4096]","B,S,T；其他轴见模型参数","B[1,16];S_verify[1,8];L_KV独立未知；TP=1","config=bfloat16；激活/累加类型未核验","未核验","逻辑轴顺序；物理format未核验","逻辑轴顺序；物理format未核验","未评估候选","未评估候选","未评估候选","未核验","未实测","未实测","未实测","未实测","未核验","配置确认 + 数学推导；未核验完整调用链","https://huggingface.co/openbmb/AgentCPM-Explore/resolve/f528bbb55317bd291387ba3347551dd3414e698e/config.json","logical [4096,2560]","未核验","未核验","未核验","https://huggingface.co/openbmb/AgentCPM-Explore/resolve/f528bbb55317bd291387ba3347551dd3414e698e/config.json","文本decode/verify；B[1,16],S[1,8]；TP=1逻辑参考；独立逻辑矩阵，不断言实际融合与存储","Y=X@W^T; width=heads*head_dim"
"root/layer_9","k_projection","未核验","GEMM","[B,S,2560]","[B,S,1024]","B,S,T；其他轴见模型参数","B[1,16];S_verify[1,8];L_KV独立未知；TP=1","config=bfloat16；激活/累加类型未核验","未核验","逻辑轴顺序；物理format未核验","逻辑轴顺序；物理format未核验","未评估候选","未评估候选","未评估候选","未核验","未实测","未实测","未实测","未实测","未核验","配置确认 + 数学推导；未核验完整调用链","https://huggingface.co/openbmb/AgentCPM-Explore/resolve/f528bbb55317bd291387ba3347551dd3414e698e/config.json","logical [1024,2560]","未核验","未核验","未核验","https://huggingface.co/openbmb/AgentCPM-Explore/resolve/f528bbb55317bd291387ba3347551dd3414e698e/config.json","文本decode/verify；B[1,16],S[1,8]；TP=1逻辑参考；独立逻辑矩阵，不断言实际融合与存储","Y=X@W^T; width=heads*head_dim"
"root/layer_9","v_projection","未核验","GEMM","[B,S,2560]","[B,S,1024]","B,S,T；其他轴见模型参数","B[1,16];S_verify[1,8];L_KV独立未知；TP=1","config=bfloat16；激活/累加类型未核验","未核验","逻辑轴顺序；物理format未核验","逻辑轴顺序；物理format未核验","未评估候选","未评估候选","未评估候选","未核验","未实测","未实测","未实测","未实测","未核验","配置确认 + 数学推导；未核验完整调用链","https://huggingface.co/openbmb/AgentCPM-Explore/resolve/f528bbb55317bd291387ba3347551dd3414e698e/config.json","logical [1024,2560]","未核验","未核验","未核验","https://huggingface.co/openbmb/AgentCPM-Explore/resolve/f528bbb55317bd291387ba3347551dd3414e698e/config.json","文本decode/verify；B[1,16],S[1,8]；TP=1逻辑参考；独立逻辑矩阵，不断言实际融合与存储","Y=X@W^T; width=heads*head_dim"
"root/layer_9","position_and_cache","未核验","位置/缓存","Q,K,V projected; B,S","Q:[B,32,S,128]; K,V:[B,8,L_KV,128]","B,S,T；其他轴见模型参数","B[1,16];S_verify[1,8];L_KV独立未知；TP=1","config=bfloat16；激活/累加类型未核验","未核验","逻辑轴顺序；物理format未核验","逻辑轴顺序；物理format未核验","未评估候选","未评估候选","未评估候选","未核验","未实测","未实测","未实测","未实测","未核验","配置确认 + 数学推导；未核验完整调用链","https://huggingface.co/openbmb/AgentCPM-Explore/resolve/f528bbb55317bd291387ba3347551dd3414e698e/config.json","未核验","未核验","未核验","未核验","https://huggingface.co/openbmb/AgentCPM-Explore/resolve/f528bbb55317bd291387ba3347551dd3414e698e/config.json","文本decode/verify；B[1,16],S[1,8]；TP=1逻辑参考；","文本decode/verify；B[1,16],S[1,8]；TP=1逻辑参考；位置编码与物理layout需实现核验"
"root/layer_9","attention","未核验","attention","Q:[B,32,S,128];K,V:[B,8,L_KV,128]","[B,32,S,128]","B,S,T；其他轴见模型参数","B[1,16];S_verify[1,8];L_KV独立未知；TP=1","config=bfloat16；激活/累加类型未核验","未核验","逻辑轴顺序；物理format未核验","逻辑轴顺序；物理format未核验","未评估候选","未评估候选","未评估候选","未核验","未实测","未实测","未实测","未实测","未核验","配置确认 + 数学推导；未核验完整调用链","https://huggingface.co/openbmb/AgentCPM-Explore/resolve/f528bbb55317bd291387ba3347551dd3414e698e/config.json","未核验","未核验","未核验","未核验","https://huggingface.co/openbmb/AgentCPM-Explore/resolve/f528bbb55317bd291387ba3347551dd3414e698e/config.json","文本decode/verify；B[1,16],S[1,8]；TP=1逻辑参考；稀疏选块/线性分支需按实现，不能据此声称稠密执行或峰值中间内存","softmax(QK^T / sqrt(head_dim) + mask)V（数学参考）"
"root/layer_9","output_projection","未核验","GEMM","[B,S,4096]","[B,S,2560]","B,S,T；其他轴见模型参数","B[1,16];S_verify[1,8];L_KV独立未知；TP=1","config=bfloat16；激活/累加类型未核验","未核验","逻辑轴顺序；物理format未核验","逻辑轴顺序；物理format未核验","未评估候选","未评估候选","未评估候选","未核验","未实测","未实测","未实测","未实测","未核验","配置确认 + 数学推导；未核验完整调用链","https://huggingface.co/openbmb/AgentCPM-Explore/resolve/f528bbb55317bd291387ba3347551dd3414e698e/config.json","logical [2560,4096]","未核验","未核验","未核验","https://huggingface.co/openbmb/AgentCPM-Explore/resolve/f528bbb55317bd291387ba3347551dd3414e698e/config.json","文本decode/verify；B[1,16],S[1,8]；TP=1逻辑参考；","Y=X@W^T"
"root/layer_9","attention_residual","未核验","elementwise","[B,S,2560];[B,S,2560]","[B,S,2560]","B,S,T；其他轴见模型参数","B[1,16];S_verify[1,8];L_KV独立未知；TP=1","config=bfloat16；激活/累加类型未核验","未核验","逻辑轴顺序；物理format未核验","逻辑轴顺序；物理format未核验","未评估候选","未评估候选","未评估候选","未核验","未实测","未实测","未实测","未实测","未核验","配置确认 + 数学推导；未核验完整调用链","https://huggingface.co/openbmb/AgentCPM-Explore/resolve/f528bbb55317bd291387ba3347551dd3414e698e/config.json","未核验","未核验","未核验","未核验","https://huggingface.co/openbmb/AgentCPM-Explore/resolve/f528bbb55317bd291387ba3347551dd3414e698e/config.json","文本decode/verify；B[1,16],S[1,8]；TP=1逻辑参考；","Y=X+branch（参考，实际残差策略未核验）"
"root/layer_9","post_attention_normalization","未核验","norm","[B,S,2560]","[B,S,2560]","B,S,T；其他轴见模型参数","B[1,16];S_verify[1,8];L_KV独立未知；TP=1","config=bfloat16；激活/累加类型未核验","未核验","逻辑轴顺序；物理format未核验","逻辑轴顺序；物理format未核验","未评估候选","未评估候选","未评估候选","未核验","未实测","未实测","未实测","未实测","未核验","配置确认 + 数学推导；未核验完整调用链","https://huggingface.co/openbmb/AgentCPM-Explore/resolve/f528bbb55317bd291387ba3347551dd3414e698e/config.json","未核验","未核验","未核验","未核验","https://huggingface.co/openbmb/AgentCPM-Explore/resolve/f528bbb55317bd291387ba3347551dd3414e698e/config.json","文本decode/verify；B[1,16],S[1,8]；TP=1逻辑参考；","类型与位置待源码核验"
"root/layer_9","FFN_up","未核验","GEMM","[B,S,2560]","[B,S,9728]","B,S,T；其他轴见模型参数","B[1,16];S_verify[1,8];L_KV独立未知；TP=1","config=bfloat16；激活/累加类型未核验","未核验","逻辑轴顺序；物理format未核验","逻辑轴顺序；物理format未核验","未评估候选","未评估候选","未评估候选","未核验","未实测","未实测","未实测","未实测","未核验","配置确认 + 数学推导；未核验完整调用链","https://huggingface.co/openbmb/AgentCPM-Explore/resolve/f528bbb55317bd291387ba3347551dd3414e698e/config.json","logical [9728,2560]","未核验","未核验","未核验","https://huggingface.co/openbmb/AgentCPM-Explore/resolve/f528bbb55317bd291387ba3347551dd3414e698e/config.json","文本decode/verify；B[1,16],S[1,8]；TP=1逻辑参考；","Y=X@W^T"
"root/layer_9","FFN_activation_and_optional_gate","未核验","activation","[B,S,9728]","[B,S,9728]","B,S,T；其他轴见模型参数","B[1,16];S_verify[1,8];L_KV独立未知；TP=1","config=bfloat16；激活/累加类型未核验","未核验","逻辑轴顺序；物理format未核验","逻辑轴顺序；物理format未核验","未评估候选","未评估候选","未评估候选","未核验","未实测","未实测","未实测","未实测","未核验","配置确认 + 数学推导；未核验完整调用链","https://huggingface.co/openbmb/AgentCPM-Explore/resolve/f528bbb55317bd291387ba3347551dd3414e698e/config.json","未核验","未核验","未核验","未核验","https://huggingface.co/openbmb/AgentCPM-Explore/resolve/f528bbb55317bd291387ba3347551dd3414e698e/config.json","文本decode/verify；B[1,16],S[1,8]；TP=1逻辑参考；是否额外gate矩阵与门控分支维度需要实现；不能仅由silu推定完整SwiGLU","config.hidden_act=silu"
"root/layer_9","FFN_down","未核验","GEMM","[B,S,9728]","[B,S,2560]","B,S,T；其他轴见模型参数","B[1,16];S_verify[1,8];L_KV独立未知；TP=1","config=bfloat16；激活/累加类型未核验","未核验","逻辑轴顺序；物理format未核验","逻辑轴顺序；物理format未核验","未评估候选","未评估候选","未评估候选","未核验","未实测","未实测","未实测","未实测","未核验","配置确认 + 数学推导；未核验完整调用链","https://huggingface.co/openbmb/AgentCPM-Explore/resolve/f528bbb55317bd291387ba3347551dd3414e698e/config.json","logical [2560,9728]","未核验","未核验","未核验","https://huggingface.co/openbmb/AgentCPM-Explore/resolve/f528bbb55317bd291387ba3347551dd3414e698e/config.json","文本decode/verify；B[1,16],S[1,8]；TP=1逻辑参考；","Y=X@W^T"
"root/layer_9","FFN_residual","未核验","elementwise","[B,S,2560];[B,S,2560]","[B,S,2560]","B,S,T；其他轴见模型参数","B[1,16];S_verify[1,8];L_KV独立未知；TP=1","config=bfloat16；激活/累加类型未核验","未核验","逻辑轴顺序；物理format未核验","逻辑轴顺序；物理format未核验","未评估候选","未评估候选","未评估候选","未核验","未实测","未实测","未实测","未实测","未核验","配置确认 + 数学推导；未核验完整调用链","https://huggingface.co/openbmb/AgentCPM-Explore/resolve/f528bbb55317bd291387ba3347551dd3414e698e/config.json","未核验","未核验","未核验","未核验","https://huggingface.co/openbmb/AgentCPM-Explore/resolve/f528bbb55317bd291387ba3347551dd3414e698e/config.json","文本decode/verify；B[1,16],S[1,8]；TP=1逻辑参考；","Y=X+branch（参考，实际残差策略未核验）"
"root/layer_10","input_normalization","未核验","norm","[B,S,2560]","[B,S,2560]","B,S,T；其他轴见模型参数","B[1,16];S_verify[1,8];L_KV独立未知；TP=1","config=bfloat16；激活/累加类型未核验","未核验","逻辑轴顺序；物理format未核验","逻辑轴顺序；物理format未核验","未评估候选","未评估候选","未评估候选","未核验","未实测","未实测","未实测","未实测","未核验","配置确认 + 数学推导；未核验完整调用链","https://huggingface.co/openbmb/AgentCPM-Explore/resolve/f528bbb55317bd291387ba3347551dd3414e698e/config.json","未核验","未核验","未核验","未核验","https://huggingface.co/openbmb/AgentCPM-Explore/resolve/f528bbb55317bd291387ba3347551dd3414e698e/config.json","文本decode/verify；B[1,16],S[1,8]；TP=1逻辑参考；","归一化类型/先后顺序待实现核验"
"root/layer_10","q_projection","未核验","GEMM","[B,S,2560]","[B,S,4096]","B,S,T；其他轴见模型参数","B[1,16];S_verify[1,8];L_KV独立未知；TP=1","config=bfloat16；激活/累加类型未核验","未核验","逻辑轴顺序；物理format未核验","逻辑轴顺序；物理format未核验","未评估候选","未评估候选","未评估候选","未核验","未实测","未实测","未实测","未实测","未核验","配置确认 + 数学推导；未核验完整调用链","https://huggingface.co/openbmb/AgentCPM-Explore/resolve/f528bbb55317bd291387ba3347551dd3414e698e/config.json","logical [4096,2560]","未核验","未核验","未核验","https://huggingface.co/openbmb/AgentCPM-Explore/resolve/f528bbb55317bd291387ba3347551dd3414e698e/config.json","文本decode/verify；B[1,16],S[1,8]；TP=1逻辑参考；独立逻辑矩阵，不断言实际融合与存储","Y=X@W^T; width=heads*head_dim"
"root/layer_10","k_projection","未核验","GEMM","[B,S,2560]","[B,S,1024]","B,S,T；其他轴见模型参数","B[1,16];S_verify[1,8];L_KV独立未知；TP=1","config=bfloat16；激活/累加类型未核验","未核验","逻辑轴顺序；物理format未核验","逻辑轴顺序；物理format未核验","未评估候选","未评估候选","未评估候选","未核验","未实测","未实测","未实测","未实测","未核验","配置确认 + 数学推导；未核验完整调用链","https://huggingface.co/openbmb/AgentCPM-Explore/resolve/f528bbb55317bd291387ba3347551dd3414e698e/config.json","logical [1024,2560]","未核验","未核验","未核验","https://huggingface.co/openbmb/AgentCPM-Explore/resolve/f528bbb55317bd291387ba3347551dd3414e698e/config.json","文本decode/verify；B[1,16],S[1,8]；TP=1逻辑参考；独立逻辑矩阵，不断言实际融合与存储","Y=X@W^T; width=heads*head_dim"
"root/layer_10","v_projection","未核验","GEMM","[B,S,2560]","[B,S,1024]","B,S,T；其他轴见模型参数","B[1,16];S_verify[1,8];L_KV独立未知；TP=1","config=bfloat16；激活/累加类型未核验","未核验","逻辑轴顺序；物理format未核验","逻辑轴顺序；物理format未核验","未评估候选","未评估候选","未评估候选","未核验","未实测","未实测","未实测","未实测","未核验","配置确认 + 数学推导；未核验完整调用链","https://huggingface.co/openbmb/AgentCPM-Explore/resolve/f528bbb55317bd291387ba3347551dd3414e698e/config.json","logical [1024,2560]","未核验","未核验","未核验","https://huggingface.co/openbmb/AgentCPM-Explore/resolve/f528bbb55317bd291387ba3347551dd3414e698e/config.json","文本decode/verify；B[1,16],S[1,8]；TP=1逻辑参考；独立逻辑矩阵，不断言实际融合与存储","Y=X@W^T; width=heads*head_dim"
"root/layer_10","position_and_cache","未核验","位置/缓存","Q,K,V projected; B,S","Q:[B,32,S,128]; K,V:[B,8,L_KV,128]","B,S,T；其他轴见模型参数","B[1,16];S_verify[1,8];L_KV独立未知；TP=1","config=bfloat16；激活/累加类型未核验","未核验","逻辑轴顺序；物理format未核验","逻辑轴顺序；物理format未核验","未评估候选","未评估候选","未评估候选","未核验","未实测","未实测","未实测","未实测","未核验","配置确认 + 数学推导；未核验完整调用链","https://huggingface.co/openbmb/AgentCPM-Explore/resolve/f528bbb55317bd291387ba3347551dd3414e698e/config.json","未核验","未核验","未核验","未核验","https://huggingface.co/openbmb/AgentCPM-Explore/resolve/f528bbb55317bd291387ba3347551dd3414e698e/config.json","文本decode/verify；B[1,16],S[1,8]；TP=1逻辑参考；","文本decode/verify；B[1,16],S[1,8]；TP=1逻辑参考；位置编码与物理layout需实现核验"
"root/layer_10","attention","未核验","attention","Q:[B,32,S,128];K,V:[B,8,L_KV,128]","[B,32,S,128]","B,S,T；其他轴见模型参数","B[1,16];S_verify[1,8];L_KV独立未知；TP=1","config=bfloat16；激活/累加类型未核验","未核验","逻辑轴顺序；物理format未核验","逻辑轴顺序；物理format未核验","未评估候选","未评估候选","未评估候选","未核验","未实测","未实测","未实测","未实测","未核验","配置确认 + 数学推导；未核验完整调用链","https://huggingface.co/openbmb/AgentCPM-Explore/resolve/f528bbb55317bd291387ba3347551dd3414e698e/config.json","未核验","未核验","未核验","未核验","https://huggingface.co/openbmb/AgentCPM-Explore/resolve/f528bbb55317bd291387ba3347551dd3414e698e/config.json","文本decode/verify；B[1,16],S[1,8]；TP=1逻辑参考；稀疏选块/线性分支需按实现，不能据此声称稠密执行或峰值中间内存","softmax(QK^T / sqrt(head_dim) + mask)V（数学参考）"
"root/layer_10","output_projection","未核验","GEMM","[B,S,4096]","[B,S,2560]","B,S,T；其他轴见模型参数","B[1,16];S_verify[1,8];L_KV独立未知；TP=1","config=bfloat16；激活/累加类型未核验","未核验","逻辑轴顺序；物理format未核验","逻辑轴顺序；物理format未核验","未评估候选","未评估候选","未评估候选","未核验","未实测","未实测","未实测","未实测","未核验","配置确认 + 数学推导；未核验完整调用链","https://huggingface.co/openbmb/AgentCPM-Explore/resolve/f528bbb55317bd291387ba3347551dd3414e698e/config.json","logical [2560,4096]","未核验","未核验","未核验","https://huggingface.co/openbmb/AgentCPM-Explore/resolve/f528bbb55317bd291387ba3347551dd3414e698e/config.json","文本decode/verify；B[1,16],S[1,8]；TP=1逻辑参考；","Y=X@W^T"
"root/layer_10","attention_residual","未核验","elementwise","[B,S,2560];[B,S,2560]","[B,S,2560]","B,S,T；其他轴见模型参数","B[1,16];S_verify[1,8];L_KV独立未知；TP=1","config=bfloat16；激活/累加类型未核验","未核验","逻辑轴顺序；物理format未核验","逻辑轴顺序；物理format未核验","未评估候选","未评估候选","未评估候选","未核验","未实测","未实测","未实测","未实测","未核验","配置确认 + 数学推导；未核验完整调用链","https://huggingface.co/openbmb/AgentCPM-Explore/resolve/f528bbb55317bd291387ba3347551dd3414e698e/config.json","未核验","未核验","未核验","未核验","https://huggingface.co/openbmb/AgentCPM-Explore/resolve/f528bbb55317bd291387ba3347551dd3414e698e/config.json","文本decode/verify；B[1,16],S[1,8]；TP=1逻辑参考；","Y=X+branch（参考，实际残差策略未核验）"
"root/layer_10","post_attention_normalization","未核验","norm","[B,S,2560]","[B,S,2560]","B,S,T；其他轴见模型参数","B[1,16];S_verify[1,8];L_KV独立未知；TP=1","config=bfloat16；激活/累加类型未核验","未核验","逻辑轴顺序；物理format未核验","逻辑轴顺序；物理format未核验","未评估候选","未评估候选","未评估候选","未核验","未实测","未实测","未实测","未实测","未核验","配置确认 + 数学推导；未核验完整调用链","https://huggingface.co/openbmb/AgentCPM-Explore/resolve/f528bbb55317bd291387ba3347551dd3414e698e/config.json","未核验","未核验","未核验","未核验","https://huggingface.co/openbmb/AgentCPM-Explore/resolve/f528bbb55317bd291387ba3347551dd3414e698e/config.json","文本decode/verify；B[1,16],S[1,8]；TP=1逻辑参考；","类型与位置待源码核验"
"root/layer_10","FFN_up","未核验","GEMM","[B,S,2560]","[B,S,9728]","B,S,T；其他轴见模型参数","B[1,16];S_verify[1,8];L_KV独立未知；TP=1","config=bfloat16；激活/累加类型未核验","未核验","逻辑轴顺序；物理format未核验","逻辑轴顺序；物理format未核验","未评估候选","未评估候选","未评估候选","未核验","未实测","未实测","未实测","未实测","未核验","配置确认 + 数学推导；未核验完整调用链","https://huggingface.co/openbmb/AgentCPM-Explore/resolve/f528bbb55317bd291387ba3347551dd3414e698e/config.json","logical [9728,2560]","未核验","未核验","未核验","https://huggingface.co/openbmb/AgentCPM-Explore/resolve/f528bbb55317bd291387ba3347551dd3414e698e/config.json","文本decode/verify；B[1,16],S[1,8]；TP=1逻辑参考；","Y=X@W^T"
"root/layer_10","FFN_activation_and_optional_gate","未核验","activation","[B,S,9728]","[B,S,9728]","B,S,T；其他轴见模型参数","B[1,16];S_verify[1,8];L_KV独立未知；TP=1","config=bfloat16；激活/累加类型未核验","未核验","逻辑轴顺序；物理format未核验","逻辑轴顺序；物理format未核验","未评估候选","未评估候选","未评估候选","未核验","未实测","未实测","未实测","未实测","未核验","配置确认 + 数学推导；未核验完整调用链","https://huggingface.co/openbmb/AgentCPM-Explore/resolve/f528bbb55317bd291387ba3347551dd3414e698e/config.json","未核验","未核验","未核验","未核验","https://huggingface.co/openbmb/AgentCPM-Explore/resolve/f528bbb55317bd291387ba3347551dd3414e698e/config.json","文本decode/verify；B[1,16],S[1,8]；TP=1逻辑参考；是否额外gate矩阵与门控分支维度需要实现；不能仅由silu推定完整SwiGLU","config.hidden_act=silu"
"root/layer_10","FFN_down","未核验","GEMM","[B,S,9728]","[B,S,2560]","B,S,T；其他轴见模型参数","B[1,16];S_verify[1,8];L_KV独立未知；TP=1","config=bfloat16；激活/累加类型未核验","未核验","逻辑轴顺序；物理format未核验","逻辑轴顺序；物理format未核验","未评估候选","未评估候选","未评估候选","未核验","未实测","未实测","未实测","未实测","未核验","配置确认 + 数学推导；未核验完整调用链","https://huggingface.co/openbmb/AgentCPM-Explore/resolve/f528bbb55317bd291387ba3347551dd3414e698e/config.json","logical [2560,9728]","未核验","未核验","未核验","https://huggingface.co/openbmb/AgentCPM-Explore/resolve/f528bbb55317bd291387ba3347551dd3414e698e/config.json","文本decode/verify；B[1,16],S[1,8]；TP=1逻辑参考；","Y=X@W^T"
"root/layer_10","FFN_residual","未核验","elementwise","[B,S,2560];[B,S,2560]","[B,S,2560]","B,S,T；其他轴见模型参数","B[1,16];S_verify[1,8];L_KV独立未知；TP=1","config=bfloat16；激活/累加类型未核验","未核验","逻辑轴顺序；物理format未核验","逻辑轴顺序；物理format未核验","未评估候选","未评估候选","未评估候选","未核验","未实测","未实测","未实测","未实测","未核验","配置确认 + 数学推导；未核验完整调用链","https://huggingface.co/openbmb/AgentCPM-Explore/resolve/f528bbb55317bd291387ba3347551dd3414e698e/config.json","未核验","未核验","未核验","未核验","https://huggingface.co/openbmb/AgentCPM-Explore/resolve/f528bbb55317bd291387ba3347551dd3414e698e/config.json","文本decode/verify；B[1,16],S[1,8]；TP=1逻辑参考；","Y=X+branch（参考，实际残差策略未核验）"
"root/layer_11","input_normalization","未核验","norm","[B,S,2560]","[B,S,2560]","B,S,T；其他轴见模型参数","B[1,16];S_verify[1,8];L_KV独立未知；TP=1","config=bfloat16；激活/累加类型未核验","未核验","逻辑轴顺序；物理format未核验","逻辑轴顺序；物理format未核验","未评估候选","未评估候选","未评估候选","未核验","未实测","未实测","未实测","未实测","未核验","配置确认 + 数学推导；未核验完整调用链","https://huggingface.co/openbmb/AgentCPM-Explore/resolve/f528bbb55317bd291387ba3347551dd3414e698e/config.json","未核验","未核验","未核验","未核验","https://huggingface.co/openbmb/AgentCPM-Explore/resolve/f528bbb55317bd291387ba3347551dd3414e698e/config.json","文本decode/verify；B[1,16],S[1,8]；TP=1逻辑参考；","归一化类型/先后顺序待实现核验"
"root/layer_11","q_projection","未核验","GEMM","[B,S,2560]","[B,S,4096]","B,S,T；其他轴见模型参数","B[1,16];S_verify[1,8];L_KV独立未知；TP=1","config=bfloat16；激活/累加类型未核验","未核验","逻辑轴顺序；物理format未核验","逻辑轴顺序；物理format未核验","未评估候选","未评估候选","未评估候选","未核验","未实测","未实测","未实测","未实测","未核验","配置确认 + 数学推导；未核验完整调用链","https://huggingface.co/openbmb/AgentCPM-Explore/resolve/f528bbb55317bd291387ba3347551dd3414e698e/config.json","logical [4096,2560]","未核验","未核验","未核验","https://huggingface.co/openbmb/AgentCPM-Explore/resolve/f528bbb55317bd291387ba3347551dd3414e698e/config.json","文本decode/verify；B[1,16],S[1,8]；TP=1逻辑参考；独立逻辑矩阵，不断言实际融合与存储","Y=X@W^T; width=heads*head_dim"
"root/layer_11","k_projection","未核验","GEMM","[B,S,2560]","[B,S,1024]","B,S,T；其他轴见模型参数","B[1,16];S_verify[1,8];L_KV独立未知；TP=1","config=bfloat16；激活/累加类型未核验","未核验","逻辑轴顺序；物理format未核验","逻辑轴顺序；物理format未核验","未评估候选","未评估候选","未评估候选","未核验","未实测","未实测","未实测","未实测","未核验","配置确认 + 数学推导；未核验完整调用链","https://huggingface.co/openbmb/AgentCPM-Explore/resolve/f528bbb55317bd291387ba3347551dd3414e698e/config.json","logical [1024,2560]","未核验","未核验","未核验","https://huggingface.co/openbmb/AgentCPM-Explore/resolve/f528bbb55317bd291387ba3347551dd3414e698e/config.json","文本decode/verify；B[1,16],S[1,8]；TP=1逻辑参考；独立逻辑矩阵，不断言实际融合与存储","Y=X@W^T; width=heads*head_dim"
"root/layer_11","v_projection","未核验","GEMM","[B,S,2560]","[B,S,1024]","B,S,T；其他轴见模型参数","B[1,16];S_verify[1,8];L_KV独立未知；TP=1","config=bfloat16；激活/累加类型未核验","未核验","逻辑轴顺序；物理format未核验","逻辑轴顺序；物理format未核验","未评估候选","未评估候选","未评估候选","未核验","未实测","未实测","未实测","未实测","未核验","配置确认 + 数学推导；未核验完整调用链","https://huggingface.co/openbmb/AgentCPM-Explore/resolve/f528bbb55317bd291387ba3347551dd3414e698e/config.json","logical [1024,2560]","未核验","未核验","未核验","https://huggingface.co/openbmb/AgentCPM-Explore/resolve/f528bbb55317bd291387ba3347551dd3414e698e/config.json","文本decode/verify；B[1,16],S[1,8]；TP=1逻辑参考；独立逻辑矩阵，不断言实际融合与存储","Y=X@W^T; width=heads*head_dim"
"root/layer_11","position_and_cache","未核验","位置/缓存","Q,K,V projected; B,S","Q:[B,32,S,128]; K,V:[B,8,L_KV,128]","B,S,T；其他轴见模型参数","B[1,16];S_verify[1,8];L_KV独立未知；TP=1","config=bfloat16；激活/累加类型未核验","未核验","逻辑轴顺序；物理format未核验","逻辑轴顺序；物理format未核验","未评估候选","未评估候选","未评估候选","未核验","未实测","未实测","未实测","未实测","未核验","配置确认 + 数学推导；未核验完整调用链","https://huggingface.co/openbmb/AgentCPM-Explore/resolve/f528bbb55317bd291387ba3347551dd3414e698e/config.json","未核验","未核验","未核验","未核验","https://huggingface.co/openbmb/AgentCPM-Explore/resolve/f528bbb55317bd291387ba3347551dd3414e698e/config.json","文本decode/verify；B[1,16],S[1,8]；TP=1逻辑参考；","文本decode/verify；B[1,16],S[1,8]；TP=1逻辑参考；位置编码与物理layout需实现核验"
"root/layer_11","attention","未核验","attention","Q:[B,32,S,128];K,V:[B,8,L_KV,128]","[B,32,S,128]","B,S,T；其他轴见模型参数","B[1,16];S_verify[1,8];L_KV独立未知；TP=1","config=bfloat16；激活/累加类型未核验","未核验","逻辑轴顺序；物理format未核验","逻辑轴顺序；物理format未核验","未评估候选","未评估候选","未评估候选","未核验","未实测","未实测","未实测","未实测","未核验","配置确认 + 数学推导；未核验完整调用链","https://huggingface.co/openbmb/AgentCPM-Explore/resolve/f528bbb55317bd291387ba3347551dd3414e698e/config.json","未核验","未核验","未核验","未核验","https://huggingface.co/openbmb/AgentCPM-Explore/resolve/f528bbb55317bd291387ba3347551dd3414e698e/config.json","文本decode/verify；B[1,16],S[1,8]；TP=1逻辑参考；稀疏选块/线性分支需按实现，不能据此声称稠密执行或峰值中间内存","softmax(QK^T / sqrt(head_dim) + mask)V（数学参考）"
"root/layer_11","output_projection","未核验","GEMM","[B,S,4096]","[B,S,2560]","B,S,T；其他轴见模型参数","B[1,16];S_verify[1,8];L_KV独立未知；TP=1","config=bfloat16；激活/累加类型未核验","未核验","逻辑轴顺序；物理format未核验","逻辑轴顺序；物理format未核验","未评估候选","未评估候选","未评估候选","未核验","未实测","未实测","未实测","未实测","未核验","配置确认 + 数学推导；未核验完整调用链","https://huggingface.co/openbmb/AgentCPM-Explore/resolve/f528bbb55317bd291387ba3347551dd3414e698e/config.json","logical [2560,4096]","未核验","未核验","未核验","https://huggingface.co/openbmb/AgentCPM-Explore/resolve/f528bbb55317bd291387ba3347551dd3414e698e/config.json","文本decode/verify；B[1,16],S[1,8]；TP=1逻辑参考；","Y=X@W^T"
"root/layer_11","attention_residual","未核验","elementwise","[B,S,2560];[B,S,2560]","[B,S,2560]","B,S,T；其他轴见模型参数","B[1,16];S_verify[1,8];L_KV独立未知；TP=1","config=bfloat16；激活/累加类型未核验","未核验","逻辑轴顺序；物理format未核验","逻辑轴顺序；物理format未核验","未评估候选","未评估候选","未评估候选","未核验","未实测","未实测","未实测","未实测","未核验","配置确认 + 数学推导；未核验完整调用链","https://huggingface.co/openbmb/AgentCPM-Explore/resolve/f528bbb55317bd291387ba3347551dd3414e698e/config.json","未核验","未核验","未核验","未核验","https://huggingface.co/openbmb/AgentCPM-Explore/resolve/f528bbb55317bd291387ba3347551dd3414e698e/config.json","文本decode/verify；B[1,16],S[1,8]；TP=1逻辑参考；","Y=X+branch（参考，实际残差策略未核验）"
"root/layer_11","post_attention_normalization","未核验","norm","[B,S,2560]","[B,S,2560]","B,S,T；其他轴见模型参数","B[1,16];S_verify[1,8];L_KV独立未知；TP=1","config=bfloat16；激活/累加类型未核验","未核验","逻辑轴顺序；物理format未核验","逻辑轴顺序；物理format未核验","未评估候选","未评估候选","未评估候选","未核验","未实测","未实测","未实测","未实测","未核验","配置确认 + 数学推导；未核验完整调用链","https://huggingface.co/openbmb/AgentCPM-Explore/resolve/f528bbb55317bd291387ba3347551dd3414e698e/config.json","未核验","未核验","未核验","未核验","https://huggingface.co/openbmb/AgentCPM-Explore/resolve/f528bbb55317bd291387ba3347551dd3414e698e/config.json","文本decode/verify；B[1,16],S[1,8]；TP=1逻辑参考；","类型与位置待源码核验"
"root/layer_11","FFN_up","未核验","GEMM","[B,S,2560]","[B,S,9728]","B,S,T；其他轴见模型参数","B[1,16];S_verify[1,8];L_KV独立未知；TP=1","config=bfloat16；激活/累加类型未核验","未核验","逻辑轴顺序；物理format未核验","逻辑轴顺序；物理format未核验","未评估候选","未评估候选","未评估候选","未核验","未实测","未实测","未实测","未实测","未核验","配置确认 + 数学推导；未核验完整调用链","https://huggingface.co/openbmb/AgentCPM-Explore/resolve/f528bbb55317bd291387ba3347551dd3414e698e/config.json","logical [9728,2560]","未核验","未核验","未核验","https://huggingface.co/openbmb/AgentCPM-Explore/resolve/f528bbb55317bd291387ba3347551dd3414e698e/config.json","文本decode/verify；B[1,16],S[1,8]；TP=1逻辑参考；","Y=X@W^T"
"root/layer_11","FFN_activation_and_optional_gate","未核验","activation","[B,S,9728]","[B,S,9728]","B,S,T；其他轴见模型参数","B[1,16];S_verify[1,8];L_KV独立未知；TP=1","config=bfloat16；激活/累加类型未核验","未核验","逻辑轴顺序；物理format未核验","逻辑轴顺序；物理format未核验","未评估候选","未评估候选","未评估候选","未核验","未实测","未实测","未实测","未实测","未核验","配置确认 + 数学推导；未核验完整调用链","https://huggingface.co/openbmb/AgentCPM-Explore/resolve/f528bbb55317bd291387ba3347551dd3414e698e/config.json","未核验","未核验","未核验","未核验","https://huggingface.co/openbmb/AgentCPM-Explore/resolve/f528bbb55317bd291387ba3347551dd3414e698e/config.json","文本decode/verify；B[1,16],S[1,8]；TP=1逻辑参考；是否额外gate矩阵与门控分支维度需要实现；不能仅由silu推定完整SwiGLU","config.hidden_act=silu"
"root/layer_11","FFN_down","未核验","GEMM","[B,S,9728]","[B,S,2560]","B,S,T；其他轴见模型参数","B[1,16];S_verify[1,8];L_KV独立未知；TP=1","config=bfloat16；激活/累加类型未核验","未核验","逻辑轴顺序；物理format未核验","逻辑轴顺序；物理format未核验","未评估候选","未评估候选","未评估候选","未核验","未实测","未实测","未实测","未实测","未核验","配置确认 + 数学推导；未核验完整调用链","https://huggingface.co/openbmb/AgentCPM-Explore/resolve/f528bbb55317bd291387ba3347551dd3414e698e/config.json","logical [2560,9728]","未核验","未核验","未核验","https://huggingface.co/openbmb/AgentCPM-Explore/resolve/f528bbb55317bd291387ba3347551dd3414e698e/config.json","文本decode/verify；B[1,16],S[1,8]；TP=1逻辑参考；","Y=X@W^T"
"root/layer_11","FFN_residual","未核验","elementwise","[B,S,2560];[B,S,2560]","[B,S,2560]","B,S,T；其他轴见模型参数","B[1,16];S_verify[1,8];L_KV独立未知；TP=1","config=bfloat16；激活/累加类型未核验","未核验","逻辑轴顺序；物理format未核验","逻辑轴顺序；物理format未核验","未评估候选","未评估候选","未评估候选","未核验","未实测","未实测","未实测","未实测","未核验","配置确认 + 数学推导；未核验完整调用链","https://huggingface.co/openbmb/AgentCPM-Explore/resolve/f528bbb55317bd291387ba3347551dd3414e698e/config.json","未核验","未核验","未核验","未核验","https://huggingface.co/openbmb/AgentCPM-Explore/resolve/f528bbb55317bd291387ba3347551dd3414e698e/config.json","文本decode/verify；B[1,16],S[1,8]；TP=1逻辑参考；","Y=X+branch（参考，实际残差策略未核验）"
"root/layer_12","input_normalization","未核验","norm","[B,S,2560]","[B,S,2560]","B,S,T；其他轴见模型参数","B[1,16];S_verify[1,8];L_KV独立未知；TP=1","config=bfloat16；激活/累加类型未核验","未核验","逻辑轴顺序；物理format未核验","逻辑轴顺序；物理format未核验","未评估候选","未评估候选","未评估候选","未核验","未实测","未实测","未实测","未实测","未核验","配置确认 + 数学推导；未核验完整调用链","https://huggingface.co/openbmb/AgentCPM-Explore/resolve/f528bbb55317bd291387ba3347551dd3414e698e/config.json","未核验","未核验","未核验","未核验","https://huggingface.co/openbmb/AgentCPM-Explore/resolve/f528bbb55317bd291387ba3347551dd3414e698e/config.json","文本decode/verify；B[1,16],S[1,8]；TP=1逻辑参考；","归一化类型/先后顺序待实现核验"
"root/layer_12","q_projection","未核验","GEMM","[B,S,2560]","[B,S,4096]","B,S,T；其他轴见模型参数","B[1,16];S_verify[1,8];L_KV独立未知；TP=1","config=bfloat16；激活/累加类型未核验","未核验","逻辑轴顺序；物理format未核验","逻辑轴顺序；物理format未核验","未评估候选","未评估候选","未评估候选","未核验","未实测","未实测","未实测","未实测","未核验","配置确认 + 数学推导；未核验完整调用链","https://huggingface.co/openbmb/AgentCPM-Explore/resolve/f528bbb55317bd291387ba3347551dd3414e698e/config.json","logical [4096,2560]","未核验","未核验","未核验","https://huggingface.co/openbmb/AgentCPM-Explore/resolve/f528bbb55317bd291387ba3347551dd3414e698e/config.json","文本decode/verify；B[1,16],S[1,8]；TP=1逻辑参考；独立逻辑矩阵，不断言实际融合与存储","Y=X@W^T; width=heads*head_dim"
"root/layer_12","k_projection","未核验","GEMM","[B,S,2560]","[B,S,1024]","B,S,T；其他轴见模型参数","B[1,16];S_verify[1,8];L_KV独立未知；TP=1","config=bfloat16；激活/累加类型未核验","未核验","逻辑轴顺序；物理format未核验","逻辑轴顺序；物理format未核验","未评估候选","未评估候选","未评估候选","未核验","未实测","未实测","未实测","未实测","未核验","配置确认 + 数学推导；未核验完整调用链","https://huggingface.co/openbmb/AgentCPM-Explore/resolve/f528bbb55317bd291387ba3347551dd3414e698e/config.json","logical [1024,2560]","未核验","未核验","未核验","https://huggingface.co/openbmb/AgentCPM-Explore/resolve/f528bbb55317bd291387ba3347551dd3414e698e/config.json","文本decode/verify；B[1,16],S[1,8]；TP=1逻辑参考；独立逻辑矩阵，不断言实际融合与存储","Y=X@W^T; width=heads*head_dim"
"root/layer_12","v_projection","未核验","GEMM","[B,S,2560]","[B,S,1024]","B,S,T；其他轴见模型参数","B[1,16];S_verify[1,8];L_KV独立未知；TP=1","config=bfloat16；激活/累加类型未核验","未核验","逻辑轴顺序；物理format未核验","逻辑轴顺序；物理format未核验","未评估候选","未评估候选","未评估候选","未核验","未实测","未实测","未实测","未实测","未核验","配置确认 + 数学推导；未核验完整调用链","https://huggingface.co/openbmb/AgentCPM-Explore/resolve/f528bbb55317bd291387ba3347551dd3414e698e/config.json","logical [1024,2560]","未核验","未核验","未核验","https://huggingface.co/openbmb/AgentCPM-Explore/resolve/f528bbb55317bd291387ba3347551dd3414e698e/config.json","文本decode/verify；B[1,16],S[1,8]；TP=1逻辑参考；独立逻辑矩阵，不断言实际融合与存储","Y=X@W^T; width=heads*head_dim"
"root/layer_12","position_and_cache","未核验","位置/缓存","Q,K,V projected; B,S","Q:[B,32,S,128]; K,V:[B,8,L_KV,128]","B,S,T；其他轴见模型参数","B[1,16];S_verify[1,8];L_KV独立未知；TP=1","config=bfloat16；激活/累加类型未核验","未核验","逻辑轴顺序；物理format未核验","逻辑轴顺序；物理format未核验","未评估候选","未评估候选","未评估候选","未核验","未实测","未实测","未实测","未实测","未核验","配置确认 + 数学推导；未核验完整调用链","https://huggingface.co/openbmb/AgentCPM-Explore/resolve/f528bbb55317bd291387ba3347551dd3414e698e/config.json","未核验","未核验","未核验","未核验","https://huggingface.co/openbmb/AgentCPM-Explore/resolve/f528bbb55317bd291387ba3347551dd3414e698e/config.json","文本decode/verify；B[1,16],S[1,8]；TP=1逻辑参考；","文本decode/verify；B[1,16],S[1,8]；TP=1逻辑参考；位置编码与物理layout需实现核验"
"root/layer_12","attention","未核验","attention","Q:[B,32,S,128];K,V:[B,8,L_KV,128]","[B,32,S,128]","B,S,T；其他轴见模型参数","B[1,16];S_verify[1,8];L_KV独立未知；TP=1","config=bfloat16；激活/累加类型未核验","未核验","逻辑轴顺序；物理format未核验","逻辑轴顺序；物理format未核验","未评估候选","未评估候选","未评估候选","未核验","未实测","未实测","未实测","未实测","未核验","配置确认 + 数学推导；未核验完整调用链","https://huggingface.co/openbmb/AgentCPM-Explore/resolve/f528bbb55317bd291387ba3347551dd3414e698e/config.json","未核验","未核验","未核验","未核验","https://huggingface.co/openbmb/AgentCPM-Explore/resolve/f528bbb55317bd291387ba3347551dd3414e698e/config.json","文本decode/verify；B[1,16],S[1,8]；TP=1逻辑参考；稀疏选块/线性分支需按实现，不能据此声称稠密执行或峰值中间内存","softmax(QK^T / sqrt(head_dim) + mask)V（数学参考）"
"root/layer_12","output_projection","未核验","GEMM","[B,S,4096]","[B,S,2560]","B,S,T；其他轴见模型参数","B[1,16];S_verify[1,8];L_KV独立未知；TP=1","config=bfloat16；激活/累加类型未核验","未核验","逻辑轴顺序；物理format未核验","逻辑轴顺序；物理format未核验","未评估候选","未评估候选","未评估候选","未核验","未实测","未实测","未实测","未实测","未核验","配置确认 + 数学推导；未核验完整调用链","https://huggingface.co/openbmb/AgentCPM-Explore/resolve/f528bbb55317bd291387ba3347551dd3414e698e/config.json","logical [2560,4096]","未核验","未核验","未核验","https://huggingface.co/openbmb/AgentCPM-Explore/resolve/f528bbb55317bd291387ba3347551dd3414e698e/config.json","文本decode/verify；B[1,16],S[1,8]；TP=1逻辑参考；","Y=X@W^T"
"root/layer_12","attention_residual","未核验","elementwise","[B,S,2560];[B,S,2560]","[B,S,2560]","B,S,T；其他轴见模型参数","B[1,16];S_verify[1,8];L_KV独立未知；TP=1","config=bfloat16；激活/累加类型未核验","未核验","逻辑轴顺序；物理format未核验","逻辑轴顺序；物理format未核验","未评估候选","未评估候选","未评估候选","未核验","未实测","未实测","未实测","未实测","未核验","配置确认 + 数学推导；未核验完整调用链","https://huggingface.co/openbmb/AgentCPM-Explore/resolve/f528bbb55317bd291387ba3347551dd3414e698e/config.json","未核验","未核验","未核验","未核验","https://huggingface.co/openbmb/AgentCPM-Explore/resolve/f528bbb55317bd291387ba3347551dd3414e698e/config.json","文本decode/verify；B[1,16],S[1,8]；TP=1逻辑参考；","Y=X+branch（参考，实际残差策略未核验）"
"root/layer_12","post_attention_normalization","未核验","norm","[B,S,2560]","[B,S,2560]","B,S,T；其他轴见模型参数","B[1,16];S_verify[1,8];L_KV独立未知；TP=1","config=bfloat16；激活/累加类型未核验","未核验","逻辑轴顺序；物理format未核验","逻辑轴顺序；物理format未核验","未评估候选","未评估候选","未评估候选","未核验","未实测","未实测","未实测","未实测","未核验","配置确认 + 数学推导；未核验完整调用链","https://huggingface.co/openbmb/AgentCPM-Explore/resolve/f528bbb55317bd291387ba3347551dd3414e698e/config.json","未核验","未核验","未核验","未核验","https://huggingface.co/openbmb/AgentCPM-Explore/resolve/f528bbb55317bd291387ba3347551dd3414e698e/config.json","文本decode/verify；B[1,16],S[1,8]；TP=1逻辑参考；","类型与位置待源码核验"
"root/layer_12","FFN_up","未核验","GEMM","[B,S,2560]","[B,S,9728]","B,S,T；其他轴见模型参数","B[1,16];S_verify[1,8];L_KV独立未知；TP=1","config=bfloat16；激活/累加类型未核验","未核验","逻辑轴顺序；物理format未核验","逻辑轴顺序；物理format未核验","未评估候选","未评估候选","未评估候选","未核验","未实测","未实测","未实测","未实测","未核验","配置确认 + 数学推导；未核验完整调用链","https://huggingface.co/openbmb/AgentCPM-Explore/resolve/f528bbb55317bd291387ba3347551dd3414e698e/config.json","logical [9728,2560]","未核验","未核验","未核验","https://huggingface.co/openbmb/AgentCPM-Explore/resolve/f528bbb55317bd291387ba3347551dd3414e698e/config.json","文本decode/verify；B[1,16],S[1,8]；TP=1逻辑参考；","Y=X@W^T"
"root/layer_12","FFN_activation_and_optional_gate","未核验","activation","[B,S,9728]","[B,S,9728]","B,S,T；其他轴见模型参数","B[1,16];S_verify[1,8];L_KV独立未知；TP=1","config=bfloat16；激活/累加类型未核验","未核验","逻辑轴顺序；物理format未核验","逻辑轴顺序；物理format未核验","未评估候选","未评估候选","未评估候选","未核验","未实测","未实测","未实测","未实测","未核验","配置确认 + 数学推导；未核验完整调用链","https://huggingface.co/openbmb/AgentCPM-Explore/resolve/f528bbb55317bd291387ba3347551dd3414e698e/config.json","未核验","未核验","未核验","未核验","https://huggingface.co/openbmb/AgentCPM-Explore/resolve/f528bbb55317bd291387ba3347551dd3414e698e/config.json","文本decode/verify；B[1,16],S[1,8]；TP=1逻辑参考；是否额外gate矩阵与门控分支维度需要实现；不能仅由silu推定完整SwiGLU","config.hidden_act=silu"
"root/layer_12","FFN_down","未核验","GEMM","[B,S,9728]","[B,S,2560]","B,S,T；其他轴见模型参数","B[1,16];S_verify[1,8];L_KV独立未知；TP=1","config=bfloat16；激活/累加类型未核验","未核验","逻辑轴顺序；物理format未核验","逻辑轴顺序；物理format未核验","未评估候选","未评估候选","未评估候选","未核验","未实测","未实测","未实测","未实测","未核验","配置确认 + 数学推导；未核验完整调用链","https://huggingface.co/openbmb/AgentCPM-Explore/resolve/f528bbb55317bd291387ba3347551dd3414e698e/config.json","logical [2560,9728]","未核验","未核验","未核验","https://huggingface.co/openbmb/AgentCPM-Explore/resolve/f528bbb55317bd291387ba3347551dd3414e698e/config.json","文本decode/verify；B[1,16],S[1,8]；TP=1逻辑参考；","Y=X@W^T"
"root/layer_12","FFN_residual","未核验","elementwise","[B,S,2560];[B,S,2560]","[B,S,2560]","B,S,T；其他轴见模型参数","B[1,16];S_verify[1,8];L_KV独立未知；TP=1","config=bfloat16；激活/累加类型未核验","未核验","逻辑轴顺序；物理format未核验","逻辑轴顺序；物理format未核验","未评估候选","未评估候选","未评估候选","未核验","未实测","未实测","未实测","未实测","未核验","配置确认 + 数学推导；未核验完整调用链","https://huggingface.co/openbmb/AgentCPM-Explore/resolve/f528bbb55317bd291387ba3347551dd3414e698e/config.json","未核验","未核验","未核验","未核验","https://huggingface.co/openbmb/AgentCPM-Explore/resolve/f528bbb55317bd291387ba3347551dd3414e698e/config.json","文本decode/verify；B[1,16],S[1,8]；TP=1逻辑参考；","Y=X+branch（参考，实际残差策略未核验）"
"root/layer_13","input_normalization","未核验","norm","[B,S,2560]","[B,S,2560]","B,S,T；其他轴见模型参数","B[1,16];S_verify[1,8];L_KV独立未知；TP=1","config=bfloat16；激活/累加类型未核验","未核验","逻辑轴顺序；物理format未核验","逻辑轴顺序；物理format未核验","未评估候选","未评估候选","未评估候选","未核验","未实测","未实测","未实测","未实测","未核验","配置确认 + 数学推导；未核验完整调用链","https://huggingface.co/openbmb/AgentCPM-Explore/resolve/f528bbb55317bd291387ba3347551dd3414e698e/config.json","未核验","未核验","未核验","未核验","https://huggingface.co/openbmb/AgentCPM-Explore/resolve/f528bbb55317bd291387ba3347551dd3414e698e/config.json","文本decode/verify；B[1,16],S[1,8]；TP=1逻辑参考；","归一化类型/先后顺序待实现核验"
"root/layer_13","q_projection","未核验","GEMM","[B,S,2560]","[B,S,4096]","B,S,T；其他轴见模型参数","B[1,16];S_verify[1,8];L_KV独立未知；TP=1","config=bfloat16；激活/累加类型未核验","未核验","逻辑轴顺序；物理format未核验","逻辑轴顺序；物理format未核验","未评估候选","未评估候选","未评估候选","未核验","未实测","未实测","未实测","未实测","未核验","配置确认 + 数学推导；未核验完整调用链","https://huggingface.co/openbmb/AgentCPM-Explore/resolve/f528bbb55317bd291387ba3347551dd3414e698e/config.json","logical [4096,2560]","未核验","未核验","未核验","https://huggingface.co/openbmb/AgentCPM-Explore/resolve/f528bbb55317bd291387ba3347551dd3414e698e/config.json","文本decode/verify；B[1,16],S[1,8]；TP=1逻辑参考；独立逻辑矩阵，不断言实际融合与存储","Y=X@W^T; width=heads*head_dim"
"root/layer_13","k_projection","未核验","GEMM","[B,S,2560]","[B,S,1024]","B,S,T；其他轴见模型参数","B[1,16];S_verify[1,8];L_KV独立未知；TP=1","config=bfloat16；激活/累加类型未核验","未核验","逻辑轴顺序；物理format未核验","逻辑轴顺序；物理format未核验","未评估候选","未评估候选","未评估候选","未核验","未实测","未实测","未实测","未实测","未核验","配置确认 + 数学推导；未核验完整调用链","https://huggingface.co/openbmb/AgentCPM-Explore/resolve/f528bbb55317bd291387ba3347551dd3414e698e/config.json","logical [1024,2560]","未核验","未核验","未核验","https://huggingface.co/openbmb/AgentCPM-Explore/resolve/f528bbb55317bd291387ba3347551dd3414e698e/config.json","文本decode/verify；B[1,16],S[1,8]；TP=1逻辑参考；独立逻辑矩阵，不断言实际融合与存储","Y=X@W^T; width=heads*head_dim"
"root/layer_13","v_projection","未核验","GEMM","[B,S,2560]","[B,S,1024]","B,S,T；其他轴见模型参数","B[1,16];S_verify[1,8];L_KV独立未知；TP=1","config=bfloat16；激活/累加类型未核验","未核验","逻辑轴顺序；物理format未核验","逻辑轴顺序；物理format未核验","未评估候选","未评估候选","未评估候选","未核验","未实测","未实测","未实测","未实测","未核验","配置确认 + 数学推导；未核验完整调用链","https://huggingface.co/openbmb/AgentCPM-Explore/resolve/f528bbb55317bd291387ba3347551dd3414e698e/config.json","logical [1024,2560]","未核验","未核验","未核验","https://huggingface.co/openbmb/AgentCPM-Explore/resolve/f528bbb55317bd291387ba3347551dd3414e698e/config.json","文本decode/verify；B[1,16],S[1,8]；TP=1逻辑参考；独立逻辑矩阵，不断言实际融合与存储","Y=X@W^T; width=heads*head_dim"
"root/layer_13","position_and_cache","未核验","位置/缓存","Q,K,V projected; B,S","Q:[B,32,S,128]; K,V:[B,8,L_KV,128]","B,S,T；其他轴见模型参数","B[1,16];S_verify[1,8];L_KV独立未知；TP=1","config=bfloat16；激活/累加类型未核验","未核验","逻辑轴顺序；物理format未核验","逻辑轴顺序；物理format未核验","未评估候选","未评估候选","未评估候选","未核验","未实测","未实测","未实测","未实测","未核验","配置确认 + 数学推导；未核验完整调用链","https://huggingface.co/openbmb/AgentCPM-Explore/resolve/f528bbb55317bd291387ba3347551dd3414e698e/config.json","未核验","未核验","未核验","未核验","https://huggingface.co/openbmb/AgentCPM-Explore/resolve/f528bbb55317bd291387ba3347551dd3414e698e/config.json","文本decode/verify；B[1,16],S[1,8]；TP=1逻辑参考；","文本decode/verify；B[1,16],S[1,8]；TP=1逻辑参考；位置编码与物理layout需实现核验"
"root/layer_13","attention","未核验","attention","Q:[B,32,S,128];K,V:[B,8,L_KV,128]","[B,32,S,128]","B,S,T；其他轴见模型参数","B[1,16];S_verify[1,8];L_KV独立未知；TP=1","config=bfloat16；激活/累加类型未核验","未核验","逻辑轴顺序；物理format未核验","逻辑轴顺序；物理format未核验","未评估候选","未评估候选","未评估候选","未核验","未实测","未实测","未实测","未实测","未核验","配置确认 + 数学推导；未核验完整调用链","https://huggingface.co/openbmb/AgentCPM-Explore/resolve/f528bbb55317bd291387ba3347551dd3414e698e/config.json","未核验","未核验","未核验","未核验","https://huggingface.co/openbmb/AgentCPM-Explore/resolve/f528bbb55317bd291387ba3347551dd3414e698e/config.json","文本decode/verify；B[1,16],S[1,8]；TP=1逻辑参考；稀疏选块/线性分支需按实现，不能据此声称稠密执行或峰值中间内存","softmax(QK^T / sqrt(head_dim) + mask)V（数学参考）"
"root/layer_13","output_projection","未核验","GEMM","[B,S,4096]","[B,S,2560]","B,S,T；其他轴见模型参数","B[1,16];S_verify[1,8];L_KV独立未知；TP=1","config=bfloat16；激活/累加类型未核验","未核验","逻辑轴顺序；物理format未核验","逻辑轴顺序；物理format未核验","未评估候选","未评估候选","未评估候选","未核验","未实测","未实测","未实测","未实测","未核验","配置确认 + 数学推导；未核验完整调用链","https://huggingface.co/openbmb/AgentCPM-Explore/resolve/f528bbb55317bd291387ba3347551dd3414e698e/config.json","logical [2560,4096]","未核验","未核验","未核验","https://huggingface.co/openbmb/AgentCPM-Explore/resolve/f528bbb55317bd291387ba3347551dd3414e698e/config.json","文本decode/verify；B[1,16],S[1,8]；TP=1逻辑参考；","Y=X@W^T"
"root/layer_13","attention_residual","未核验","elementwise","[B,S,2560];[B,S,2560]","[B,S,2560]","B,S,T；其他轴见模型参数","B[1,16];S_verify[1,8];L_KV独立未知；TP=1","config=bfloat16；激活/累加类型未核验","未核验","逻辑轴顺序；物理format未核验","逻辑轴顺序；物理format未核验","未评估候选","未评估候选","未评估候选","未核验","未实测","未实测","未实测","未实测","未核验","配置确认 + 数学推导；未核验完整调用链","https://huggingface.co/openbmb/AgentCPM-Explore/resolve/f528bbb55317bd291387ba3347551dd3414e698e/config.json","未核验","未核验","未核验","未核验","https://huggingface.co/openbmb/AgentCPM-Explore/resolve/f528bbb55317bd291387ba3347551dd3414e698e/config.json","文本decode/verify；B[1,16],S[1,8]；TP=1逻辑参考；","Y=X+branch（参考，实际残差策略未核验）"
"root/layer_13","post_attention_normalization","未核验","norm","[B,S,2560]","[B,S,2560]","B,S,T；其他轴见模型参数","B[1,16];S_verify[1,8];L_KV独立未知；TP=1","config=bfloat16；激活/累加类型未核验","未核验","逻辑轴顺序；物理format未核验","逻辑轴顺序；物理format未核验","未评估候选","未评估候选","未评估候选","未核验","未实测","未实测","未实测","未实测","未核验","配置确认 + 数学推导；未核验完整调用链","https://huggingface.co/openbmb/AgentCPM-Explore/resolve/f528bbb55317bd291387ba3347551dd3414e698e/config.json","未核验","未核验","未核验","未核验","https://huggingface.co/openbmb/AgentCPM-Explore/resolve/f528bbb55317bd291387ba3347551dd3414e698e/config.json","文本decode/verify；B[1,16],S[1,8]；TP=1逻辑参考；","类型与位置待源码核验"
"root/layer_13","FFN_up","未核验","GEMM","[B,S,2560]","[B,S,9728]","B,S,T；其他轴见模型参数","B[1,16];S_verify[1,8];L_KV独立未知；TP=1","config=bfloat16；激活/累加类型未核验","未核验","逻辑轴顺序；物理format未核验","逻辑轴顺序；物理format未核验","未评估候选","未评估候选","未评估候选","未核验","未实测","未实测","未实测","未实测","未核验","配置确认 + 数学推导；未核验完整调用链","https://huggingface.co/openbmb/AgentCPM-Explore/resolve/f528bbb55317bd291387ba3347551dd3414e698e/config.json","logical [9728,2560]","未核验","未核验","未核验","https://huggingface.co/openbmb/AgentCPM-Explore/resolve/f528bbb55317bd291387ba3347551dd3414e698e/config.json","文本decode/verify；B[1,16],S[1,8]；TP=1逻辑参考；","Y=X@W^T"
"root/layer_13","FFN_activation_and_optional_gate","未核验","activation","[B,S,9728]","[B,S,9728]","B,S,T；其他轴见模型参数","B[1,16];S_verify[1,8];L_KV独立未知；TP=1","config=bfloat16；激活/累加类型未核验","未核验","逻辑轴顺序；物理format未核验","逻辑轴顺序；物理format未核验","未评估候选","未评估候选","未评估候选","未核验","未实测","未实测","未实测","未实测","未核验","配置确认 + 数学推导；未核验完整调用链","https://huggingface.co/openbmb/AgentCPM-Explore/resolve/f528bbb55317bd291387ba3347551dd3414e698e/config.json","未核验","未核验","未核验","未核验","https://huggingface.co/openbmb/AgentCPM-Explore/resolve/f528bbb55317bd291387ba3347551dd3414e698e/config.json","文本decode/verify；B[1,16],S[1,8]；TP=1逻辑参考；是否额外gate矩阵与门控分支维度需要实现；不能仅由silu推定完整SwiGLU","config.hidden_act=silu"
"root/layer_13","FFN_down","未核验","GEMM","[B,S,9728]","[B,S,2560]","B,S,T；其他轴见模型参数","B[1,16];S_verify[1,8];L_KV独立未知；TP=1","config=bfloat16；激活/累加类型未核验","未核验","逻辑轴顺序；物理format未核验","逻辑轴顺序；物理format未核验","未评估候选","未评估候选","未评估候选","未核验","未实测","未实测","未实测","未实测","未核验","配置确认 + 数学推导；未核验完整调用链","https://huggingface.co/openbmb/AgentCPM-Explore/resolve/f528bbb55317bd291387ba3347551dd3414e698e/config.json","logical [2560,9728]","未核验","未核验","未核验","https://huggingface.co/openbmb/AgentCPM-Explore/resolve/f528bbb55317bd291387ba3347551dd3414e698e/config.json","文本decode/verify；B[1,16],S[1,8]；TP=1逻辑参考；","Y=X@W^T"
"root/layer_13","FFN_residual","未核验","elementwise","[B,S,2560];[B,S,2560]","[B,S,2560]","B,S,T；其他轴见模型参数","B[1,16];S_verify[1,8];L_KV独立未知；TP=1","config=bfloat16；激活/累加类型未核验","未核验","逻辑轴顺序；物理format未核验","逻辑轴顺序；物理format未核验","未评估候选","未评估候选","未评估候选","未核验","未实测","未实测","未实测","未实测","未核验","配置确认 + 数学推导；未核验完整调用链","https://huggingface.co/openbmb/AgentCPM-Explore/resolve/f528bbb55317bd291387ba3347551dd3414e698e/config.json","未核验","未核验","未核验","未核验","https://huggingface.co/openbmb/AgentCPM-Explore/resolve/f528bbb55317bd291387ba3347551dd3414e698e/config.json","文本decode/verify；B[1,16],S[1,8]；TP=1逻辑参考；","Y=X+branch（参考，实际残差策略未核验）"
"root/layer_14","input_normalization","未核验","norm","[B,S,2560]","[B,S,2560]","B,S,T；其他轴见模型参数","B[1,16];S_verify[1,8];L_KV独立未知；TP=1","config=bfloat16；激活/累加类型未核验","未核验","逻辑轴顺序；物理format未核验","逻辑轴顺序；物理format未核验","未评估候选","未评估候选","未评估候选","未核验","未实测","未实测","未实测","未实测","未核验","配置确认 + 数学推导；未核验完整调用链","https://huggingface.co/openbmb/AgentCPM-Explore/resolve/f528bbb55317bd291387ba3347551dd3414e698e/config.json","未核验","未核验","未核验","未核验","https://huggingface.co/openbmb/AgentCPM-Explore/resolve/f528bbb55317bd291387ba3347551dd3414e698e/config.json","文本decode/verify；B[1,16],S[1,8]；TP=1逻辑参考；","归一化类型/先后顺序待实现核验"
"root/layer_14","q_projection","未核验","GEMM","[B,S,2560]","[B,S,4096]","B,S,T；其他轴见模型参数","B[1,16];S_verify[1,8];L_KV独立未知；TP=1","config=bfloat16；激活/累加类型未核验","未核验","逻辑轴顺序；物理format未核验","逻辑轴顺序；物理format未核验","未评估候选","未评估候选","未评估候选","未核验","未实测","未实测","未实测","未实测","未核验","配置确认 + 数学推导；未核验完整调用链","https://huggingface.co/openbmb/AgentCPM-Explore/resolve/f528bbb55317bd291387ba3347551dd3414e698e/config.json","logical [4096,2560]","未核验","未核验","未核验","https://huggingface.co/openbmb/AgentCPM-Explore/resolve/f528bbb55317bd291387ba3347551dd3414e698e/config.json","文本decode/verify；B[1,16],S[1,8]；TP=1逻辑参考；独立逻辑矩阵，不断言实际融合与存储","Y=X@W^T; width=heads*head_dim"
"root/layer_14","k_projection","未核验","GEMM","[B,S,2560]","[B,S,1024]","B,S,T；其他轴见模型参数","B[1,16];S_verify[1,8];L_KV独立未知；TP=1","config=bfloat16；激活/累加类型未核验","未核验","逻辑轴顺序；物理format未核验","逻辑轴顺序；物理format未核验","未评估候选","未评估候选","未评估候选","未核验","未实测","未实测","未实测","未实测","未核验","配置确认 + 数学推导；未核验完整调用链","https://huggingface.co/openbmb/AgentCPM-Explore/resolve/f528bbb55317bd291387ba3347551dd3414e698e/config.json","logical [1024,2560]","未核验","未核验","未核验","https://huggingface.co/openbmb/AgentCPM-Explore/resolve/f528bbb55317bd291387ba3347551dd3414e698e/config.json","文本decode/verify；B[1,16],S[1,8]；TP=1逻辑参考；独立逻辑矩阵，不断言实际融合与存储","Y=X@W^T; width=heads*head_dim"
"root/layer_14","v_projection","未核验","GEMM","[B,S,2560]","[B,S,1024]","B,S,T；其他轴见模型参数","B[1,16];S_verify[1,8];L_KV独立未知；TP=1","config=bfloat16；激活/累加类型未核验","未核验","逻辑轴顺序；物理format未核验","逻辑轴顺序；物理format未核验","未评估候选","未评估候选","未评估候选","未核验","未实测","未实测","未实测","未实测","未核验","配置确认 + 数学推导；未核验完整调用链","https://huggingface.co/openbmb/AgentCPM-Explore/resolve/f528bbb55317bd291387ba3347551dd3414e698e/config.json","logical [1024,2560]","未核验","未核验","未核验","https://huggingface.co/openbmb/AgentCPM-Explore/resolve/f528bbb55317bd291387ba3347551dd3414e698e/config.json","文本decode/verify；B[1,16],S[1,8]；TP=1逻辑参考；独立逻辑矩阵，不断言实际融合与存储","Y=X@W^T; width=heads*head_dim"
"root/layer_14","position_and_cache","未核验","位置/缓存","Q,K,V projected; B,S","Q:[B,32,S,128]; K,V:[B,8,L_KV,128]","B,S,T；其他轴见模型参数","B[1,16];S_verify[1,8];L_KV独立未知；TP=1","config=bfloat16；激活/累加类型未核验","未核验","逻辑轴顺序；物理format未核验","逻辑轴顺序；物理format未核验","未评估候选","未评估候选","未评估候选","未核验","未实测","未实测","未实测","未实测","未核验","配置确认 + 数学推导；未核验完整调用链","https://huggingface.co/openbmb/AgentCPM-Explore/resolve/f528bbb55317bd291387ba3347551dd3414e698e/config.json","未核验","未核验","未核验","未核验","https://huggingface.co/openbmb/AgentCPM-Explore/resolve/f528bbb55317bd291387ba3347551dd3414e698e/config.json","文本decode/verify；B[1,16],S[1,8]；TP=1逻辑参考；","文本decode/verify；B[1,16],S[1,8]；TP=1逻辑参考；位置编码与物理layout需实现核验"
"root/layer_14","attention","未核验","attention","Q:[B,32,S,128];K,V:[B,8,L_KV,128]","[B,32,S,128]","B,S,T；其他轴见模型参数","B[1,16];S_verify[1,8];L_KV独立未知；TP=1","config=bfloat16；激活/累加类型未核验","未核验","逻辑轴顺序；物理format未核验","逻辑轴顺序；物理format未核验","未评估候选","未评估候选","未评估候选","未核验","未实测","未实测","未实测","未实测","未核验","配置确认 + 数学推导；未核验完整调用链","https://huggingface.co/openbmb/AgentCPM-Explore/resolve/f528bbb55317bd291387ba3347551dd3414e698e/config.json","未核验","未核验","未核验","未核验","https://huggingface.co/openbmb/AgentCPM-Explore/resolve/f528bbb55317bd291387ba3347551dd3414e698e/config.json","文本decode/verify；B[1,16],S[1,8]；TP=1逻辑参考；稀疏选块/线性分支需按实现，不能据此声称稠密执行或峰值中间内存","softmax(QK^T / sqrt(head_dim) + mask)V（数学参考）"
"root/layer_14","output_projection","未核验","GEMM","[B,S,4096]","[B,S,2560]","B,S,T；其他轴见模型参数","B[1,16];S_verify[1,8];L_KV独立未知；TP=1","config=bfloat16；激活/累加类型未核验","未核验","逻辑轴顺序；物理format未核验","逻辑轴顺序；物理format未核验","未评估候选","未评估候选","未评估候选","未核验","未实测","未实测","未实测","未实测","未核验","配置确认 + 数学推导；未核验完整调用链","https://huggingface.co/openbmb/AgentCPM-Explore/resolve/f528bbb55317bd291387ba3347551dd3414e698e/config.json","logical [2560,4096]","未核验","未核验","未核验","https://huggingface.co/openbmb/AgentCPM-Explore/resolve/f528bbb55317bd291387ba3347551dd3414e698e/config.json","文本decode/verify；B[1,16],S[1,8]；TP=1逻辑参考；","Y=X@W^T"
"root/layer_14","attention_residual","未核验","elementwise","[B,S,2560];[B,S,2560]","[B,S,2560]","B,S,T；其他轴见模型参数","B[1,16];S_verify[1,8];L_KV独立未知；TP=1","config=bfloat16；激活/累加类型未核验","未核验","逻辑轴顺序；物理format未核验","逻辑轴顺序；物理format未核验","未评估候选","未评估候选","未评估候选","未核验","未实测","未实测","未实测","未实测","未核验","配置确认 + 数学推导；未核验完整调用链","https://huggingface.co/openbmb/AgentCPM-Explore/resolve/f528bbb55317bd291387ba3347551dd3414e698e/config.json","未核验","未核验","未核验","未核验","https://huggingface.co/openbmb/AgentCPM-Explore/resolve/f528bbb55317bd291387ba3347551dd3414e698e/config.json","文本decode/verify；B[1,16],S[1,8]；TP=1逻辑参考；","Y=X+branch（参考，实际残差策略未核验）"
"root/layer_14","post_attention_normalization","未核验","norm","[B,S,2560]","[B,S,2560]","B,S,T；其他轴见模型参数","B[1,16];S_verify[1,8];L_KV独立未知；TP=1","config=bfloat16；激活/累加类型未核验","未核验","逻辑轴顺序；物理format未核验","逻辑轴顺序；物理format未核验","未评估候选","未评估候选","未评估候选","未核验","未实测","未实测","未实测","未实测","未核验","配置确认 + 数学推导；未核验完整调用链","https://huggingface.co/openbmb/AgentCPM-Explore/resolve/f528bbb55317bd291387ba3347551dd3414e698e/config.json","未核验","未核验","未核验","未核验","https://huggingface.co/openbmb/AgentCPM-Explore/resolve/f528bbb55317bd291387ba3347551dd3414e698e/config.json","文本decode/verify；B[1,16],S[1,8]；TP=1逻辑参考；","类型与位置待源码核验"
"root/layer_14","FFN_up","未核验","GEMM","[B,S,2560]","[B,S,9728]","B,S,T；其他轴见模型参数","B[1,16];S_verify[1,8];L_KV独立未知；TP=1","config=bfloat16；激活/累加类型未核验","未核验","逻辑轴顺序；物理format未核验","逻辑轴顺序；物理format未核验","未评估候选","未评估候选","未评估候选","未核验","未实测","未实测","未实测","未实测","未核验","配置确认 + 数学推导；未核验完整调用链","https://huggingface.co/openbmb/AgentCPM-Explore/resolve/f528bbb55317bd291387ba3347551dd3414e698e/config.json","logical [9728,2560]","未核验","未核验","未核验","https://huggingface.co/openbmb/AgentCPM-Explore/resolve/f528bbb55317bd291387ba3347551dd3414e698e/config.json","文本decode/verify；B[1,16],S[1,8]；TP=1逻辑参考；","Y=X@W^T"
"root/layer_14","FFN_activation_and_optional_gate","未核验","activation","[B,S,9728]","[B,S,9728]","B,S,T；其他轴见模型参数","B[1,16];S_verify[1,8];L_KV独立未知；TP=1","config=bfloat16；激活/累加类型未核验","未核验","逻辑轴顺序；物理format未核验","逻辑轴顺序；物理format未核验","未评估候选","未评估候选","未评估候选","未核验","未实测","未实测","未实测","未实测","未核验","配置确认 + 数学推导；未核验完整调用链","https://huggingface.co/openbmb/AgentCPM-Explore/resolve/f528bbb55317bd291387ba3347551dd3414e698e/config.json","未核验","未核验","未核验","未核验","https://huggingface.co/openbmb/AgentCPM-Explore/resolve/f528bbb55317bd291387ba3347551dd3414e698e/config.json","文本decode/verify；B[1,16],S[1,8]；TP=1逻辑参考；是否额外gate矩阵与门控分支维度需要实现；不能仅由silu推定完整SwiGLU","config.hidden_act=silu"
"root/layer_14","FFN_down","未核验","GEMM","[B,S,9728]","[B,S,2560]","B,S,T；其他轴见模型参数","B[1,16];S_verify[1,8];L_KV独立未知；TP=1","config=bfloat16；激活/累加类型未核验","未核验","逻辑轴顺序；物理format未核验","逻辑轴顺序；物理format未核验","未评估候选","未评估候选","未评估候选","未核验","未实测","未实测","未实测","未实测","未核验","配置确认 + 数学推导；未核验完整调用链","https://huggingface.co/openbmb/AgentCPM-Explore/resolve/f528bbb55317bd291387ba3347551dd3414e698e/config.json","logical [2560,9728]","未核验","未核验","未核验","https://huggingface.co/openbmb/AgentCPM-Explore/resolve/f528bbb55317bd291387ba3347551dd3414e698e/config.json","文本decode/verify；B[1,16],S[1,8]；TP=1逻辑参考；","Y=X@W^T"
"root/layer_14","FFN_residual","未核验","elementwise","[B,S,2560];[B,S,2560]","[B,S,2560]","B,S,T；其他轴见模型参数","B[1,16];S_verify[1,8];L_KV独立未知；TP=1","config=bfloat16；激活/累加类型未核验","未核验","逻辑轴顺序；物理format未核验","逻辑轴顺序；物理format未核验","未评估候选","未评估候选","未评估候选","未核验","未实测","未实测","未实测","未实测","未核验","配置确认 + 数学推导；未核验完整调用链","https://huggingface.co/openbmb/AgentCPM-Explore/resolve/f528bbb55317bd291387ba3347551dd3414e698e/config.json","未核验","未核验","未核验","未核验","https://huggingface.co/openbmb/AgentCPM-Explore/resolve/f528bbb55317bd291387ba3347551dd3414e698e/config.json","文本decode/verify；B[1,16],S[1,8]；TP=1逻辑参考；","Y=X+branch（参考，实际残差策略未核验）"
"root/layer_15","input_normalization","未核验","norm","[B,S,2560]","[B,S,2560]","B,S,T；其他轴见模型参数","B[1,16];S_verify[1,8];L_KV独立未知；TP=1","config=bfloat16；激活/累加类型未核验","未核验","逻辑轴顺序；物理format未核验","逻辑轴顺序；物理format未核验","未评估候选","未评估候选","未评估候选","未核验","未实测","未实测","未实测","未实测","未核验","配置确认 + 数学推导；未核验完整调用链","https://huggingface.co/openbmb/AgentCPM-Explore/resolve/f528bbb55317bd291387ba3347551dd3414e698e/config.json","未核验","未核验","未核验","未核验","https://huggingface.co/openbmb/AgentCPM-Explore/resolve/f528bbb55317bd291387ba3347551dd3414e698e/config.json","文本decode/verify；B[1,16],S[1,8]；TP=1逻辑参考；","归一化类型/先后顺序待实现核验"
"root/layer_15","q_projection","未核验","GEMM","[B,S,2560]","[B,S,4096]","B,S,T；其他轴见模型参数","B[1,16];S_verify[1,8];L_KV独立未知；TP=1","config=bfloat16；激活/累加类型未核验","未核验","逻辑轴顺序；物理format未核验","逻辑轴顺序；物理format未核验","未评估候选","未评估候选","未评估候选","未核验","未实测","未实测","未实测","未实测","未核验","配置确认 + 数学推导；未核验完整调用链","https://huggingface.co/openbmb/AgentCPM-Explore/resolve/f528bbb55317bd291387ba3347551dd3414e698e/config.json","logical [4096,2560]","未核验","未核验","未核验","https://huggingface.co/openbmb/AgentCPM-Explore/resolve/f528bbb55317bd291387ba3347551dd3414e698e/config.json","文本decode/verify；B[1,16],S[1,8]；TP=1逻辑参考；独立逻辑矩阵，不断言实际融合与存储","Y=X@W^T; width=heads*head_dim"
"root/layer_15","k_projection","未核验","GEMM","[B,S,2560]","[B,S,1024]","B,S,T；其他轴见模型参数","B[1,16];S_verify[1,8];L_KV独立未知；TP=1","config=bfloat16；激活/累加类型未核验","未核验","逻辑轴顺序；物理format未核验","逻辑轴顺序；物理format未核验","未评估候选","未评估候选","未评估候选","未核验","未实测","未实测","未实测","未实测","未核验","配置确认 + 数学推导；未核验完整调用链","https://huggingface.co/openbmb/AgentCPM-Explore/resolve/f528bbb55317bd291387ba3347551dd3414e698e/config.json","logical [1024,2560]","未核验","未核验","未核验","https://huggingface.co/openbmb/AgentCPM-Explore/resolve/f528bbb55317bd291387ba3347551dd3414e698e/config.json","文本decode/verify；B[1,16],S[1,8]；TP=1逻辑参考；独立逻辑矩阵，不断言实际融合与存储","Y=X@W^T; width=heads*head_dim"
"root/layer_15","v_projection","未核验","GEMM","[B,S,2560]","[B,S,1024]","B,S,T；其他轴见模型参数","B[1,16];S_verify[1,8];L_KV独立未知；TP=1","config=bfloat16；激活/累加类型未核验","未核验","逻辑轴顺序；物理format未核验","逻辑轴顺序；物理format未核验","未评估候选","未评估候选","未评估候选","未核验","未实测","未实测","未实测","未实测","未核验","配置确认 + 数学推导；未核验完整调用链","https://huggingface.co/openbmb/AgentCPM-Explore/resolve/f528bbb55317bd291387ba3347551dd3414e698e/config.json","logical [1024,2560]","未核验","未核验","未核验","https://huggingface.co/openbmb/AgentCPM-Explore/resolve/f528bbb55317bd291387ba3347551dd3414e698e/config.json","文本decode/verify；B[1,16],S[1,8]；TP=1逻辑参考；独立逻辑矩阵，不断言实际融合与存储","Y=X@W^T; width=heads*head_dim"
"root/layer_15","position_and_cache","未核验","位置/缓存","Q,K,V projected; B,S","Q:[B,32,S,128]; K,V:[B,8,L_KV,128]","B,S,T；其他轴见模型参数","B[1,16];S_verify[1,8];L_KV独立未知；TP=1","config=bfloat16；激活/累加类型未核验","未核验","逻辑轴顺序；物理format未核验","逻辑轴顺序；物理format未核验","未评估候选","未评估候选","未评估候选","未核验","未实测","未实测","未实测","未实测","未核验","配置确认 + 数学推导；未核验完整调用链","https://huggingface.co/openbmb/AgentCPM-Explore/resolve/f528bbb55317bd291387ba3347551dd3414e698e/config.json","未核验","未核验","未核验","未核验","https://huggingface.co/openbmb/AgentCPM-Explore/resolve/f528bbb55317bd291387ba3347551dd3414e698e/config.json","文本decode/verify；B[1,16],S[1,8]；TP=1逻辑参考；","文本decode/verify；B[1,16],S[1,8]；TP=1逻辑参考；位置编码与物理layout需实现核验"
"root/layer_15","attention","未核验","attention","Q:[B,32,S,128];K,V:[B,8,L_KV,128]","[B,32,S,128]","B,S,T；其他轴见模型参数","B[1,16];S_verify[1,8];L_KV独立未知；TP=1","config=bfloat16；激活/累加类型未核验","未核验","逻辑轴顺序；物理format未核验","逻辑轴顺序；物理format未核验","未评估候选","未评估候选","未评估候选","未核验","未实测","未实测","未实测","未实测","未核验","配置确认 + 数学推导；未核验完整调用链","https://huggingface.co/openbmb/AgentCPM-Explore/resolve/f528bbb55317bd291387ba3347551dd3414e698e/config.json","未核验","未核验","未核验","未核验","https://huggingface.co/openbmb/AgentCPM-Explore/resolve/f528bbb55317bd291387ba3347551dd3414e698e/config.json","文本decode/verify；B[1,16],S[1,8]；TP=1逻辑参考；稀疏选块/线性分支需按实现，不能据此声称稠密执行或峰值中间内存","softmax(QK^T / sqrt(head_dim) + mask)V（数学参考）"
"root/layer_15","output_projection","未核验","GEMM","[B,S,4096]","[B,S,2560]","B,S,T；其他轴见模型参数","B[1,16];S_verify[1,8];L_KV独立未知；TP=1","config=bfloat16；激活/累加类型未核验","未核验","逻辑轴顺序；物理format未核验","逻辑轴顺序；物理format未核验","未评估候选","未评估候选","未评估候选","未核验","未实测","未实测","未实测","未实测","未核验","配置确认 + 数学推导；未核验完整调用链","https://huggingface.co/openbmb/AgentCPM-Explore/resolve/f528bbb55317bd291387ba3347551dd3414e698e/config.json","logical [2560,4096]","未核验","未核验","未核验","https://huggingface.co/openbmb/AgentCPM-Explore/resolve/f528bbb55317bd291387ba3347551dd3414e698e/config.json","文本decode/verify；B[1,16],S[1,8]；TP=1逻辑参考；","Y=X@W^T"
"root/layer_15","attention_residual","未核验","elementwise","[B,S,2560];[B,S,2560]","[B,S,2560]","B,S,T；其他轴见模型参数","B[1,16];S_verify[1,8];L_KV独立未知；TP=1","config=bfloat16；激活/累加类型未核验","未核验","逻辑轴顺序；物理format未核验","逻辑轴顺序；物理format未核验","未评估候选","未评估候选","未评估候选","未核验","未实测","未实测","未实测","未实测","未核验","配置确认 + 数学推导；未核验完整调用链","https://huggingface.co/openbmb/AgentCPM-Explore/resolve/f528bbb55317bd291387ba3347551dd3414e698e/config.json","未核验","未核验","未核验","未核验","https://huggingface.co/openbmb/AgentCPM-Explore/resolve/f528bbb55317bd291387ba3347551dd3414e698e/config.json","文本decode/verify；B[1,16],S[1,8]；TP=1逻辑参考；","Y=X+branch（参考，实际残差策略未核验）"
"root/layer_15","post_attention_normalization","未核验","norm","[B,S,2560]","[B,S,2560]","B,S,T；其他轴见模型参数","B[1,16];S_verify[1,8];L_KV独立未知；TP=1","config=bfloat16；激活/累加类型未核验","未核验","逻辑轴顺序；物理format未核验","逻辑轴顺序；物理format未核验","未评估候选","未评估候选","未评估候选","未核验","未实测","未实测","未实测","未实测","未核验","配置确认 + 数学推导；未核验完整调用链","https://huggingface.co/openbmb/AgentCPM-Explore/resolve/f528bbb55317bd291387ba3347551dd3414e698e/config.json","未核验","未核验","未核验","未核验","https://huggingface.co/openbmb/AgentCPM-Explore/resolve/f528bbb55317bd291387ba3347551dd3414e698e/config.json","文本decode/verify；B[1,16],S[1,8]；TP=1逻辑参考；","类型与位置待源码核验"
"root/layer_15","FFN_up","未核验","GEMM","[B,S,2560]","[B,S,9728]","B,S,T；其他轴见模型参数","B[1,16];S_verify[1,8];L_KV独立未知；TP=1","config=bfloat16；激活/累加类型未核验","未核验","逻辑轴顺序；物理format未核验","逻辑轴顺序；物理format未核验","未评估候选","未评估候选","未评估候选","未核验","未实测","未实测","未实测","未实测","未核验","配置确认 + 数学推导；未核验完整调用链","https://huggingface.co/openbmb/AgentCPM-Explore/resolve/f528bbb55317bd291387ba3347551dd3414e698e/config.json","logical [9728,2560]","未核验","未核验","未核验","https://huggingface.co/openbmb/AgentCPM-Explore/resolve/f528bbb55317bd291387ba3347551dd3414e698e/config.json","文本decode/verify；B[1,16],S[1,8]；TP=1逻辑参考；","Y=X@W^T"
"root/layer_15","FFN_activation_and_optional_gate","未核验","activation","[B,S,9728]","[B,S,9728]","B,S,T；其他轴见模型参数","B[1,16];S_verify[1,8];L_KV独立未知；TP=1","config=bfloat16；激活/累加类型未核验","未核验","逻辑轴顺序；物理format未核验","逻辑轴顺序；物理format未核验","未评估候选","未评估候选","未评估候选","未核验","未实测","未实测","未实测","未实测","未核验","配置确认 + 数学推导；未核验完整调用链","https://huggingface.co/openbmb/AgentCPM-Explore/resolve/f528bbb55317bd291387ba3347551dd3414e698e/config.json","未核验","未核验","未核验","未核验","https://huggingface.co/openbmb/AgentCPM-Explore/resolve/f528bbb55317bd291387ba3347551dd3414e698e/config.json","文本decode/verify；B[1,16],S[1,8]；TP=1逻辑参考；是否额外gate矩阵与门控分支维度需要实现；不能仅由silu推定完整SwiGLU","config.hidden_act=silu"
"root/layer_15","FFN_down","未核验","GEMM","[B,S,9728]","[B,S,2560]","B,S,T；其他轴见模型参数","B[1,16];S_verify[1,8];L_KV独立未知；TP=1","config=bfloat16；激活/累加类型未核验","未核验","逻辑轴顺序；物理format未核验","逻辑轴顺序；物理format未核验","未评估候选","未评估候选","未评估候选","未核验","未实测","未实测","未实测","未实测","未核验","配置确认 + 数学推导；未核验完整调用链","https://huggingface.co/openbmb/AgentCPM-Explore/resolve/f528bbb55317bd291387ba3347551dd3414e698e/config.json","logical [2560,9728]","未核验","未核验","未核验","https://huggingface.co/openbmb/AgentCPM-Explore/resolve/f528bbb55317bd291387ba3347551dd3414e698e/config.json","文本decode/verify；B[1,16],S[1,8]；TP=1逻辑参考；","Y=X@W^T"
"root/layer_15","FFN_residual","未核验","elementwise","[B,S,2560];[B,S,2560]","[B,S,2560]","B,S,T；其他轴见模型参数","B[1,16];S_verify[1,8];L_KV独立未知；TP=1","config=bfloat16；激活/累加类型未核验","未核验","逻辑轴顺序；物理format未核验","逻辑轴顺序；物理format未核验","未评估候选","未评估候选","未评估候选","未核验","未实测","未实测","未实测","未实测","未核验","配置确认 + 数学推导；未核验完整调用链","https://huggingface.co/openbmb/AgentCPM-Explore/resolve/f528bbb55317bd291387ba3347551dd3414e698e/config.json","未核验","未核验","未核验","未核验","https://huggingface.co/openbmb/AgentCPM-Explore/resolve/f528bbb55317bd291387ba3347551dd3414e698e/config.json","文本decode/verify；B[1,16],S[1,8]；TP=1逻辑参考；","Y=X+branch（参考，实际残差策略未核验）"
"root/layer_16","input_normalization","未核验","norm","[B,S,2560]","[B,S,2560]","B,S,T；其他轴见模型参数","B[1,16];S_verify[1,8];L_KV独立未知；TP=1","config=bfloat16；激活/累加类型未核验","未核验","逻辑轴顺序；物理format未核验","逻辑轴顺序；物理format未核验","未评估候选","未评估候选","未评估候选","未核验","未实测","未实测","未实测","未实测","未核验","配置确认 + 数学推导；未核验完整调用链","https://huggingface.co/openbmb/AgentCPM-Explore/resolve/f528bbb55317bd291387ba3347551dd3414e698e/config.json","未核验","未核验","未核验","未核验","https://huggingface.co/openbmb/AgentCPM-Explore/resolve/f528bbb55317bd291387ba3347551dd3414e698e/config.json","文本decode/verify；B[1,16],S[1,8]；TP=1逻辑参考；","归一化类型/先后顺序待实现核验"
"root/layer_16","q_projection","未核验","GEMM","[B,S,2560]","[B,S,4096]","B,S,T；其他轴见模型参数","B[1,16];S_verify[1,8];L_KV独立未知；TP=1","config=bfloat16；激活/累加类型未核验","未核验","逻辑轴顺序；物理format未核验","逻辑轴顺序；物理format未核验","未评估候选","未评估候选","未评估候选","未核验","未实测","未实测","未实测","未实测","未核验","配置确认 + 数学推导；未核验完整调用链","https://huggingface.co/openbmb/AgentCPM-Explore/resolve/f528bbb55317bd291387ba3347551dd3414e698e/config.json","logical [4096,2560]","未核验","未核验","未核验","https://huggingface.co/openbmb/AgentCPM-Explore/resolve/f528bbb55317bd291387ba3347551dd3414e698e/config.json","文本decode/verify；B[1,16],S[1,8]；TP=1逻辑参考；独立逻辑矩阵，不断言实际融合与存储","Y=X@W^T; width=heads*head_dim"
"root/layer_16","k_projection","未核验","GEMM","[B,S,2560]","[B,S,1024]","B,S,T；其他轴见模型参数","B[1,16];S_verify[1,8];L_KV独立未知；TP=1","config=bfloat16；激活/累加类型未核验","未核验","逻辑轴顺序；物理format未核验","逻辑轴顺序；物理format未核验","未评估候选","未评估候选","未评估候选","未核验","未实测","未实测","未实测","未实测","未核验","配置确认 + 数学推导；未核验完整调用链","https://huggingface.co/openbmb/AgentCPM-Explore/resolve/f528bbb55317bd291387ba3347551dd3414e698e/config.json","logical [1024,2560]","未核验","未核验","未核验","https://huggingface.co/openbmb/AgentCPM-Explore/resolve/f528bbb55317bd291387ba3347551dd3414e698e/config.json","文本decode/verify；B[1,16],S[1,8]；TP=1逻辑参考；独立逻辑矩阵，不断言实际融合与存储","Y=X@W^T; width=heads*head_dim"
"root/layer_16","v_projection","未核验","GEMM","[B,S,2560]","[B,S,1024]","B,S,T；其他轴见模型参数","B[1,16];S_verify[1,8];L_KV独立未知；TP=1","config=bfloat16；激活/累加类型未核验","未核验","逻辑轴顺序；物理format未核验","逻辑轴顺序；物理format未核验","未评估候选","未评估候选","未评估候选","未核验","未实测","未实测","未实测","未实测","未核验","配置确认 + 数学推导；未核验完整调用链","https://huggingface.co/openbmb/AgentCPM-Explore/resolve/f528bbb55317bd291387ba3347551dd3414e698e/config.json","logical [1024,2560]","未核验","未核验","未核验","https://huggingface.co/openbmb/AgentCPM-Explore/resolve/f528bbb55317bd291387ba3347551dd3414e698e/config.json","文本decode/verify；B[1,16],S[1,8]；TP=1逻辑参考；独立逻辑矩阵，不断言实际融合与存储","Y=X@W^T; width=heads*head_dim"
"root/layer_16","position_and_cache","未核验","位置/缓存","Q,K,V projected; B,S","Q:[B,32,S,128]; K,V:[B,8,L_KV,128]","B,S,T；其他轴见模型参数","B[1,16];S_verify[1,8];L_KV独立未知；TP=1","config=bfloat16；激活/累加类型未核验","未核验","逻辑轴顺序；物理format未核验","逻辑轴顺序；物理format未核验","未评估候选","未评估候选","未评估候选","未核验","未实测","未实测","未实测","未实测","未核验","配置确认 + 数学推导；未核验完整调用链","https://huggingface.co/openbmb/AgentCPM-Explore/resolve/f528bbb55317bd291387ba3347551dd3414e698e/config.json","未核验","未核验","未核验","未核验","https://huggingface.co/openbmb/AgentCPM-Explore/resolve/f528bbb55317bd291387ba3347551dd3414e698e/config.json","文本decode/verify；B[1,16],S[1,8]；TP=1逻辑参考；","文本decode/verify；B[1,16],S[1,8]；TP=1逻辑参考；位置编码与物理layout需实现核验"
"root/layer_16","attention","未核验","attention","Q:[B,32,S,128];K,V:[B,8,L_KV,128]","[B,32,S,128]","B,S,T；其他轴见模型参数","B[1,16];S_verify[1,8];L_KV独立未知；TP=1","config=bfloat16；激活/累加类型未核验","未核验","逻辑轴顺序；物理format未核验","逻辑轴顺序；物理format未核验","未评估候选","未评估候选","未评估候选","未核验","未实测","未实测","未实测","未实测","未核验","配置确认 + 数学推导；未核验完整调用链","https://huggingface.co/openbmb/AgentCPM-Explore/resolve/f528bbb55317bd291387ba3347551dd3414e698e/config.json","未核验","未核验","未核验","未核验","https://huggingface.co/openbmb/AgentCPM-Explore/resolve/f528bbb55317bd291387ba3347551dd3414e698e/config.json","文本decode/verify；B[1,16],S[1,8]；TP=1逻辑参考；稀疏选块/线性分支需按实现，不能据此声称稠密执行或峰值中间内存","softmax(QK^T / sqrt(head_dim) + mask)V（数学参考）"
"root/layer_16","output_projection","未核验","GEMM","[B,S,4096]","[B,S,2560]","B,S,T；其他轴见模型参数","B[1,16];S_verify[1,8];L_KV独立未知；TP=1","config=bfloat16；激活/累加类型未核验","未核验","逻辑轴顺序；物理format未核验","逻辑轴顺序；物理format未核验","未评估候选","未评估候选","未评估候选","未核验","未实测","未实测","未实测","未实测","未核验","配置确认 + 数学推导；未核验完整调用链","https://huggingface.co/openbmb/AgentCPM-Explore/resolve/f528bbb55317bd291387ba3347551dd3414e698e/config.json","logical [2560,4096]","未核验","未核验","未核验","https://huggingface.co/openbmb/AgentCPM-Explore/resolve/f528bbb55317bd291387ba3347551dd3414e698e/config.json","文本decode/verify；B[1,16],S[1,8]；TP=1逻辑参考；","Y=X@W^T"
"root/layer_16","attention_residual","未核验","elementwise","[B,S,2560];[B,S,2560]","[B,S,2560]","B,S,T；其他轴见模型参数","B[1,16];S_verify[1,8];L_KV独立未知；TP=1","config=bfloat16；激活/累加类型未核验","未核验","逻辑轴顺序；物理format未核验","逻辑轴顺序；物理format未核验","未评估候选","未评估候选","未评估候选","未核验","未实测","未实测","未实测","未实测","未核验","配置确认 + 数学推导；未核验完整调用链","https://huggingface.co/openbmb/AgentCPM-Explore/resolve/f528bbb55317bd291387ba3347551dd3414e698e/config.json","未核验","未核验","未核验","未核验","https://huggingface.co/openbmb/AgentCPM-Explore/resolve/f528bbb55317bd291387ba3347551dd3414e698e/config.json","文本decode/verify；B[1,16],S[1,8]；TP=1逻辑参考；","Y=X+branch（参考，实际残差策略未核验）"
"root/layer_16","post_attention_normalization","未核验","norm","[B,S,2560]","[B,S,2560]","B,S,T；其他轴见模型参数","B[1,16];S_verify[1,8];L_KV独立未知；TP=1","config=bfloat16；激活/累加类型未核验","未核验","逻辑轴顺序；物理format未核验","逻辑轴顺序；物理format未核验","未评估候选","未评估候选","未评估候选","未核验","未实测","未实测","未实测","未实测","未核验","配置确认 + 数学推导；未核验完整调用链","https://huggingface.co/openbmb/AgentCPM-Explore/resolve/f528bbb55317bd291387ba3347551dd3414e698e/config.json","未核验","未核验","未核验","未核验","https://huggingface.co/openbmb/AgentCPM-Explore/resolve/f528bbb55317bd291387ba3347551dd3414e698e/config.json","文本decode/verify；B[1,16],S[1,8]；TP=1逻辑参考；","类型与位置待源码核验"
"root/layer_16","FFN_up","未核验","GEMM","[B,S,2560]","[B,S,9728]","B,S,T；其他轴见模型参数","B[1,16];S_verify[1,8];L_KV独立未知；TP=1","config=bfloat16；激活/累加类型未核验","未核验","逻辑轴顺序；物理format未核验","逻辑轴顺序；物理format未核验","未评估候选","未评估候选","未评估候选","未核验","未实测","未实测","未实测","未实测","未核验","配置确认 + 数学推导；未核验完整调用链","https://huggingface.co/openbmb/AgentCPM-Explore/resolve/f528bbb55317bd291387ba3347551dd3414e698e/config.json","logical [9728,2560]","未核验","未核验","未核验","https://huggingface.co/openbmb/AgentCPM-Explore/resolve/f528bbb55317bd291387ba3347551dd3414e698e/config.json","文本decode/verify；B[1,16],S[1,8]；TP=1逻辑参考；","Y=X@W^T"
"root/layer_16","FFN_activation_and_optional_gate","未核验","activation","[B,S,9728]","[B,S,9728]","B,S,T；其他轴见模型参数","B[1,16];S_verify[1,8];L_KV独立未知；TP=1","config=bfloat16；激活/累加类型未核验","未核验","逻辑轴顺序；物理format未核验","逻辑轴顺序；物理format未核验","未评估候选","未评估候选","未评估候选","未核验","未实测","未实测","未实测","未实测","未核验","配置确认 + 数学推导；未核验完整调用链","https://huggingface.co/openbmb/AgentCPM-Explore/resolve/f528bbb55317bd291387ba3347551dd3414e698e/config.json","未核验","未核验","未核验","未核验","https://huggingface.co/openbmb/AgentCPM-Explore/resolve/f528bbb55317bd291387ba3347551dd3414e698e/config.json","文本decode/verify；B[1,16],S[1,8]；TP=1逻辑参考；是否额外gate矩阵与门控分支维度需要实现；不能仅由silu推定完整SwiGLU","config.hidden_act=silu"
"root/layer_16","FFN_down","未核验","GEMM","[B,S,9728]","[B,S,2560]","B,S,T；其他轴见模型参数","B[1,16];S_verify[1,8];L_KV独立未知；TP=1","config=bfloat16；激活/累加类型未核验","未核验","逻辑轴顺序；物理format未核验","逻辑轴顺序；物理format未核验","未评估候选","未评估候选","未评估候选","未核验","未实测","未实测","未实测","未实测","未核验","配置确认 + 数学推导；未核验完整调用链","https://huggingface.co/openbmb/AgentCPM-Explore/resolve/f528bbb55317bd291387ba3347551dd3414e698e/config.json","logical [2560,9728]","未核验","未核验","未核验","https://huggingface.co/openbmb/AgentCPM-Explore/resolve/f528bbb55317bd291387ba3347551dd3414e698e/config.json","文本decode/verify；B[1,16],S[1,8]；TP=1逻辑参考；","Y=X@W^T"
"root/layer_16","FFN_residual","未核验","elementwise","[B,S,2560];[B,S,2560]","[B,S,2560]","B,S,T；其他轴见模型参数","B[1,16];S_verify[1,8];L_KV独立未知；TP=1","config=bfloat16；激活/累加类型未核验","未核验","逻辑轴顺序；物理format未核验","逻辑轴顺序；物理format未核验","未评估候选","未评估候选","未评估候选","未核验","未实测","未实测","未实测","未实测","未核验","配置确认 + 数学推导；未核验完整调用链","https://huggingface.co/openbmb/AgentCPM-Explore/resolve/f528bbb55317bd291387ba3347551dd3414e698e/config.json","未核验","未核验","未核验","未核验","https://huggingface.co/openbmb/AgentCPM-Explore/resolve/f528bbb55317bd291387ba3347551dd3414e698e/config.json","文本decode/verify；B[1,16],S[1,8]；TP=1逻辑参考；","Y=X+branch（参考，实际残差策略未核验）"
"root/layer_17","input_normalization","未核验","norm","[B,S,2560]","[B,S,2560]","B,S,T；其他轴见模型参数","B[1,16];S_verify[1,8];L_KV独立未知；TP=1","config=bfloat16；激活/累加类型未核验","未核验","逻辑轴顺序；物理format未核验","逻辑轴顺序；物理format未核验","未评估候选","未评估候选","未评估候选","未核验","未实测","未实测","未实测","未实测","未核验","配置确认 + 数学推导；未核验完整调用链","https://huggingface.co/openbmb/AgentCPM-Explore/resolve/f528bbb55317bd291387ba3347551dd3414e698e/config.json","未核验","未核验","未核验","未核验","https://huggingface.co/openbmb/AgentCPM-Explore/resolve/f528bbb55317bd291387ba3347551dd3414e698e/config.json","文本decode/verify；B[1,16],S[1,8]；TP=1逻辑参考；","归一化类型/先后顺序待实现核验"
"root/layer_17","q_projection","未核验","GEMM","[B,S,2560]","[B,S,4096]","B,S,T；其他轴见模型参数","B[1,16];S_verify[1,8];L_KV独立未知；TP=1","config=bfloat16；激活/累加类型未核验","未核验","逻辑轴顺序；物理format未核验","逻辑轴顺序；物理format未核验","未评估候选","未评估候选","未评估候选","未核验","未实测","未实测","未实测","未实测","未核验","配置确认 + 数学推导；未核验完整调用链","https://huggingface.co/openbmb/AgentCPM-Explore/resolve/f528bbb55317bd291387ba3347551dd3414e698e/config.json","logical [4096,2560]","未核验","未核验","未核验","https://huggingface.co/openbmb/AgentCPM-Explore/resolve/f528bbb55317bd291387ba3347551dd3414e698e/config.json","文本decode/verify；B[1,16],S[1,8]；TP=1逻辑参考；独立逻辑矩阵，不断言实际融合与存储","Y=X@W^T; width=heads*head_dim"
"root/layer_17","k_projection","未核验","GEMM","[B,S,2560]","[B,S,1024]","B,S,T；其他轴见模型参数","B[1,16];S_verify[1,8];L_KV独立未知；TP=1","config=bfloat16；激活/累加类型未核验","未核验","逻辑轴顺序；物理format未核验","逻辑轴顺序；物理format未核验","未评估候选","未评估候选","未评估候选","未核验","未实测","未实测","未实测","未实测","未核验","配置确认 + 数学推导；未核验完整调用链","https://huggingface.co/openbmb/AgentCPM-Explore/resolve/f528bbb55317bd291387ba3347551dd3414e698e/config.json","logical [1024,2560]","未核验","未核验","未核验","https://huggingface.co/openbmb/AgentCPM-Explore/resolve/f528bbb55317bd291387ba3347551dd3414e698e/config.json","文本decode/verify；B[1,16],S[1,8]；TP=1逻辑参考；独立逻辑矩阵，不断言实际融合与存储","Y=X@W^T; width=heads*head_dim"
"root/layer_17","v_projection","未核验","GEMM","[B,S,2560]","[B,S,1024]","B,S,T；其他轴见模型参数","B[1,16];S_verify[1,8];L_KV独立未知；TP=1","config=bfloat16；激活/累加类型未核验","未核验","逻辑轴顺序；物理format未核验","逻辑轴顺序；物理format未核验","未评估候选","未评估候选","未评估候选","未核验","未实测","未实测","未实测","未实测","未核验","配置确认 + 数学推导；未核验完整调用链","https://huggingface.co/openbmb/AgentCPM-Explore/resolve/f528bbb55317bd291387ba3347551dd3414e698e/config.json","logical [1024,2560]","未核验","未核验","未核验","https://huggingface.co/openbmb/AgentCPM-Explore/resolve/f528bbb55317bd291387ba3347551dd3414e698e/config.json","文本decode/verify；B[1,16],S[1,8]；TP=1逻辑参考；独立逻辑矩阵，不断言实际融合与存储","Y=X@W^T; width=heads*head_dim"
"root/layer_17","position_and_cache","未核验","位置/缓存","Q,K,V projected; B,S","Q:[B,32,S,128]; K,V:[B,8,L_KV,128]","B,S,T；其他轴见模型参数","B[1,16];S_verify[1,8];L_KV独立未知；TP=1","config=bfloat16；激活/累加类型未核验","未核验","逻辑轴顺序；物理format未核验","逻辑轴顺序；物理format未核验","未评估候选","未评估候选","未评估候选","未核验","未实测","未实测","未实测","未实测","未核验","配置确认 + 数学推导；未核验完整调用链","https://huggingface.co/openbmb/AgentCPM-Explore/resolve/f528bbb55317bd291387ba3347551dd3414e698e/config.json","未核验","未核验","未核验","未核验","https://huggingface.co/openbmb/AgentCPM-Explore/resolve/f528bbb55317bd291387ba3347551dd3414e698e/config.json","文本decode/verify；B[1,16],S[1,8]；TP=1逻辑参考；","文本decode/verify；B[1,16],S[1,8]；TP=1逻辑参考；位置编码与物理layout需实现核验"
"root/layer_17","attention","未核验","attention","Q:[B,32,S,128];K,V:[B,8,L_KV,128]","[B,32,S,128]","B,S,T；其他轴见模型参数","B[1,16];S_verify[1,8];L_KV独立未知；TP=1","config=bfloat16；激活/累加类型未核验","未核验","逻辑轴顺序；物理format未核验","逻辑轴顺序；物理format未核验","未评估候选","未评估候选","未评估候选","未核验","未实测","未实测","未实测","未实测","未核验","配置确认 + 数学推导；未核验完整调用链","https://huggingface.co/openbmb/AgentCPM-Explore/resolve/f528bbb55317bd291387ba3347551dd3414e698e/config.json","未核验","未核验","未核验","未核验","https://huggingface.co/openbmb/AgentCPM-Explore/resolve/f528bbb55317bd291387ba3347551dd3414e698e/config.json","文本decode/verify；B[1,16],S[1,8]；TP=1逻辑参考；稀疏选块/线性分支需按实现，不能据此声称稠密执行或峰值中间内存","softmax(QK^T / sqrt(head_dim) + mask)V（数学参考）"
"root/layer_17","output_projection","未核验","GEMM","[B,S,4096]","[B,S,2560]","B,S,T；其他轴见模型参数","B[1,16];S_verify[1,8];L_KV独立未知；TP=1","config=bfloat16；激活/累加类型未核验","未核验","逻辑轴顺序；物理format未核验","逻辑轴顺序；物理format未核验","未评估候选","未评估候选","未评估候选","未核验","未实测","未实测","未实测","未实测","未核验","配置确认 + 数学推导；未核验完整调用链","https://huggingface.co/openbmb/AgentCPM-Explore/resolve/f528bbb55317bd291387ba3347551dd3414e698e/config.json","logical [2560,4096]","未核验","未核验","未核验","https://huggingface.co/openbmb/AgentCPM-Explore/resolve/f528bbb55317bd291387ba3347551dd3414e698e/config.json","文本decode/verify；B[1,16],S[1,8]；TP=1逻辑参考；","Y=X@W^T"
"root/layer_17","attention_residual","未核验","elementwise","[B,S,2560];[B,S,2560]","[B,S,2560]","B,S,T；其他轴见模型参数","B[1,16];S_verify[1,8];L_KV独立未知；TP=1","config=bfloat16；激活/累加类型未核验","未核验","逻辑轴顺序；物理format未核验","逻辑轴顺序；物理format未核验","未评估候选","未评估候选","未评估候选","未核验","未实测","未实测","未实测","未实测","未核验","配置确认 + 数学推导；未核验完整调用链","https://huggingface.co/openbmb/AgentCPM-Explore/resolve/f528bbb55317bd291387ba3347551dd3414e698e/config.json","未核验","未核验","未核验","未核验","https://huggingface.co/openbmb/AgentCPM-Explore/resolve/f528bbb55317bd291387ba3347551dd3414e698e/config.json","文本decode/verify；B[1,16],S[1,8]；TP=1逻辑参考；","Y=X+branch（参考，实际残差策略未核验）"
"root/layer_17","post_attention_normalization","未核验","norm","[B,S,2560]","[B,S,2560]","B,S,T；其他轴见模型参数","B[1,16];S_verify[1,8];L_KV独立未知；TP=1","config=bfloat16；激活/累加类型未核验","未核验","逻辑轴顺序；物理format未核验","逻辑轴顺序；物理format未核验","未评估候选","未评估候选","未评估候选","未核验","未实测","未实测","未实测","未实测","未核验","配置确认 + 数学推导；未核验完整调用链","https://huggingface.co/openbmb/AgentCPM-Explore/resolve/f528bbb55317bd291387ba3347551dd3414e698e/config.json","未核验","未核验","未核验","未核验","https://huggingface.co/openbmb/AgentCPM-Explore/resolve/f528bbb55317bd291387ba3347551dd3414e698e/config.json","文本decode/verify；B[1,16],S[1,8]；TP=1逻辑参考；","类型与位置待源码核验"
"root/layer_17","FFN_up","未核验","GEMM","[B,S,2560]","[B,S,9728]","B,S,T；其他轴见模型参数","B[1,16];S_verify[1,8];L_KV独立未知；TP=1","config=bfloat16；激活/累加类型未核验","未核验","逻辑轴顺序；物理format未核验","逻辑轴顺序；物理format未核验","未评估候选","未评估候选","未评估候选","未核验","未实测","未实测","未实测","未实测","未核验","配置确认 + 数学推导；未核验完整调用链","https://huggingface.co/openbmb/AgentCPM-Explore/resolve/f528bbb55317bd291387ba3347551dd3414e698e/config.json","logical [9728,2560]","未核验","未核验","未核验","https://huggingface.co/openbmb/AgentCPM-Explore/resolve/f528bbb55317bd291387ba3347551dd3414e698e/config.json","文本decode/verify；B[1,16],S[1,8]；TP=1逻辑参考；","Y=X@W^T"
"root/layer_17","FFN_activation_and_optional_gate","未核验","activation","[B,S,9728]","[B,S,9728]","B,S,T；其他轴见模型参数","B[1,16];S_verify[1,8];L_KV独立未知；TP=1","config=bfloat16；激活/累加类型未核验","未核验","逻辑轴顺序；物理format未核验","逻辑轴顺序；物理format未核验","未评估候选","未评估候选","未评估候选","未核验","未实测","未实测","未实测","未实测","未核验","配置确认 + 数学推导；未核验完整调用链","https://huggingface.co/openbmb/AgentCPM-Explore/resolve/f528bbb55317bd291387ba3347551dd3414e698e/config.json","未核验","未核验","未核验","未核验","https://huggingface.co/openbmb/AgentCPM-Explore/resolve/f528bbb55317bd291387ba3347551dd3414e698e/config.json","文本decode/verify；B[1,16],S[1,8]；TP=1逻辑参考；是否额外gate矩阵与门控分支维度需要实现；不能仅由silu推定完整SwiGLU","config.hidden_act=silu"
"root/layer_17","FFN_down","未核验","GEMM","[B,S,9728]","[B,S,2560]","B,S,T；其他轴见模型参数","B[1,16];S_verify[1,8];L_KV独立未知；TP=1","config=bfloat16；激活/累加类型未核验","未核验","逻辑轴顺序；物理format未核验","逻辑轴顺序；物理format未核验","未评估候选","未评估候选","未评估候选","未核验","未实测","未实测","未实测","未实测","未核验","配置确认 + 数学推导；未核验完整调用链","https://huggingface.co/openbmb/AgentCPM-Explore/resolve/f528bbb55317bd291387ba3347551dd3414e698e/config.json","logical [2560,9728]","未核验","未核验","未核验","https://huggingface.co/openbmb/AgentCPM-Explore/resolve/f528bbb55317bd291387ba3347551dd3414e698e/config.json","文本decode/verify；B[1,16],S[1,8]；TP=1逻辑参考；","Y=X@W^T"
"root/layer_17","FFN_residual","未核验","elementwise","[B,S,2560];[B,S,2560]","[B,S,2560]","B,S,T；其他轴见模型参数","B[1,16];S_verify[1,8];L_KV独立未知；TP=1","config=bfloat16；激活/累加类型未核验","未核验","逻辑轴顺序；物理format未核验","逻辑轴顺序；物理format未核验","未评估候选","未评估候选","未评估候选","未核验","未实测","未实测","未实测","未实测","未核验","配置确认 + 数学推导；未核验完整调用链","https://huggingface.co/openbmb/AgentCPM-Explore/resolve/f528bbb55317bd291387ba3347551dd3414e698e/config.json","未核验","未核验","未核验","未核验","https://huggingface.co/openbmb/AgentCPM-Explore/resolve/f528bbb55317bd291387ba3347551dd3414e698e/config.json","文本decode/verify；B[1,16],S[1,8]；TP=1逻辑参考；","Y=X+branch（参考，实际残差策略未核验）"
"root/layer_18","input_normalization","未核验","norm","[B,S,2560]","[B,S,2560]","B,S,T；其他轴见模型参数","B[1,16];S_verify[1,8];L_KV独立未知；TP=1","config=bfloat16；激活/累加类型未核验","未核验","逻辑轴顺序；物理format未核验","逻辑轴顺序；物理format未核验","未评估候选","未评估候选","未评估候选","未核验","未实测","未实测","未实测","未实测","未核验","配置确认 + 数学推导；未核验完整调用链","https://huggingface.co/openbmb/AgentCPM-Explore/resolve/f528bbb55317bd291387ba3347551dd3414e698e/config.json","未核验","未核验","未核验","未核验","https://huggingface.co/openbmb/AgentCPM-Explore/resolve/f528bbb55317bd291387ba3347551dd3414e698e/config.json","文本decode/verify；B[1,16],S[1,8]；TP=1逻辑参考；","归一化类型/先后顺序待实现核验"
"root/layer_18","q_projection","未核验","GEMM","[B,S,2560]","[B,S,4096]","B,S,T；其他轴见模型参数","B[1,16];S_verify[1,8];L_KV独立未知；TP=1","config=bfloat16；激活/累加类型未核验","未核验","逻辑轴顺序；物理format未核验","逻辑轴顺序；物理format未核验","未评估候选","未评估候选","未评估候选","未核验","未实测","未实测","未实测","未实测","未核验","配置确认 + 数学推导；未核验完整调用链","https://huggingface.co/openbmb/AgentCPM-Explore/resolve/f528bbb55317bd291387ba3347551dd3414e698e/config.json","logical [4096,2560]","未核验","未核验","未核验","https://huggingface.co/openbmb/AgentCPM-Explore/resolve/f528bbb55317bd291387ba3347551dd3414e698e/config.json","文本decode/verify；B[1,16],S[1,8]；TP=1逻辑参考；独立逻辑矩阵，不断言实际融合与存储","Y=X@W^T; width=heads*head_dim"
"root/layer_18","k_projection","未核验","GEMM","[B,S,2560]","[B,S,1024]","B,S,T；其他轴见模型参数","B[1,16];S_verify[1,8];L_KV独立未知；TP=1","config=bfloat16；激活/累加类型未核验","未核验","逻辑轴顺序；物理format未核验","逻辑轴顺序；物理format未核验","未评估候选","未评估候选","未评估候选","未核验","未实测","未实测","未实测","未实测","未核验","配置确认 + 数学推导；未核验完整调用链","https://huggingface.co/openbmb/AgentCPM-Explore/resolve/f528bbb55317bd291387ba3347551dd3414e698e/config.json","logical [1024,2560]","未核验","未核验","未核验","https://huggingface.co/openbmb/AgentCPM-Explore/resolve/f528bbb55317bd291387ba3347551dd3414e698e/config.json","文本decode/verify；B[1,16],S[1,8]；TP=1逻辑参考；独立逻辑矩阵，不断言实际融合与存储","Y=X@W^T; width=heads*head_dim"
"root/layer_18","v_projection","未核验","GEMM","[B,S,2560]","[B,S,1024]","B,S,T；其他轴见模型参数","B[1,16];S_verify[1,8];L_KV独立未知；TP=1","config=bfloat16；激活/累加类型未核验","未核验","逻辑轴顺序；物理format未核验","逻辑轴顺序；物理format未核验","未评估候选","未评估候选","未评估候选","未核验","未实测","未实测","未实测","未实测","未核验","配置确认 + 数学推导；未核验完整调用链","https://huggingface.co/openbmb/AgentCPM-Explore/resolve/f528bbb55317bd291387ba3347551dd3414e698e/config.json","logical [1024,2560]","未核验","未核验","未核验","https://huggingface.co/openbmb/AgentCPM-Explore/resolve/f528bbb55317bd291387ba3347551dd3414e698e/config.json","文本decode/verify；B[1,16],S[1,8]；TP=1逻辑参考；独立逻辑矩阵，不断言实际融合与存储","Y=X@W^T; width=heads*head_dim"
"root/layer_18","position_and_cache","未核验","位置/缓存","Q,K,V projected; B,S","Q:[B,32,S,128]; K,V:[B,8,L_KV,128]","B,S,T；其他轴见模型参数","B[1,16];S_verify[1,8];L_KV独立未知；TP=1","config=bfloat16；激活/累加类型未核验","未核验","逻辑轴顺序；物理format未核验","逻辑轴顺序；物理format未核验","未评估候选","未评估候选","未评估候选","未核验","未实测","未实测","未实测","未实测","未核验","配置确认 + 数学推导；未核验完整调用链","https://huggingface.co/openbmb/AgentCPM-Explore/resolve/f528bbb55317bd291387ba3347551dd3414e698e/config.json","未核验","未核验","未核验","未核验","https://huggingface.co/openbmb/AgentCPM-Explore/resolve/f528bbb55317bd291387ba3347551dd3414e698e/config.json","文本decode/verify；B[1,16],S[1,8]；TP=1逻辑参考；","文本decode/verify；B[1,16],S[1,8]；TP=1逻辑参考；位置编码与物理layout需实现核验"
"root/layer_18","attention","未核验","attention","Q:[B,32,S,128];K,V:[B,8,L_KV,128]","[B,32,S,128]","B,S,T；其他轴见模型参数","B[1,16];S_verify[1,8];L_KV独立未知；TP=1","config=bfloat16；激活/累加类型未核验","未核验","逻辑轴顺序；物理format未核验","逻辑轴顺序；物理format未核验","未评估候选","未评估候选","未评估候选","未核验","未实测","未实测","未实测","未实测","未核验","配置确认 + 数学推导；未核验完整调用链","https://huggingface.co/openbmb/AgentCPM-Explore/resolve/f528bbb55317bd291387ba3347551dd3414e698e/config.json","未核验","未核验","未核验","未核验","https://huggingface.co/openbmb/AgentCPM-Explore/resolve/f528bbb55317bd291387ba3347551dd3414e698e/config.json","文本decode/verify；B[1,16],S[1,8]；TP=1逻辑参考；稀疏选块/线性分支需按实现，不能据此声称稠密执行或峰值中间内存","softmax(QK^T / sqrt(head_dim) + mask)V（数学参考）"
"root/layer_18","output_projection","未核验","GEMM","[B,S,4096]","[B,S,2560]","B,S,T；其他轴见模型参数","B[1,16];S_verify[1,8];L_KV独立未知；TP=1","config=bfloat16；激活/累加类型未核验","未核验","逻辑轴顺序；物理format未核验","逻辑轴顺序；物理format未核验","未评估候选","未评估候选","未评估候选","未核验","未实测","未实测","未实测","未实测","未核验","配置确认 + 数学推导；未核验完整调用链","https://huggingface.co/openbmb/AgentCPM-Explore/resolve/f528bbb55317bd291387ba3347551dd3414e698e/config.json","logical [2560,4096]","未核验","未核验","未核验","https://huggingface.co/openbmb/AgentCPM-Explore/resolve/f528bbb55317bd291387ba3347551dd3414e698e/config.json","文本decode/verify；B[1,16],S[1,8]；TP=1逻辑参考；","Y=X@W^T"
"root/layer_18","attention_residual","未核验","elementwise","[B,S,2560];[B,S,2560]","[B,S,2560]","B,S,T；其他轴见模型参数","B[1,16];S_verify[1,8];L_KV独立未知；TP=1","config=bfloat16；激活/累加类型未核验","未核验","逻辑轴顺序；物理format未核验","逻辑轴顺序；物理format未核验","未评估候选","未评估候选","未评估候选","未核验","未实测","未实测","未实测","未实测","未核验","配置确认 + 数学推导；未核验完整调用链","https://huggingface.co/openbmb/AgentCPM-Explore/resolve/f528bbb55317bd291387ba3347551dd3414e698e/config.json","未核验","未核验","未核验","未核验","https://huggingface.co/openbmb/AgentCPM-Explore/resolve/f528bbb55317bd291387ba3347551dd3414e698e/config.json","文本decode/verify；B[1,16],S[1,8]；TP=1逻辑参考；","Y=X+branch（参考，实际残差策略未核验）"
"root/layer_18","post_attention_normalization","未核验","norm","[B,S,2560]","[B,S,2560]","B,S,T；其他轴见模型参数","B[1,16];S_verify[1,8];L_KV独立未知；TP=1","config=bfloat16；激活/累加类型未核验","未核验","逻辑轴顺序；物理format未核验","逻辑轴顺序；物理format未核验","未评估候选","未评估候选","未评估候选","未核验","未实测","未实测","未实测","未实测","未核验","配置确认 + 数学推导；未核验完整调用链","https://huggingface.co/openbmb/AgentCPM-Explore/resolve/f528bbb55317bd291387ba3347551dd3414e698e/config.json","未核验","未核验","未核验","未核验","https://huggingface.co/openbmb/AgentCPM-Explore/resolve/f528bbb55317bd291387ba3347551dd3414e698e/config.json","文本decode/verify；B[1,16],S[1,8]；TP=1逻辑参考；","类型与位置待源码核验"
"root/layer_18","FFN_up","未核验","GEMM","[B,S,2560]","[B,S,9728]","B,S,T；其他轴见模型参数","B[1,16];S_verify[1,8];L_KV独立未知；TP=1","config=bfloat16；激活/累加类型未核验","未核验","逻辑轴顺序；物理format未核验","逻辑轴顺序；物理format未核验","未评估候选","未评估候选","未评估候选","未核验","未实测","未实测","未实测","未实测","未核验","配置确认 + 数学推导；未核验完整调用链","https://huggingface.co/openbmb/AgentCPM-Explore/resolve/f528bbb55317bd291387ba3347551dd3414e698e/config.json","logical [9728,2560]","未核验","未核验","未核验","https://huggingface.co/openbmb/AgentCPM-Explore/resolve/f528bbb55317bd291387ba3347551dd3414e698e/config.json","文本decode/verify；B[1,16],S[1,8]；TP=1逻辑参考；","Y=X@W^T"
"root/layer_18","FFN_activation_and_optional_gate","未核验","activation","[B,S,9728]","[B,S,9728]","B,S,T；其他轴见模型参数","B[1,16];S_verify[1,8];L_KV独立未知；TP=1","config=bfloat16；激活/累加类型未核验","未核验","逻辑轴顺序；物理format未核验","逻辑轴顺序；物理format未核验","未评估候选","未评估候选","未评估候选","未核验","未实测","未实测","未实测","未实测","未核验","配置确认 + 数学推导；未核验完整调用链","https://huggingface.co/openbmb/AgentCPM-Explore/resolve/f528bbb55317bd291387ba3347551dd3414e698e/config.json","未核验","未核验","未核验","未核验","https://huggingface.co/openbmb/AgentCPM-Explore/resolve/f528bbb55317bd291387ba3347551dd3414e698e/config.json","文本decode/verify；B[1,16],S[1,8]；TP=1逻辑参考；是否额外gate矩阵与门控分支维度需要实现；不能仅由silu推定完整SwiGLU","config.hidden_act=silu"
"root/layer_18","FFN_down","未核验","GEMM","[B,S,9728]","[B,S,2560]","B,S,T；其他轴见模型参数","B[1,16];S_verify[1,8];L_KV独立未知；TP=1","config=bfloat16；激活/累加类型未核验","未核验","逻辑轴顺序；物理format未核验","逻辑轴顺序；物理format未核验","未评估候选","未评估候选","未评估候选","未核验","未实测","未实测","未实测","未实测","未核验","配置确认 + 数学推导；未核验完整调用链","https://huggingface.co/openbmb/AgentCPM-Explore/resolve/f528bbb55317bd291387ba3347551dd3414e698e/config.json","logical [2560,9728]","未核验","未核验","未核验","https://huggingface.co/openbmb/AgentCPM-Explore/resolve/f528bbb55317bd291387ba3347551dd3414e698e/config.json","文本decode/verify；B[1,16],S[1,8]；TP=1逻辑参考；","Y=X@W^T"
"root/layer_18","FFN_residual","未核验","elementwise","[B,S,2560];[B,S,2560]","[B,S,2560]","B,S,T；其他轴见模型参数","B[1,16];S_verify[1,8];L_KV独立未知；TP=1","config=bfloat16；激活/累加类型未核验","未核验","逻辑轴顺序；物理format未核验","逻辑轴顺序；物理format未核验","未评估候选","未评估候选","未评估候选","未核验","未实测","未实测","未实测","未实测","未核验","配置确认 + 数学推导；未核验完整调用链","https://huggingface.co/openbmb/AgentCPM-Explore/resolve/f528bbb55317bd291387ba3347551dd3414e698e/config.json","未核验","未核验","未核验","未核验","https://huggingface.co/openbmb/AgentCPM-Explore/resolve/f528bbb55317bd291387ba3347551dd3414e698e/config.json","文本decode/verify；B[1,16],S[1,8]；TP=1逻辑参考；","Y=X+branch（参考，实际残差策略未核验）"
"root/layer_19","input_normalization","未核验","norm","[B,S,2560]","[B,S,2560]","B,S,T；其他轴见模型参数","B[1,16];S_verify[1,8];L_KV独立未知；TP=1","config=bfloat16；激活/累加类型未核验","未核验","逻辑轴顺序；物理format未核验","逻辑轴顺序；物理format未核验","未评估候选","未评估候选","未评估候选","未核验","未实测","未实测","未实测","未实测","未核验","配置确认 + 数学推导；未核验完整调用链","https://huggingface.co/openbmb/AgentCPM-Explore/resolve/f528bbb55317bd291387ba3347551dd3414e698e/config.json","未核验","未核验","未核验","未核验","https://huggingface.co/openbmb/AgentCPM-Explore/resolve/f528bbb55317bd291387ba3347551dd3414e698e/config.json","文本decode/verify；B[1,16],S[1,8]；TP=1逻辑参考；","归一化类型/先后顺序待实现核验"
"root/layer_19","q_projection","未核验","GEMM","[B,S,2560]","[B,S,4096]","B,S,T；其他轴见模型参数","B[1,16];S_verify[1,8];L_KV独立未知；TP=1","config=bfloat16；激活/累加类型未核验","未核验","逻辑轴顺序；物理format未核验","逻辑轴顺序；物理format未核验","未评估候选","未评估候选","未评估候选","未核验","未实测","未实测","未实测","未实测","未核验","配置确认 + 数学推导；未核验完整调用链","https://huggingface.co/openbmb/AgentCPM-Explore/resolve/f528bbb55317bd291387ba3347551dd3414e698e/config.json","logical [4096,2560]","未核验","未核验","未核验","https://huggingface.co/openbmb/AgentCPM-Explore/resolve/f528bbb55317bd291387ba3347551dd3414e698e/config.json","文本decode/verify；B[1,16],S[1,8]；TP=1逻辑参考；独立逻辑矩阵，不断言实际融合与存储","Y=X@W^T; width=heads*head_dim"
"root/layer_19","k_projection","未核验","GEMM","[B,S,2560]","[B,S,1024]","B,S,T；其他轴见模型参数","B[1,16];S_verify[1,8];L_KV独立未知；TP=1","config=bfloat16；激活/累加类型未核验","未核验","逻辑轴顺序；物理format未核验","逻辑轴顺序；物理format未核验","未评估候选","未评估候选","未评估候选","未核验","未实测","未实测","未实测","未实测","未核验","配置确认 + 数学推导；未核验完整调用链","https://huggingface.co/openbmb/AgentCPM-Explore/resolve/f528bbb55317bd291387ba3347551dd3414e698e/config.json","logical [1024,2560]","未核验","未核验","未核验","https://huggingface.co/openbmb/AgentCPM-Explore/resolve/f528bbb55317bd291387ba3347551dd3414e698e/config.json","文本decode/verify；B[1,16],S[1,8]；TP=1逻辑参考；独立逻辑矩阵，不断言实际融合与存储","Y=X@W^T; width=heads*head_dim"
"root/layer_19","v_projection","未核验","GEMM","[B,S,2560]","[B,S,1024]","B,S,T；其他轴见模型参数","B[1,16];S_verify[1,8];L_KV独立未知；TP=1","config=bfloat16；激活/累加类型未核验","未核验","逻辑轴顺序；物理format未核验","逻辑轴顺序；物理format未核验","未评估候选","未评估候选","未评估候选","未核验","未实测","未实测","未实测","未实测","未核验","配置确认 + 数学推导；未核验完整调用链","https://huggingface.co/openbmb/AgentCPM-Explore/resolve/f528bbb55317bd291387ba3347551dd3414e698e/config.json","logical [1024,2560]","未核验","未核验","未核验","https://huggingface.co/openbmb/AgentCPM-Explore/resolve/f528bbb55317bd291387ba3347551dd3414e698e/config.json","文本decode/verify；B[1,16],S[1,8]；TP=1逻辑参考；独立逻辑矩阵，不断言实际融合与存储","Y=X@W^T; width=heads*head_dim"
"root/layer_19","position_and_cache","未核验","位置/缓存","Q,K,V projected; B,S","Q:[B,32,S,128]; K,V:[B,8,L_KV,128]","B,S,T；其他轴见模型参数","B[1,16];S_verify[1,8];L_KV独立未知；TP=1","config=bfloat16；激活/累加类型未核验","未核验","逻辑轴顺序；物理format未核验","逻辑轴顺序；物理format未核验","未评估候选","未评估候选","未评估候选","未核验","未实测","未实测","未实测","未实测","未核验","配置确认 + 数学推导；未核验完整调用链","https://huggingface.co/openbmb/AgentCPM-Explore/resolve/f528bbb55317bd291387ba3347551dd3414e698e/config.json","未核验","未核验","未核验","未核验","https://huggingface.co/openbmb/AgentCPM-Explore/resolve/f528bbb55317bd291387ba3347551dd3414e698e/config.json","文本decode/verify；B[1,16],S[1,8]；TP=1逻辑参考；","文本decode/verify；B[1,16],S[1,8]；TP=1逻辑参考；位置编码与物理layout需实现核验"
"root/layer_19","attention","未核验","attention","Q:[B,32,S,128];K,V:[B,8,L_KV,128]","[B,32,S,128]","B,S,T；其他轴见模型参数","B[1,16];S_verify[1,8];L_KV独立未知；TP=1","config=bfloat16；激活/累加类型未核验","未核验","逻辑轴顺序；物理format未核验","逻辑轴顺序；物理format未核验","未评估候选","未评估候选","未评估候选","未核验","未实测","未实测","未实测","未实测","未核验","配置确认 + 数学推导；未核验完整调用链","https://huggingface.co/openbmb/AgentCPM-Explore/resolve/f528bbb55317bd291387ba3347551dd3414e698e/config.json","未核验","未核验","未核验","未核验","https://huggingface.co/openbmb/AgentCPM-Explore/resolve/f528bbb55317bd291387ba3347551dd3414e698e/config.json","文本decode/verify；B[1,16],S[1,8]；TP=1逻辑参考；稀疏选块/线性分支需按实现，不能据此声称稠密执行或峰值中间内存","softmax(QK^T / sqrt(head_dim) + mask)V（数学参考）"
"root/layer_19","output_projection","未核验","GEMM","[B,S,4096]","[B,S,2560]","B,S,T；其他轴见模型参数","B[1,16];S_verify[1,8];L_KV独立未知；TP=1","config=bfloat16；激活/累加类型未核验","未核验","逻辑轴顺序；物理format未核验","逻辑轴顺序；物理format未核验","未评估候选","未评估候选","未评估候选","未核验","未实测","未实测","未实测","未实测","未核验","配置确认 + 数学推导；未核验完整调用链","https://huggingface.co/openbmb/AgentCPM-Explore/resolve/f528bbb55317bd291387ba3347551dd3414e698e/config.json","logical [2560,4096]","未核验","未核验","未核验","https://huggingface.co/openbmb/AgentCPM-Explore/resolve/f528bbb55317bd291387ba3347551dd3414e698e/config.json","文本decode/verify；B[1,16],S[1,8]；TP=1逻辑参考；","Y=X@W^T"
"root/layer_19","attention_residual","未核验","elementwise","[B,S,2560];[B,S,2560]","[B,S,2560]","B,S,T；其他轴见模型参数","B[1,16];S_verify[1,8];L_KV独立未知；TP=1","config=bfloat16；激活/累加类型未核验","未核验","逻辑轴顺序；物理format未核验","逻辑轴顺序；物理format未核验","未评估候选","未评估候选","未评估候选","未核验","未实测","未实测","未实测","未实测","未核验","配置确认 + 数学推导；未核验完整调用链","https://huggingface.co/openbmb/AgentCPM-Explore/resolve/f528bbb55317bd291387ba3347551dd3414e698e/config.json","未核验","未核验","未核验","未核验","https://huggingface.co/openbmb/AgentCPM-Explore/resolve/f528bbb55317bd291387ba3347551dd3414e698e/config.json","文本decode/verify；B[1,16],S[1,8]；TP=1逻辑参考；","Y=X+branch（参考，实际残差策略未核验）"
"root/layer_19","post_attention_normalization","未核验","norm","[B,S,2560]","[B,S,2560]","B,S,T；其他轴见模型参数","B[1,16];S_verify[1,8];L_KV独立未知；TP=1","config=bfloat16；激活/累加类型未核验","未核验","逻辑轴顺序；物理format未核验","逻辑轴顺序；物理format未核验","未评估候选","未评估候选","未评估候选","未核验","未实测","未实测","未实测","未实测","未核验","配置确认 + 数学推导；未核验完整调用链","https://huggingface.co/openbmb/AgentCPM-Explore/resolve/f528bbb55317bd291387ba3347551dd3414e698e/config.json","未核验","未核验","未核验","未核验","https://huggingface.co/openbmb/AgentCPM-Explore/resolve/f528bbb55317bd291387ba3347551dd3414e698e/config.json","文本decode/verify；B[1,16],S[1,8]；TP=1逻辑参考；","类型与位置待源码核验"
"root/layer_19","FFN_up","未核验","GEMM","[B,S,2560]","[B,S,9728]","B,S,T；其他轴见模型参数","B[1,16];S_verify[1,8];L_KV独立未知；TP=1","config=bfloat16；激活/累加类型未核验","未核验","逻辑轴顺序；物理format未核验","逻辑轴顺序；物理format未核验","未评估候选","未评估候选","未评估候选","未核验","未实测","未实测","未实测","未实测","未核验","配置确认 + 数学推导；未核验完整调用链","https://huggingface.co/openbmb/AgentCPM-Explore/resolve/f528bbb55317bd291387ba3347551dd3414e698e/config.json","logical [9728,2560]","未核验","未核验","未核验","https://huggingface.co/openbmb/AgentCPM-Explore/resolve/f528bbb55317bd291387ba3347551dd3414e698e/config.json","文本decode/verify；B[1,16],S[1,8]；TP=1逻辑参考；","Y=X@W^T"
"root/layer_19","FFN_activation_and_optional_gate","未核验","activation","[B,S,9728]","[B,S,9728]","B,S,T；其他轴见模型参数","B[1,16];S_verify[1,8];L_KV独立未知；TP=1","config=bfloat16；激活/累加类型未核验","未核验","逻辑轴顺序；物理format未核验","逻辑轴顺序；物理format未核验","未评估候选","未评估候选","未评估候选","未核验","未实测","未实测","未实测","未实测","未核验","配置确认 + 数学推导；未核验完整调用链","https://huggingface.co/openbmb/AgentCPM-Explore/resolve/f528bbb55317bd291387ba3347551dd3414e698e/config.json","未核验","未核验","未核验","未核验","https://huggingface.co/openbmb/AgentCPM-Explore/resolve/f528bbb55317bd291387ba3347551dd3414e698e/config.json","文本decode/verify；B[1,16],S[1,8]；TP=1逻辑参考；是否额外gate矩阵与门控分支维度需要实现；不能仅由silu推定完整SwiGLU","config.hidden_act=silu"
"root/layer_19","FFN_down","未核验","GEMM","[B,S,9728]","[B,S,2560]","B,S,T；其他轴见模型参数","B[1,16];S_verify[1,8];L_KV独立未知；TP=1","config=bfloat16；激活/累加类型未核验","未核验","逻辑轴顺序；物理format未核验","逻辑轴顺序；物理format未核验","未评估候选","未评估候选","未评估候选","未核验","未实测","未实测","未实测","未实测","未核验","配置确认 + 数学推导；未核验完整调用链","https://huggingface.co/openbmb/AgentCPM-Explore/resolve/f528bbb55317bd291387ba3347551dd3414e698e/config.json","logical [2560,9728]","未核验","未核验","未核验","https://huggingface.co/openbmb/AgentCPM-Explore/resolve/f528bbb55317bd291387ba3347551dd3414e698e/config.json","文本decode/verify；B[1,16],S[1,8]；TP=1逻辑参考；","Y=X@W^T"
"root/layer_19","FFN_residual","未核验","elementwise","[B,S,2560];[B,S,2560]","[B,S,2560]","B,S,T；其他轴见模型参数","B[1,16];S_verify[1,8];L_KV独立未知；TP=1","config=bfloat16；激活/累加类型未核验","未核验","逻辑轴顺序；物理format未核验","逻辑轴顺序；物理format未核验","未评估候选","未评估候选","未评估候选","未核验","未实测","未实测","未实测","未实测","未核验","配置确认 + 数学推导；未核验完整调用链","https://huggingface.co/openbmb/AgentCPM-Explore/resolve/f528bbb55317bd291387ba3347551dd3414e698e/config.json","未核验","未核验","未核验","未核验","https://huggingface.co/openbmb/AgentCPM-Explore/resolve/f528bbb55317bd291387ba3347551dd3414e698e/config.json","文本decode/verify；B[1,16],S[1,8]；TP=1逻辑参考；","Y=X+branch（参考，实际残差策略未核验）"
"root/layer_20","input_normalization","未核验","norm","[B,S,2560]","[B,S,2560]","B,S,T；其他轴见模型参数","B[1,16];S_verify[1,8];L_KV独立未知；TP=1","config=bfloat16；激活/累加类型未核验","未核验","逻辑轴顺序；物理format未核验","逻辑轴顺序；物理format未核验","未评估候选","未评估候选","未评估候选","未核验","未实测","未实测","未实测","未实测","未核验","配置确认 + 数学推导；未核验完整调用链","https://huggingface.co/openbmb/AgentCPM-Explore/resolve/f528bbb55317bd291387ba3347551dd3414e698e/config.json","未核验","未核验","未核验","未核验","https://huggingface.co/openbmb/AgentCPM-Explore/resolve/f528bbb55317bd291387ba3347551dd3414e698e/config.json","文本decode/verify；B[1,16],S[1,8]；TP=1逻辑参考；","归一化类型/先后顺序待实现核验"
"root/layer_20","q_projection","未核验","GEMM","[B,S,2560]","[B,S,4096]","B,S,T；其他轴见模型参数","B[1,16];S_verify[1,8];L_KV独立未知；TP=1","config=bfloat16；激活/累加类型未核验","未核验","逻辑轴顺序；物理format未核验","逻辑轴顺序；物理format未核验","未评估候选","未评估候选","未评估候选","未核验","未实测","未实测","未实测","未实测","未核验","配置确认 + 数学推导；未核验完整调用链","https://huggingface.co/openbmb/AgentCPM-Explore/resolve/f528bbb55317bd291387ba3347551dd3414e698e/config.json","logical [4096,2560]","未核验","未核验","未核验","https://huggingface.co/openbmb/AgentCPM-Explore/resolve/f528bbb55317bd291387ba3347551dd3414e698e/config.json","文本decode/verify；B[1,16],S[1,8]；TP=1逻辑参考；独立逻辑矩阵，不断言实际融合与存储","Y=X@W^T; width=heads*head_dim"
"root/layer_20","k_projection","未核验","GEMM","[B,S,2560]","[B,S,1024]","B,S,T；其他轴见模型参数","B[1,16];S_verify[1,8];L_KV独立未知；TP=1","config=bfloat16；激活/累加类型未核验","未核验","逻辑轴顺序；物理format未核验","逻辑轴顺序；物理format未核验","未评估候选","未评估候选","未评估候选","未核验","未实测","未实测","未实测","未实测","未核验","配置确认 + 数学推导；未核验完整调用链","https://huggingface.co/openbmb/AgentCPM-Explore/resolve/f528bbb55317bd291387ba3347551dd3414e698e/config.json","logical [1024,2560]","未核验","未核验","未核验","https://huggingface.co/openbmb/AgentCPM-Explore/resolve/f528bbb55317bd291387ba3347551dd3414e698e/config.json","文本decode/verify；B[1,16],S[1,8]；TP=1逻辑参考；独立逻辑矩阵，不断言实际融合与存储","Y=X@W^T; width=heads*head_dim"
"root/layer_20","v_projection","未核验","GEMM","[B,S,2560]","[B,S,1024]","B,S,T；其他轴见模型参数","B[1,16];S_verify[1,8];L_KV独立未知；TP=1","config=bfloat16；激活/累加类型未核验","未核验","逻辑轴顺序；物理format未核验","逻辑轴顺序；物理format未核验","未评估候选","未评估候选","未评估候选","未核验","未实测","未实测","未实测","未实测","未核验","配置确认 + 数学推导；未核验完整调用链","https://huggingface.co/openbmb/AgentCPM-Explore/resolve/f528bbb55317bd291387ba3347551dd3414e698e/config.json","logical [1024,2560]","未核验","未核验","未核验","https://huggingface.co/openbmb/AgentCPM-Explore/resolve/f528bbb55317bd291387ba3347551dd3414e698e/config.json","文本decode/verify；B[1,16],S[1,8]；TP=1逻辑参考；独立逻辑矩阵，不断言实际融合与存储","Y=X@W^T; width=heads*head_dim"
"root/layer_20","position_and_cache","未核验","位置/缓存","Q,K,V projected; B,S","Q:[B,32,S,128]; K,V:[B,8,L_KV,128]","B,S,T；其他轴见模型参数","B[1,16];S_verify[1,8];L_KV独立未知；TP=1","config=bfloat16；激活/累加类型未核验","未核验","逻辑轴顺序；物理format未核验","逻辑轴顺序；物理format未核验","未评估候选","未评估候选","未评估候选","未核验","未实测","未实测","未实测","未实测","未核验","配置确认 + 数学推导；未核验完整调用链","https://huggingface.co/openbmb/AgentCPM-Explore/resolve/f528bbb55317bd291387ba3347551dd3414e698e/config.json","未核验","未核验","未核验","未核验","https://huggingface.co/openbmb/AgentCPM-Explore/resolve/f528bbb55317bd291387ba3347551dd3414e698e/config.json","文本decode/verify；B[1,16],S[1,8]；TP=1逻辑参考；","文本decode/verify；B[1,16],S[1,8]；TP=1逻辑参考；位置编码与物理layout需实现核验"
"root/layer_20","attention","未核验","attention","Q:[B,32,S,128];K,V:[B,8,L_KV,128]","[B,32,S,128]","B,S,T；其他轴见模型参数","B[1,16];S_verify[1,8];L_KV独立未知；TP=1","config=bfloat16；激活/累加类型未核验","未核验","逻辑轴顺序；物理format未核验","逻辑轴顺序；物理format未核验","未评估候选","未评估候选","未评估候选","未核验","未实测","未实测","未实测","未实测","未核验","配置确认 + 数学推导；未核验完整调用链","https://huggingface.co/openbmb/AgentCPM-Explore/resolve/f528bbb55317bd291387ba3347551dd3414e698e/config.json","未核验","未核验","未核验","未核验","https://huggingface.co/openbmb/AgentCPM-Explore/resolve/f528bbb55317bd291387ba3347551dd3414e698e/config.json","文本decode/verify；B[1,16],S[1,8]；TP=1逻辑参考；稀疏选块/线性分支需按实现，不能据此声称稠密执行或峰值中间内存","softmax(QK^T / sqrt(head_dim) + mask)V（数学参考）"
"root/layer_20","output_projection","未核验","GEMM","[B,S,4096]","[B,S,2560]","B,S,T；其他轴见模型参数","B[1,16];S_verify[1,8];L_KV独立未知；TP=1","config=bfloat16；激活/累加类型未核验","未核验","逻辑轴顺序；物理format未核验","逻辑轴顺序；物理format未核验","未评估候选","未评估候选","未评估候选","未核验","未实测","未实测","未实测","未实测","未核验","配置确认 + 数学推导；未核验完整调用链","https://huggingface.co/openbmb/AgentCPM-Explore/resolve/f528bbb55317bd291387ba3347551dd3414e698e/config.json","logical [2560,4096]","未核验","未核验","未核验","https://huggingface.co/openbmb/AgentCPM-Explore/resolve/f528bbb55317bd291387ba3347551dd3414e698e/config.json","文本decode/verify；B[1,16],S[1,8]；TP=1逻辑参考；","Y=X@W^T"
"root/layer_20","attention_residual","未核验","elementwise","[B,S,2560];[B,S,2560]","[B,S,2560]","B,S,T；其他轴见模型参数","B[1,16];S_verify[1,8];L_KV独立未知；TP=1","config=bfloat16；激活/累加类型未核验","未核验","逻辑轴顺序；物理format未核验","逻辑轴顺序；物理format未核验","未评估候选","未评估候选","未评估候选","未核验","未实测","未实测","未实测","未实测","未核验","配置确认 + 数学推导；未核验完整调用链","https://huggingface.co/openbmb/AgentCPM-Explore/resolve/f528bbb55317bd291387ba3347551dd3414e698e/config.json","未核验","未核验","未核验","未核验","https://huggingface.co/openbmb/AgentCPM-Explore/resolve/f528bbb55317bd291387ba3347551dd3414e698e/config.json","文本decode/verify；B[1,16],S[1,8]；TP=1逻辑参考；","Y=X+branch（参考，实际残差策略未核验）"
"root/layer_20","post_attention_normalization","未核验","norm","[B,S,2560]","[B,S,2560]","B,S,T；其他轴见模型参数","B[1,16];S_verify[1,8];L_KV独立未知；TP=1","config=bfloat16；激活/累加类型未核验","未核验","逻辑轴顺序；物理format未核验","逻辑轴顺序；物理format未核验","未评估候选","未评估候选","未评估候选","未核验","未实测","未实测","未实测","未实测","未核验","配置确认 + 数学推导；未核验完整调用链","https://huggingface.co/openbmb/AgentCPM-Explore/resolve/f528bbb55317bd291387ba3347551dd3414e698e/config.json","未核验","未核验","未核验","未核验","https://huggingface.co/openbmb/AgentCPM-Explore/resolve/f528bbb55317bd291387ba3347551dd3414e698e/config.json","文本decode/verify；B[1,16],S[1,8]；TP=1逻辑参考；","类型与位置待源码核验"
"root/layer_20","FFN_up","未核验","GEMM","[B,S,2560]","[B,S,9728]","B,S,T；其他轴见模型参数","B[1,16];S_verify[1,8];L_KV独立未知；TP=1","config=bfloat16；激活/累加类型未核验","未核验","逻辑轴顺序；物理format未核验","逻辑轴顺序；物理format未核验","未评估候选","未评估候选","未评估候选","未核验","未实测","未实测","未实测","未实测","未核验","配置确认 + 数学推导；未核验完整调用链","https://huggingface.co/openbmb/AgentCPM-Explore/resolve/f528bbb55317bd291387ba3347551dd3414e698e/config.json","logical [9728,2560]","未核验","未核验","未核验","https://huggingface.co/openbmb/AgentCPM-Explore/resolve/f528bbb55317bd291387ba3347551dd3414e698e/config.json","文本decode/verify；B[1,16],S[1,8]；TP=1逻辑参考；","Y=X@W^T"
"root/layer_20","FFN_activation_and_optional_gate","未核验","activation","[B,S,9728]","[B,S,9728]","B,S,T；其他轴见模型参数","B[1,16];S_verify[1,8];L_KV独立未知；TP=1","config=bfloat16；激活/累加类型未核验","未核验","逻辑轴顺序；物理format未核验","逻辑轴顺序；物理format未核验","未评估候选","未评估候选","未评估候选","未核验","未实测","未实测","未实测","未实测","未核验","配置确认 + 数学推导；未核验完整调用链","https://huggingface.co/openbmb/AgentCPM-Explore/resolve/f528bbb55317bd291387ba3347551dd3414e698e/config.json","未核验","未核验","未核验","未核验","https://huggingface.co/openbmb/AgentCPM-Explore/resolve/f528bbb55317bd291387ba3347551dd3414e698e/config.json","文本decode/verify；B[1,16],S[1,8]；TP=1逻辑参考；是否额外gate矩阵与门控分支维度需要实现；不能仅由silu推定完整SwiGLU","config.hidden_act=silu"
"root/layer_20","FFN_down","未核验","GEMM","[B,S,9728]","[B,S,2560]","B,S,T；其他轴见模型参数","B[1,16];S_verify[1,8];L_KV独立未知；TP=1","config=bfloat16；激活/累加类型未核验","未核验","逻辑轴顺序；物理format未核验","逻辑轴顺序；物理format未核验","未评估候选","未评估候选","未评估候选","未核验","未实测","未实测","未实测","未实测","未核验","配置确认 + 数学推导；未核验完整调用链","https://huggingface.co/openbmb/AgentCPM-Explore/resolve/f528bbb55317bd291387ba3347551dd3414e698e/config.json","logical [2560,9728]","未核验","未核验","未核验","https://huggingface.co/openbmb/AgentCPM-Explore/resolve/f528bbb55317bd291387ba3347551dd3414e698e/config.json","文本decode/verify；B[1,16],S[1,8]；TP=1逻辑参考；","Y=X@W^T"
"root/layer_20","FFN_residual","未核验","elementwise","[B,S,2560];[B,S,2560]","[B,S,2560]","B,S,T；其他轴见模型参数","B[1,16];S_verify[1,8];L_KV独立未知；TP=1","config=bfloat16；激活/累加类型未核验","未核验","逻辑轴顺序；物理format未核验","逻辑轴顺序；物理format未核验","未评估候选","未评估候选","未评估候选","未核验","未实测","未实测","未实测","未实测","未核验","配置确认 + 数学推导；未核验完整调用链","https://huggingface.co/openbmb/AgentCPM-Explore/resolve/f528bbb55317bd291387ba3347551dd3414e698e/config.json","未核验","未核验","未核验","未核验","https://huggingface.co/openbmb/AgentCPM-Explore/resolve/f528bbb55317bd291387ba3347551dd3414e698e/config.json","文本decode/verify；B[1,16],S[1,8]；TP=1逻辑参考；","Y=X+branch（参考，实际残差策略未核验）"
"root/layer_21","input_normalization","未核验","norm","[B,S,2560]","[B,S,2560]","B,S,T；其他轴见模型参数","B[1,16];S_verify[1,8];L_KV独立未知；TP=1","config=bfloat16；激活/累加类型未核验","未核验","逻辑轴顺序；物理format未核验","逻辑轴顺序；物理format未核验","未评估候选","未评估候选","未评估候选","未核验","未实测","未实测","未实测","未实测","未核验","配置确认 + 数学推导；未核验完整调用链","https://huggingface.co/openbmb/AgentCPM-Explore/resolve/f528bbb55317bd291387ba3347551dd3414e698e/config.json","未核验","未核验","未核验","未核验","https://huggingface.co/openbmb/AgentCPM-Explore/resolve/f528bbb55317bd291387ba3347551dd3414e698e/config.json","文本decode/verify；B[1,16],S[1,8]；TP=1逻辑参考；","归一化类型/先后顺序待实现核验"
"root/layer_21","q_projection","未核验","GEMM","[B,S,2560]","[B,S,4096]","B,S,T；其他轴见模型参数","B[1,16];S_verify[1,8];L_KV独立未知；TP=1","config=bfloat16；激活/累加类型未核验","未核验","逻辑轴顺序；物理format未核验","逻辑轴顺序；物理format未核验","未评估候选","未评估候选","未评估候选","未核验","未实测","未实测","未实测","未实测","未核验","配置确认 + 数学推导；未核验完整调用链","https://huggingface.co/openbmb/AgentCPM-Explore/resolve/f528bbb55317bd291387ba3347551dd3414e698e/config.json","logical [4096,2560]","未核验","未核验","未核验","https://huggingface.co/openbmb/AgentCPM-Explore/resolve/f528bbb55317bd291387ba3347551dd3414e698e/config.json","文本decode/verify；B[1,16],S[1,8]；TP=1逻辑参考；独立逻辑矩阵，不断言实际融合与存储","Y=X@W^T; width=heads*head_dim"
"root/layer_21","k_projection","未核验","GEMM","[B,S,2560]","[B,S,1024]","B,S,T；其他轴见模型参数","B[1,16];S_verify[1,8];L_KV独立未知；TP=1","config=bfloat16；激活/累加类型未核验","未核验","逻辑轴顺序；物理format未核验","逻辑轴顺序；物理format未核验","未评估候选","未评估候选","未评估候选","未核验","未实测","未实测","未实测","未实测","未核验","配置确认 + 数学推导；未核验完整调用链","https://huggingface.co/openbmb/AgentCPM-Explore/resolve/f528bbb55317bd291387ba3347551dd3414e698e/config.json","logical [1024,2560]","未核验","未核验","未核验","https://huggingface.co/openbmb/AgentCPM-Explore/resolve/f528bbb55317bd291387ba3347551dd3414e698e/config.json","文本decode/verify；B[1,16],S[1,8]；TP=1逻辑参考；独立逻辑矩阵，不断言实际融合与存储","Y=X@W^T; width=heads*head_dim"
"root/layer_21","v_projection","未核验","GEMM","[B,S,2560]","[B,S,1024]","B,S,T；其他轴见模型参数","B[1,16];S_verify[1,8];L_KV独立未知；TP=1","config=bfloat16；激活/累加类型未核验","未核验","逻辑轴顺序；物理format未核验","逻辑轴顺序；物理format未核验","未评估候选","未评估候选","未评估候选","未核验","未实测","未实测","未实测","未实测","未核验","配置确认 + 数学推导；未核验完整调用链","https://huggingface.co/openbmb/AgentCPM-Explore/resolve/f528bbb55317bd291387ba3347551dd3414e698e/config.json","logical [1024,2560]","未核验","未核验","未核验","https://huggingface.co/openbmb/AgentCPM-Explore/resolve/f528bbb55317bd291387ba3347551dd3414e698e/config.json","文本decode/verify；B[1,16],S[1,8]；TP=1逻辑参考；独立逻辑矩阵，不断言实际融合与存储","Y=X@W^T; width=heads*head_dim"
"root/layer_21","position_and_cache","未核验","位置/缓存","Q,K,V projected; B,S","Q:[B,32,S,128]; K,V:[B,8,L_KV,128]","B,S,T；其他轴见模型参数","B[1,16];S_verify[1,8];L_KV独立未知；TP=1","config=bfloat16；激活/累加类型未核验","未核验","逻辑轴顺序；物理format未核验","逻辑轴顺序；物理format未核验","未评估候选","未评估候选","未评估候选","未核验","未实测","未实测","未实测","未实测","未核验","配置确认 + 数学推导；未核验完整调用链","https://huggingface.co/openbmb/AgentCPM-Explore/resolve/f528bbb55317bd291387ba3347551dd3414e698e/config.json","未核验","未核验","未核验","未核验","https://huggingface.co/openbmb/AgentCPM-Explore/resolve/f528bbb55317bd291387ba3347551dd3414e698e/config.json","文本decode/verify；B[1,16],S[1,8]；TP=1逻辑参考；","文本decode/verify；B[1,16],S[1,8]；TP=1逻辑参考；位置编码与物理layout需实现核验"
"root/layer_21","attention","未核验","attention","Q:[B,32,S,128];K,V:[B,8,L_KV,128]","[B,32,S,128]","B,S,T；其他轴见模型参数","B[1,16];S_verify[1,8];L_KV独立未知；TP=1","config=bfloat16；激活/累加类型未核验","未核验","逻辑轴顺序；物理format未核验","逻辑轴顺序；物理format未核验","未评估候选","未评估候选","未评估候选","未核验","未实测","未实测","未实测","未实测","未核验","配置确认 + 数学推导；未核验完整调用链","https://huggingface.co/openbmb/AgentCPM-Explore/resolve/f528bbb55317bd291387ba3347551dd3414e698e/config.json","未核验","未核验","未核验","未核验","https://huggingface.co/openbmb/AgentCPM-Explore/resolve/f528bbb55317bd291387ba3347551dd3414e698e/config.json","文本decode/verify；B[1,16],S[1,8]；TP=1逻辑参考；稀疏选块/线性分支需按实现，不能据此声称稠密执行或峰值中间内存","softmax(QK^T / sqrt(head_dim) + mask)V（数学参考）"
"root/layer_21","output_projection","未核验","GEMM","[B,S,4096]","[B,S,2560]","B,S,T；其他轴见模型参数","B[1,16];S_verify[1,8];L_KV独立未知；TP=1","config=bfloat16；激活/累加类型未核验","未核验","逻辑轴顺序；物理format未核验","逻辑轴顺序；物理format未核验","未评估候选","未评估候选","未评估候选","未核验","未实测","未实测","未实测","未实测","未核验","配置确认 + 数学推导；未核验完整调用链","https://huggingface.co/openbmb/AgentCPM-Explore/resolve/f528bbb55317bd291387ba3347551dd3414e698e/config.json","logical [2560,4096]","未核验","未核验","未核验","https://huggingface.co/openbmb/AgentCPM-Explore/resolve/f528bbb55317bd291387ba3347551dd3414e698e/config.json","文本decode/verify；B[1,16],S[1,8]；TP=1逻辑参考；","Y=X@W^T"
"root/layer_21","attention_residual","未核验","elementwise","[B,S,2560];[B,S,2560]","[B,S,2560]","B,S,T；其他轴见模型参数","B[1,16];S_verify[1,8];L_KV独立未知；TP=1","config=bfloat16；激活/累加类型未核验","未核验","逻辑轴顺序；物理format未核验","逻辑轴顺序；物理format未核验","未评估候选","未评估候选","未评估候选","未核验","未实测","未实测","未实测","未实测","未核验","配置确认 + 数学推导；未核验完整调用链","https://huggingface.co/openbmb/AgentCPM-Explore/resolve/f528bbb55317bd291387ba3347551dd3414e698e/config.json","未核验","未核验","未核验","未核验","https://huggingface.co/openbmb/AgentCPM-Explore/resolve/f528bbb55317bd291387ba3347551dd3414e698e/config.json","文本decode/verify；B[1,16],S[1,8]；TP=1逻辑参考；","Y=X+branch（参考，实际残差策略未核验）"
"root/layer_21","post_attention_normalization","未核验","norm","[B,S,2560]","[B,S,2560]","B,S,T；其他轴见模型参数","B[1,16];S_verify[1,8];L_KV独立未知；TP=1","config=bfloat16；激活/累加类型未核验","未核验","逻辑轴顺序；物理format未核验","逻辑轴顺序；物理format未核验","未评估候选","未评估候选","未评估候选","未核验","未实测","未实测","未实测","未实测","未核验","配置确认 + 数学推导；未核验完整调用链","https://huggingface.co/openbmb/AgentCPM-Explore/resolve/f528bbb55317bd291387ba3347551dd3414e698e/config.json","未核验","未核验","未核验","未核验","https://huggingface.co/openbmb/AgentCPM-Explore/resolve/f528bbb55317bd291387ba3347551dd3414e698e/config.json","文本decode/verify；B[1,16],S[1,8]；TP=1逻辑参考；","类型与位置待源码核验"
"root/layer_21","FFN_up","未核验","GEMM","[B,S,2560]","[B,S,9728]","B,S,T；其他轴见模型参数","B[1,16];S_verify[1,8];L_KV独立未知；TP=1","config=bfloat16；激活/累加类型未核验","未核验","逻辑轴顺序；物理format未核验","逻辑轴顺序；物理format未核验","未评估候选","未评估候选","未评估候选","未核验","未实测","未实测","未实测","未实测","未核验","配置确认 + 数学推导；未核验完整调用链","https://huggingface.co/openbmb/AgentCPM-Explore/resolve/f528bbb55317bd291387ba3347551dd3414e698e/config.json","logical [9728,2560]","未核验","未核验","未核验","https://huggingface.co/openbmb/AgentCPM-Explore/resolve/f528bbb55317bd291387ba3347551dd3414e698e/config.json","文本decode/verify；B[1,16],S[1,8]；TP=1逻辑参考；","Y=X@W^T"
"root/layer_21","FFN_activation_and_optional_gate","未核验","activation","[B,S,9728]","[B,S,9728]","B,S,T；其他轴见模型参数","B[1,16];S_verify[1,8];L_KV独立未知；TP=1","config=bfloat16；激活/累加类型未核验","未核验","逻辑轴顺序；物理format未核验","逻辑轴顺序；物理format未核验","未评估候选","未评估候选","未评估候选","未核验","未实测","未实测","未实测","未实测","未核验","配置确认 + 数学推导；未核验完整调用链","https://huggingface.co/openbmb/AgentCPM-Explore/resolve/f528bbb55317bd291387ba3347551dd3414e698e/config.json","未核验","未核验","未核验","未核验","https://huggingface.co/openbmb/AgentCPM-Explore/resolve/f528bbb55317bd291387ba3347551dd3414e698e/config.json","文本decode/verify；B[1,16],S[1,8]；TP=1逻辑参考；是否额外gate矩阵与门控分支维度需要实现；不能仅由silu推定完整SwiGLU","config.hidden_act=silu"
"root/layer_21","FFN_down","未核验","GEMM","[B,S,9728]","[B,S,2560]","B,S,T；其他轴见模型参数","B[1,16];S_verify[1,8];L_KV独立未知；TP=1","config=bfloat16；激活/累加类型未核验","未核验","逻辑轴顺序；物理format未核验","逻辑轴顺序；物理format未核验","未评估候选","未评估候选","未评估候选","未核验","未实测","未实测","未实测","未实测","未核验","配置确认 + 数学推导；未核验完整调用链","https://huggingface.co/openbmb/AgentCPM-Explore/resolve/f528bbb55317bd291387ba3347551dd3414e698e/config.json","logical [2560,9728]","未核验","未核验","未核验","https://huggingface.co/openbmb/AgentCPM-Explore/resolve/f528bbb55317bd291387ba3347551dd3414e698e/config.json","文本decode/verify；B[1,16],S[1,8]；TP=1逻辑参考；","Y=X@W^T"
"root/layer_21","FFN_residual","未核验","elementwise","[B,S,2560];[B,S,2560]","[B,S,2560]","B,S,T；其他轴见模型参数","B[1,16];S_verify[1,8];L_KV独立未知；TP=1","config=bfloat16；激活/累加类型未核验","未核验","逻辑轴顺序；物理format未核验","逻辑轴顺序；物理format未核验","未评估候选","未评估候选","未评估候选","未核验","未实测","未实测","未实测","未实测","未核验","配置确认 + 数学推导；未核验完整调用链","https://huggingface.co/openbmb/AgentCPM-Explore/resolve/f528bbb55317bd291387ba3347551dd3414e698e/config.json","未核验","未核验","未核验","未核验","https://huggingface.co/openbmb/AgentCPM-Explore/resolve/f528bbb55317bd291387ba3347551dd3414e698e/config.json","文本decode/verify；B[1,16],S[1,8]；TP=1逻辑参考；","Y=X+branch（参考，实际残差策略未核验）"
"root/layer_22","input_normalization","未核验","norm","[B,S,2560]","[B,S,2560]","B,S,T；其他轴见模型参数","B[1,16];S_verify[1,8];L_KV独立未知；TP=1","config=bfloat16；激活/累加类型未核验","未核验","逻辑轴顺序；物理format未核验","逻辑轴顺序；物理format未核验","未评估候选","未评估候选","未评估候选","未核验","未实测","未实测","未实测","未实测","未核验","配置确认 + 数学推导；未核验完整调用链","https://huggingface.co/openbmb/AgentCPM-Explore/resolve/f528bbb55317bd291387ba3347551dd3414e698e/config.json","未核验","未核验","未核验","未核验","https://huggingface.co/openbmb/AgentCPM-Explore/resolve/f528bbb55317bd291387ba3347551dd3414e698e/config.json","文本decode/verify；B[1,16],S[1,8]；TP=1逻辑参考；","归一化类型/先后顺序待实现核验"
"root/layer_22","q_projection","未核验","GEMM","[B,S,2560]","[B,S,4096]","B,S,T；其他轴见模型参数","B[1,16];S_verify[1,8];L_KV独立未知；TP=1","config=bfloat16；激活/累加类型未核验","未核验","逻辑轴顺序；物理format未核验","逻辑轴顺序；物理format未核验","未评估候选","未评估候选","未评估候选","未核验","未实测","未实测","未实测","未实测","未核验","配置确认 + 数学推导；未核验完整调用链","https://huggingface.co/openbmb/AgentCPM-Explore/resolve/f528bbb55317bd291387ba3347551dd3414e698e/config.json","logical [4096,2560]","未核验","未核验","未核验","https://huggingface.co/openbmb/AgentCPM-Explore/resolve/f528bbb55317bd291387ba3347551dd3414e698e/config.json","文本decode/verify；B[1,16],S[1,8]；TP=1逻辑参考；独立逻辑矩阵，不断言实际融合与存储","Y=X@W^T; width=heads*head_dim"
"root/layer_22","k_projection","未核验","GEMM","[B,S,2560]","[B,S,1024]","B,S,T；其他轴见模型参数","B[1,16];S_verify[1,8];L_KV独立未知；TP=1","config=bfloat16；激活/累加类型未核验","未核验","逻辑轴顺序；物理format未核验","逻辑轴顺序；物理format未核验","未评估候选","未评估候选","未评估候选","未核验","未实测","未实测","未实测","未实测","未核验","配置确认 + 数学推导；未核验完整调用链","https://huggingface.co/openbmb/AgentCPM-Explore/resolve/f528bbb55317bd291387ba3347551dd3414e698e/config.json","logical [1024,2560]","未核验","未核验","未核验","https://huggingface.co/openbmb/AgentCPM-Explore/resolve/f528bbb55317bd291387ba3347551dd3414e698e/config.json","文本decode/verify；B[1,16],S[1,8]；TP=1逻辑参考；独立逻辑矩阵，不断言实际融合与存储","Y=X@W^T; width=heads*head_dim"
"root/layer_22","v_projection","未核验","GEMM","[B,S,2560]","[B,S,1024]","B,S,T；其他轴见模型参数","B[1,16];S_verify[1,8];L_KV独立未知；TP=1","config=bfloat16；激活/累加类型未核验","未核验","逻辑轴顺序；物理format未核验","逻辑轴顺序；物理format未核验","未评估候选","未评估候选","未评估候选","未核验","未实测","未实测","未实测","未实测","未核验","配置确认 + 数学推导；未核验完整调用链","https://huggingface.co/openbmb/AgentCPM-Explore/resolve/f528bbb55317bd291387ba3347551dd3414e698e/config.json","logical [1024,2560]","未核验","未核验","未核验","https://huggingface.co/openbmb/AgentCPM-Explore/resolve/f528bbb55317bd291387ba3347551dd3414e698e/config.json","文本decode/verify；B[1,16],S[1,8]；TP=1逻辑参考；独立逻辑矩阵，不断言实际融合与存储","Y=X@W^T; width=heads*head_dim"
"root/layer_22","position_and_cache","未核验","位置/缓存","Q,K,V projected; B,S","Q:[B,32,S,128]; K,V:[B,8,L_KV,128]","B,S,T；其他轴见模型参数","B[1,16];S_verify[1,8];L_KV独立未知；TP=1","config=bfloat16；激活/累加类型未核验","未核验","逻辑轴顺序；物理format未核验","逻辑轴顺序；物理format未核验","未评估候选","未评估候选","未评估候选","未核验","未实测","未实测","未实测","未实测","未核验","配置确认 + 数学推导；未核验完整调用链","https://huggingface.co/openbmb/AgentCPM-Explore/resolve/f528bbb55317bd291387ba3347551dd3414e698e/config.json","未核验","未核验","未核验","未核验","https://huggingface.co/openbmb/AgentCPM-Explore/resolve/f528bbb55317bd291387ba3347551dd3414e698e/config.json","文本decode/verify；B[1,16],S[1,8]；TP=1逻辑参考；","文本decode/verify；B[1,16],S[1,8]；TP=1逻辑参考；位置编码与物理layout需实现核验"
"root/layer_22","attention","未核验","attention","Q:[B,32,S,128];K,V:[B,8,L_KV,128]","[B,32,S,128]","B,S,T；其他轴见模型参数","B[1,16];S_verify[1,8];L_KV独立未知；TP=1","config=bfloat16；激活/累加类型未核验","未核验","逻辑轴顺序；物理format未核验","逻辑轴顺序；物理format未核验","未评估候选","未评估候选","未评估候选","未核验","未实测","未实测","未实测","未实测","未核验","配置确认 + 数学推导；未核验完整调用链","https://huggingface.co/openbmb/AgentCPM-Explore/resolve/f528bbb55317bd291387ba3347551dd3414e698e/config.json","未核验","未核验","未核验","未核验","https://huggingface.co/openbmb/AgentCPM-Explore/resolve/f528bbb55317bd291387ba3347551dd3414e698e/config.json","文本decode/verify；B[1,16],S[1,8]；TP=1逻辑参考；稀疏选块/线性分支需按实现，不能据此声称稠密执行或峰值中间内存","softmax(QK^T / sqrt(head_dim) + mask)V（数学参考）"
"root/layer_22","output_projection","未核验","GEMM","[B,S,4096]","[B,S,2560]","B,S,T；其他轴见模型参数","B[1,16];S_verify[1,8];L_KV独立未知；TP=1","config=bfloat16；激活/累加类型未核验","未核验","逻辑轴顺序；物理format未核验","逻辑轴顺序；物理format未核验","未评估候选","未评估候选","未评估候选","未核验","未实测","未实测","未实测","未实测","未核验","配置确认 + 数学推导；未核验完整调用链","https://huggingface.co/openbmb/AgentCPM-Explore/resolve/f528bbb55317bd291387ba3347551dd3414e698e/config.json","logical [2560,4096]","未核验","未核验","未核验","https://huggingface.co/openbmb/AgentCPM-Explore/resolve/f528bbb55317bd291387ba3347551dd3414e698e/config.json","文本decode/verify；B[1,16],S[1,8]；TP=1逻辑参考；","Y=X@W^T"
"root/layer_22","attention_residual","未核验","elementwise","[B,S,2560];[B,S,2560]","[B,S,2560]","B,S,T；其他轴见模型参数","B[1,16];S_verify[1,8];L_KV独立未知；TP=1","config=bfloat16；激活/累加类型未核验","未核验","逻辑轴顺序；物理format未核验","逻辑轴顺序；物理format未核验","未评估候选","未评估候选","未评估候选","未核验","未实测","未实测","未实测","未实测","未核验","配置确认 + 数学推导；未核验完整调用链","https://huggingface.co/openbmb/AgentCPM-Explore/resolve/f528bbb55317bd291387ba3347551dd3414e698e/config.json","未核验","未核验","未核验","未核验","https://huggingface.co/openbmb/AgentCPM-Explore/resolve/f528bbb55317bd291387ba3347551dd3414e698e/config.json","文本decode/verify；B[1,16],S[1,8]；TP=1逻辑参考；","Y=X+branch（参考，实际残差策略未核验）"
"root/layer_22","post_attention_normalization","未核验","norm","[B,S,2560]","[B,S,2560]","B,S,T；其他轴见模型参数","B[1,16];S_verify[1,8];L_KV独立未知；TP=1","config=bfloat16；激活/累加类型未核验","未核验","逻辑轴顺序；物理format未核验","逻辑轴顺序；物理format未核验","未评估候选","未评估候选","未评估候选","未核验","未实测","未实测","未实测","未实测","未核验","配置确认 + 数学推导；未核验完整调用链","https://huggingface.co/openbmb/AgentCPM-Explore/resolve/f528bbb55317bd291387ba3347551dd3414e698e/config.json","未核验","未核验","未核验","未核验","https://huggingface.co/openbmb/AgentCPM-Explore/resolve/f528bbb55317bd291387ba3347551dd3414e698e/config.json","文本decode/verify；B[1,16],S[1,8]；TP=1逻辑参考；","类型与位置待源码核验"
"root/layer_22","FFN_up","未核验","GEMM","[B,S,2560]","[B,S,9728]","B,S,T；其他轴见模型参数","B[1,16];S_verify[1,8];L_KV独立未知；TP=1","config=bfloat16；激活/累加类型未核验","未核验","逻辑轴顺序；物理format未核验","逻辑轴顺序；物理format未核验","未评估候选","未评估候选","未评估候选","未核验","未实测","未实测","未实测","未实测","未核验","配置确认 + 数学推导；未核验完整调用链","https://huggingface.co/openbmb/AgentCPM-Explore/resolve/f528bbb55317bd291387ba3347551dd3414e698e/config.json","logical [9728,2560]","未核验","未核验","未核验","https://huggingface.co/openbmb/AgentCPM-Explore/resolve/f528bbb55317bd291387ba3347551dd3414e698e/config.json","文本decode/verify；B[1,16],S[1,8]；TP=1逻辑参考；","Y=X@W^T"
"root/layer_22","FFN_activation_and_optional_gate","未核验","activation","[B,S,9728]","[B,S,9728]","B,S,T；其他轴见模型参数","B[1,16];S_verify[1,8];L_KV独立未知；TP=1","config=bfloat16；激活/累加类型未核验","未核验","逻辑轴顺序；物理format未核验","逻辑轴顺序；物理format未核验","未评估候选","未评估候选","未评估候选","未核验","未实测","未实测","未实测","未实测","未核验","配置确认 + 数学推导；未核验完整调用链","https://huggingface.co/openbmb/AgentCPM-Explore/resolve/f528bbb55317bd291387ba3347551dd3414e698e/config.json","未核验","未核验","未核验","未核验","https://huggingface.co/openbmb/AgentCPM-Explore/resolve/f528bbb55317bd291387ba3347551dd3414e698e/config.json","文本decode/verify；B[1,16],S[1,8]；TP=1逻辑参考；是否额外gate矩阵与门控分支维度需要实现；不能仅由silu推定完整SwiGLU","config.hidden_act=silu"
"root/layer_22","FFN_down","未核验","GEMM","[B,S,9728]","[B,S,2560]","B,S,T；其他轴见模型参数","B[1,16];S_verify[1,8];L_KV独立未知；TP=1","config=bfloat16；激活/累加类型未核验","未核验","逻辑轴顺序；物理format未核验","逻辑轴顺序；物理format未核验","未评估候选","未评估候选","未评估候选","未核验","未实测","未实测","未实测","未实测","未核验","配置确认 + 数学推导；未核验完整调用链","https://huggingface.co/openbmb/AgentCPM-Explore/resolve/f528bbb55317bd291387ba3347551dd3414e698e/config.json","logical [2560,9728]","未核验","未核验","未核验","https://huggingface.co/openbmb/AgentCPM-Explore/resolve/f528bbb55317bd291387ba3347551dd3414e698e/config.json","文本decode/verify；B[1,16],S[1,8]；TP=1逻辑参考；","Y=X@W^T"
"root/layer_22","FFN_residual","未核验","elementwise","[B,S,2560];[B,S,2560]","[B,S,2560]","B,S,T；其他轴见模型参数","B[1,16];S_verify[1,8];L_KV独立未知；TP=1","config=bfloat16；激活/累加类型未核验","未核验","逻辑轴顺序；物理format未核验","逻辑轴顺序；物理format未核验","未评估候选","未评估候选","未评估候选","未核验","未实测","未实测","未实测","未实测","未核验","配置确认 + 数学推导；未核验完整调用链","https://huggingface.co/openbmb/AgentCPM-Explore/resolve/f528bbb55317bd291387ba3347551dd3414e698e/config.json","未核验","未核验","未核验","未核验","https://huggingface.co/openbmb/AgentCPM-Explore/resolve/f528bbb55317bd291387ba3347551dd3414e698e/config.json","文本decode/verify；B[1,16],S[1,8]；TP=1逻辑参考；","Y=X+branch（参考，实际残差策略未核验）"
"root/layer_23","input_normalization","未核验","norm","[B,S,2560]","[B,S,2560]","B,S,T；其他轴见模型参数","B[1,16];S_verify[1,8];L_KV独立未知；TP=1","config=bfloat16；激活/累加类型未核验","未核验","逻辑轴顺序；物理format未核验","逻辑轴顺序；物理format未核验","未评估候选","未评估候选","未评估候选","未核验","未实测","未实测","未实测","未实测","未核验","配置确认 + 数学推导；未核验完整调用链","https://huggingface.co/openbmb/AgentCPM-Explore/resolve/f528bbb55317bd291387ba3347551dd3414e698e/config.json","未核验","未核验","未核验","未核验","https://huggingface.co/openbmb/AgentCPM-Explore/resolve/f528bbb55317bd291387ba3347551dd3414e698e/config.json","文本decode/verify；B[1,16],S[1,8]；TP=1逻辑参考；","归一化类型/先后顺序待实现核验"
"root/layer_23","q_projection","未核验","GEMM","[B,S,2560]","[B,S,4096]","B,S,T；其他轴见模型参数","B[1,16];S_verify[1,8];L_KV独立未知；TP=1","config=bfloat16；激活/累加类型未核验","未核验","逻辑轴顺序；物理format未核验","逻辑轴顺序；物理format未核验","未评估候选","未评估候选","未评估候选","未核验","未实测","未实测","未实测","未实测","未核验","配置确认 + 数学推导；未核验完整调用链","https://huggingface.co/openbmb/AgentCPM-Explore/resolve/f528bbb55317bd291387ba3347551dd3414e698e/config.json","logical [4096,2560]","未核验","未核验","未核验","https://huggingface.co/openbmb/AgentCPM-Explore/resolve/f528bbb55317bd291387ba3347551dd3414e698e/config.json","文本decode/verify；B[1,16],S[1,8]；TP=1逻辑参考；独立逻辑矩阵，不断言实际融合与存储","Y=X@W^T; width=heads*head_dim"
"root/layer_23","k_projection","未核验","GEMM","[B,S,2560]","[B,S,1024]","B,S,T；其他轴见模型参数","B[1,16];S_verify[1,8];L_KV独立未知；TP=1","config=bfloat16；激活/累加类型未核验","未核验","逻辑轴顺序；物理format未核验","逻辑轴顺序；物理format未核验","未评估候选","未评估候选","未评估候选","未核验","未实测","未实测","未实测","未实测","未核验","配置确认 + 数学推导；未核验完整调用链","https://huggingface.co/openbmb/AgentCPM-Explore/resolve/f528bbb55317bd291387ba3347551dd3414e698e/config.json","logical [1024,2560]","未核验","未核验","未核验","https://huggingface.co/openbmb/AgentCPM-Explore/resolve/f528bbb55317bd291387ba3347551dd3414e698e/config.json","文本decode/verify；B[1,16],S[1,8]；TP=1逻辑参考；独立逻辑矩阵，不断言实际融合与存储","Y=X@W^T; width=heads*head_dim"
"root/layer_23","v_projection","未核验","GEMM","[B,S,2560]","[B,S,1024]","B,S,T；其他轴见模型参数","B[1,16];S_verify[1,8];L_KV独立未知；TP=1","config=bfloat16；激活/累加类型未核验","未核验","逻辑轴顺序；物理format未核验","逻辑轴顺序；物理format未核验","未评估候选","未评估候选","未评估候选","未核验","未实测","未实测","未实测","未实测","未核验","配置确认 + 数学推导；未核验完整调用链","https://huggingface.co/openbmb/AgentCPM-Explore/resolve/f528bbb55317bd291387ba3347551dd3414e698e/config.json","logical [1024,2560]","未核验","未核验","未核验","https://huggingface.co/openbmb/AgentCPM-Explore/resolve/f528bbb55317bd291387ba3347551dd3414e698e/config.json","文本decode/verify；B[1,16],S[1,8]；TP=1逻辑参考；独立逻辑矩阵，不断言实际融合与存储","Y=X@W^T; width=heads*head_dim"
"root/layer_23","position_and_cache","未核验","位置/缓存","Q,K,V projected; B,S","Q:[B,32,S,128]; K,V:[B,8,L_KV,128]","B,S,T；其他轴见模型参数","B[1,16];S_verify[1,8];L_KV独立未知；TP=1","config=bfloat16；激活/累加类型未核验","未核验","逻辑轴顺序；物理format未核验","逻辑轴顺序；物理format未核验","未评估候选","未评估候选","未评估候选","未核验","未实测","未实测","未实测","未实测","未核验","配置确认 + 数学推导；未核验完整调用链","https://huggingface.co/openbmb/AgentCPM-Explore/resolve/f528bbb55317bd291387ba3347551dd3414e698e/config.json","未核验","未核验","未核验","未核验","https://huggingface.co/openbmb/AgentCPM-Explore/resolve/f528bbb55317bd291387ba3347551dd3414e698e/config.json","文本decode/verify；B[1,16],S[1,8]；TP=1逻辑参考；","文本decode/verify；B[1,16],S[1,8]；TP=1逻辑参考；位置编码与物理layout需实现核验"
"root/layer_23","attention","未核验","attention","Q:[B,32,S,128];K,V:[B,8,L_KV,128]","[B,32,S,128]","B,S,T；其他轴见模型参数","B[1,16];S_verify[1,8];L_KV独立未知；TP=1","config=bfloat16；激活/累加类型未核验","未核验","逻辑轴顺序；物理format未核验","逻辑轴顺序；物理format未核验","未评估候选","未评估候选","未评估候选","未核验","未实测","未实测","未实测","未实测","未核验","配置确认 + 数学推导；未核验完整调用链","https://huggingface.co/openbmb/AgentCPM-Explore/resolve/f528bbb55317bd291387ba3347551dd3414e698e/config.json","未核验","未核验","未核验","未核验","https://huggingface.co/openbmb/AgentCPM-Explore/resolve/f528bbb55317bd291387ba3347551dd3414e698e/config.json","文本decode/verify；B[1,16],S[1,8]；TP=1逻辑参考；稀疏选块/线性分支需按实现，不能据此声称稠密执行或峰值中间内存","softmax(QK^T / sqrt(head_dim) + mask)V（数学参考）"
"root/layer_23","output_projection","未核验","GEMM","[B,S,4096]","[B,S,2560]","B,S,T；其他轴见模型参数","B[1,16];S_verify[1,8];L_KV独立未知；TP=1","config=bfloat16；激活/累加类型未核验","未核验","逻辑轴顺序；物理format未核验","逻辑轴顺序；物理format未核验","未评估候选","未评估候选","未评估候选","未核验","未实测","未实测","未实测","未实测","未核验","配置确认 + 数学推导；未核验完整调用链","https://huggingface.co/openbmb/AgentCPM-Explore/resolve/f528bbb55317bd291387ba3347551dd3414e698e/config.json","logical [2560,4096]","未核验","未核验","未核验","https://huggingface.co/openbmb/AgentCPM-Explore/resolve/f528bbb55317bd291387ba3347551dd3414e698e/config.json","文本decode/verify；B[1,16],S[1,8]；TP=1逻辑参考；","Y=X@W^T"
"root/layer_23","attention_residual","未核验","elementwise","[B,S,2560];[B,S,2560]","[B,S,2560]","B,S,T；其他轴见模型参数","B[1,16];S_verify[1,8];L_KV独立未知；TP=1","config=bfloat16；激活/累加类型未核验","未核验","逻辑轴顺序；物理format未核验","逻辑轴顺序；物理format未核验","未评估候选","未评估候选","未评估候选","未核验","未实测","未实测","未实测","未实测","未核验","配置确认 + 数学推导；未核验完整调用链","https://huggingface.co/openbmb/AgentCPM-Explore/resolve/f528bbb55317bd291387ba3347551dd3414e698e/config.json","未核验","未核验","未核验","未核验","https://huggingface.co/openbmb/AgentCPM-Explore/resolve/f528bbb55317bd291387ba3347551dd3414e698e/config.json","文本decode/verify；B[1,16],S[1,8]；TP=1逻辑参考；","Y=X+branch（参考，实际残差策略未核验）"
"root/layer_23","post_attention_normalization","未核验","norm","[B,S,2560]","[B,S,2560]","B,S,T；其他轴见模型参数","B[1,16];S_verify[1,8];L_KV独立未知；TP=1","config=bfloat16；激活/累加类型未核验","未核验","逻辑轴顺序；物理format未核验","逻辑轴顺序；物理format未核验","未评估候选","未评估候选","未评估候选","未核验","未实测","未实测","未实测","未实测","未核验","配置确认 + 数学推导；未核验完整调用链","https://huggingface.co/openbmb/AgentCPM-Explore/resolve/f528bbb55317bd291387ba3347551dd3414e698e/config.json","未核验","未核验","未核验","未核验","https://huggingface.co/openbmb/AgentCPM-Explore/resolve/f528bbb55317bd291387ba3347551dd3414e698e/config.json","文本decode/verify；B[1,16],S[1,8]；TP=1逻辑参考；","类型与位置待源码核验"
"root/layer_23","FFN_up","未核验","GEMM","[B,S,2560]","[B,S,9728]","B,S,T；其他轴见模型参数","B[1,16];S_verify[1,8];L_KV独立未知；TP=1","config=bfloat16；激活/累加类型未核验","未核验","逻辑轴顺序；物理format未核验","逻辑轴顺序；物理format未核验","未评估候选","未评估候选","未评估候选","未核验","未实测","未实测","未实测","未实测","未核验","配置确认 + 数学推导；未核验完整调用链","https://huggingface.co/openbmb/AgentCPM-Explore/resolve/f528bbb55317bd291387ba3347551dd3414e698e/config.json","logical [9728,2560]","未核验","未核验","未核验","https://huggingface.co/openbmb/AgentCPM-Explore/resolve/f528bbb55317bd291387ba3347551dd3414e698e/config.json","文本decode/verify；B[1,16],S[1,8]；TP=1逻辑参考；","Y=X@W^T"
"root/layer_23","FFN_activation_and_optional_gate","未核验","activation","[B,S,9728]","[B,S,9728]","B,S,T；其他轴见模型参数","B[1,16];S_verify[1,8];L_KV独立未知；TP=1","config=bfloat16；激活/累加类型未核验","未核验","逻辑轴顺序；物理format未核验","逻辑轴顺序；物理format未核验","未评估候选","未评估候选","未评估候选","未核验","未实测","未实测","未实测","未实测","未核验","配置确认 + 数学推导；未核验完整调用链","https://huggingface.co/openbmb/AgentCPM-Explore/resolve/f528bbb55317bd291387ba3347551dd3414e698e/config.json","未核验","未核验","未核验","未核验","https://huggingface.co/openbmb/AgentCPM-Explore/resolve/f528bbb55317bd291387ba3347551dd3414e698e/config.json","文本decode/verify；B[1,16],S[1,8]；TP=1逻辑参考；是否额外gate矩阵与门控分支维度需要实现；不能仅由silu推定完整SwiGLU","config.hidden_act=silu"
"root/layer_23","FFN_down","未核验","GEMM","[B,S,9728]","[B,S,2560]","B,S,T；其他轴见模型参数","B[1,16];S_verify[1,8];L_KV独立未知；TP=1","config=bfloat16；激活/累加类型未核验","未核验","逻辑轴顺序；物理format未核验","逻辑轴顺序；物理format未核验","未评估候选","未评估候选","未评估候选","未核验","未实测","未实测","未实测","未实测","未核验","配置确认 + 数学推导；未核验完整调用链","https://huggingface.co/openbmb/AgentCPM-Explore/resolve/f528bbb55317bd291387ba3347551dd3414e698e/config.json","logical [2560,9728]","未核验","未核验","未核验","https://huggingface.co/openbmb/AgentCPM-Explore/resolve/f528bbb55317bd291387ba3347551dd3414e698e/config.json","文本decode/verify；B[1,16],S[1,8]；TP=1逻辑参考；","Y=X@W^T"
"root/layer_23","FFN_residual","未核验","elementwise","[B,S,2560];[B,S,2560]","[B,S,2560]","B,S,T；其他轴见模型参数","B[1,16];S_verify[1,8];L_KV独立未知；TP=1","config=bfloat16；激活/累加类型未核验","未核验","逻辑轴顺序；物理format未核验","逻辑轴顺序；物理format未核验","未评估候选","未评估候选","未评估候选","未核验","未实测","未实测","未实测","未实测","未核验","配置确认 + 数学推导；未核验完整调用链","https://huggingface.co/openbmb/AgentCPM-Explore/resolve/f528bbb55317bd291387ba3347551dd3414e698e/config.json","未核验","未核验","未核验","未核验","https://huggingface.co/openbmb/AgentCPM-Explore/resolve/f528bbb55317bd291387ba3347551dd3414e698e/config.json","文本decode/verify；B[1,16],S[1,8]；TP=1逻辑参考；","Y=X+branch（参考，实际残差策略未核验）"
"root/layer_24","input_normalization","未核验","norm","[B,S,2560]","[B,S,2560]","B,S,T；其他轴见模型参数","B[1,16];S_verify[1,8];L_KV独立未知；TP=1","config=bfloat16；激活/累加类型未核验","未核验","逻辑轴顺序；物理format未核验","逻辑轴顺序；物理format未核验","未评估候选","未评估候选","未评估候选","未核验","未实测","未实测","未实测","未实测","未核验","配置确认 + 数学推导；未核验完整调用链","https://huggingface.co/openbmb/AgentCPM-Explore/resolve/f528bbb55317bd291387ba3347551dd3414e698e/config.json","未核验","未核验","未核验","未核验","https://huggingface.co/openbmb/AgentCPM-Explore/resolve/f528bbb55317bd291387ba3347551dd3414e698e/config.json","文本decode/verify；B[1,16],S[1,8]；TP=1逻辑参考；","归一化类型/先后顺序待实现核验"
"root/layer_24","q_projection","未核验","GEMM","[B,S,2560]","[B,S,4096]","B,S,T；其他轴见模型参数","B[1,16];S_verify[1,8];L_KV独立未知；TP=1","config=bfloat16；激活/累加类型未核验","未核验","逻辑轴顺序；物理format未核验","逻辑轴顺序；物理format未核验","未评估候选","未评估候选","未评估候选","未核验","未实测","未实测","未实测","未实测","未核验","配置确认 + 数学推导；未核验完整调用链","https://huggingface.co/openbmb/AgentCPM-Explore/resolve/f528bbb55317bd291387ba3347551dd3414e698e/config.json","logical [4096,2560]","未核验","未核验","未核验","https://huggingface.co/openbmb/AgentCPM-Explore/resolve/f528bbb55317bd291387ba3347551dd3414e698e/config.json","文本decode/verify；B[1,16],S[1,8]；TP=1逻辑参考；独立逻辑矩阵，不断言实际融合与存储","Y=X@W^T; width=heads*head_dim"
"root/layer_24","k_projection","未核验","GEMM","[B,S,2560]","[B,S,1024]","B,S,T；其他轴见模型参数","B[1,16];S_verify[1,8];L_KV独立未知；TP=1","config=bfloat16；激活/累加类型未核验","未核验","逻辑轴顺序；物理format未核验","逻辑轴顺序；物理format未核验","未评估候选","未评估候选","未评估候选","未核验","未实测","未实测","未实测","未实测","未核验","配置确认 + 数学推导；未核验完整调用链","https://huggingface.co/openbmb/AgentCPM-Explore/resolve/f528bbb55317bd291387ba3347551dd3414e698e/config.json","logical [1024,2560]","未核验","未核验","未核验","https://huggingface.co/openbmb/AgentCPM-Explore/resolve/f528bbb55317bd291387ba3347551dd3414e698e/config.json","文本decode/verify；B[1,16],S[1,8]；TP=1逻辑参考；独立逻辑矩阵，不断言实际融合与存储","Y=X@W^T; width=heads*head_dim"
"root/layer_24","v_projection","未核验","GEMM","[B,S,2560]","[B,S,1024]","B,S,T；其他轴见模型参数","B[1,16];S_verify[1,8];L_KV独立未知；TP=1","config=bfloat16；激活/累加类型未核验","未核验","逻辑轴顺序；物理format未核验","逻辑轴顺序；物理format未核验","未评估候选","未评估候选","未评估候选","未核验","未实测","未实测","未实测","未实测","未核验","配置确认 + 数学推导；未核验完整调用链","https://huggingface.co/openbmb/AgentCPM-Explore/resolve/f528bbb55317bd291387ba3347551dd3414e698e/config.json","logical [1024,2560]","未核验","未核验","未核验","https://huggingface.co/openbmb/AgentCPM-Explore/resolve/f528bbb55317bd291387ba3347551dd3414e698e/config.json","文本decode/verify；B[1,16],S[1,8]；TP=1逻辑参考；独立逻辑矩阵，不断言实际融合与存储","Y=X@W^T; width=heads*head_dim"
"root/layer_24","position_and_cache","未核验","位置/缓存","Q,K,V projected; B,S","Q:[B,32,S,128]; K,V:[B,8,L_KV,128]","B,S,T；其他轴见模型参数","B[1,16];S_verify[1,8];L_KV独立未知；TP=1","config=bfloat16；激活/累加类型未核验","未核验","逻辑轴顺序；物理format未核验","逻辑轴顺序；物理format未核验","未评估候选","未评估候选","未评估候选","未核验","未实测","未实测","未实测","未实测","未核验","配置确认 + 数学推导；未核验完整调用链","https://huggingface.co/openbmb/AgentCPM-Explore/resolve/f528bbb55317bd291387ba3347551dd3414e698e/config.json","未核验","未核验","未核验","未核验","https://huggingface.co/openbmb/AgentCPM-Explore/resolve/f528bbb55317bd291387ba3347551dd3414e698e/config.json","文本decode/verify；B[1,16],S[1,8]；TP=1逻辑参考；","文本decode/verify；B[1,16],S[1,8]；TP=1逻辑参考；位置编码与物理layout需实现核验"
"root/layer_24","attention","未核验","attention","Q:[B,32,S,128];K,V:[B,8,L_KV,128]","[B,32,S,128]","B,S,T；其他轴见模型参数","B[1,16];S_verify[1,8];L_KV独立未知；TP=1","config=bfloat16；激活/累加类型未核验","未核验","逻辑轴顺序；物理format未核验","逻辑轴顺序；物理format未核验","未评估候选","未评估候选","未评估候选","未核验","未实测","未实测","未实测","未实测","未核验","配置确认 + 数学推导；未核验完整调用链","https://huggingface.co/openbmb/AgentCPM-Explore/resolve/f528bbb55317bd291387ba3347551dd3414e698e/config.json","未核验","未核验","未核验","未核验","https://huggingface.co/openbmb/AgentCPM-Explore/resolve/f528bbb55317bd291387ba3347551dd3414e698e/config.json","文本decode/verify；B[1,16],S[1,8]；TP=1逻辑参考；稀疏选块/线性分支需按实现，不能据此声称稠密执行或峰值中间内存","softmax(QK^T / sqrt(head_dim) + mask)V（数学参考）"
"root/layer_24","output_projection","未核验","GEMM","[B,S,4096]","[B,S,2560]","B,S,T；其他轴见模型参数","B[1,16];S_verify[1,8];L_KV独立未知；TP=1","config=bfloat16；激活/累加类型未核验","未核验","逻辑轴顺序；物理format未核验","逻辑轴顺序；物理format未核验","未评估候选","未评估候选","未评估候选","未核验","未实测","未实测","未实测","未实测","未核验","配置确认 + 数学推导；未核验完整调用链","https://huggingface.co/openbmb/AgentCPM-Explore/resolve/f528bbb55317bd291387ba3347551dd3414e698e/config.json","logical [2560,4096]","未核验","未核验","未核验","https://huggingface.co/openbmb/AgentCPM-Explore/resolve/f528bbb55317bd291387ba3347551dd3414e698e/config.json","文本decode/verify；B[1,16],S[1,8]；TP=1逻辑参考；","Y=X@W^T"
"root/layer_24","attention_residual","未核验","elementwise","[B,S,2560];[B,S,2560]","[B,S,2560]","B,S,T；其他轴见模型参数","B[1,16];S_verify[1,8];L_KV独立未知；TP=1","config=bfloat16；激活/累加类型未核验","未核验","逻辑轴顺序；物理format未核验","逻辑轴顺序；物理format未核验","未评估候选","未评估候选","未评估候选","未核验","未实测","未实测","未实测","未实测","未核验","配置确认 + 数学推导；未核验完整调用链","https://huggingface.co/openbmb/AgentCPM-Explore/resolve/f528bbb55317bd291387ba3347551dd3414e698e/config.json","未核验","未核验","未核验","未核验","https://huggingface.co/openbmb/AgentCPM-Explore/resolve/f528bbb55317bd291387ba3347551dd3414e698e/config.json","文本decode/verify；B[1,16],S[1,8]；TP=1逻辑参考；","Y=X+branch（参考，实际残差策略未核验）"
"root/layer_24","post_attention_normalization","未核验","norm","[B,S,2560]","[B,S,2560]","B,S,T；其他轴见模型参数","B[1,16];S_verify[1,8];L_KV独立未知；TP=1","config=bfloat16；激活/累加类型未核验","未核验","逻辑轴顺序；物理format未核验","逻辑轴顺序；物理format未核验","未评估候选","未评估候选","未评估候选","未核验","未实测","未实测","未实测","未实测","未核验","配置确认 + 数学推导；未核验完整调用链","https://huggingface.co/openbmb/AgentCPM-Explore/resolve/f528bbb55317bd291387ba3347551dd3414e698e/config.json","未核验","未核验","未核验","未核验","https://huggingface.co/openbmb/AgentCPM-Explore/resolve/f528bbb55317bd291387ba3347551dd3414e698e/config.json","文本decode/verify；B[1,16],S[1,8]；TP=1逻辑参考；","类型与位置待源码核验"
"root/layer_24","FFN_up","未核验","GEMM","[B,S,2560]","[B,S,9728]","B,S,T；其他轴见模型参数","B[1,16];S_verify[1,8];L_KV独立未知；TP=1","config=bfloat16；激活/累加类型未核验","未核验","逻辑轴顺序；物理format未核验","逻辑轴顺序；物理format未核验","未评估候选","未评估候选","未评估候选","未核验","未实测","未实测","未实测","未实测","未核验","配置确认 + 数学推导；未核验完整调用链","https://huggingface.co/openbmb/AgentCPM-Explore/resolve/f528bbb55317bd291387ba3347551dd3414e698e/config.json","logical [9728,2560]","未核验","未核验","未核验","https://huggingface.co/openbmb/AgentCPM-Explore/resolve/f528bbb55317bd291387ba3347551dd3414e698e/config.json","文本decode/verify；B[1,16],S[1,8]；TP=1逻辑参考；","Y=X@W^T"
"root/layer_24","FFN_activation_and_optional_gate","未核验","activation","[B,S,9728]","[B,S,9728]","B,S,T；其他轴见模型参数","B[1,16];S_verify[1,8];L_KV独立未知；TP=1","config=bfloat16；激活/累加类型未核验","未核验","逻辑轴顺序；物理format未核验","逻辑轴顺序；物理format未核验","未评估候选","未评估候选","未评估候选","未核验","未实测","未实测","未实测","未实测","未核验","配置确认 + 数学推导；未核验完整调用链","https://huggingface.co/openbmb/AgentCPM-Explore/resolve/f528bbb55317bd291387ba3347551dd3414e698e/config.json","未核验","未核验","未核验","未核验","https://huggingface.co/openbmb/AgentCPM-Explore/resolve/f528bbb55317bd291387ba3347551dd3414e698e/config.json","文本decode/verify；B[1,16],S[1,8]；TP=1逻辑参考；是否额外gate矩阵与门控分支维度需要实现；不能仅由silu推定完整SwiGLU","config.hidden_act=silu"
"root/layer_24","FFN_down","未核验","GEMM","[B,S,9728]","[B,S,2560]","B,S,T；其他轴见模型参数","B[1,16];S_verify[1,8];L_KV独立未知；TP=1","config=bfloat16；激活/累加类型未核验","未核验","逻辑轴顺序；物理format未核验","逻辑轴顺序；物理format未核验","未评估候选","未评估候选","未评估候选","未核验","未实测","未实测","未实测","未实测","未核验","配置确认 + 数学推导；未核验完整调用链","https://huggingface.co/openbmb/AgentCPM-Explore/resolve/f528bbb55317bd291387ba3347551dd3414e698e/config.json","logical [2560,9728]","未核验","未核验","未核验","https://huggingface.co/openbmb/AgentCPM-Explore/resolve/f528bbb55317bd291387ba3347551dd3414e698e/config.json","文本decode/verify；B[1,16],S[1,8]；TP=1逻辑参考；","Y=X@W^T"
"root/layer_24","FFN_residual","未核验","elementwise","[B,S,2560];[B,S,2560]","[B,S,2560]","B,S,T；其他轴见模型参数","B[1,16];S_verify[1,8];L_KV独立未知；TP=1","config=bfloat16；激活/累加类型未核验","未核验","逻辑轴顺序；物理format未核验","逻辑轴顺序；物理format未核验","未评估候选","未评估候选","未评估候选","未核验","未实测","未实测","未实测","未实测","未核验","配置确认 + 数学推导；未核验完整调用链","https://huggingface.co/openbmb/AgentCPM-Explore/resolve/f528bbb55317bd291387ba3347551dd3414e698e/config.json","未核验","未核验","未核验","未核验","https://huggingface.co/openbmb/AgentCPM-Explore/resolve/f528bbb55317bd291387ba3347551dd3414e698e/config.json","文本decode/verify；B[1,16],S[1,8]；TP=1逻辑参考；","Y=X+branch（参考，实际残差策略未核验）"
"root/layer_25","input_normalization","未核验","norm","[B,S,2560]","[B,S,2560]","B,S,T；其他轴见模型参数","B[1,16];S_verify[1,8];L_KV独立未知；TP=1","config=bfloat16；激活/累加类型未核验","未核验","逻辑轴顺序；物理format未核验","逻辑轴顺序；物理format未核验","未评估候选","未评估候选","未评估候选","未核验","未实测","未实测","未实测","未实测","未核验","配置确认 + 数学推导；未核验完整调用链","https://huggingface.co/openbmb/AgentCPM-Explore/resolve/f528bbb55317bd291387ba3347551dd3414e698e/config.json","未核验","未核验","未核验","未核验","https://huggingface.co/openbmb/AgentCPM-Explore/resolve/f528bbb55317bd291387ba3347551dd3414e698e/config.json","文本decode/verify；B[1,16],S[1,8]；TP=1逻辑参考；","归一化类型/先后顺序待实现核验"
"root/layer_25","q_projection","未核验","GEMM","[B,S,2560]","[B,S,4096]","B,S,T；其他轴见模型参数","B[1,16];S_verify[1,8];L_KV独立未知；TP=1","config=bfloat16；激活/累加类型未核验","未核验","逻辑轴顺序；物理format未核验","逻辑轴顺序；物理format未核验","未评估候选","未评估候选","未评估候选","未核验","未实测","未实测","未实测","未实测","未核验","配置确认 + 数学推导；未核验完整调用链","https://huggingface.co/openbmb/AgentCPM-Explore/resolve/f528bbb55317bd291387ba3347551dd3414e698e/config.json","logical [4096,2560]","未核验","未核验","未核验","https://huggingface.co/openbmb/AgentCPM-Explore/resolve/f528bbb55317bd291387ba3347551dd3414e698e/config.json","文本decode/verify；B[1,16],S[1,8]；TP=1逻辑参考；独立逻辑矩阵，不断言实际融合与存储","Y=X@W^T; width=heads*head_dim"
"root/layer_25","k_projection","未核验","GEMM","[B,S,2560]","[B,S,1024]","B,S,T；其他轴见模型参数","B[1,16];S_verify[1,8];L_KV独立未知；TP=1","config=bfloat16；激活/累加类型未核验","未核验","逻辑轴顺序；物理format未核验","逻辑轴顺序；物理format未核验","未评估候选","未评估候选","未评估候选","未核验","未实测","未实测","未实测","未实测","未核验","配置确认 + 数学推导；未核验完整调用链","https://huggingface.co/openbmb/AgentCPM-Explore/resolve/f528bbb55317bd291387ba3347551dd3414e698e/config.json","logical [1024,2560]","未核验","未核验","未核验","https://huggingface.co/openbmb/AgentCPM-Explore/resolve/f528bbb55317bd291387ba3347551dd3414e698e/config.json","文本decode/verify；B[1,16],S[1,8]；TP=1逻辑参考；独立逻辑矩阵，不断言实际融合与存储","Y=X@W^T; width=heads*head_dim"
"root/layer_25","v_projection","未核验","GEMM","[B,S,2560]","[B,S,1024]","B,S,T；其他轴见模型参数","B[1,16];S_verify[1,8];L_KV独立未知；TP=1","config=bfloat16；激活/累加类型未核验","未核验","逻辑轴顺序；物理format未核验","逻辑轴顺序；物理format未核验","未评估候选","未评估候选","未评估候选","未核验","未实测","未实测","未实测","未实测","未核验","配置确认 + 数学推导；未核验完整调用链","https://huggingface.co/openbmb/AgentCPM-Explore/resolve/f528bbb55317bd291387ba3347551dd3414e698e/config.json","logical [1024,2560]","未核验","未核验","未核验","https://huggingface.co/openbmb/AgentCPM-Explore/resolve/f528bbb55317bd291387ba3347551dd3414e698e/config.json","文本decode/verify；B[1,16],S[1,8]；TP=1逻辑参考；独立逻辑矩阵，不断言实际融合与存储","Y=X@W^T; width=heads*head_dim"
"root/layer_25","position_and_cache","未核验","位置/缓存","Q,K,V projected; B,S","Q:[B,32,S,128]; K,V:[B,8,L_KV,128]","B,S,T；其他轴见模型参数","B[1,16];S_verify[1,8];L_KV独立未知；TP=1","config=bfloat16；激活/累加类型未核验","未核验","逻辑轴顺序；物理format未核验","逻辑轴顺序；物理format未核验","未评估候选","未评估候选","未评估候选","未核验","未实测","未实测","未实测","未实测","未核验","配置确认 + 数学推导；未核验完整调用链","https://huggingface.co/openbmb/AgentCPM-Explore/resolve/f528bbb55317bd291387ba3347551dd3414e698e/config.json","未核验","未核验","未核验","未核验","https://huggingface.co/openbmb/AgentCPM-Explore/resolve/f528bbb55317bd291387ba3347551dd3414e698e/config.json","文本decode/verify；B[1,16],S[1,8]；TP=1逻辑参考；","文本decode/verify；B[1,16],S[1,8]；TP=1逻辑参考；位置编码与物理layout需实现核验"
"root/layer_25","attention","未核验","attention","Q:[B,32,S,128];K,V:[B,8,L_KV,128]","[B,32,S,128]","B,S,T；其他轴见模型参数","B[1,16];S_verify[1,8];L_KV独立未知；TP=1","config=bfloat16；激活/累加类型未核验","未核验","逻辑轴顺序；物理format未核验","逻辑轴顺序；物理format未核验","未评估候选","未评估候选","未评估候选","未核验","未实测","未实测","未实测","未实测","未核验","配置确认 + 数学推导；未核验完整调用链","https://huggingface.co/openbmb/AgentCPM-Explore/resolve/f528bbb55317bd291387ba3347551dd3414e698e/config.json","未核验","未核验","未核验","未核验","https://huggingface.co/openbmb/AgentCPM-Explore/resolve/f528bbb55317bd291387ba3347551dd3414e698e/config.json","文本decode/verify；B[1,16],S[1,8]；TP=1逻辑参考；稀疏选块/线性分支需按实现，不能据此声称稠密执行或峰值中间内存","softmax(QK^T / sqrt(head_dim) + mask)V（数学参考）"
"root/layer_25","output_projection","未核验","GEMM","[B,S,4096]","[B,S,2560]","B,S,T；其他轴见模型参数","B[1,16];S_verify[1,8];L_KV独立未知；TP=1","config=bfloat16；激活/累加类型未核验","未核验","逻辑轴顺序；物理format未核验","逻辑轴顺序；物理format未核验","未评估候选","未评估候选","未评估候选","未核验","未实测","未实测","未实测","未实测","未核验","配置确认 + 数学推导；未核验完整调用链","https://huggingface.co/openbmb/AgentCPM-Explore/resolve/f528bbb55317bd291387ba3347551dd3414e698e/config.json","logical [2560,4096]","未核验","未核验","未核验","https://huggingface.co/openbmb/AgentCPM-Explore/resolve/f528bbb55317bd291387ba3347551dd3414e698e/config.json","文本decode/verify；B[1,16],S[1,8]；TP=1逻辑参考；","Y=X@W^T"
"root/layer_25","attention_residual","未核验","elementwise","[B,S,2560];[B,S,2560]","[B,S,2560]","B,S,T；其他轴见模型参数","B[1,16];S_verify[1,8];L_KV独立未知；TP=1","config=bfloat16；激活/累加类型未核验","未核验","逻辑轴顺序；物理format未核验","逻辑轴顺序；物理format未核验","未评估候选","未评估候选","未评估候选","未核验","未实测","未实测","未实测","未实测","未核验","配置确认 + 数学推导；未核验完整调用链","https://huggingface.co/openbmb/AgentCPM-Explore/resolve/f528bbb55317bd291387ba3347551dd3414e698e/config.json","未核验","未核验","未核验","未核验","https://huggingface.co/openbmb/AgentCPM-Explore/resolve/f528bbb55317bd291387ba3347551dd3414e698e/config.json","文本decode/verify；B[1,16],S[1,8]；TP=1逻辑参考；","Y=X+branch（参考，实际残差策略未核验）"
"root/layer_25","post_attention_normalization","未核验","norm","[B,S,2560]","[B,S,2560]","B,S,T；其他轴见模型参数","B[1,16];S_verify[1,8];L_KV独立未知；TP=1","config=bfloat16；激活/累加类型未核验","未核验","逻辑轴顺序；物理format未核验","逻辑轴顺序；物理format未核验","未评估候选","未评估候选","未评估候选","未核验","未实测","未实测","未实测","未实测","未核验","配置确认 + 数学推导；未核验完整调用链","https://huggingface.co/openbmb/AgentCPM-Explore/resolve/f528bbb55317bd291387ba3347551dd3414e698e/config.json","未核验","未核验","未核验","未核验","https://huggingface.co/openbmb/AgentCPM-Explore/resolve/f528bbb55317bd291387ba3347551dd3414e698e/config.json","文本decode/verify；B[1,16],S[1,8]；TP=1逻辑参考；","类型与位置待源码核验"
"root/layer_25","FFN_up","未核验","GEMM","[B,S,2560]","[B,S,9728]","B,S,T；其他轴见模型参数","B[1,16];S_verify[1,8];L_KV独立未知；TP=1","config=bfloat16；激活/累加类型未核验","未核验","逻辑轴顺序；物理format未核验","逻辑轴顺序；物理format未核验","未评估候选","未评估候选","未评估候选","未核验","未实测","未实测","未实测","未实测","未核验","配置确认 + 数学推导；未核验完整调用链","https://huggingface.co/openbmb/AgentCPM-Explore/resolve/f528bbb55317bd291387ba3347551dd3414e698e/config.json","logical [9728,2560]","未核验","未核验","未核验","https://huggingface.co/openbmb/AgentCPM-Explore/resolve/f528bbb55317bd291387ba3347551dd3414e698e/config.json","文本decode/verify；B[1,16],S[1,8]；TP=1逻辑参考；","Y=X@W^T"
"root/layer_25","FFN_activation_and_optional_gate","未核验","activation","[B,S,9728]","[B,S,9728]","B,S,T；其他轴见模型参数","B[1,16];S_verify[1,8];L_KV独立未知；TP=1","config=bfloat16；激活/累加类型未核验","未核验","逻辑轴顺序；物理format未核验","逻辑轴顺序；物理format未核验","未评估候选","未评估候选","未评估候选","未核验","未实测","未实测","未实测","未实测","未核验","配置确认 + 数学推导；未核验完整调用链","https://huggingface.co/openbmb/AgentCPM-Explore/resolve/f528bbb55317bd291387ba3347551dd3414e698e/config.json","未核验","未核验","未核验","未核验","https://huggingface.co/openbmb/AgentCPM-Explore/resolve/f528bbb55317bd291387ba3347551dd3414e698e/config.json","文本decode/verify；B[1,16],S[1,8]；TP=1逻辑参考；是否额外gate矩阵与门控分支维度需要实现；不能仅由silu推定完整SwiGLU","config.hidden_act=silu"
"root/layer_25","FFN_down","未核验","GEMM","[B,S,9728]","[B,S,2560]","B,S,T；其他轴见模型参数","B[1,16];S_verify[1,8];L_KV独立未知；TP=1","config=bfloat16；激活/累加类型未核验","未核验","逻辑轴顺序；物理format未核验","逻辑轴顺序；物理format未核验","未评估候选","未评估候选","未评估候选","未核验","未实测","未实测","未实测","未实测","未核验","配置确认 + 数学推导；未核验完整调用链","https://huggingface.co/openbmb/AgentCPM-Explore/resolve/f528bbb55317bd291387ba3347551dd3414e698e/config.json","logical [2560,9728]","未核验","未核验","未核验","https://huggingface.co/openbmb/AgentCPM-Explore/resolve/f528bbb55317bd291387ba3347551dd3414e698e/config.json","文本decode/verify；B[1,16],S[1,8]；TP=1逻辑参考；","Y=X@W^T"
"root/layer_25","FFN_residual","未核验","elementwise","[B,S,2560];[B,S,2560]","[B,S,2560]","B,S,T；其他轴见模型参数","B[1,16];S_verify[1,8];L_KV独立未知；TP=1","config=bfloat16；激活/累加类型未核验","未核验","逻辑轴顺序；物理format未核验","逻辑轴顺序；物理format未核验","未评估候选","未评估候选","未评估候选","未核验","未实测","未实测","未实测","未实测","未核验","配置确认 + 数学推导；未核验完整调用链","https://huggingface.co/openbmb/AgentCPM-Explore/resolve/f528bbb55317bd291387ba3347551dd3414e698e/config.json","未核验","未核验","未核验","未核验","https://huggingface.co/openbmb/AgentCPM-Explore/resolve/f528bbb55317bd291387ba3347551dd3414e698e/config.json","文本decode/verify；B[1,16],S[1,8]；TP=1逻辑参考；","Y=X+branch（参考，实际残差策略未核验）"
"root/layer_26","input_normalization","未核验","norm","[B,S,2560]","[B,S,2560]","B,S,T；其他轴见模型参数","B[1,16];S_verify[1,8];L_KV独立未知；TP=1","config=bfloat16；激活/累加类型未核验","未核验","逻辑轴顺序；物理format未核验","逻辑轴顺序；物理format未核验","未评估候选","未评估候选","未评估候选","未核验","未实测","未实测","未实测","未实测","未核验","配置确认 + 数学推导；未核验完整调用链","https://huggingface.co/openbmb/AgentCPM-Explore/resolve/f528bbb55317bd291387ba3347551dd3414e698e/config.json","未核验","未核验","未核验","未核验","https://huggingface.co/openbmb/AgentCPM-Explore/resolve/f528bbb55317bd291387ba3347551dd3414e698e/config.json","文本decode/verify；B[1,16],S[1,8]；TP=1逻辑参考；","归一化类型/先后顺序待实现核验"
"root/layer_26","q_projection","未核验","GEMM","[B,S,2560]","[B,S,4096]","B,S,T；其他轴见模型参数","B[1,16];S_verify[1,8];L_KV独立未知；TP=1","config=bfloat16；激活/累加类型未核验","未核验","逻辑轴顺序；物理format未核验","逻辑轴顺序；物理format未核验","未评估候选","未评估候选","未评估候选","未核验","未实测","未实测","未实测","未实测","未核验","配置确认 + 数学推导；未核验完整调用链","https://huggingface.co/openbmb/AgentCPM-Explore/resolve/f528bbb55317bd291387ba3347551dd3414e698e/config.json","logical [4096,2560]","未核验","未核验","未核验","https://huggingface.co/openbmb/AgentCPM-Explore/resolve/f528bbb55317bd291387ba3347551dd3414e698e/config.json","文本decode/verify；B[1,16],S[1,8]；TP=1逻辑参考；独立逻辑矩阵，不断言实际融合与存储","Y=X@W^T; width=heads*head_dim"
"root/layer_26","k_projection","未核验","GEMM","[B,S,2560]","[B,S,1024]","B,S,T；其他轴见模型参数","B[1,16];S_verify[1,8];L_KV独立未知；TP=1","config=bfloat16；激活/累加类型未核验","未核验","逻辑轴顺序；物理format未核验","逻辑轴顺序；物理format未核验","未评估候选","未评估候选","未评估候选","未核验","未实测","未实测","未实测","未实测","未核验","配置确认 + 数学推导；未核验完整调用链","https://huggingface.co/openbmb/AgentCPM-Explore/resolve/f528bbb55317bd291387ba3347551dd3414e698e/config.json","logical [1024,2560]","未核验","未核验","未核验","https://huggingface.co/openbmb/AgentCPM-Explore/resolve/f528bbb55317bd291387ba3347551dd3414e698e/config.json","文本decode/verify；B[1,16],S[1,8]；TP=1逻辑参考；独立逻辑矩阵，不断言实际融合与存储","Y=X@W^T; width=heads*head_dim"
"root/layer_26","v_projection","未核验","GEMM","[B,S,2560]","[B,S,1024]","B,S,T；其他轴见模型参数","B[1,16];S_verify[1,8];L_KV独立未知；TP=1","config=bfloat16；激活/累加类型未核验","未核验","逻辑轴顺序；物理format未核验","逻辑轴顺序；物理format未核验","未评估候选","未评估候选","未评估候选","未核验","未实测","未实测","未实测","未实测","未核验","配置确认 + 数学推导；未核验完整调用链","https://huggingface.co/openbmb/AgentCPM-Explore/resolve/f528bbb55317bd291387ba3347551dd3414e698e/config.json","logical [1024,2560]","未核验","未核验","未核验","https://huggingface.co/openbmb/AgentCPM-Explore/resolve/f528bbb55317bd291387ba3347551dd3414e698e/config.json","文本decode/verify；B[1,16],S[1,8]；TP=1逻辑参考；独立逻辑矩阵，不断言实际融合与存储","Y=X@W^T; width=heads*head_dim"
"root/layer_26","position_and_cache","未核验","位置/缓存","Q,K,V projected; B,S","Q:[B,32,S,128]; K,V:[B,8,L_KV,128]","B,S,T；其他轴见模型参数","B[1,16];S_verify[1,8];L_KV独立未知；TP=1","config=bfloat16；激活/累加类型未核验","未核验","逻辑轴顺序；物理format未核验","逻辑轴顺序；物理format未核验","未评估候选","未评估候选","未评估候选","未核验","未实测","未实测","未实测","未实测","未核验","配置确认 + 数学推导；未核验完整调用链","https://huggingface.co/openbmb/AgentCPM-Explore/resolve/f528bbb55317bd291387ba3347551dd3414e698e/config.json","未核验","未核验","未核验","未核验","https://huggingface.co/openbmb/AgentCPM-Explore/resolve/f528bbb55317bd291387ba3347551dd3414e698e/config.json","文本decode/verify；B[1,16],S[1,8]；TP=1逻辑参考；","文本decode/verify；B[1,16],S[1,8]；TP=1逻辑参考；位置编码与物理layout需实现核验"
"root/layer_26","attention","未核验","attention","Q:[B,32,S,128];K,V:[B,8,L_KV,128]","[B,32,S,128]","B,S,T；其他轴见模型参数","B[1,16];S_verify[1,8];L_KV独立未知；TP=1","config=bfloat16；激活/累加类型未核验","未核验","逻辑轴顺序；物理format未核验","逻辑轴顺序；物理format未核验","未评估候选","未评估候选","未评估候选","未核验","未实测","未实测","未实测","未实测","未核验","配置确认 + 数学推导；未核验完整调用链","https://huggingface.co/openbmb/AgentCPM-Explore/resolve/f528bbb55317bd291387ba3347551dd3414e698e/config.json","未核验","未核验","未核验","未核验","https://huggingface.co/openbmb/AgentCPM-Explore/resolve/f528bbb55317bd291387ba3347551dd3414e698e/config.json","文本decode/verify；B[1,16],S[1,8]；TP=1逻辑参考；稀疏选块/线性分支需按实现，不能据此声称稠密执行或峰值中间内存","softmax(QK^T / sqrt(head_dim) + mask)V（数学参考）"
"root/layer_26","output_projection","未核验","GEMM","[B,S,4096]","[B,S,2560]","B,S,T；其他轴见模型参数","B[1,16];S_verify[1,8];L_KV独立未知；TP=1","config=bfloat16；激活/累加类型未核验","未核验","逻辑轴顺序；物理format未核验","逻辑轴顺序；物理format未核验","未评估候选","未评估候选","未评估候选","未核验","未实测","未实测","未实测","未实测","未核验","配置确认 + 数学推导；未核验完整调用链","https://huggingface.co/openbmb/AgentCPM-Explore/resolve/f528bbb55317bd291387ba3347551dd3414e698e/config.json","logical [2560,4096]","未核验","未核验","未核验","https://huggingface.co/openbmb/AgentCPM-Explore/resolve/f528bbb55317bd291387ba3347551dd3414e698e/config.json","文本decode/verify；B[1,16],S[1,8]；TP=1逻辑参考；","Y=X@W^T"
"root/layer_26","attention_residual","未核验","elementwise","[B,S,2560];[B,S,2560]","[B,S,2560]","B,S,T；其他轴见模型参数","B[1,16];S_verify[1,8];L_KV独立未知；TP=1","config=bfloat16；激活/累加类型未核验","未核验","逻辑轴顺序；物理format未核验","逻辑轴顺序；物理format未核验","未评估候选","未评估候选","未评估候选","未核验","未实测","未实测","未实测","未实测","未核验","配置确认 + 数学推导；未核验完整调用链","https://huggingface.co/openbmb/AgentCPM-Explore/resolve/f528bbb55317bd291387ba3347551dd3414e698e/config.json","未核验","未核验","未核验","未核验","https://huggingface.co/openbmb/AgentCPM-Explore/resolve/f528bbb55317bd291387ba3347551dd3414e698e/config.json","文本decode/verify；B[1,16],S[1,8]；TP=1逻辑参考；","Y=X+branch（参考，实际残差策略未核验）"
"root/layer_26","post_attention_normalization","未核验","norm","[B,S,2560]","[B,S,2560]","B,S,T；其他轴见模型参数","B[1,16];S_verify[1,8];L_KV独立未知；TP=1","config=bfloat16；激活/累加类型未核验","未核验","逻辑轴顺序；物理format未核验","逻辑轴顺序；物理format未核验","未评估候选","未评估候选","未评估候选","未核验","未实测","未实测","未实测","未实测","未核验","配置确认 + 数学推导；未核验完整调用链","https://huggingface.co/openbmb/AgentCPM-Explore/resolve/f528bbb55317bd291387ba3347551dd3414e698e/config.json","未核验","未核验","未核验","未核验","https://huggingface.co/openbmb/AgentCPM-Explore/resolve/f528bbb55317bd291387ba3347551dd3414e698e/config.json","文本decode/verify；B[1,16],S[1,8]；TP=1逻辑参考；","类型与位置待源码核验"
"root/layer_26","FFN_up","未核验","GEMM","[B,S,2560]","[B,S,9728]","B,S,T；其他轴见模型参数","B[1,16];S_verify[1,8];L_KV独立未知；TP=1","config=bfloat16；激活/累加类型未核验","未核验","逻辑轴顺序；物理format未核验","逻辑轴顺序；物理format未核验","未评估候选","未评估候选","未评估候选","未核验","未实测","未实测","未实测","未实测","未核验","配置确认 + 数学推导；未核验完整调用链","https://huggingface.co/openbmb/AgentCPM-Explore/resolve/f528bbb55317bd291387ba3347551dd3414e698e/config.json","logical [9728,2560]","未核验","未核验","未核验","https://huggingface.co/openbmb/AgentCPM-Explore/resolve/f528bbb55317bd291387ba3347551dd3414e698e/config.json","文本decode/verify；B[1,16],S[1,8]；TP=1逻辑参考；","Y=X@W^T"
"root/layer_26","FFN_activation_and_optional_gate","未核验","activation","[B,S,9728]","[B,S,9728]","B,S,T；其他轴见模型参数","B[1,16];S_verify[1,8];L_KV独立未知；TP=1","config=bfloat16；激活/累加类型未核验","未核验","逻辑轴顺序；物理format未核验","逻辑轴顺序；物理format未核验","未评估候选","未评估候选","未评估候选","未核验","未实测","未实测","未实测","未实测","未核验","配置确认 + 数学推导；未核验完整调用链","https://huggingface.co/openbmb/AgentCPM-Explore/resolve/f528bbb55317bd291387ba3347551dd3414e698e/config.json","未核验","未核验","未核验","未核验","https://huggingface.co/openbmb/AgentCPM-Explore/resolve/f528bbb55317bd291387ba3347551dd3414e698e/config.json","文本decode/verify；B[1,16],S[1,8]；TP=1逻辑参考；是否额外gate矩阵与门控分支维度需要实现；不能仅由silu推定完整SwiGLU","config.hidden_act=silu"
"root/layer_26","FFN_down","未核验","GEMM","[B,S,9728]","[B,S,2560]","B,S,T；其他轴见模型参数","B[1,16];S_verify[1,8];L_KV独立未知；TP=1","config=bfloat16；激活/累加类型未核验","未核验","逻辑轴顺序；物理format未核验","逻辑轴顺序；物理format未核验","未评估候选","未评估候选","未评估候选","未核验","未实测","未实测","未实测","未实测","未核验","配置确认 + 数学推导；未核验完整调用链","https://huggingface.co/openbmb/AgentCPM-Explore/resolve/f528bbb55317bd291387ba3347551dd3414e698e/config.json","logical [2560,9728]","未核验","未核验","未核验","https://huggingface.co/openbmb/AgentCPM-Explore/resolve/f528bbb55317bd291387ba3347551dd3414e698e/config.json","文本decode/verify；B[1,16],S[1,8]；TP=1逻辑参考；","Y=X@W^T"
"root/layer_26","FFN_residual","未核验","elementwise","[B,S,2560];[B,S,2560]","[B,S,2560]","B,S,T；其他轴见模型参数","B[1,16];S_verify[1,8];L_KV独立未知；TP=1","config=bfloat16；激活/累加类型未核验","未核验","逻辑轴顺序；物理format未核验","逻辑轴顺序；物理format未核验","未评估候选","未评估候选","未评估候选","未核验","未实测","未实测","未实测","未实测","未核验","配置确认 + 数学推导；未核验完整调用链","https://huggingface.co/openbmb/AgentCPM-Explore/resolve/f528bbb55317bd291387ba3347551dd3414e698e/config.json","未核验","未核验","未核验","未核验","https://huggingface.co/openbmb/AgentCPM-Explore/resolve/f528bbb55317bd291387ba3347551dd3414e698e/config.json","文本decode/verify；B[1,16],S[1,8]；TP=1逻辑参考；","Y=X+branch（参考，实际残差策略未核验）"
"root/layer_27","input_normalization","未核验","norm","[B,S,2560]","[B,S,2560]","B,S,T；其他轴见模型参数","B[1,16];S_verify[1,8];L_KV独立未知；TP=1","config=bfloat16；激活/累加类型未核验","未核验","逻辑轴顺序；物理format未核验","逻辑轴顺序；物理format未核验","未评估候选","未评估候选","未评估候选","未核验","未实测","未实测","未实测","未实测","未核验","配置确认 + 数学推导；未核验完整调用链","https://huggingface.co/openbmb/AgentCPM-Explore/resolve/f528bbb55317bd291387ba3347551dd3414e698e/config.json","未核验","未核验","未核验","未核验","https://huggingface.co/openbmb/AgentCPM-Explore/resolve/f528bbb55317bd291387ba3347551dd3414e698e/config.json","文本decode/verify；B[1,16],S[1,8]；TP=1逻辑参考；","归一化类型/先后顺序待实现核验"
"root/layer_27","q_projection","未核验","GEMM","[B,S,2560]","[B,S,4096]","B,S,T；其他轴见模型参数","B[1,16];S_verify[1,8];L_KV独立未知；TP=1","config=bfloat16；激活/累加类型未核验","未核验","逻辑轴顺序；物理format未核验","逻辑轴顺序；物理format未核验","未评估候选","未评估候选","未评估候选","未核验","未实测","未实测","未实测","未实测","未核验","配置确认 + 数学推导；未核验完整调用链","https://huggingface.co/openbmb/AgentCPM-Explore/resolve/f528bbb55317bd291387ba3347551dd3414e698e/config.json","logical [4096,2560]","未核验","未核验","未核验","https://huggingface.co/openbmb/AgentCPM-Explore/resolve/f528bbb55317bd291387ba3347551dd3414e698e/config.json","文本decode/verify；B[1,16],S[1,8]；TP=1逻辑参考；独立逻辑矩阵，不断言实际融合与存储","Y=X@W^T; width=heads*head_dim"
"root/layer_27","k_projection","未核验","GEMM","[B,S,2560]","[B,S,1024]","B,S,T；其他轴见模型参数","B[1,16];S_verify[1,8];L_KV独立未知；TP=1","config=bfloat16；激活/累加类型未核验","未核验","逻辑轴顺序；物理format未核验","逻辑轴顺序；物理format未核验","未评估候选","未评估候选","未评估候选","未核验","未实测","未实测","未实测","未实测","未核验","配置确认 + 数学推导；未核验完整调用链","https://huggingface.co/openbmb/AgentCPM-Explore/resolve/f528bbb55317bd291387ba3347551dd3414e698e/config.json","logical [1024,2560]","未核验","未核验","未核验","https://huggingface.co/openbmb/AgentCPM-Explore/resolve/f528bbb55317bd291387ba3347551dd3414e698e/config.json","文本decode/verify；B[1,16],S[1,8]；TP=1逻辑参考；独立逻辑矩阵，不断言实际融合与存储","Y=X@W^T; width=heads*head_dim"
"root/layer_27","v_projection","未核验","GEMM","[B,S,2560]","[B,S,1024]","B,S,T；其他轴见模型参数","B[1,16];S_verify[1,8];L_KV独立未知；TP=1","config=bfloat16；激活/累加类型未核验","未核验","逻辑轴顺序；物理format未核验","逻辑轴顺序；物理format未核验","未评估候选","未评估候选","未评估候选","未核验","未实测","未实测","未实测","未实测","未核验","配置确认 + 数学推导；未核验完整调用链","https://huggingface.co/openbmb/AgentCPM-Explore/resolve/f528bbb55317bd291387ba3347551dd3414e698e/config.json","logical [1024,2560]","未核验","未核验","未核验","https://huggingface.co/openbmb/AgentCPM-Explore/resolve/f528bbb55317bd291387ba3347551dd3414e698e/config.json","文本decode/verify；B[1,16],S[1,8]；TP=1逻辑参考；独立逻辑矩阵，不断言实际融合与存储","Y=X@W^T; width=heads*head_dim"
"root/layer_27","position_and_cache","未核验","位置/缓存","Q,K,V projected; B,S","Q:[B,32,S,128]; K,V:[B,8,L_KV,128]","B,S,T；其他轴见模型参数","B[1,16];S_verify[1,8];L_KV独立未知；TP=1","config=bfloat16；激活/累加类型未核验","未核验","逻辑轴顺序；物理format未核验","逻辑轴顺序；物理format未核验","未评估候选","未评估候选","未评估候选","未核验","未实测","未实测","未实测","未实测","未核验","配置确认 + 数学推导；未核验完整调用链","https://huggingface.co/openbmb/AgentCPM-Explore/resolve/f528bbb55317bd291387ba3347551dd3414e698e/config.json","未核验","未核验","未核验","未核验","https://huggingface.co/openbmb/AgentCPM-Explore/resolve/f528bbb55317bd291387ba3347551dd3414e698e/config.json","文本decode/verify；B[1,16],S[1,8]；TP=1逻辑参考；","文本decode/verify；B[1,16],S[1,8]；TP=1逻辑参考；位置编码与物理layout需实现核验"
"root/layer_27","attention","未核验","attention","Q:[B,32,S,128];K,V:[B,8,L_KV,128]","[B,32,S,128]","B,S,T；其他轴见模型参数","B[1,16];S_verify[1,8];L_KV独立未知；TP=1","config=bfloat16；激活/累加类型未核验","未核验","逻辑轴顺序；物理format未核验","逻辑轴顺序；物理format未核验","未评估候选","未评估候选","未评估候选","未核验","未实测","未实测","未实测","未实测","未核验","配置确认 + 数学推导；未核验完整调用链","https://huggingface.co/openbmb/AgentCPM-Explore/resolve/f528bbb55317bd291387ba3347551dd3414e698e/config.json","未核验","未核验","未核验","未核验","https://huggingface.co/openbmb/AgentCPM-Explore/resolve/f528bbb55317bd291387ba3347551dd3414e698e/config.json","文本decode/verify；B[1,16],S[1,8]；TP=1逻辑参考；稀疏选块/线性分支需按实现，不能据此声称稠密执行或峰值中间内存","softmax(QK^T / sqrt(head_dim) + mask)V（数学参考）"
"root/layer_27","output_projection","未核验","GEMM","[B,S,4096]","[B,S,2560]","B,S,T；其他轴见模型参数","B[1,16];S_verify[1,8];L_KV独立未知；TP=1","config=bfloat16；激活/累加类型未核验","未核验","逻辑轴顺序；物理format未核验","逻辑轴顺序；物理format未核验","未评估候选","未评估候选","未评估候选","未核验","未实测","未实测","未实测","未实测","未核验","配置确认 + 数学推导；未核验完整调用链","https://huggingface.co/openbmb/AgentCPM-Explore/resolve/f528bbb55317bd291387ba3347551dd3414e698e/config.json","logical [2560,4096]","未核验","未核验","未核验","https://huggingface.co/openbmb/AgentCPM-Explore/resolve/f528bbb55317bd291387ba3347551dd3414e698e/config.json","文本decode/verify；B[1,16],S[1,8]；TP=1逻辑参考；","Y=X@W^T"
"root/layer_27","attention_residual","未核验","elementwise","[B,S,2560];[B,S,2560]","[B,S,2560]","B,S,T；其他轴见模型参数","B[1,16];S_verify[1,8];L_KV独立未知；TP=1","config=bfloat16；激活/累加类型未核验","未核验","逻辑轴顺序；物理format未核验","逻辑轴顺序；物理format未核验","未评估候选","未评估候选","未评估候选","未核验","未实测","未实测","未实测","未实测","未核验","配置确认 + 数学推导；未核验完整调用链","https://huggingface.co/openbmb/AgentCPM-Explore/resolve/f528bbb55317bd291387ba3347551dd3414e698e/config.json","未核验","未核验","未核验","未核验","https://huggingface.co/openbmb/AgentCPM-Explore/resolve/f528bbb55317bd291387ba3347551dd3414e698e/config.json","文本decode/verify；B[1,16],S[1,8]；TP=1逻辑参考；","Y=X+branch（参考，实际残差策略未核验）"
"root/layer_27","post_attention_normalization","未核验","norm","[B,S,2560]","[B,S,2560]","B,S,T；其他轴见模型参数","B[1,16];S_verify[1,8];L_KV独立未知；TP=1","config=bfloat16；激活/累加类型未核验","未核验","逻辑轴顺序；物理format未核验","逻辑轴顺序；物理format未核验","未评估候选","未评估候选","未评估候选","未核验","未实测","未实测","未实测","未实测","未核验","配置确认 + 数学推导；未核验完整调用链","https://huggingface.co/openbmb/AgentCPM-Explore/resolve/f528bbb55317bd291387ba3347551dd3414e698e/config.json","未核验","未核验","未核验","未核验","https://huggingface.co/openbmb/AgentCPM-Explore/resolve/f528bbb55317bd291387ba3347551dd3414e698e/config.json","文本decode/verify；B[1,16],S[1,8]；TP=1逻辑参考；","类型与位置待源码核验"
"root/layer_27","FFN_up","未核验","GEMM","[B,S,2560]","[B,S,9728]","B,S,T；其他轴见模型参数","B[1,16];S_verify[1,8];L_KV独立未知；TP=1","config=bfloat16；激活/累加类型未核验","未核验","逻辑轴顺序；物理format未核验","逻辑轴顺序；物理format未核验","未评估候选","未评估候选","未评估候选","未核验","未实测","未实测","未实测","未实测","未核验","配置确认 + 数学推导；未核验完整调用链","https://huggingface.co/openbmb/AgentCPM-Explore/resolve/f528bbb55317bd291387ba3347551dd3414e698e/config.json","logical [9728,2560]","未核验","未核验","未核验","https://huggingface.co/openbmb/AgentCPM-Explore/resolve/f528bbb55317bd291387ba3347551dd3414e698e/config.json","文本decode/verify；B[1,16],S[1,8]；TP=1逻辑参考；","Y=X@W^T"
"root/layer_27","FFN_activation_and_optional_gate","未核验","activation","[B,S,9728]","[B,S,9728]","B,S,T；其他轴见模型参数","B[1,16];S_verify[1,8];L_KV独立未知；TP=1","config=bfloat16；激活/累加类型未核验","未核验","逻辑轴顺序；物理format未核验","逻辑轴顺序；物理format未核验","未评估候选","未评估候选","未评估候选","未核验","未实测","未实测","未实测","未实测","未核验","配置确认 + 数学推导；未核验完整调用链","https://huggingface.co/openbmb/AgentCPM-Explore/resolve/f528bbb55317bd291387ba3347551dd3414e698e/config.json","未核验","未核验","未核验","未核验","https://huggingface.co/openbmb/AgentCPM-Explore/resolve/f528bbb55317bd291387ba3347551dd3414e698e/config.json","文本decode/verify；B[1,16],S[1,8]；TP=1逻辑参考；是否额外gate矩阵与门控分支维度需要实现；不能仅由silu推定完整SwiGLU","config.hidden_act=silu"
"root/layer_27","FFN_down","未核验","GEMM","[B,S,9728]","[B,S,2560]","B,S,T；其他轴见模型参数","B[1,16];S_verify[1,8];L_KV独立未知；TP=1","config=bfloat16；激活/累加类型未核验","未核验","逻辑轴顺序；物理format未核验","逻辑轴顺序；物理format未核验","未评估候选","未评估候选","未评估候选","未核验","未实测","未实测","未实测","未实测","未核验","配置确认 + 数学推导；未核验完整调用链","https://huggingface.co/openbmb/AgentCPM-Explore/resolve/f528bbb55317bd291387ba3347551dd3414e698e/config.json","logical [2560,9728]","未核验","未核验","未核验","https://huggingface.co/openbmb/AgentCPM-Explore/resolve/f528bbb55317bd291387ba3347551dd3414e698e/config.json","文本decode/verify；B[1,16],S[1,8]；TP=1逻辑参考；","Y=X@W^T"
"root/layer_27","FFN_residual","未核验","elementwise","[B,S,2560];[B,S,2560]","[B,S,2560]","B,S,T；其他轴见模型参数","B[1,16];S_verify[1,8];L_KV独立未知；TP=1","config=bfloat16；激活/累加类型未核验","未核验","逻辑轴顺序；物理format未核验","逻辑轴顺序；物理format未核验","未评估候选","未评估候选","未评估候选","未核验","未实测","未实测","未实测","未实测","未核验","配置确认 + 数学推导；未核验完整调用链","https://huggingface.co/openbmb/AgentCPM-Explore/resolve/f528bbb55317bd291387ba3347551dd3414e698e/config.json","未核验","未核验","未核验","未核验","https://huggingface.co/openbmb/AgentCPM-Explore/resolve/f528bbb55317bd291387ba3347551dd3414e698e/config.json","文本decode/verify；B[1,16],S[1,8]；TP=1逻辑参考；","Y=X+branch（参考，实际残差策略未核验）"
"root/layer_28","input_normalization","未核验","norm","[B,S,2560]","[B,S,2560]","B,S,T；其他轴见模型参数","B[1,16];S_verify[1,8];L_KV独立未知；TP=1","config=bfloat16；激活/累加类型未核验","未核验","逻辑轴顺序；物理format未核验","逻辑轴顺序；物理format未核验","未评估候选","未评估候选","未评估候选","未核验","未实测","未实测","未实测","未实测","未核验","配置确认 + 数学推导；未核验完整调用链","https://huggingface.co/openbmb/AgentCPM-Explore/resolve/f528bbb55317bd291387ba3347551dd3414e698e/config.json","未核验","未核验","未核验","未核验","https://huggingface.co/openbmb/AgentCPM-Explore/resolve/f528bbb55317bd291387ba3347551dd3414e698e/config.json","文本decode/verify；B[1,16],S[1,8]；TP=1逻辑参考；","归一化类型/先后顺序待实现核验"
"root/layer_28","q_projection","未核验","GEMM","[B,S,2560]","[B,S,4096]","B,S,T；其他轴见模型参数","B[1,16];S_verify[1,8];L_KV独立未知；TP=1","config=bfloat16；激活/累加类型未核验","未核验","逻辑轴顺序；物理format未核验","逻辑轴顺序；物理format未核验","未评估候选","未评估候选","未评估候选","未核验","未实测","未实测","未实测","未实测","未核验","配置确认 + 数学推导；未核验完整调用链","https://huggingface.co/openbmb/AgentCPM-Explore/resolve/f528bbb55317bd291387ba3347551dd3414e698e/config.json","logical [4096,2560]","未核验","未核验","未核验","https://huggingface.co/openbmb/AgentCPM-Explore/resolve/f528bbb55317bd291387ba3347551dd3414e698e/config.json","文本decode/verify；B[1,16],S[1,8]；TP=1逻辑参考；独立逻辑矩阵，不断言实际融合与存储","Y=X@W^T; width=heads*head_dim"
"root/layer_28","k_projection","未核验","GEMM","[B,S,2560]","[B,S,1024]","B,S,T；其他轴见模型参数","B[1,16];S_verify[1,8];L_KV独立未知；TP=1","config=bfloat16；激活/累加类型未核验","未核验","逻辑轴顺序；物理format未核验","逻辑轴顺序；物理format未核验","未评估候选","未评估候选","未评估候选","未核验","未实测","未实测","未实测","未实测","未核验","配置确认 + 数学推导；未核验完整调用链","https://huggingface.co/openbmb/AgentCPM-Explore/resolve/f528bbb55317bd291387ba3347551dd3414e698e/config.json","logical [1024,2560]","未核验","未核验","未核验","https://huggingface.co/openbmb/AgentCPM-Explore/resolve/f528bbb55317bd291387ba3347551dd3414e698e/config.json","文本decode/verify；B[1,16],S[1,8]；TP=1逻辑参考；独立逻辑矩阵，不断言实际融合与存储","Y=X@W^T; width=heads*head_dim"
"root/layer_28","v_projection","未核验","GEMM","[B,S,2560]","[B,S,1024]","B,S,T；其他轴见模型参数","B[1,16];S_verify[1,8];L_KV独立未知；TP=1","config=bfloat16；激活/累加类型未核验","未核验","逻辑轴顺序；物理format未核验","逻辑轴顺序；物理format未核验","未评估候选","未评估候选","未评估候选","未核验","未实测","未实测","未实测","未实测","未核验","配置确认 + 数学推导；未核验完整调用链","https://huggingface.co/openbmb/AgentCPM-Explore/resolve/f528bbb55317bd291387ba3347551dd3414e698e/config.json","logical [1024,2560]","未核验","未核验","未核验","https://huggingface.co/openbmb/AgentCPM-Explore/resolve/f528bbb55317bd291387ba3347551dd3414e698e/config.json","文本decode/verify；B[1,16],S[1,8]；TP=1逻辑参考；独立逻辑矩阵，不断言实际融合与存储","Y=X@W^T; width=heads*head_dim"
"root/layer_28","position_and_cache","未核验","位置/缓存","Q,K,V projected; B,S","Q:[B,32,S,128]; K,V:[B,8,L_KV,128]","B,S,T；其他轴见模型参数","B[1,16];S_verify[1,8];L_KV独立未知；TP=1","config=bfloat16；激活/累加类型未核验","未核验","逻辑轴顺序；物理format未核验","逻辑轴顺序；物理format未核验","未评估候选","未评估候选","未评估候选","未核验","未实测","未实测","未实测","未实测","未核验","配置确认 + 数学推导；未核验完整调用链","https://huggingface.co/openbmb/AgentCPM-Explore/resolve/f528bbb55317bd291387ba3347551dd3414e698e/config.json","未核验","未核验","未核验","未核验","https://huggingface.co/openbmb/AgentCPM-Explore/resolve/f528bbb55317bd291387ba3347551dd3414e698e/config.json","文本decode/verify；B[1,16],S[1,8]；TP=1逻辑参考；","文本decode/verify；B[1,16],S[1,8]；TP=1逻辑参考；位置编码与物理layout需实现核验"
"root/layer_28","attention","未核验","attention","Q:[B,32,S,128];K,V:[B,8,L_KV,128]","[B,32,S,128]","B,S,T；其他轴见模型参数","B[1,16];S_verify[1,8];L_KV独立未知；TP=1","config=bfloat16；激活/累加类型未核验","未核验","逻辑轴顺序；物理format未核验","逻辑轴顺序；物理format未核验","未评估候选","未评估候选","未评估候选","未核验","未实测","未实测","未实测","未实测","未核验","配置确认 + 数学推导；未核验完整调用链","https://huggingface.co/openbmb/AgentCPM-Explore/resolve/f528bbb55317bd291387ba3347551dd3414e698e/config.json","未核验","未核验","未核验","未核验","https://huggingface.co/openbmb/AgentCPM-Explore/resolve/f528bbb55317bd291387ba3347551dd3414e698e/config.json","文本decode/verify；B[1,16],S[1,8]；TP=1逻辑参考；稀疏选块/线性分支需按实现，不能据此声称稠密执行或峰值中间内存","softmax(QK^T / sqrt(head_dim) + mask)V（数学参考）"
"root/layer_28","output_projection","未核验","GEMM","[B,S,4096]","[B,S,2560]","B,S,T；其他轴见模型参数","B[1,16];S_verify[1,8];L_KV独立未知；TP=1","config=bfloat16；激活/累加类型未核验","未核验","逻辑轴顺序；物理format未核验","逻辑轴顺序；物理format未核验","未评估候选","未评估候选","未评估候选","未核验","未实测","未实测","未实测","未实测","未核验","配置确认 + 数学推导；未核验完整调用链","https://huggingface.co/openbmb/AgentCPM-Explore/resolve/f528bbb55317bd291387ba3347551dd3414e698e/config.json","logical [2560,4096]","未核验","未核验","未核验","https://huggingface.co/openbmb/AgentCPM-Explore/resolve/f528bbb55317bd291387ba3347551dd3414e698e/config.json","文本decode/verify；B[1,16],S[1,8]；TP=1逻辑参考；","Y=X@W^T"
"root/layer_28","attention_residual","未核验","elementwise","[B,S,2560];[B,S,2560]","[B,S,2560]","B,S,T；其他轴见模型参数","B[1,16];S_verify[1,8];L_KV独立未知；TP=1","config=bfloat16；激活/累加类型未核验","未核验","逻辑轴顺序；物理format未核验","逻辑轴顺序；物理format未核验","未评估候选","未评估候选","未评估候选","未核验","未实测","未实测","未实测","未实测","未核验","配置确认 + 数学推导；未核验完整调用链","https://huggingface.co/openbmb/AgentCPM-Explore/resolve/f528bbb55317bd291387ba3347551dd3414e698e/config.json","未核验","未核验","未核验","未核验","https://huggingface.co/openbmb/AgentCPM-Explore/resolve/f528bbb55317bd291387ba3347551dd3414e698e/config.json","文本decode/verify；B[1,16],S[1,8]；TP=1逻辑参考；","Y=X+branch（参考，实际残差策略未核验）"
"root/layer_28","post_attention_normalization","未核验","norm","[B,S,2560]","[B,S,2560]","B,S,T；其他轴见模型参数","B[1,16];S_verify[1,8];L_KV独立未知；TP=1","config=bfloat16；激活/累加类型未核验","未核验","逻辑轴顺序；物理format未核验","逻辑轴顺序；物理format未核验","未评估候选","未评估候选","未评估候选","未核验","未实测","未实测","未实测","未实测","未核验","配置确认 + 数学推导；未核验完整调用链","https://huggingface.co/openbmb/AgentCPM-Explore/resolve/f528bbb55317bd291387ba3347551dd3414e698e/config.json","未核验","未核验","未核验","未核验","https://huggingface.co/openbmb/AgentCPM-Explore/resolve/f528bbb55317bd291387ba3347551dd3414e698e/config.json","文本decode/verify；B[1,16],S[1,8]；TP=1逻辑参考；","类型与位置待源码核验"
"root/layer_28","FFN_up","未核验","GEMM","[B,S,2560]","[B,S,9728]","B,S,T；其他轴见模型参数","B[1,16];S_verify[1,8];L_KV独立未知；TP=1","config=bfloat16；激活/累加类型未核验","未核验","逻辑轴顺序；物理format未核验","逻辑轴顺序；物理format未核验","未评估候选","未评估候选","未评估候选","未核验","未实测","未实测","未实测","未实测","未核验","配置确认 + 数学推导；未核验完整调用链","https://huggingface.co/openbmb/AgentCPM-Explore/resolve/f528bbb55317bd291387ba3347551dd3414e698e/config.json","logical [9728,2560]","未核验","未核验","未核验","https://huggingface.co/openbmb/AgentCPM-Explore/resolve/f528bbb55317bd291387ba3347551dd3414e698e/config.json","文本decode/verify；B[1,16],S[1,8]；TP=1逻辑参考；","Y=X@W^T"
"root/layer_28","FFN_activation_and_optional_gate","未核验","activation","[B,S,9728]","[B,S,9728]","B,S,T；其他轴见模型参数","B[1,16];S_verify[1,8];L_KV独立未知；TP=1","config=bfloat16；激活/累加类型未核验","未核验","逻辑轴顺序；物理format未核验","逻辑轴顺序；物理format未核验","未评估候选","未评估候选","未评估候选","未核验","未实测","未实测","未实测","未实测","未核验","配置确认 + 数学推导；未核验完整调用链","https://huggingface.co/openbmb/AgentCPM-Explore/resolve/f528bbb55317bd291387ba3347551dd3414e698e/config.json","未核验","未核验","未核验","未核验","https://huggingface.co/openbmb/AgentCPM-Explore/resolve/f528bbb55317bd291387ba3347551dd3414e698e/config.json","文本decode/verify；B[1,16],S[1,8]；TP=1逻辑参考；是否额外gate矩阵与门控分支维度需要实现；不能仅由silu推定完整SwiGLU","config.hidden_act=silu"
"root/layer_28","FFN_down","未核验","GEMM","[B,S,9728]","[B,S,2560]","B,S,T；其他轴见模型参数","B[1,16];S_verify[1,8];L_KV独立未知；TP=1","config=bfloat16；激活/累加类型未核验","未核验","逻辑轴顺序；物理format未核验","逻辑轴顺序；物理format未核验","未评估候选","未评估候选","未评估候选","未核验","未实测","未实测","未实测","未实测","未核验","配置确认 + 数学推导；未核验完整调用链","https://huggingface.co/openbmb/AgentCPM-Explore/resolve/f528bbb55317bd291387ba3347551dd3414e698e/config.json","logical [2560,9728]","未核验","未核验","未核验","https://huggingface.co/openbmb/AgentCPM-Explore/resolve/f528bbb55317bd291387ba3347551dd3414e698e/config.json","文本decode/verify；B[1,16],S[1,8]；TP=1逻辑参考；","Y=X@W^T"
"root/layer_28","FFN_residual","未核验","elementwise","[B,S,2560];[B,S,2560]","[B,S,2560]","B,S,T；其他轴见模型参数","B[1,16];S_verify[1,8];L_KV独立未知；TP=1","config=bfloat16；激活/累加类型未核验","未核验","逻辑轴顺序；物理format未核验","逻辑轴顺序；物理format未核验","未评估候选","未评估候选","未评估候选","未核验","未实测","未实测","未实测","未实测","未核验","配置确认 + 数学推导；未核验完整调用链","https://huggingface.co/openbmb/AgentCPM-Explore/resolve/f528bbb55317bd291387ba3347551dd3414e698e/config.json","未核验","未核验","未核验","未核验","https://huggingface.co/openbmb/AgentCPM-Explore/resolve/f528bbb55317bd291387ba3347551dd3414e698e/config.json","文本decode/verify；B[1,16],S[1,8]；TP=1逻辑参考；","Y=X+branch（参考，实际残差策略未核验）"
"root/layer_29","input_normalization","未核验","norm","[B,S,2560]","[B,S,2560]","B,S,T；其他轴见模型参数","B[1,16];S_verify[1,8];L_KV独立未知；TP=1","config=bfloat16；激活/累加类型未核验","未核验","逻辑轴顺序；物理format未核验","逻辑轴顺序；物理format未核验","未评估候选","未评估候选","未评估候选","未核验","未实测","未实测","未实测","未实测","未核验","配置确认 + 数学推导；未核验完整调用链","https://huggingface.co/openbmb/AgentCPM-Explore/resolve/f528bbb55317bd291387ba3347551dd3414e698e/config.json","未核验","未核验","未核验","未核验","https://huggingface.co/openbmb/AgentCPM-Explore/resolve/f528bbb55317bd291387ba3347551dd3414e698e/config.json","文本decode/verify；B[1,16],S[1,8]；TP=1逻辑参考；","归一化类型/先后顺序待实现核验"
"root/layer_29","q_projection","未核验","GEMM","[B,S,2560]","[B,S,4096]","B,S,T；其他轴见模型参数","B[1,16];S_verify[1,8];L_KV独立未知；TP=1","config=bfloat16；激活/累加类型未核验","未核验","逻辑轴顺序；物理format未核验","逻辑轴顺序；物理format未核验","未评估候选","未评估候选","未评估候选","未核验","未实测","未实测","未实测","未实测","未核验","配置确认 + 数学推导；未核验完整调用链","https://huggingface.co/openbmb/AgentCPM-Explore/resolve/f528bbb55317bd291387ba3347551dd3414e698e/config.json","logical [4096,2560]","未核验","未核验","未核验","https://huggingface.co/openbmb/AgentCPM-Explore/resolve/f528bbb55317bd291387ba3347551dd3414e698e/config.json","文本decode/verify；B[1,16],S[1,8]；TP=1逻辑参考；独立逻辑矩阵，不断言实际融合与存储","Y=X@W^T; width=heads*head_dim"
"root/layer_29","k_projection","未核验","GEMM","[B,S,2560]","[B,S,1024]","B,S,T；其他轴见模型参数","B[1,16];S_verify[1,8];L_KV独立未知；TP=1","config=bfloat16；激活/累加类型未核验","未核验","逻辑轴顺序；物理format未核验","逻辑轴顺序；物理format未核验","未评估候选","未评估候选","未评估候选","未核验","未实测","未实测","未实测","未实测","未核验","配置确认 + 数学推导；未核验完整调用链","https://huggingface.co/openbmb/AgentCPM-Explore/resolve/f528bbb55317bd291387ba3347551dd3414e698e/config.json","logical [1024,2560]","未核验","未核验","未核验","https://huggingface.co/openbmb/AgentCPM-Explore/resolve/f528bbb55317bd291387ba3347551dd3414e698e/config.json","文本decode/verify；B[1,16],S[1,8]；TP=1逻辑参考；独立逻辑矩阵，不断言实际融合与存储","Y=X@W^T; width=heads*head_dim"
"root/layer_29","v_projection","未核验","GEMM","[B,S,2560]","[B,S,1024]","B,S,T；其他轴见模型参数","B[1,16];S_verify[1,8];L_KV独立未知；TP=1","config=bfloat16；激活/累加类型未核验","未核验","逻辑轴顺序；物理format未核验","逻辑轴顺序；物理format未核验","未评估候选","未评估候选","未评估候选","未核验","未实测","未实测","未实测","未实测","未核验","配置确认 + 数学推导；未核验完整调用链","https://huggingface.co/openbmb/AgentCPM-Explore/resolve/f528bbb55317bd291387ba3347551dd3414e698e/config.json","logical [1024,2560]","未核验","未核验","未核验","https://huggingface.co/openbmb/AgentCPM-Explore/resolve/f528bbb55317bd291387ba3347551dd3414e698e/config.json","文本decode/verify；B[1,16],S[1,8]；TP=1逻辑参考；独立逻辑矩阵，不断言实际融合与存储","Y=X@W^T; width=heads*head_dim"
"root/layer_29","position_and_cache","未核验","位置/缓存","Q,K,V projected; B,S","Q:[B,32,S,128]; K,V:[B,8,L_KV,128]","B,S,T；其他轴见模型参数","B[1,16];S_verify[1,8];L_KV独立未知；TP=1","config=bfloat16；激活/累加类型未核验","未核验","逻辑轴顺序；物理format未核验","逻辑轴顺序；物理format未核验","未评估候选","未评估候选","未评估候选","未核验","未实测","未实测","未实测","未实测","未核验","配置确认 + 数学推导；未核验完整调用链","https://huggingface.co/openbmb/AgentCPM-Explore/resolve/f528bbb55317bd291387ba3347551dd3414e698e/config.json","未核验","未核验","未核验","未核验","https://huggingface.co/openbmb/AgentCPM-Explore/resolve/f528bbb55317bd291387ba3347551dd3414e698e/config.json","文本decode/verify；B[1,16],S[1,8]；TP=1逻辑参考；","文本decode/verify；B[1,16],S[1,8]；TP=1逻辑参考；位置编码与物理layout需实现核验"
"root/layer_29","attention","未核验","attention","Q:[B,32,S,128];K,V:[B,8,L_KV,128]","[B,32,S,128]","B,S,T；其他轴见模型参数","B[1,16];S_verify[1,8];L_KV独立未知；TP=1","config=bfloat16；激活/累加类型未核验","未核验","逻辑轴顺序；物理format未核验","逻辑轴顺序；物理format未核验","未评估候选","未评估候选","未评估候选","未核验","未实测","未实测","未实测","未实测","未核验","配置确认 + 数学推导；未核验完整调用链","https://huggingface.co/openbmb/AgentCPM-Explore/resolve/f528bbb55317bd291387ba3347551dd3414e698e/config.json","未核验","未核验","未核验","未核验","https://huggingface.co/openbmb/AgentCPM-Explore/resolve/f528bbb55317bd291387ba3347551dd3414e698e/config.json","文本decode/verify；B[1,16],S[1,8]；TP=1逻辑参考；稀疏选块/线性分支需按实现，不能据此声称稠密执行或峰值中间内存","softmax(QK^T / sqrt(head_dim) + mask)V（数学参考）"
"root/layer_29","output_projection","未核验","GEMM","[B,S,4096]","[B,S,2560]","B,S,T；其他轴见模型参数","B[1,16];S_verify[1,8];L_KV独立未知；TP=1","config=bfloat16；激活/累加类型未核验","未核验","逻辑轴顺序；物理format未核验","逻辑轴顺序；物理format未核验","未评估候选","未评估候选","未评估候选","未核验","未实测","未实测","未实测","未实测","未核验","配置确认 + 数学推导；未核验完整调用链","https://huggingface.co/openbmb/AgentCPM-Explore/resolve/f528bbb55317bd291387ba3347551dd3414e698e/config.json","logical [2560,4096]","未核验","未核验","未核验","https://huggingface.co/openbmb/AgentCPM-Explore/resolve/f528bbb55317bd291387ba3347551dd3414e698e/config.json","文本decode/verify；B[1,16],S[1,8]；TP=1逻辑参考；","Y=X@W^T"
"root/layer_29","attention_residual","未核验","elementwise","[B,S,2560];[B,S,2560]","[B,S,2560]","B,S,T；其他轴见模型参数","B[1,16];S_verify[1,8];L_KV独立未知；TP=1","config=bfloat16；激活/累加类型未核验","未核验","逻辑轴顺序；物理format未核验","逻辑轴顺序；物理format未核验","未评估候选","未评估候选","未评估候选","未核验","未实测","未实测","未实测","未实测","未核验","配置确认 + 数学推导；未核验完整调用链","https://huggingface.co/openbmb/AgentCPM-Explore/resolve/f528bbb55317bd291387ba3347551dd3414e698e/config.json","未核验","未核验","未核验","未核验","https://huggingface.co/openbmb/AgentCPM-Explore/resolve/f528bbb55317bd291387ba3347551dd3414e698e/config.json","文本decode/verify；B[1,16],S[1,8]；TP=1逻辑参考；","Y=X+branch（参考，实际残差策略未核验）"
"root/layer_29","post_attention_normalization","未核验","norm","[B,S,2560]","[B,S,2560]","B,S,T；其他轴见模型参数","B[1,16];S_verify[1,8];L_KV独立未知；TP=1","config=bfloat16；激活/累加类型未核验","未核验","逻辑轴顺序；物理format未核验","逻辑轴顺序；物理format未核验","未评估候选","未评估候选","未评估候选","未核验","未实测","未实测","未实测","未实测","未核验","配置确认 + 数学推导；未核验完整调用链","https://huggingface.co/openbmb/AgentCPM-Explore/resolve/f528bbb55317bd291387ba3347551dd3414e698e/config.json","未核验","未核验","未核验","未核验","https://huggingface.co/openbmb/AgentCPM-Explore/resolve/f528bbb55317bd291387ba3347551dd3414e698e/config.json","文本decode/verify；B[1,16],S[1,8]；TP=1逻辑参考；","类型与位置待源码核验"
"root/layer_29","FFN_up","未核验","GEMM","[B,S,2560]","[B,S,9728]","B,S,T；其他轴见模型参数","B[1,16];S_verify[1,8];L_KV独立未知；TP=1","config=bfloat16；激活/累加类型未核验","未核验","逻辑轴顺序；物理format未核验","逻辑轴顺序；物理format未核验","未评估候选","未评估候选","未评估候选","未核验","未实测","未实测","未实测","未实测","未核验","配置确认 + 数学推导；未核验完整调用链","https://huggingface.co/openbmb/AgentCPM-Explore/resolve/f528bbb55317bd291387ba3347551dd3414e698e/config.json","logical [9728,2560]","未核验","未核验","未核验","https://huggingface.co/openbmb/AgentCPM-Explore/resolve/f528bbb55317bd291387ba3347551dd3414e698e/config.json","文本decode/verify；B[1,16],S[1,8]；TP=1逻辑参考；","Y=X@W^T"
"root/layer_29","FFN_activation_and_optional_gate","未核验","activation","[B,S,9728]","[B,S,9728]","B,S,T；其他轴见模型参数","B[1,16];S_verify[1,8];L_KV独立未知；TP=1","config=bfloat16；激活/累加类型未核验","未核验","逻辑轴顺序；物理format未核验","逻辑轴顺序；物理format未核验","未评估候选","未评估候选","未评估候选","未核验","未实测","未实测","未实测","未实测","未核验","配置确认 + 数学推导；未核验完整调用链","https://huggingface.co/openbmb/AgentCPM-Explore/resolve/f528bbb55317bd291387ba3347551dd3414e698e/config.json","未核验","未核验","未核验","未核验","https://huggingface.co/openbmb/AgentCPM-Explore/resolve/f528bbb55317bd291387ba3347551dd3414e698e/config.json","文本decode/verify；B[1,16],S[1,8]；TP=1逻辑参考；是否额外gate矩阵与门控分支维度需要实现；不能仅由silu推定完整SwiGLU","config.hidden_act=silu"
"root/layer_29","FFN_down","未核验","GEMM","[B,S,9728]","[B,S,2560]","B,S,T；其他轴见模型参数","B[1,16];S_verify[1,8];L_KV独立未知；TP=1","config=bfloat16；激活/累加类型未核验","未核验","逻辑轴顺序；物理format未核验","逻辑轴顺序；物理format未核验","未评估候选","未评估候选","未评估候选","未核验","未实测","未实测","未实测","未实测","未核验","配置确认 + 数学推导；未核验完整调用链","https://huggingface.co/openbmb/AgentCPM-Explore/resolve/f528bbb55317bd291387ba3347551dd3414e698e/config.json","logical [2560,9728]","未核验","未核验","未核验","https://huggingface.co/openbmb/AgentCPM-Explore/resolve/f528bbb55317bd291387ba3347551dd3414e698e/config.json","文本decode/verify；B[1,16],S[1,8]；TP=1逻辑参考；","Y=X@W^T"
"root/layer_29","FFN_residual","未核验","elementwise","[B,S,2560];[B,S,2560]","[B,S,2560]","B,S,T；其他轴见模型参数","B[1,16];S_verify[1,8];L_KV独立未知；TP=1","config=bfloat16；激活/累加类型未核验","未核验","逻辑轴顺序；物理format未核验","逻辑轴顺序；物理format未核验","未评估候选","未评估候选","未评估候选","未核验","未实测","未实测","未实测","未实测","未核验","配置确认 + 数学推导；未核验完整调用链","https://huggingface.co/openbmb/AgentCPM-Explore/resolve/f528bbb55317bd291387ba3347551dd3414e698e/config.json","未核验","未核验","未核验","未核验","https://huggingface.co/openbmb/AgentCPM-Explore/resolve/f528bbb55317bd291387ba3347551dd3414e698e/config.json","文本decode/verify；B[1,16],S[1,8]；TP=1逻辑参考；","Y=X+branch（参考，实际残差策略未核验）"
"root/layer_30","input_normalization","未核验","norm","[B,S,2560]","[B,S,2560]","B,S,T；其他轴见模型参数","B[1,16];S_verify[1,8];L_KV独立未知；TP=1","config=bfloat16；激活/累加类型未核验","未核验","逻辑轴顺序；物理format未核验","逻辑轴顺序；物理format未核验","未评估候选","未评估候选","未评估候选","未核验","未实测","未实测","未实测","未实测","未核验","配置确认 + 数学推导；未核验完整调用链","https://huggingface.co/openbmb/AgentCPM-Explore/resolve/f528bbb55317bd291387ba3347551dd3414e698e/config.json","未核验","未核验","未核验","未核验","https://huggingface.co/openbmb/AgentCPM-Explore/resolve/f528bbb55317bd291387ba3347551dd3414e698e/config.json","文本decode/verify；B[1,16],S[1,8]；TP=1逻辑参考；","归一化类型/先后顺序待实现核验"
"root/layer_30","q_projection","未核验","GEMM","[B,S,2560]","[B,S,4096]","B,S,T；其他轴见模型参数","B[1,16];S_verify[1,8];L_KV独立未知；TP=1","config=bfloat16；激活/累加类型未核验","未核验","逻辑轴顺序；物理format未核验","逻辑轴顺序；物理format未核验","未评估候选","未评估候选","未评估候选","未核验","未实测","未实测","未实测","未实测","未核验","配置确认 + 数学推导；未核验完整调用链","https://huggingface.co/openbmb/AgentCPM-Explore/resolve/f528bbb55317bd291387ba3347551dd3414e698e/config.json","logical [4096,2560]","未核验","未核验","未核验","https://huggingface.co/openbmb/AgentCPM-Explore/resolve/f528bbb55317bd291387ba3347551dd3414e698e/config.json","文本decode/verify；B[1,16],S[1,8]；TP=1逻辑参考；独立逻辑矩阵，不断言实际融合与存储","Y=X@W^T; width=heads*head_dim"
"root/layer_30","k_projection","未核验","GEMM","[B,S,2560]","[B,S,1024]","B,S,T；其他轴见模型参数","B[1,16];S_verify[1,8];L_KV独立未知；TP=1","config=bfloat16；激活/累加类型未核验","未核验","逻辑轴顺序；物理format未核验","逻辑轴顺序；物理format未核验","未评估候选","未评估候选","未评估候选","未核验","未实测","未实测","未实测","未实测","未核验","配置确认 + 数学推导；未核验完整调用链","https://huggingface.co/openbmb/AgentCPM-Explore/resolve/f528bbb55317bd291387ba3347551dd3414e698e/config.json","logical [1024,2560]","未核验","未核验","未核验","https://huggingface.co/openbmb/AgentCPM-Explore/resolve/f528bbb55317bd291387ba3347551dd3414e698e/config.json","文本decode/verify；B[1,16],S[1,8]；TP=1逻辑参考；独立逻辑矩阵，不断言实际融合与存储","Y=X@W^T; width=heads*head_dim"
"root/layer_30","v_projection","未核验","GEMM","[B,S,2560]","[B,S,1024]","B,S,T；其他轴见模型参数","B[1,16];S_verify[1,8];L_KV独立未知；TP=1","config=bfloat16；激活/累加类型未核验","未核验","逻辑轴顺序；物理format未核验","逻辑轴顺序；物理format未核验","未评估候选","未评估候选","未评估候选","未核验","未实测","未实测","未实测","未实测","未核验","配置确认 + 数学推导；未核验完整调用链","https://huggingface.co/openbmb/AgentCPM-Explore/resolve/f528bbb55317bd291387ba3347551dd3414e698e/config.json","logical [1024,2560]","未核验","未核验","未核验","https://huggingface.co/openbmb/AgentCPM-Explore/resolve/f528bbb55317bd291387ba3347551dd3414e698e/config.json","文本decode/verify；B[1,16],S[1,8]；TP=1逻辑参考；独立逻辑矩阵，不断言实际融合与存储","Y=X@W^T; width=heads*head_dim"
"root/layer_30","position_and_cache","未核验","位置/缓存","Q,K,V projected; B,S","Q:[B,32,S,128]; K,V:[B,8,L_KV,128]","B,S,T；其他轴见模型参数","B[1,16];S_verify[1,8];L_KV独立未知；TP=1","config=bfloat16；激活/累加类型未核验","未核验","逻辑轴顺序；物理format未核验","逻辑轴顺序；物理format未核验","未评估候选","未评估候选","未评估候选","未核验","未实测","未实测","未实测","未实测","未核验","配置确认 + 数学推导；未核验完整调用链","https://huggingface.co/openbmb/AgentCPM-Explore/resolve/f528bbb55317bd291387ba3347551dd3414e698e/config.json","未核验","未核验","未核验","未核验","https://huggingface.co/openbmb/AgentCPM-Explore/resolve/f528bbb55317bd291387ba3347551dd3414e698e/config.json","文本decode/verify；B[1,16],S[1,8]；TP=1逻辑参考；","文本decode/verify；B[1,16],S[1,8]；TP=1逻辑参考；位置编码与物理layout需实现核验"
"root/layer_30","attention","未核验","attention","Q:[B,32,S,128];K,V:[B,8,L_KV,128]","[B,32,S,128]","B,S,T；其他轴见模型参数","B[1,16];S_verify[1,8];L_KV独立未知；TP=1","config=bfloat16；激活/累加类型未核验","未核验","逻辑轴顺序；物理format未核验","逻辑轴顺序；物理format未核验","未评估候选","未评估候选","未评估候选","未核验","未实测","未实测","未实测","未实测","未核验","配置确认 + 数学推导；未核验完整调用链","https://huggingface.co/openbmb/AgentCPM-Explore/resolve/f528bbb55317bd291387ba3347551dd3414e698e/config.json","未核验","未核验","未核验","未核验","https://huggingface.co/openbmb/AgentCPM-Explore/resolve/f528bbb55317bd291387ba3347551dd3414e698e/config.json","文本decode/verify；B[1,16],S[1,8]；TP=1逻辑参考；稀疏选块/线性分支需按实现，不能据此声称稠密执行或峰值中间内存","softmax(QK^T / sqrt(head_dim) + mask)V（数学参考）"
"root/layer_30","output_projection","未核验","GEMM","[B,S,4096]","[B,S,2560]","B,S,T；其他轴见模型参数","B[1,16];S_verify[1,8];L_KV独立未知；TP=1","config=bfloat16；激活/累加类型未核验","未核验","逻辑轴顺序；物理format未核验","逻辑轴顺序；物理format未核验","未评估候选","未评估候选","未评估候选","未核验","未实测","未实测","未实测","未实测","未核验","配置确认 + 数学推导；未核验完整调用链","https://huggingface.co/openbmb/AgentCPM-Explore/resolve/f528bbb55317bd291387ba3347551dd3414e698e/config.json","logical [2560,4096]","未核验","未核验","未核验","https://huggingface.co/openbmb/AgentCPM-Explore/resolve/f528bbb55317bd291387ba3347551dd3414e698e/config.json","文本decode/verify；B[1,16],S[1,8]；TP=1逻辑参考；","Y=X@W^T"
"root/layer_30","attention_residual","未核验","elementwise","[B,S,2560];[B,S,2560]","[B,S,2560]","B,S,T；其他轴见模型参数","B[1,16];S_verify[1,8];L_KV独立未知；TP=1","config=bfloat16；激活/累加类型未核验","未核验","逻辑轴顺序；物理format未核验","逻辑轴顺序；物理format未核验","未评估候选","未评估候选","未评估候选","未核验","未实测","未实测","未实测","未实测","未核验","配置确认 + 数学推导；未核验完整调用链","https://huggingface.co/openbmb/AgentCPM-Explore/resolve/f528bbb55317bd291387ba3347551dd3414e698e/config.json","未核验","未核验","未核验","未核验","https://huggingface.co/openbmb/AgentCPM-Explore/resolve/f528bbb55317bd291387ba3347551dd3414e698e/config.json","文本decode/verify；B[1,16],S[1,8]；TP=1逻辑参考；","Y=X+branch（参考，实际残差策略未核验）"
"root/layer_30","post_attention_normalization","未核验","norm","[B,S,2560]","[B,S,2560]","B,S,T；其他轴见模型参数","B[1,16];S_verify[1,8];L_KV独立未知；TP=1","config=bfloat16；激活/累加类型未核验","未核验","逻辑轴顺序；物理format未核验","逻辑轴顺序；物理format未核验","未评估候选","未评估候选","未评估候选","未核验","未实测","未实测","未实测","未实测","未核验","配置确认 + 数学推导；未核验完整调用链","https://huggingface.co/openbmb/AgentCPM-Explore/resolve/f528bbb55317bd291387ba3347551dd3414e698e/config.json","未核验","未核验","未核验","未核验","https://huggingface.co/openbmb/AgentCPM-Explore/resolve/f528bbb55317bd291387ba3347551dd3414e698e/config.json","文本decode/verify；B[1,16],S[1,8]；TP=1逻辑参考；","类型与位置待源码核验"
"root/layer_30","FFN_up","未核验","GEMM","[B,S,2560]","[B,S,9728]","B,S,T；其他轴见模型参数","B[1,16];S_verify[1,8];L_KV独立未知；TP=1","config=bfloat16；激活/累加类型未核验","未核验","逻辑轴顺序；物理format未核验","逻辑轴顺序；物理format未核验","未评估候选","未评估候选","未评估候选","未核验","未实测","未实测","未实测","未实测","未核验","配置确认 + 数学推导；未核验完整调用链","https://huggingface.co/openbmb/AgentCPM-Explore/resolve/f528bbb55317bd291387ba3347551dd3414e698e/config.json","logical [9728,2560]","未核验","未核验","未核验","https://huggingface.co/openbmb/AgentCPM-Explore/resolve/f528bbb55317bd291387ba3347551dd3414e698e/config.json","文本decode/verify；B[1,16],S[1,8]；TP=1逻辑参考；","Y=X@W^T"
"root/layer_30","FFN_activation_and_optional_gate","未核验","activation","[B,S,9728]","[B,S,9728]","B,S,T；其他轴见模型参数","B[1,16];S_verify[1,8];L_KV独立未知；TP=1","config=bfloat16；激活/累加类型未核验","未核验","逻辑轴顺序；物理format未核验","逻辑轴顺序；物理format未核验","未评估候选","未评估候选","未评估候选","未核验","未实测","未实测","未实测","未实测","未核验","配置确认 + 数学推导；未核验完整调用链","https://huggingface.co/openbmb/AgentCPM-Explore/resolve/f528bbb55317bd291387ba3347551dd3414e698e/config.json","未核验","未核验","未核验","未核验","https://huggingface.co/openbmb/AgentCPM-Explore/resolve/f528bbb55317bd291387ba3347551dd3414e698e/config.json","文本decode/verify；B[1,16],S[1,8]；TP=1逻辑参考；是否额外gate矩阵与门控分支维度需要实现；不能仅由silu推定完整SwiGLU","config.hidden_act=silu"
"root/layer_30","FFN_down","未核验","GEMM","[B,S,9728]","[B,S,2560]","B,S,T；其他轴见模型参数","B[1,16];S_verify[1,8];L_KV独立未知；TP=1","config=bfloat16；激活/累加类型未核验","未核验","逻辑轴顺序；物理format未核验","逻辑轴顺序；物理format未核验","未评估候选","未评估候选","未评估候选","未核验","未实测","未实测","未实测","未实测","未核验","配置确认 + 数学推导；未核验完整调用链","https://huggingface.co/openbmb/AgentCPM-Explore/resolve/f528bbb55317bd291387ba3347551dd3414e698e/config.json","logical [2560,9728]","未核验","未核验","未核验","https://huggingface.co/openbmb/AgentCPM-Explore/resolve/f528bbb55317bd291387ba3347551dd3414e698e/config.json","文本decode/verify；B[1,16],S[1,8]；TP=1逻辑参考；","Y=X@W^T"
"root/layer_30","FFN_residual","未核验","elementwise","[B,S,2560];[B,S,2560]","[B,S,2560]","B,S,T；其他轴见模型参数","B[1,16];S_verify[1,8];L_KV独立未知；TP=1","config=bfloat16；激活/累加类型未核验","未核验","逻辑轴顺序；物理format未核验","逻辑轴顺序；物理format未核验","未评估候选","未评估候选","未评估候选","未核验","未实测","未实测","未实测","未实测","未核验","配置确认 + 数学推导；未核验完整调用链","https://huggingface.co/openbmb/AgentCPM-Explore/resolve/f528bbb55317bd291387ba3347551dd3414e698e/config.json","未核验","未核验","未核验","未核验","https://huggingface.co/openbmb/AgentCPM-Explore/resolve/f528bbb55317bd291387ba3347551dd3414e698e/config.json","文本decode/verify；B[1,16],S[1,8]；TP=1逻辑参考；","Y=X+branch（参考，实际残差策略未核验）"
"root/layer_31","input_normalization","未核验","norm","[B,S,2560]","[B,S,2560]","B,S,T；其他轴见模型参数","B[1,16];S_verify[1,8];L_KV独立未知；TP=1","config=bfloat16；激活/累加类型未核验","未核验","逻辑轴顺序；物理format未核验","逻辑轴顺序；物理format未核验","未评估候选","未评估候选","未评估候选","未核验","未实测","未实测","未实测","未实测","未核验","配置确认 + 数学推导；未核验完整调用链","https://huggingface.co/openbmb/AgentCPM-Explore/resolve/f528bbb55317bd291387ba3347551dd3414e698e/config.json","未核验","未核验","未核验","未核验","https://huggingface.co/openbmb/AgentCPM-Explore/resolve/f528bbb55317bd291387ba3347551dd3414e698e/config.json","文本decode/verify；B[1,16],S[1,8]；TP=1逻辑参考；","归一化类型/先后顺序待实现核验"
"root/layer_31","q_projection","未核验","GEMM","[B,S,2560]","[B,S,4096]","B,S,T；其他轴见模型参数","B[1,16];S_verify[1,8];L_KV独立未知；TP=1","config=bfloat16；激活/累加类型未核验","未核验","逻辑轴顺序；物理format未核验","逻辑轴顺序；物理format未核验","未评估候选","未评估候选","未评估候选","未核验","未实测","未实测","未实测","未实测","未核验","配置确认 + 数学推导；未核验完整调用链","https://huggingface.co/openbmb/AgentCPM-Explore/resolve/f528bbb55317bd291387ba3347551dd3414e698e/config.json","logical [4096,2560]","未核验","未核验","未核验","https://huggingface.co/openbmb/AgentCPM-Explore/resolve/f528bbb55317bd291387ba3347551dd3414e698e/config.json","文本decode/verify；B[1,16],S[1,8]；TP=1逻辑参考；独立逻辑矩阵，不断言实际融合与存储","Y=X@W^T; width=heads*head_dim"
"root/layer_31","k_projection","未核验","GEMM","[B,S,2560]","[B,S,1024]","B,S,T；其他轴见模型参数","B[1,16];S_verify[1,8];L_KV独立未知；TP=1","config=bfloat16；激活/累加类型未核验","未核验","逻辑轴顺序；物理format未核验","逻辑轴顺序；物理format未核验","未评估候选","未评估候选","未评估候选","未核验","未实测","未实测","未实测","未实测","未核验","配置确认 + 数学推导；未核验完整调用链","https://huggingface.co/openbmb/AgentCPM-Explore/resolve/f528bbb55317bd291387ba3347551dd3414e698e/config.json","logical [1024,2560]","未核验","未核验","未核验","https://huggingface.co/openbmb/AgentCPM-Explore/resolve/f528bbb55317bd291387ba3347551dd3414e698e/config.json","文本decode/verify；B[1,16],S[1,8]；TP=1逻辑参考；独立逻辑矩阵，不断言实际融合与存储","Y=X@W^T; width=heads*head_dim"
"root/layer_31","v_projection","未核验","GEMM","[B,S,2560]","[B,S,1024]","B,S,T；其他轴见模型参数","B[1,16];S_verify[1,8];L_KV独立未知；TP=1","config=bfloat16；激活/累加类型未核验","未核验","逻辑轴顺序；物理format未核验","逻辑轴顺序；物理format未核验","未评估候选","未评估候选","未评估候选","未核验","未实测","未实测","未实测","未实测","未核验","配置确认 + 数学推导；未核验完整调用链","https://huggingface.co/openbmb/AgentCPM-Explore/resolve/f528bbb55317bd291387ba3347551dd3414e698e/config.json","logical [1024,2560]","未核验","未核验","未核验","https://huggingface.co/openbmb/AgentCPM-Explore/resolve/f528bbb55317bd291387ba3347551dd3414e698e/config.json","文本decode/verify；B[1,16],S[1,8]；TP=1逻辑参考；独立逻辑矩阵，不断言实际融合与存储","Y=X@W^T; width=heads*head_dim"
"root/layer_31","position_and_cache","未核验","位置/缓存","Q,K,V projected; B,S","Q:[B,32,S,128]; K,V:[B,8,L_KV,128]","B,S,T；其他轴见模型参数","B[1,16];S_verify[1,8];L_KV独立未知；TP=1","config=bfloat16；激活/累加类型未核验","未核验","逻辑轴顺序；物理format未核验","逻辑轴顺序；物理format未核验","未评估候选","未评估候选","未评估候选","未核验","未实测","未实测","未实测","未实测","未核验","配置确认 + 数学推导；未核验完整调用链","https://huggingface.co/openbmb/AgentCPM-Explore/resolve/f528bbb55317bd291387ba3347551dd3414e698e/config.json","未核验","未核验","未核验","未核验","https://huggingface.co/openbmb/AgentCPM-Explore/resolve/f528bbb55317bd291387ba3347551dd3414e698e/config.json","文本decode/verify；B[1,16],S[1,8]；TP=1逻辑参考；","文本decode/verify；B[1,16],S[1,8]；TP=1逻辑参考；位置编码与物理layout需实现核验"
"root/layer_31","attention","未核验","attention","Q:[B,32,S,128];K,V:[B,8,L_KV,128]","[B,32,S,128]","B,S,T；其他轴见模型参数","B[1,16];S_verify[1,8];L_KV独立未知；TP=1","config=bfloat16；激活/累加类型未核验","未核验","逻辑轴顺序；物理format未核验","逻辑轴顺序；物理format未核验","未评估候选","未评估候选","未评估候选","未核验","未实测","未实测","未实测","未实测","未核验","配置确认 + 数学推导；未核验完整调用链","https://huggingface.co/openbmb/AgentCPM-Explore/resolve/f528bbb55317bd291387ba3347551dd3414e698e/config.json","未核验","未核验","未核验","未核验","https://huggingface.co/openbmb/AgentCPM-Explore/resolve/f528bbb55317bd291387ba3347551dd3414e698e/config.json","文本decode/verify；B[1,16],S[1,8]；TP=1逻辑参考；稀疏选块/线性分支需按实现，不能据此声称稠密执行或峰值中间内存","softmax(QK^T / sqrt(head_dim) + mask)V（数学参考）"
"root/layer_31","output_projection","未核验","GEMM","[B,S,4096]","[B,S,2560]","B,S,T；其他轴见模型参数","B[1,16];S_verify[1,8];L_KV独立未知；TP=1","config=bfloat16；激活/累加类型未核验","未核验","逻辑轴顺序；物理format未核验","逻辑轴顺序；物理format未核验","未评估候选","未评估候选","未评估候选","未核验","未实测","未实测","未实测","未实测","未核验","配置确认 + 数学推导；未核验完整调用链","https://huggingface.co/openbmb/AgentCPM-Explore/resolve/f528bbb55317bd291387ba3347551dd3414e698e/config.json","logical [2560,4096]","未核验","未核验","未核验","https://huggingface.co/openbmb/AgentCPM-Explore/resolve/f528bbb55317bd291387ba3347551dd3414e698e/config.json","文本decode/verify；B[1,16],S[1,8]；TP=1逻辑参考；","Y=X@W^T"
"root/layer_31","attention_residual","未核验","elementwise","[B,S,2560];[B,S,2560]","[B,S,2560]","B,S,T；其他轴见模型参数","B[1,16];S_verify[1,8];L_KV独立未知；TP=1","config=bfloat16；激活/累加类型未核验","未核验","逻辑轴顺序；物理format未核验","逻辑轴顺序；物理format未核验","未评估候选","未评估候选","未评估候选","未核验","未实测","未实测","未实测","未实测","未核验","配置确认 + 数学推导；未核验完整调用链","https://huggingface.co/openbmb/AgentCPM-Explore/resolve/f528bbb55317bd291387ba3347551dd3414e698e/config.json","未核验","未核验","未核验","未核验","https://huggingface.co/openbmb/AgentCPM-Explore/resolve/f528bbb55317bd291387ba3347551dd3414e698e/config.json","文本decode/verify；B[1,16],S[1,8]；TP=1逻辑参考；","Y=X+branch（参考，实际残差策略未核验）"
"root/layer_31","post_attention_normalization","未核验","norm","[B,S,2560]","[B,S,2560]","B,S,T；其他轴见模型参数","B[1,16];S_verify[1,8];L_KV独立未知；TP=1","config=bfloat16；激活/累加类型未核验","未核验","逻辑轴顺序；物理format未核验","逻辑轴顺序；物理format未核验","未评估候选","未评估候选","未评估候选","未核验","未实测","未实测","未实测","未实测","未核验","配置确认 + 数学推导；未核验完整调用链","https://huggingface.co/openbmb/AgentCPM-Explore/resolve/f528bbb55317bd291387ba3347551dd3414e698e/config.json","未核验","未核验","未核验","未核验","https://huggingface.co/openbmb/AgentCPM-Explore/resolve/f528bbb55317bd291387ba3347551dd3414e698e/config.json","文本decode/verify；B[1,16],S[1,8]；TP=1逻辑参考；","类型与位置待源码核验"
"root/layer_31","FFN_up","未核验","GEMM","[B,S,2560]","[B,S,9728]","B,S,T；其他轴见模型参数","B[1,16];S_verify[1,8];L_KV独立未知；TP=1","config=bfloat16；激活/累加类型未核验","未核验","逻辑轴顺序；物理format未核验","逻辑轴顺序；物理format未核验","未评估候选","未评估候选","未评估候选","未核验","未实测","未实测","未实测","未实测","未核验","配置确认 + 数学推导；未核验完整调用链","https://huggingface.co/openbmb/AgentCPM-Explore/resolve/f528bbb55317bd291387ba3347551dd3414e698e/config.json","logical [9728,2560]","未核验","未核验","未核验","https://huggingface.co/openbmb/AgentCPM-Explore/resolve/f528bbb55317bd291387ba3347551dd3414e698e/config.json","文本decode/verify；B[1,16],S[1,8]；TP=1逻辑参考；","Y=X@W^T"
"root/layer_31","FFN_activation_and_optional_gate","未核验","activation","[B,S,9728]","[B,S,9728]","B,S,T；其他轴见模型参数","B[1,16];S_verify[1,8];L_KV独立未知；TP=1","config=bfloat16；激活/累加类型未核验","未核验","逻辑轴顺序；物理format未核验","逻辑轴顺序；物理format未核验","未评估候选","未评估候选","未评估候选","未核验","未实测","未实测","未实测","未实测","未核验","配置确认 + 数学推导；未核验完整调用链","https://huggingface.co/openbmb/AgentCPM-Explore/resolve/f528bbb55317bd291387ba3347551dd3414e698e/config.json","未核验","未核验","未核验","未核验","https://huggingface.co/openbmb/AgentCPM-Explore/resolve/f528bbb55317bd291387ba3347551dd3414e698e/config.json","文本decode/verify；B[1,16],S[1,8]；TP=1逻辑参考；是否额外gate矩阵与门控分支维度需要实现；不能仅由silu推定完整SwiGLU","config.hidden_act=silu"
"root/layer_31","FFN_down","未核验","GEMM","[B,S,9728]","[B,S,2560]","B,S,T；其他轴见模型参数","B[1,16];S_verify[1,8];L_KV独立未知；TP=1","config=bfloat16；激活/累加类型未核验","未核验","逻辑轴顺序；物理format未核验","逻辑轴顺序；物理format未核验","未评估候选","未评估候选","未评估候选","未核验","未实测","未实测","未实测","未实测","未核验","配置确认 + 数学推导；未核验完整调用链","https://huggingface.co/openbmb/AgentCPM-Explore/resolve/f528bbb55317bd291387ba3347551dd3414e698e/config.json","logical [2560,9728]","未核验","未核验","未核验","https://huggingface.co/openbmb/AgentCPM-Explore/resolve/f528bbb55317bd291387ba3347551dd3414e698e/config.json","文本decode/verify；B[1,16],S[1,8]；TP=1逻辑参考；","Y=X@W^T"
"root/layer_31","FFN_residual","未核验","elementwise","[B,S,2560];[B,S,2560]","[B,S,2560]","B,S,T；其他轴见模型参数","B[1,16];S_verify[1,8];L_KV独立未知；TP=1","config=bfloat16；激活/累加类型未核验","未核验","逻辑轴顺序；物理format未核验","逻辑轴顺序；物理format未核验","未评估候选","未评估候选","未评估候选","未核验","未实测","未实测","未实测","未实测","未核验","配置确认 + 数学推导；未核验完整调用链","https://huggingface.co/openbmb/AgentCPM-Explore/resolve/f528bbb55317bd291387ba3347551dd3414e698e/config.json","未核验","未核验","未核验","未核验","https://huggingface.co/openbmb/AgentCPM-Explore/resolve/f528bbb55317bd291387ba3347551dd3414e698e/config.json","文本decode/verify；B[1,16],S[1,8]；TP=1逻辑参考；","Y=X+branch（参考，实际残差策略未核验）"
"root/layer_32","input_normalization","未核验","norm","[B,S,2560]","[B,S,2560]","B,S,T；其他轴见模型参数","B[1,16];S_verify[1,8];L_KV独立未知；TP=1","config=bfloat16；激活/累加类型未核验","未核验","逻辑轴顺序；物理format未核验","逻辑轴顺序；物理format未核验","未评估候选","未评估候选","未评估候选","未核验","未实测","未实测","未实测","未实测","未核验","配置确认 + 数学推导；未核验完整调用链","https://huggingface.co/openbmb/AgentCPM-Explore/resolve/f528bbb55317bd291387ba3347551dd3414e698e/config.json","未核验","未核验","未核验","未核验","https://huggingface.co/openbmb/AgentCPM-Explore/resolve/f528bbb55317bd291387ba3347551dd3414e698e/config.json","文本decode/verify；B[1,16],S[1,8]；TP=1逻辑参考；","归一化类型/先后顺序待实现核验"
"root/layer_32","q_projection","未核验","GEMM","[B,S,2560]","[B,S,4096]","B,S,T；其他轴见模型参数","B[1,16];S_verify[1,8];L_KV独立未知；TP=1","config=bfloat16；激活/累加类型未核验","未核验","逻辑轴顺序；物理format未核验","逻辑轴顺序；物理format未核验","未评估候选","未评估候选","未评估候选","未核验","未实测","未实测","未实测","未实测","未核验","配置确认 + 数学推导；未核验完整调用链","https://huggingface.co/openbmb/AgentCPM-Explore/resolve/f528bbb55317bd291387ba3347551dd3414e698e/config.json","logical [4096,2560]","未核验","未核验","未核验","https://huggingface.co/openbmb/AgentCPM-Explore/resolve/f528bbb55317bd291387ba3347551dd3414e698e/config.json","文本decode/verify；B[1,16],S[1,8]；TP=1逻辑参考；独立逻辑矩阵，不断言实际融合与存储","Y=X@W^T; width=heads*head_dim"
"root/layer_32","k_projection","未核验","GEMM","[B,S,2560]","[B,S,1024]","B,S,T；其他轴见模型参数","B[1,16];S_verify[1,8];L_KV独立未知；TP=1","config=bfloat16；激活/累加类型未核验","未核验","逻辑轴顺序；物理format未核验","逻辑轴顺序；物理format未核验","未评估候选","未评估候选","未评估候选","未核验","未实测","未实测","未实测","未实测","未核验","配置确认 + 数学推导；未核验完整调用链","https://huggingface.co/openbmb/AgentCPM-Explore/resolve/f528bbb55317bd291387ba3347551dd3414e698e/config.json","logical [1024,2560]","未核验","未核验","未核验","https://huggingface.co/openbmb/AgentCPM-Explore/resolve/f528bbb55317bd291387ba3347551dd3414e698e/config.json","文本decode/verify；B[1,16],S[1,8]；TP=1逻辑参考；独立逻辑矩阵，不断言实际融合与存储","Y=X@W^T; width=heads*head_dim"
"root/layer_32","v_projection","未核验","GEMM","[B,S,2560]","[B,S,1024]","B,S,T；其他轴见模型参数","B[1,16];S_verify[1,8];L_KV独立未知；TP=1","config=bfloat16；激活/累加类型未核验","未核验","逻辑轴顺序；物理format未核验","逻辑轴顺序；物理format未核验","未评估候选","未评估候选","未评估候选","未核验","未实测","未实测","未实测","未实测","未核验","配置确认 + 数学推导；未核验完整调用链","https://huggingface.co/openbmb/AgentCPM-Explore/resolve/f528bbb55317bd291387ba3347551dd3414e698e/config.json","logical [1024,2560]","未核验","未核验","未核验","https://huggingface.co/openbmb/AgentCPM-Explore/resolve/f528bbb55317bd291387ba3347551dd3414e698e/config.json","文本decode/verify；B[1,16],S[1,8]；TP=1逻辑参考；独立逻辑矩阵，不断言实际融合与存储","Y=X@W^T; width=heads*head_dim"
"root/layer_32","position_and_cache","未核验","位置/缓存","Q,K,V projected; B,S","Q:[B,32,S,128]; K,V:[B,8,L_KV,128]","B,S,T；其他轴见模型参数","B[1,16];S_verify[1,8];L_KV独立未知；TP=1","config=bfloat16；激活/累加类型未核验","未核验","逻辑轴顺序；物理format未核验","逻辑轴顺序；物理format未核验","未评估候选","未评估候选","未评估候选","未核验","未实测","未实测","未实测","未实测","未核验","配置确认 + 数学推导；未核验完整调用链","https://huggingface.co/openbmb/AgentCPM-Explore/resolve/f528bbb55317bd291387ba3347551dd3414e698e/config.json","未核验","未核验","未核验","未核验","https://huggingface.co/openbmb/AgentCPM-Explore/resolve/f528bbb55317bd291387ba3347551dd3414e698e/config.json","文本decode/verify；B[1,16],S[1,8]；TP=1逻辑参考；","文本decode/verify；B[1,16],S[1,8]；TP=1逻辑参考；位置编码与物理layout需实现核验"
"root/layer_32","attention","未核验","attention","Q:[B,32,S,128];K,V:[B,8,L_KV,128]","[B,32,S,128]","B,S,T；其他轴见模型参数","B[1,16];S_verify[1,8];L_KV独立未知；TP=1","config=bfloat16；激活/累加类型未核验","未核验","逻辑轴顺序；物理format未核验","逻辑轴顺序；物理format未核验","未评估候选","未评估候选","未评估候选","未核验","未实测","未实测","未实测","未实测","未核验","配置确认 + 数学推导；未核验完整调用链","https://huggingface.co/openbmb/AgentCPM-Explore/resolve/f528bbb55317bd291387ba3347551dd3414e698e/config.json","未核验","未核验","未核验","未核验","https://huggingface.co/openbmb/AgentCPM-Explore/resolve/f528bbb55317bd291387ba3347551dd3414e698e/config.json","文本decode/verify；B[1,16],S[1,8]；TP=1逻辑参考；稀疏选块/线性分支需按实现，不能据此声称稠密执行或峰值中间内存","softmax(QK^T / sqrt(head_dim) + mask)V（数学参考）"
"root/layer_32","output_projection","未核验","GEMM","[B,S,4096]","[B,S,2560]","B,S,T；其他轴见模型参数","B[1,16];S_verify[1,8];L_KV独立未知；TP=1","config=bfloat16；激活/累加类型未核验","未核验","逻辑轴顺序；物理format未核验","逻辑轴顺序；物理format未核验","未评估候选","未评估候选","未评估候选","未核验","未实测","未实测","未实测","未实测","未核验","配置确认 + 数学推导；未核验完整调用链","https://huggingface.co/openbmb/AgentCPM-Explore/resolve/f528bbb55317bd291387ba3347551dd3414e698e/config.json","logical [2560,4096]","未核验","未核验","未核验","https://huggingface.co/openbmb/AgentCPM-Explore/resolve/f528bbb55317bd291387ba3347551dd3414e698e/config.json","文本decode/verify；B[1,16],S[1,8]；TP=1逻辑参考；","Y=X@W^T"
"root/layer_32","attention_residual","未核验","elementwise","[B,S,2560];[B,S,2560]","[B,S,2560]","B,S,T；其他轴见模型参数","B[1,16];S_verify[1,8];L_KV独立未知；TP=1","config=bfloat16；激活/累加类型未核验","未核验","逻辑轴顺序；物理format未核验","逻辑轴顺序；物理format未核验","未评估候选","未评估候选","未评估候选","未核验","未实测","未实测","未实测","未实测","未核验","配置确认 + 数学推导；未核验完整调用链","https://huggingface.co/openbmb/AgentCPM-Explore/resolve/f528bbb55317bd291387ba3347551dd3414e698e/config.json","未核验","未核验","未核验","未核验","https://huggingface.co/openbmb/AgentCPM-Explore/resolve/f528bbb55317bd291387ba3347551dd3414e698e/config.json","文本decode/verify；B[1,16],S[1,8]；TP=1逻辑参考；","Y=X+branch（参考，实际残差策略未核验）"
"root/layer_32","post_attention_normalization","未核验","norm","[B,S,2560]","[B,S,2560]","B,S,T；其他轴见模型参数","B[1,16];S_verify[1,8];L_KV独立未知；TP=1","config=bfloat16；激活/累加类型未核验","未核验","逻辑轴顺序；物理format未核验","逻辑轴顺序；物理format未核验","未评估候选","未评估候选","未评估候选","未核验","未实测","未实测","未实测","未实测","未核验","配置确认 + 数学推导；未核验完整调用链","https://huggingface.co/openbmb/AgentCPM-Explore/resolve/f528bbb55317bd291387ba3347551dd3414e698e/config.json","未核验","未核验","未核验","未核验","https://huggingface.co/openbmb/AgentCPM-Explore/resolve/f528bbb55317bd291387ba3347551dd3414e698e/config.json","文本decode/verify；B[1,16],S[1,8]；TP=1逻辑参考；","类型与位置待源码核验"
"root/layer_32","FFN_up","未核验","GEMM","[B,S,2560]","[B,S,9728]","B,S,T；其他轴见模型参数","B[1,16];S_verify[1,8];L_KV独立未知；TP=1","config=bfloat16；激活/累加类型未核验","未核验","逻辑轴顺序；物理format未核验","逻辑轴顺序；物理format未核验","未评估候选","未评估候选","未评估候选","未核验","未实测","未实测","未实测","未实测","未核验","配置确认 + 数学推导；未核验完整调用链","https://huggingface.co/openbmb/AgentCPM-Explore/resolve/f528bbb55317bd291387ba3347551dd3414e698e/config.json","logical [9728,2560]","未核验","未核验","未核验","https://huggingface.co/openbmb/AgentCPM-Explore/resolve/f528bbb55317bd291387ba3347551dd3414e698e/config.json","文本decode/verify；B[1,16],S[1,8]；TP=1逻辑参考；","Y=X@W^T"
"root/layer_32","FFN_activation_and_optional_gate","未核验","activation","[B,S,9728]","[B,S,9728]","B,S,T；其他轴见模型参数","B[1,16];S_verify[1,8];L_KV独立未知；TP=1","config=bfloat16；激活/累加类型未核验","未核验","逻辑轴顺序；物理format未核验","逻辑轴顺序；物理format未核验","未评估候选","未评估候选","未评估候选","未核验","未实测","未实测","未实测","未实测","未核验","配置确认 + 数学推导；未核验完整调用链","https://huggingface.co/openbmb/AgentCPM-Explore/resolve/f528bbb55317bd291387ba3347551dd3414e698e/config.json","未核验","未核验","未核验","未核验","https://huggingface.co/openbmb/AgentCPM-Explore/resolve/f528bbb55317bd291387ba3347551dd3414e698e/config.json","文本decode/verify；B[1,16],S[1,8]；TP=1逻辑参考；是否额外gate矩阵与门控分支维度需要实现；不能仅由silu推定完整SwiGLU","config.hidden_act=silu"
"root/layer_32","FFN_down","未核验","GEMM","[B,S,9728]","[B,S,2560]","B,S,T；其他轴见模型参数","B[1,16];S_verify[1,8];L_KV独立未知；TP=1","config=bfloat16；激活/累加类型未核验","未核验","逻辑轴顺序；物理format未核验","逻辑轴顺序；物理format未核验","未评估候选","未评估候选","未评估候选","未核验","未实测","未实测","未实测","未实测","未核验","配置确认 + 数学推导；未核验完整调用链","https://huggingface.co/openbmb/AgentCPM-Explore/resolve/f528bbb55317bd291387ba3347551dd3414e698e/config.json","logical [2560,9728]","未核验","未核验","未核验","https://huggingface.co/openbmb/AgentCPM-Explore/resolve/f528bbb55317bd291387ba3347551dd3414e698e/config.json","文本decode/verify；B[1,16],S[1,8]；TP=1逻辑参考；","Y=X@W^T"
"root/layer_32","FFN_residual","未核验","elementwise","[B,S,2560];[B,S,2560]","[B,S,2560]","B,S,T；其他轴见模型参数","B[1,16];S_verify[1,8];L_KV独立未知；TP=1","config=bfloat16；激活/累加类型未核验","未核验","逻辑轴顺序；物理format未核验","逻辑轴顺序；物理format未核验","未评估候选","未评估候选","未评估候选","未核验","未实测","未实测","未实测","未实测","未核验","配置确认 + 数学推导；未核验完整调用链","https://huggingface.co/openbmb/AgentCPM-Explore/resolve/f528bbb55317bd291387ba3347551dd3414e698e/config.json","未核验","未核验","未核验","未核验","https://huggingface.co/openbmb/AgentCPM-Explore/resolve/f528bbb55317bd291387ba3347551dd3414e698e/config.json","文本decode/verify；B[1,16],S[1,8]；TP=1逻辑参考；","Y=X+branch（参考，实际残差策略未核验）"
"root/layer_33","input_normalization","未核验","norm","[B,S,2560]","[B,S,2560]","B,S,T；其他轴见模型参数","B[1,16];S_verify[1,8];L_KV独立未知；TP=1","config=bfloat16；激活/累加类型未核验","未核验","逻辑轴顺序；物理format未核验","逻辑轴顺序；物理format未核验","未评估候选","未评估候选","未评估候选","未核验","未实测","未实测","未实测","未实测","未核验","配置确认 + 数学推导；未核验完整调用链","https://huggingface.co/openbmb/AgentCPM-Explore/resolve/f528bbb55317bd291387ba3347551dd3414e698e/config.json","未核验","未核验","未核验","未核验","https://huggingface.co/openbmb/AgentCPM-Explore/resolve/f528bbb55317bd291387ba3347551dd3414e698e/config.json","文本decode/verify；B[1,16],S[1,8]；TP=1逻辑参考；","归一化类型/先后顺序待实现核验"
"root/layer_33","q_projection","未核验","GEMM","[B,S,2560]","[B,S,4096]","B,S,T；其他轴见模型参数","B[1,16];S_verify[1,8];L_KV独立未知；TP=1","config=bfloat16；激活/累加类型未核验","未核验","逻辑轴顺序；物理format未核验","逻辑轴顺序；物理format未核验","未评估候选","未评估候选","未评估候选","未核验","未实测","未实测","未实测","未实测","未核验","配置确认 + 数学推导；未核验完整调用链","https://huggingface.co/openbmb/AgentCPM-Explore/resolve/f528bbb55317bd291387ba3347551dd3414e698e/config.json","logical [4096,2560]","未核验","未核验","未核验","https://huggingface.co/openbmb/AgentCPM-Explore/resolve/f528bbb55317bd291387ba3347551dd3414e698e/config.json","文本decode/verify；B[1,16],S[1,8]；TP=1逻辑参考；独立逻辑矩阵，不断言实际融合与存储","Y=X@W^T; width=heads*head_dim"
"root/layer_33","k_projection","未核验","GEMM","[B,S,2560]","[B,S,1024]","B,S,T；其他轴见模型参数","B[1,16];S_verify[1,8];L_KV独立未知；TP=1","config=bfloat16；激活/累加类型未核验","未核验","逻辑轴顺序；物理format未核验","逻辑轴顺序；物理format未核验","未评估候选","未评估候选","未评估候选","未核验","未实测","未实测","未实测","未实测","未核验","配置确认 + 数学推导；未核验完整调用链","https://huggingface.co/openbmb/AgentCPM-Explore/resolve/f528bbb55317bd291387ba3347551dd3414e698e/config.json","logical [1024,2560]","未核验","未核验","未核验","https://huggingface.co/openbmb/AgentCPM-Explore/resolve/f528bbb55317bd291387ba3347551dd3414e698e/config.json","文本decode/verify；B[1,16],S[1,8]；TP=1逻辑参考；独立逻辑矩阵，不断言实际融合与存储","Y=X@W^T; width=heads*head_dim"
"root/layer_33","v_projection","未核验","GEMM","[B,S,2560]","[B,S,1024]","B,S,T；其他轴见模型参数","B[1,16];S_verify[1,8];L_KV独立未知；TP=1","config=bfloat16；激活/累加类型未核验","未核验","逻辑轴顺序；物理format未核验","逻辑轴顺序；物理format未核验","未评估候选","未评估候选","未评估候选","未核验","未实测","未实测","未实测","未实测","未核验","配置确认 + 数学推导；未核验完整调用链","https://huggingface.co/openbmb/AgentCPM-Explore/resolve/f528bbb55317bd291387ba3347551dd3414e698e/config.json","logical [1024,2560]","未核验","未核验","未核验","https://huggingface.co/openbmb/AgentCPM-Explore/resolve/f528bbb55317bd291387ba3347551dd3414e698e/config.json","文本decode/verify；B[1,16],S[1,8]；TP=1逻辑参考；独立逻辑矩阵，不断言实际融合与存储","Y=X@W^T; width=heads*head_dim"
"root/layer_33","position_and_cache","未核验","位置/缓存","Q,K,V projected; B,S","Q:[B,32,S,128]; K,V:[B,8,L_KV,128]","B,S,T；其他轴见模型参数","B[1,16];S_verify[1,8];L_KV独立未知；TP=1","config=bfloat16；激活/累加类型未核验","未核验","逻辑轴顺序；物理format未核验","逻辑轴顺序；物理format未核验","未评估候选","未评估候选","未评估候选","未核验","未实测","未实测","未实测","未实测","未核验","配置确认 + 数学推导；未核验完整调用链","https://huggingface.co/openbmb/AgentCPM-Explore/resolve/f528bbb55317bd291387ba3347551dd3414e698e/config.json","未核验","未核验","未核验","未核验","https://huggingface.co/openbmb/AgentCPM-Explore/resolve/f528bbb55317bd291387ba3347551dd3414e698e/config.json","文本decode/verify；B[1,16],S[1,8]；TP=1逻辑参考；","文本decode/verify；B[1,16],S[1,8]；TP=1逻辑参考；位置编码与物理layout需实现核验"
"root/layer_33","attention","未核验","attention","Q:[B,32,S,128];K,V:[B,8,L_KV,128]","[B,32,S,128]","B,S,T；其他轴见模型参数","B[1,16];S_verify[1,8];L_KV独立未知；TP=1","config=bfloat16；激活/累加类型未核验","未核验","逻辑轴顺序；物理format未核验","逻辑轴顺序；物理format未核验","未评估候选","未评估候选","未评估候选","未核验","未实测","未实测","未实测","未实测","未核验","配置确认 + 数学推导；未核验完整调用链","https://huggingface.co/openbmb/AgentCPM-Explore/resolve/f528bbb55317bd291387ba3347551dd3414e698e/config.json","未核验","未核验","未核验","未核验","https://huggingface.co/openbmb/AgentCPM-Explore/resolve/f528bbb55317bd291387ba3347551dd3414e698e/config.json","文本decode/verify；B[1,16],S[1,8]；TP=1逻辑参考；稀疏选块/线性分支需按实现，不能据此声称稠密执行或峰值中间内存","softmax(QK^T / sqrt(head_dim) + mask)V（数学参考）"
"root/layer_33","output_projection","未核验","GEMM","[B,S,4096]","[B,S,2560]","B,S,T；其他轴见模型参数","B[1,16];S_verify[1,8];L_KV独立未知；TP=1","config=bfloat16；激活/累加类型未核验","未核验","逻辑轴顺序；物理format未核验","逻辑轴顺序；物理format未核验","未评估候选","未评估候选","未评估候选","未核验","未实测","未实测","未实测","未实测","未核验","配置确认 + 数学推导；未核验完整调用链","https://huggingface.co/openbmb/AgentCPM-Explore/resolve/f528bbb55317bd291387ba3347551dd3414e698e/config.json","logical [2560,4096]","未核验","未核验","未核验","https://huggingface.co/openbmb/AgentCPM-Explore/resolve/f528bbb55317bd291387ba3347551dd3414e698e/config.json","文本decode/verify；B[1,16],S[1,8]；TP=1逻辑参考；","Y=X@W^T"
"root/layer_33","attention_residual","未核验","elementwise","[B,S,2560];[B,S,2560]","[B,S,2560]","B,S,T；其他轴见模型参数","B[1,16];S_verify[1,8];L_KV独立未知；TP=1","config=bfloat16；激活/累加类型未核验","未核验","逻辑轴顺序；物理format未核验","逻辑轴顺序；物理format未核验","未评估候选","未评估候选","未评估候选","未核验","未实测","未实测","未实测","未实测","未核验","配置确认 + 数学推导；未核验完整调用链","https://huggingface.co/openbmb/AgentCPM-Explore/resolve/f528bbb55317bd291387ba3347551dd3414e698e/config.json","未核验","未核验","未核验","未核验","https://huggingface.co/openbmb/AgentCPM-Explore/resolve/f528bbb55317bd291387ba3347551dd3414e698e/config.json","文本decode/verify；B[1,16],S[1,8]；TP=1逻辑参考；","Y=X+branch（参考，实际残差策略未核验）"
"root/layer_33","post_attention_normalization","未核验","norm","[B,S,2560]","[B,S,2560]","B,S,T；其他轴见模型参数","B[1,16];S_verify[1,8];L_KV独立未知；TP=1","config=bfloat16；激活/累加类型未核验","未核验","逻辑轴顺序；物理format未核验","逻辑轴顺序；物理format未核验","未评估候选","未评估候选","未评估候选","未核验","未实测","未实测","未实测","未实测","未核验","配置确认 + 数学推导；未核验完整调用链","https://huggingface.co/openbmb/AgentCPM-Explore/resolve/f528bbb55317bd291387ba3347551dd3414e698e/config.json","未核验","未核验","未核验","未核验","https://huggingface.co/openbmb/AgentCPM-Explore/resolve/f528bbb55317bd291387ba3347551dd3414e698e/config.json","文本decode/verify；B[1,16],S[1,8]；TP=1逻辑参考；","类型与位置待源码核验"
"root/layer_33","FFN_up","未核验","GEMM","[B,S,2560]","[B,S,9728]","B,S,T；其他轴见模型参数","B[1,16];S_verify[1,8];L_KV独立未知；TP=1","config=bfloat16；激活/累加类型未核验","未核验","逻辑轴顺序；物理format未核验","逻辑轴顺序；物理format未核验","未评估候选","未评估候选","未评估候选","未核验","未实测","未实测","未实测","未实测","未核验","配置确认 + 数学推导；未核验完整调用链","https://huggingface.co/openbmb/AgentCPM-Explore/resolve/f528bbb55317bd291387ba3347551dd3414e698e/config.json","logical [9728,2560]","未核验","未核验","未核验","https://huggingface.co/openbmb/AgentCPM-Explore/resolve/f528bbb55317bd291387ba3347551dd3414e698e/config.json","文本decode/verify；B[1,16],S[1,8]；TP=1逻辑参考；","Y=X@W^T"
"root/layer_33","FFN_activation_and_optional_gate","未核验","activation","[B,S,9728]","[B,S,9728]","B,S,T；其他轴见模型参数","B[1,16];S_verify[1,8];L_KV独立未知；TP=1","config=bfloat16；激活/累加类型未核验","未核验","逻辑轴顺序；物理format未核验","逻辑轴顺序；物理format未核验","未评估候选","未评估候选","未评估候选","未核验","未实测","未实测","未实测","未实测","未核验","配置确认 + 数学推导；未核验完整调用链","https://huggingface.co/openbmb/AgentCPM-Explore/resolve/f528bbb55317bd291387ba3347551dd3414e698e/config.json","未核验","未核验","未核验","未核验","https://huggingface.co/openbmb/AgentCPM-Explore/resolve/f528bbb55317bd291387ba3347551dd3414e698e/config.json","文本decode/verify；B[1,16],S[1,8]；TP=1逻辑参考；是否额外gate矩阵与门控分支维度需要实现；不能仅由silu推定完整SwiGLU","config.hidden_act=silu"
"root/layer_33","FFN_down","未核验","GEMM","[B,S,9728]","[B,S,2560]","B,S,T；其他轴见模型参数","B[1,16];S_verify[1,8];L_KV独立未知；TP=1","config=bfloat16；激活/累加类型未核验","未核验","逻辑轴顺序；物理format未核验","逻辑轴顺序；物理format未核验","未评估候选","未评估候选","未评估候选","未核验","未实测","未实测","未实测","未实测","未核验","配置确认 + 数学推导；未核验完整调用链","https://huggingface.co/openbmb/AgentCPM-Explore/resolve/f528bbb55317bd291387ba3347551dd3414e698e/config.json","logical [2560,9728]","未核验","未核验","未核验","https://huggingface.co/openbmb/AgentCPM-Explore/resolve/f528bbb55317bd291387ba3347551dd3414e698e/config.json","文本decode/verify；B[1,16],S[1,8]；TP=1逻辑参考；","Y=X@W^T"
"root/layer_33","FFN_residual","未核验","elementwise","[B,S,2560];[B,S,2560]","[B,S,2560]","B,S,T；其他轴见模型参数","B[1,16];S_verify[1,8];L_KV独立未知；TP=1","config=bfloat16；激活/累加类型未核验","未核验","逻辑轴顺序；物理format未核验","逻辑轴顺序；物理format未核验","未评估候选","未评估候选","未评估候选","未核验","未实测","未实测","未实测","未实测","未核验","配置确认 + 数学推导；未核验完整调用链","https://huggingface.co/openbmb/AgentCPM-Explore/resolve/f528bbb55317bd291387ba3347551dd3414e698e/config.json","未核验","未核验","未核验","未核验","https://huggingface.co/openbmb/AgentCPM-Explore/resolve/f528bbb55317bd291387ba3347551dd3414e698e/config.json","文本decode/verify；B[1,16],S[1,8]；TP=1逻辑参考；","Y=X+branch（参考，实际残差策略未核验）"
"root/layer_34","input_normalization","未核验","norm","[B,S,2560]","[B,S,2560]","B,S,T；其他轴见模型参数","B[1,16];S_verify[1,8];L_KV独立未知；TP=1","config=bfloat16；激活/累加类型未核验","未核验","逻辑轴顺序；物理format未核验","逻辑轴顺序；物理format未核验","未评估候选","未评估候选","未评估候选","未核验","未实测","未实测","未实测","未实测","未核验","配置确认 + 数学推导；未核验完整调用链","https://huggingface.co/openbmb/AgentCPM-Explore/resolve/f528bbb55317bd291387ba3347551dd3414e698e/config.json","未核验","未核验","未核验","未核验","https://huggingface.co/openbmb/AgentCPM-Explore/resolve/f528bbb55317bd291387ba3347551dd3414e698e/config.json","文本decode/verify；B[1,16],S[1,8]；TP=1逻辑参考；","归一化类型/先后顺序待实现核验"
"root/layer_34","q_projection","未核验","GEMM","[B,S,2560]","[B,S,4096]","B,S,T；其他轴见模型参数","B[1,16];S_verify[1,8];L_KV独立未知；TP=1","config=bfloat16；激活/累加类型未核验","未核验","逻辑轴顺序；物理format未核验","逻辑轴顺序；物理format未核验","未评估候选","未评估候选","未评估候选","未核验","未实测","未实测","未实测","未实测","未核验","配置确认 + 数学推导；未核验完整调用链","https://huggingface.co/openbmb/AgentCPM-Explore/resolve/f528bbb55317bd291387ba3347551dd3414e698e/config.json","logical [4096,2560]","未核验","未核验","未核验","https://huggingface.co/openbmb/AgentCPM-Explore/resolve/f528bbb55317bd291387ba3347551dd3414e698e/config.json","文本decode/verify；B[1,16],S[1,8]；TP=1逻辑参考；独立逻辑矩阵，不断言实际融合与存储","Y=X@W^T; width=heads*head_dim"
"root/layer_34","k_projection","未核验","GEMM","[B,S,2560]","[B,S,1024]","B,S,T；其他轴见模型参数","B[1,16];S_verify[1,8];L_KV独立未知；TP=1","config=bfloat16；激活/累加类型未核验","未核验","逻辑轴顺序；物理format未核验","逻辑轴顺序；物理format未核验","未评估候选","未评估候选","未评估候选","未核验","未实测","未实测","未实测","未实测","未核验","配置确认 + 数学推导；未核验完整调用链","https://huggingface.co/openbmb/AgentCPM-Explore/resolve/f528bbb55317bd291387ba3347551dd3414e698e/config.json","logical [1024,2560]","未核验","未核验","未核验","https://huggingface.co/openbmb/AgentCPM-Explore/resolve/f528bbb55317bd291387ba3347551dd3414e698e/config.json","文本decode/verify；B[1,16],S[1,8]；TP=1逻辑参考；独立逻辑矩阵，不断言实际融合与存储","Y=X@W^T; width=heads*head_dim"
"root/layer_34","v_projection","未核验","GEMM","[B,S,2560]","[B,S,1024]","B,S,T；其他轴见模型参数","B[1,16];S_verify[1,8];L_KV独立未知；TP=1","config=bfloat16；激活/累加类型未核验","未核验","逻辑轴顺序；物理format未核验","逻辑轴顺序；物理format未核验","未评估候选","未评估候选","未评估候选","未核验","未实测","未实测","未实测","未实测","未核验","配置确认 + 数学推导；未核验完整调用链","https://huggingface.co/openbmb/AgentCPM-Explore/resolve/f528bbb55317bd291387ba3347551dd3414e698e/config.json","logical [1024,2560]","未核验","未核验","未核验","https://huggingface.co/openbmb/AgentCPM-Explore/resolve/f528bbb55317bd291387ba3347551dd3414e698e/config.json","文本decode/verify；B[1,16],S[1,8]；TP=1逻辑参考；独立逻辑矩阵，不断言实际融合与存储","Y=X@W^T; width=heads*head_dim"
"root/layer_34","position_and_cache","未核验","位置/缓存","Q,K,V projected; B,S","Q:[B,32,S,128]; K,V:[B,8,L_KV,128]","B,S,T；其他轴见模型参数","B[1,16];S_verify[1,8];L_KV独立未知；TP=1","config=bfloat16；激活/累加类型未核验","未核验","逻辑轴顺序；物理format未核验","逻辑轴顺序；物理format未核验","未评估候选","未评估候选","未评估候选","未核验","未实测","未实测","未实测","未实测","未核验","配置确认 + 数学推导；未核验完整调用链","https://huggingface.co/openbmb/AgentCPM-Explore/resolve/f528bbb55317bd291387ba3347551dd3414e698e/config.json","未核验","未核验","未核验","未核验","https://huggingface.co/openbmb/AgentCPM-Explore/resolve/f528bbb55317bd291387ba3347551dd3414e698e/config.json","文本decode/verify；B[1,16],S[1,8]；TP=1逻辑参考；","文本decode/verify；B[1,16],S[1,8]；TP=1逻辑参考；位置编码与物理layout需实现核验"
"root/layer_34","attention","未核验","attention","Q:[B,32,S,128];K,V:[B,8,L_KV,128]","[B,32,S,128]","B,S,T；其他轴见模型参数","B[1,16];S_verify[1,8];L_KV独立未知；TP=1","config=bfloat16；激活/累加类型未核验","未核验","逻辑轴顺序；物理format未核验","逻辑轴顺序；物理format未核验","未评估候选","未评估候选","未评估候选","未核验","未实测","未实测","未实测","未实测","未核验","配置确认 + 数学推导；未核验完整调用链","https://huggingface.co/openbmb/AgentCPM-Explore/resolve/f528bbb55317bd291387ba3347551dd3414e698e/config.json","未核验","未核验","未核验","未核验","https://huggingface.co/openbmb/AgentCPM-Explore/resolve/f528bbb55317bd291387ba3347551dd3414e698e/config.json","文本decode/verify；B[1,16],S[1,8]；TP=1逻辑参考；稀疏选块/线性分支需按实现，不能据此声称稠密执行或峰值中间内存","softmax(QK^T / sqrt(head_dim) + mask)V（数学参考）"
"root/layer_34","output_projection","未核验","GEMM","[B,S,4096]","[B,S,2560]","B,S,T；其他轴见模型参数","B[1,16];S_verify[1,8];L_KV独立未知；TP=1","config=bfloat16；激活/累加类型未核验","未核验","逻辑轴顺序；物理format未核验","逻辑轴顺序；物理format未核验","未评估候选","未评估候选","未评估候选","未核验","未实测","未实测","未实测","未实测","未核验","配置确认 + 数学推导；未核验完整调用链","https://huggingface.co/openbmb/AgentCPM-Explore/resolve/f528bbb55317bd291387ba3347551dd3414e698e/config.json","logical [2560,4096]","未核验","未核验","未核验","https://huggingface.co/openbmb/AgentCPM-Explore/resolve/f528bbb55317bd291387ba3347551dd3414e698e/config.json","文本decode/verify；B[1,16],S[1,8]；TP=1逻辑参考；","Y=X@W^T"
"root/layer_34","attention_residual","未核验","elementwise","[B,S,2560];[B,S,2560]","[B,S,2560]","B,S,T；其他轴见模型参数","B[1,16];S_verify[1,8];L_KV独立未知；TP=1","config=bfloat16；激活/累加类型未核验","未核验","逻辑轴顺序；物理format未核验","逻辑轴顺序；物理format未核验","未评估候选","未评估候选","未评估候选","未核验","未实测","未实测","未实测","未实测","未核验","配置确认 + 数学推导；未核验完整调用链","https://huggingface.co/openbmb/AgentCPM-Explore/resolve/f528bbb55317bd291387ba3347551dd3414e698e/config.json","未核验","未核验","未核验","未核验","https://huggingface.co/openbmb/AgentCPM-Explore/resolve/f528bbb55317bd291387ba3347551dd3414e698e/config.json","文本decode/verify；B[1,16],S[1,8]；TP=1逻辑参考；","Y=X+branch（参考，实际残差策略未核验）"
"root/layer_34","post_attention_normalization","未核验","norm","[B,S,2560]","[B,S,2560]","B,S,T；其他轴见模型参数","B[1,16];S_verify[1,8];L_KV独立未知；TP=1","config=bfloat16；激活/累加类型未核验","未核验","逻辑轴顺序；物理format未核验","逻辑轴顺序；物理format未核验","未评估候选","未评估候选","未评估候选","未核验","未实测","未实测","未实测","未实测","未核验","配置确认 + 数学推导；未核验完整调用链","https://huggingface.co/openbmb/AgentCPM-Explore/resolve/f528bbb55317bd291387ba3347551dd3414e698e/config.json","未核验","未核验","未核验","未核验","https://huggingface.co/openbmb/AgentCPM-Explore/resolve/f528bbb55317bd291387ba3347551dd3414e698e/config.json","文本decode/verify；B[1,16],S[1,8]；TP=1逻辑参考；","类型与位置待源码核验"
"root/layer_34","FFN_up","未核验","GEMM","[B,S,2560]","[B,S,9728]","B,S,T；其他轴见模型参数","B[1,16];S_verify[1,8];L_KV独立未知；TP=1","config=bfloat16；激活/累加类型未核验","未核验","逻辑轴顺序；物理format未核验","逻辑轴顺序；物理format未核验","未评估候选","未评估候选","未评估候选","未核验","未实测","未实测","未实测","未实测","未核验","配置确认 + 数学推导；未核验完整调用链","https://huggingface.co/openbmb/AgentCPM-Explore/resolve/f528bbb55317bd291387ba3347551dd3414e698e/config.json","logical [9728,2560]","未核验","未核验","未核验","https://huggingface.co/openbmb/AgentCPM-Explore/resolve/f528bbb55317bd291387ba3347551dd3414e698e/config.json","文本decode/verify；B[1,16],S[1,8]；TP=1逻辑参考；","Y=X@W^T"
"root/layer_34","FFN_activation_and_optional_gate","未核验","activation","[B,S,9728]","[B,S,9728]","B,S,T；其他轴见模型参数","B[1,16];S_verify[1,8];L_KV独立未知；TP=1","config=bfloat16；激活/累加类型未核验","未核验","逻辑轴顺序；物理format未核验","逻辑轴顺序；物理format未核验","未评估候选","未评估候选","未评估候选","未核验","未实测","未实测","未实测","未实测","未核验","配置确认 + 数学推导；未核验完整调用链","https://huggingface.co/openbmb/AgentCPM-Explore/resolve/f528bbb55317bd291387ba3347551dd3414e698e/config.json","未核验","未核验","未核验","未核验","https://huggingface.co/openbmb/AgentCPM-Explore/resolve/f528bbb55317bd291387ba3347551dd3414e698e/config.json","文本decode/verify；B[1,16],S[1,8]；TP=1逻辑参考；是否额外gate矩阵与门控分支维度需要实现；不能仅由silu推定完整SwiGLU","config.hidden_act=silu"
"root/layer_34","FFN_down","未核验","GEMM","[B,S,9728]","[B,S,2560]","B,S,T；其他轴见模型参数","B[1,16];S_verify[1,8];L_KV独立未知；TP=1","config=bfloat16；激活/累加类型未核验","未核验","逻辑轴顺序；物理format未核验","逻辑轴顺序；物理format未核验","未评估候选","未评估候选","未评估候选","未核验","未实测","未实测","未实测","未实测","未核验","配置确认 + 数学推导；未核验完整调用链","https://huggingface.co/openbmb/AgentCPM-Explore/resolve/f528bbb55317bd291387ba3347551dd3414e698e/config.json","logical [2560,9728]","未核验","未核验","未核验","https://huggingface.co/openbmb/AgentCPM-Explore/resolve/f528bbb55317bd291387ba3347551dd3414e698e/config.json","文本decode/verify；B[1,16],S[1,8]；TP=1逻辑参考；","Y=X@W^T"
"root/layer_34","FFN_residual","未核验","elementwise","[B,S,2560];[B,S,2560]","[B,S,2560]","B,S,T；其他轴见模型参数","B[1,16];S_verify[1,8];L_KV独立未知；TP=1","config=bfloat16；激活/累加类型未核验","未核验","逻辑轴顺序；物理format未核验","逻辑轴顺序；物理format未核验","未评估候选","未评估候选","未评估候选","未核验","未实测","未实测","未实测","未实测","未核验","配置确认 + 数学推导；未核验完整调用链","https://huggingface.co/openbmb/AgentCPM-Explore/resolve/f528bbb55317bd291387ba3347551dd3414e698e/config.json","未核验","未核验","未核验","未核验","https://huggingface.co/openbmb/AgentCPM-Explore/resolve/f528bbb55317bd291387ba3347551dd3414e698e/config.json","文本decode/verify；B[1,16],S[1,8]；TP=1逻辑参考；","Y=X+branch（参考，实际残差策略未核验）"
"root/layer_35","input_normalization","未核验","norm","[B,S,2560]","[B,S,2560]","B,S,T；其他轴见模型参数","B[1,16];S_verify[1,8];L_KV独立未知；TP=1","config=bfloat16；激活/累加类型未核验","未核验","逻辑轴顺序；物理format未核验","逻辑轴顺序；物理format未核验","未评估候选","未评估候选","未评估候选","未核验","未实测","未实测","未实测","未实测","未核验","配置确认 + 数学推导；未核验完整调用链","https://huggingface.co/openbmb/AgentCPM-Explore/resolve/f528bbb55317bd291387ba3347551dd3414e698e/config.json","未核验","未核验","未核验","未核验","https://huggingface.co/openbmb/AgentCPM-Explore/resolve/f528bbb55317bd291387ba3347551dd3414e698e/config.json","文本decode/verify；B[1,16],S[1,8]；TP=1逻辑参考；","归一化类型/先后顺序待实现核验"
"root/layer_35","q_projection","未核验","GEMM","[B,S,2560]","[B,S,4096]","B,S,T；其他轴见模型参数","B[1,16];S_verify[1,8];L_KV独立未知；TP=1","config=bfloat16；激活/累加类型未核验","未核验","逻辑轴顺序；物理format未核验","逻辑轴顺序；物理format未核验","未评估候选","未评估候选","未评估候选","未核验","未实测","未实测","未实测","未实测","未核验","配置确认 + 数学推导；未核验完整调用链","https://huggingface.co/openbmb/AgentCPM-Explore/resolve/f528bbb55317bd291387ba3347551dd3414e698e/config.json","logical [4096,2560]","未核验","未核验","未核验","https://huggingface.co/openbmb/AgentCPM-Explore/resolve/f528bbb55317bd291387ba3347551dd3414e698e/config.json","文本decode/verify；B[1,16],S[1,8]；TP=1逻辑参考；独立逻辑矩阵，不断言实际融合与存储","Y=X@W^T; width=heads*head_dim"
"root/layer_35","k_projection","未核验","GEMM","[B,S,2560]","[B,S,1024]","B,S,T；其他轴见模型参数","B[1,16];S_verify[1,8];L_KV独立未知；TP=1","config=bfloat16；激活/累加类型未核验","未核验","逻辑轴顺序；物理format未核验","逻辑轴顺序；物理format未核验","未评估候选","未评估候选","未评估候选","未核验","未实测","未实测","未实测","未实测","未核验","配置确认 + 数学推导；未核验完整调用链","https://huggingface.co/openbmb/AgentCPM-Explore/resolve/f528bbb55317bd291387ba3347551dd3414e698e/config.json","logical [1024,2560]","未核验","未核验","未核验","https://huggingface.co/openbmb/AgentCPM-Explore/resolve/f528bbb55317bd291387ba3347551dd3414e698e/config.json","文本decode/verify；B[1,16],S[1,8]；TP=1逻辑参考；独立逻辑矩阵，不断言实际融合与存储","Y=X@W^T; width=heads*head_dim"
"root/layer_35","v_projection","未核验","GEMM","[B,S,2560]","[B,S,1024]","B,S,T；其他轴见模型参数","B[1,16];S_verify[1,8];L_KV独立未知；TP=1","config=bfloat16；激活/累加类型未核验","未核验","逻辑轴顺序；物理format未核验","逻辑轴顺序；物理format未核验","未评估候选","未评估候选","未评估候选","未核验","未实测","未实测","未实测","未实测","未核验","配置确认 + 数学推导；未核验完整调用链","https://huggingface.co/openbmb/AgentCPM-Explore/resolve/f528bbb55317bd291387ba3347551dd3414e698e/config.json","logical [1024,2560]","未核验","未核验","未核验","https://huggingface.co/openbmb/AgentCPM-Explore/resolve/f528bbb55317bd291387ba3347551dd3414e698e/config.json","文本decode/verify；B[1,16],S[1,8]；TP=1逻辑参考；独立逻辑矩阵，不断言实际融合与存储","Y=X@W^T; width=heads*head_dim"
"root/layer_35","position_and_cache","未核验","位置/缓存","Q,K,V projected; B,S","Q:[B,32,S,128]; K,V:[B,8,L_KV,128]","B,S,T；其他轴见模型参数","B[1,16];S_verify[1,8];L_KV独立未知；TP=1","config=bfloat16；激活/累加类型未核验","未核验","逻辑轴顺序；物理format未核验","逻辑轴顺序；物理format未核验","未评估候选","未评估候选","未评估候选","未核验","未实测","未实测","未实测","未实测","未核验","配置确认 + 数学推导；未核验完整调用链","https://huggingface.co/openbmb/AgentCPM-Explore/resolve/f528bbb55317bd291387ba3347551dd3414e698e/config.json","未核验","未核验","未核验","未核验","https://huggingface.co/openbmb/AgentCPM-Explore/resolve/f528bbb55317bd291387ba3347551dd3414e698e/config.json","文本decode/verify；B[1,16],S[1,8]；TP=1逻辑参考；","文本decode/verify；B[1,16],S[1,8]；TP=1逻辑参考；位置编码与物理layout需实现核验"
"root/layer_35","attention","未核验","attention","Q:[B,32,S,128];K,V:[B,8,L_KV,128]","[B,32,S,128]","B,S,T；其他轴见模型参数","B[1,16];S_verify[1,8];L_KV独立未知；TP=1","config=bfloat16；激活/累加类型未核验","未核验","逻辑轴顺序；物理format未核验","逻辑轴顺序；物理format未核验","未评估候选","未评估候选","未评估候选","未核验","未实测","未实测","未实测","未实测","未核验","配置确认 + 数学推导；未核验完整调用链","https://huggingface.co/openbmb/AgentCPM-Explore/resolve/f528bbb55317bd291387ba3347551dd3414e698e/config.json","未核验","未核验","未核验","未核验","https://huggingface.co/openbmb/AgentCPM-Explore/resolve/f528bbb55317bd291387ba3347551dd3414e698e/config.json","文本decode/verify；B[1,16],S[1,8]；TP=1逻辑参考；稀疏选块/线性分支需按实现，不能据此声称稠密执行或峰值中间内存","softmax(QK^T / sqrt(head_dim) + mask)V（数学参考）"
"root/layer_35","output_projection","未核验","GEMM","[B,S,4096]","[B,S,2560]","B,S,T；其他轴见模型参数","B[1,16];S_verify[1,8];L_KV独立未知；TP=1","config=bfloat16；激活/累加类型未核验","未核验","逻辑轴顺序；物理format未核验","逻辑轴顺序；物理format未核验","未评估候选","未评估候选","未评估候选","未核验","未实测","未实测","未实测","未实测","未核验","配置确认 + 数学推导；未核验完整调用链","https://huggingface.co/openbmb/AgentCPM-Explore/resolve/f528bbb55317bd291387ba3347551dd3414e698e/config.json","logical [2560,4096]","未核验","未核验","未核验","https://huggingface.co/openbmb/AgentCPM-Explore/resolve/f528bbb55317bd291387ba3347551dd3414e698e/config.json","文本decode/verify；B[1,16],S[1,8]；TP=1逻辑参考；","Y=X@W^T"
"root/layer_35","attention_residual","未核验","elementwise","[B,S,2560];[B,S,2560]","[B,S,2560]","B,S,T；其他轴见模型参数","B[1,16];S_verify[1,8];L_KV独立未知；TP=1","config=bfloat16；激活/累加类型未核验","未核验","逻辑轴顺序；物理format未核验","逻辑轴顺序；物理format未核验","未评估候选","未评估候选","未评估候选","未核验","未实测","未实测","未实测","未实测","未核验","配置确认 + 数学推导；未核验完整调用链","https://huggingface.co/openbmb/AgentCPM-Explore/resolve/f528bbb55317bd291387ba3347551dd3414e698e/config.json","未核验","未核验","未核验","未核验","https://huggingface.co/openbmb/AgentCPM-Explore/resolve/f528bbb55317bd291387ba3347551dd3414e698e/config.json","文本decode/verify；B[1,16],S[1,8]；TP=1逻辑参考；","Y=X+branch（参考，实际残差策略未核验）"
"root/layer_35","post_attention_normalization","未核验","norm","[B,S,2560]","[B,S,2560]","B,S,T；其他轴见模型参数","B[1,16];S_verify[1,8];L_KV独立未知；TP=1","config=bfloat16；激活/累加类型未核验","未核验","逻辑轴顺序；物理format未核验","逻辑轴顺序；物理format未核验","未评估候选","未评估候选","未评估候选","未核验","未实测","未实测","未实测","未实测","未核验","配置确认 + 数学推导；未核验完整调用链","https://huggingface.co/openbmb/AgentCPM-Explore/resolve/f528bbb55317bd291387ba3347551dd3414e698e/config.json","未核验","未核验","未核验","未核验","https://huggingface.co/openbmb/AgentCPM-Explore/resolve/f528bbb55317bd291387ba3347551dd3414e698e/config.json","文本decode/verify；B[1,16],S[1,8]；TP=1逻辑参考；","类型与位置待源码核验"
"root/layer_35","FFN_up","未核验","GEMM","[B,S,2560]","[B,S,9728]","B,S,T；其他轴见模型参数","B[1,16];S_verify[1,8];L_KV独立未知；TP=1","config=bfloat16；激活/累加类型未核验","未核验","逻辑轴顺序；物理format未核验","逻辑轴顺序；物理format未核验","未评估候选","未评估候选","未评估候选","未核验","未实测","未实测","未实测","未实测","未核验","配置确认 + 数学推导；未核验完整调用链","https://huggingface.co/openbmb/AgentCPM-Explore/resolve/f528bbb55317bd291387ba3347551dd3414e698e/config.json","logical [9728,2560]","未核验","未核验","未核验","https://huggingface.co/openbmb/AgentCPM-Explore/resolve/f528bbb55317bd291387ba3347551dd3414e698e/config.json","文本decode/verify；B[1,16],S[1,8]；TP=1逻辑参考；","Y=X@W^T"
"root/layer_35","FFN_activation_and_optional_gate","未核验","activation","[B,S,9728]","[B,S,9728]","B,S,T；其他轴见模型参数","B[1,16];S_verify[1,8];L_KV独立未知；TP=1","config=bfloat16；激活/累加类型未核验","未核验","逻辑轴顺序；物理format未核验","逻辑轴顺序；物理format未核验","未评估候选","未评估候选","未评估候选","未核验","未实测","未实测","未实测","未实测","未核验","配置确认 + 数学推导；未核验完整调用链","https://huggingface.co/openbmb/AgentCPM-Explore/resolve/f528bbb55317bd291387ba3347551dd3414e698e/config.json","未核验","未核验","未核验","未核验","https://huggingface.co/openbmb/AgentCPM-Explore/resolve/f528bbb55317bd291387ba3347551dd3414e698e/config.json","文本decode/verify；B[1,16],S[1,8]；TP=1逻辑参考；是否额外gate矩阵与门控分支维度需要实现；不能仅由silu推定完整SwiGLU","config.hidden_act=silu"
"root/layer_35","FFN_down","未核验","GEMM","[B,S,9728]","[B,S,2560]","B,S,T；其他轴见模型参数","B[1,16];S_verify[1,8];L_KV独立未知；TP=1","config=bfloat16；激活/累加类型未核验","未核验","逻辑轴顺序；物理format未核验","逻辑轴顺序；物理format未核验","未评估候选","未评估候选","未评估候选","未核验","未实测","未实测","未实测","未实测","未核验","配置确认 + 数学推导；未核验完整调用链","https://huggingface.co/openbmb/AgentCPM-Explore/resolve/f528bbb55317bd291387ba3347551dd3414e698e/config.json","logical [2560,9728]","未核验","未核验","未核验","https://huggingface.co/openbmb/AgentCPM-Explore/resolve/f528bbb55317bd291387ba3347551dd3414e698e/config.json","文本decode/verify；B[1,16],S[1,8]；TP=1逻辑参考；","Y=X@W^T"
"root/layer_35","FFN_residual","未核验","elementwise","[B,S,2560];[B,S,2560]","[B,S,2560]","B,S,T；其他轴见模型参数","B[1,16];S_verify[1,8];L_KV独立未知；TP=1","config=bfloat16；激活/累加类型未核验","未核验","逻辑轴顺序；物理format未核验","逻辑轴顺序；物理format未核验","未评估候选","未评估候选","未评估候选","未核验","未实测","未实测","未实测","未实测","未核验","配置确认 + 数学推导；未核验完整调用链","https://huggingface.co/openbmb/AgentCPM-Explore/resolve/f528bbb55317bd291387ba3347551dd3414e698e/config.json","未核验","未核验","未核验","未核验","https://huggingface.co/openbmb/AgentCPM-Explore/resolve/f528bbb55317bd291387ba3347551dd3414e698e/config.json","文本decode/verify；B[1,16],S[1,8]；TP=1逻辑参考；","Y=X+branch（参考，实际残差策略未核验）"
"global","embedding_output_heads_modal_connectors","未核验","全局/模态组件","未核验","未核验","B,S,T；其他轴见模型参数","B[1,16];S_verify[1,8];L_KV独立未知；TP=1","未核验","未核验","逻辑轴顺序；物理format未核验","逻辑轴顺序；物理format未核验","未评估候选","未评估候选","未评估候选","未核验","未实测","未实测","未实测","未实测","未核验","配置可见；专用/全局算子未完整核验","https://huggingface.co/openbmb/AgentCPM-Explore/resolve/f528bbb55317bd291387ba3347551dd3414e698e/config.json","未核验","未核验","未核验","未核验","https://huggingface.co/openbmb/AgentCPM-Explore/resolve/f528bbb55317bd291387ba3347551dd3414e698e/config.json","文本decode/verify；S=1..8，B=1..16；TP=1逻辑形状；embedding、lm_head、模态连接器、压缩器、AudioVAE、扩散/动作/检索头需独立源码；不因主干展开而声称全图已完成","未核验"