"模块","算子列表","npu kernel","算子类型","inputshape","output shape","dim","shape范围","input dtype","output dtype","input format","output format","dtype next1","dtype next2","next3","并行资源占用情况","duration","计算利用率","mte","scalar","融合算子分析","证据状态","配置来源","权重证据","PyTorch参考或调用","NVIDIA条件路径","AMD条件路径","实现来源","运行条件与缺口","数学关系或推导"
"vlm_config.text_config/layer_0","input_normalization","未核验","norm","[B,S,1024]","[B,S,1024]","B,S,T；其他轴见模型参数","B[1,16];S_verify[1,8];L_KV独立未知；TP=1","config=None；激活/累加类型未核验","未核验","逻辑轴顺序；物理format未核验","逻辑轴顺序；物理format未核验","未评估候选","未评估候选","未评估候选","未核验","未实测","未实测","未实测","未实测","未核验","配置确认 + 数学推导；未核验完整调用链","https://huggingface.co/openbmb/MiniCPM-RobotManip/resolve/29cb257541e9f96f493abe21174f8892e5dffe3f/config.json","未核验","未核验","未核验","未核验","https://huggingface.co/openbmb/MiniCPM-RobotManip/resolve/29cb257541e9f96f493abe21174f8892e5dffe3f/config.json","文本decode/verify；B[1,16],S[1,8]；TP=1逻辑参考；","归一化类型/先后顺序待实现核验"
"vlm_config.text_config/layer_0","q_linear_logical_projection","未核验","GEMM","[B,S,1024]","[B,S,2048]","B,S,T；其他轴见模型参数","B[1,16];S_verify[1,8];L_KV独立未知；TP=1","config=None；激活/累加类型未核验","未核验","逻辑轴顺序；物理format未核验","逻辑轴顺序；物理format未核验","未评估候选","未评估候选","未评估候选","未核验","未实测","未实测","未实测","未实测","未核验","配置确认 + 数学推导；未核验完整调用链","https://huggingface.co/openbmb/MiniCPM-RobotManip/resolve/29cb257541e9f96f493abe21174f8892e5dffe3f/config.json","logical [2048,1024]","未核验","未核验","未核验","https://huggingface.co/openbmb/MiniCPM-RobotManip/resolve/29cb257541e9f96f493abe21174f8892e5dffe3f/config.json","文本decode/verify；B[1,16],S[1,8]；TP=1逻辑参考；只是逻辑分支；实际打包与额外门未知","width=linear_heads*linear_head_dim"
"vlm_config.text_config/layer_0","k_linear_logical_projection","未核验","GEMM","[B,S,1024]","[B,S,2048]","B,S,T；其他轴见模型参数","B[1,16];S_verify[1,8];L_KV独立未知；TP=1","config=None；激活/累加类型未核验","未核验","逻辑轴顺序；物理format未核验","逻辑轴顺序；物理format未核验","未评估候选","未评估候选","未评估候选","未核验","未实测","未实测","未实测","未实测","未核验","配置确认 + 数学推导；未核验完整调用链","https://huggingface.co/openbmb/MiniCPM-RobotManip/resolve/29cb257541e9f96f493abe21174f8892e5dffe3f/config.json","logical [2048,1024]","未核验","未核验","未核验","https://huggingface.co/openbmb/MiniCPM-RobotManip/resolve/29cb257541e9f96f493abe21174f8892e5dffe3f/config.json","文本decode/verify；B[1,16],S[1,8]；TP=1逻辑参考；只是逻辑分支；实际打包与额外门未知","width=linear_heads*linear_head_dim"
"vlm_config.text_config/layer_0","v_linear_logical_projection","未核验","GEMM","[B,S,1024]","[B,S,2048]","B,S,T；其他轴见模型参数","B[1,16];S_verify[1,8];L_KV独立未知；TP=1","config=None；激活/累加类型未核验","未核验","逻辑轴顺序；物理format未核验","逻辑轴顺序；物理format未核验","未评估候选","未评估候选","未评估候选","未核验","未实测","未实测","未实测","未实测","未核验","配置确认 + 数学推导；未核验完整调用链","https://huggingface.co/openbmb/MiniCPM-RobotManip/resolve/29cb257541e9f96f493abe21174f8892e5dffe3f/config.json","logical [2048,1024]","未核验","未核验","未核验","https://huggingface.co/openbmb/MiniCPM-RobotManip/resolve/29cb257541e9f96f493abe21174f8892e5dffe3f/config.json","文本decode/verify；B[1,16],S[1,8]；TP=1逻辑参考；只是逻辑分支；实际打包与额外门未知","width=linear_heads*linear_head_dim"
"vlm_config.text_config/layer_0","linear_conv_and_gated_state","未核验","递归状态","Q,K:[B,S,16,128];V:[B,S,16,128]","[B,S,16,128]","B,S,T；其他轴见模型参数","B[1,16];S_verify[1,8];L_KV独立未知；TP=1","config=None；激活/累加类型未核验","未核验","逻辑轴顺序；物理format未核验","逻辑轴顺序；物理format未核验","未评估候选","未评估候选","未评估候选","未核验","未实测","未实测","未实测","未实测","未核验","配置确认 + 数学推导；未核验完整调用链","https://huggingface.co/openbmb/MiniCPM-RobotManip/resolve/29cb257541e9f96f493abe21174f8892e5dffe3f/config.json","未核验","未核验","未核验","未核验","https://huggingface.co/openbmb/MiniCPM-RobotManip/resolve/29cb257541e9f96f493abe21174f8892e5dffe3f/config.json","文本decode/verify；B[1,16],S[1,8]；TP=1逻辑参考；门控、重复heads与状态cache分派未核验","数学状态候选[B,16,128,128]；conv_kernel=4"
"vlm_config.text_config/layer_0","linear_output_projection","未核验","GEMM","[B,S,2048]","[B,S,1024]","B,S,T；其他轴见模型参数","B[1,16];S_verify[1,8];L_KV独立未知；TP=1","config=None；激活/累加类型未核验","未核验","逻辑轴顺序；物理format未核验","逻辑轴顺序；物理format未核验","未评估候选","未评估候选","未评估候选","未核验","未实测","未实测","未实测","未实测","未核验","配置确认 + 数学推导；未核验完整调用链","https://huggingface.co/openbmb/MiniCPM-RobotManip/resolve/29cb257541e9f96f493abe21174f8892e5dffe3f/config.json","logical [1024,2048]","未核验","未核验","未核验","https://huggingface.co/openbmb/MiniCPM-RobotManip/resolve/29cb257541e9f96f493abe21174f8892e5dffe3f/config.json","文本decode/verify；B[1,16],S[1,8]；TP=1逻辑参考；","Y=X@W^T"
"vlm_config.text_config/layer_0","attention_residual","未核验","elementwise","[B,S,1024];[B,S,1024]","[B,S,1024]","B,S,T；其他轴见模型参数","B[1,16];S_verify[1,8];L_KV独立未知；TP=1","config=None；激活/累加类型未核验","未核验","逻辑轴顺序；物理format未核验","逻辑轴顺序；物理format未核验","未评估候选","未评估候选","未评估候选","未核验","未实测","未实测","未实测","未实测","未核验","配置确认 + 数学推导；未核验完整调用链","https://huggingface.co/openbmb/MiniCPM-RobotManip/resolve/29cb257541e9f96f493abe21174f8892e5dffe3f/config.json","未核验","未核验","未核验","未核验","https://huggingface.co/openbmb/MiniCPM-RobotManip/resolve/29cb257541e9f96f493abe21174f8892e5dffe3f/config.json","文本decode/verify；B[1,16],S[1,8]；TP=1逻辑参考；","Y=X+branch（参考，实际残差策略未核验）"
"vlm_config.text_config/layer_0","post_attention_normalization","未核验","norm","[B,S,1024]","[B,S,1024]","B,S,T；其他轴见模型参数","B[1,16];S_verify[1,8];L_KV独立未知；TP=1","config=None；激活/累加类型未核验","未核验","逻辑轴顺序；物理format未核验","逻辑轴顺序；物理format未核验","未评估候选","未评估候选","未评估候选","未核验","未实测","未实测","未实测","未实测","未核验","配置确认 + 数学推导；未核验完整调用链","https://huggingface.co/openbmb/MiniCPM-RobotManip/resolve/29cb257541e9f96f493abe21174f8892e5dffe3f/config.json","未核验","未核验","未核验","未核验","https://huggingface.co/openbmb/MiniCPM-RobotManip/resolve/29cb257541e9f96f493abe21174f8892e5dffe3f/config.json","文本decode/verify；B[1,16],S[1,8]；TP=1逻辑参考；","类型与位置待源码核验"
"vlm_config.text_config/layer_0","FFN_up","未核验","GEMM","[B,S,1024]","[B,S,3584]","B,S,T；其他轴见模型参数","B[1,16];S_verify[1,8];L_KV独立未知；TP=1","config=None；激活/累加类型未核验","未核验","逻辑轴顺序；物理format未核验","逻辑轴顺序；物理format未核验","未评估候选","未评估候选","未评估候选","未核验","未实测","未实测","未实测","未实测","未核验","配置确认 + 数学推导；未核验完整调用链","https://huggingface.co/openbmb/MiniCPM-RobotManip/resolve/29cb257541e9f96f493abe21174f8892e5dffe3f/config.json","logical [3584,1024]","未核验","未核验","未核验","https://huggingface.co/openbmb/MiniCPM-RobotManip/resolve/29cb257541e9f96f493abe21174f8892e5dffe3f/config.json","文本decode/verify；B[1,16],S[1,8]；TP=1逻辑参考；","Y=X@W^T"
"vlm_config.text_config/layer_0","FFN_activation_and_optional_gate","未核验","activation","[B,S,3584]","[B,S,3584]","B,S,T；其他轴见模型参数","B[1,16];S_verify[1,8];L_KV独立未知；TP=1","config=None；激活/累加类型未核验","未核验","逻辑轴顺序；物理format未核验","逻辑轴顺序；物理format未核验","未评估候选","未评估候选","未评估候选","未核验","未实测","未实测","未实测","未实测","未核验","配置确认 + 数学推导；未核验完整调用链","https://huggingface.co/openbmb/MiniCPM-RobotManip/resolve/29cb257541e9f96f493abe21174f8892e5dffe3f/config.json","未核验","未核验","未核验","未核验","https://huggingface.co/openbmb/MiniCPM-RobotManip/resolve/29cb257541e9f96f493abe21174f8892e5dffe3f/config.json","文本decode/verify；B[1,16],S[1,8]；TP=1逻辑参考；是否额外gate矩阵与门控分支维度需要实现；不能仅由silu推定完整SwiGLU","config.hidden_act=silu"
"vlm_config.text_config/layer_0","FFN_down","未核验","GEMM","[B,S,3584]","[B,S,1024]","B,S,T；其他轴见模型参数","B[1,16];S_verify[1,8];L_KV独立未知；TP=1","config=None；激活/累加类型未核验","未核验","逻辑轴顺序；物理format未核验","逻辑轴顺序；物理format未核验","未评估候选","未评估候选","未评估候选","未核验","未实测","未实测","未实测","未实测","未核验","配置确认 + 数学推导；未核验完整调用链","https://huggingface.co/openbmb/MiniCPM-RobotManip/resolve/29cb257541e9f96f493abe21174f8892e5dffe3f/config.json","logical [1024,3584]","未核验","未核验","未核验","https://huggingface.co/openbmb/MiniCPM-RobotManip/resolve/29cb257541e9f96f493abe21174f8892e5dffe3f/config.json","文本decode/verify；B[1,16],S[1,8]；TP=1逻辑参考；","Y=X@W^T"
"vlm_config.text_config/layer_0","FFN_residual","未核验","elementwise","[B,S,1024];[B,S,1024]","[B,S,1024]","B,S,T；其他轴见模型参数","B[1,16];S_verify[1,8];L_KV独立未知；TP=1","config=None；激活/累加类型未核验","未核验","逻辑轴顺序；物理format未核验","逻辑轴顺序；物理format未核验","未评估候选","未评估候选","未评估候选","未核验","未实测","未实测","未实测","未实测","未核验","配置确认 + 数学推导；未核验完整调用链","https://huggingface.co/openbmb/MiniCPM-RobotManip/resolve/29cb257541e9f96f493abe21174f8892e5dffe3f/config.json","未核验","未核验","未核验","未核验","https://huggingface.co/openbmb/MiniCPM-RobotManip/resolve/29cb257541e9f96f493abe21174f8892e5dffe3f/config.json","文本decode/verify；B[1,16],S[1,8]；TP=1逻辑参考；","Y=X+branch（参考，实际残差策略未核验）"
"vlm_config.text_config/layer_1","input_normalization","未核验","norm","[B,S,1024]","[B,S,1024]","B,S,T；其他轴见模型参数","B[1,16];S_verify[1,8];L_KV独立未知；TP=1","config=None；激活/累加类型未核验","未核验","逻辑轴顺序；物理format未核验","逻辑轴顺序；物理format未核验","未评估候选","未评估候选","未评估候选","未核验","未实测","未实测","未实测","未实测","未核验","配置确认 + 数学推导；未核验完整调用链","https://huggingface.co/openbmb/MiniCPM-RobotManip/resolve/29cb257541e9f96f493abe21174f8892e5dffe3f/config.json","未核验","未核验","未核验","未核验","https://huggingface.co/openbmb/MiniCPM-RobotManip/resolve/29cb257541e9f96f493abe21174f8892e5dffe3f/config.json","文本decode/verify；B[1,16],S[1,8]；TP=1逻辑参考；","归一化类型/先后顺序待实现核验"
"vlm_config.text_config/layer_1","q_linear_logical_projection","未核验","GEMM","[B,S,1024]","[B,S,2048]","B,S,T；其他轴见模型参数","B[1,16];S_verify[1,8];L_KV独立未知；TP=1","config=None；激活/累加类型未核验","未核验","逻辑轴顺序；物理format未核验","逻辑轴顺序；物理format未核验","未评估候选","未评估候选","未评估候选","未核验","未实测","未实测","未实测","未实测","未核验","配置确认 + 数学推导；未核验完整调用链","https://huggingface.co/openbmb/MiniCPM-RobotManip/resolve/29cb257541e9f96f493abe21174f8892e5dffe3f/config.json","logical [2048,1024]","未核验","未核验","未核验","https://huggingface.co/openbmb/MiniCPM-RobotManip/resolve/29cb257541e9f96f493abe21174f8892e5dffe3f/config.json","文本decode/verify；B[1,16],S[1,8]；TP=1逻辑参考；只是逻辑分支；实际打包与额外门未知","width=linear_heads*linear_head_dim"
"vlm_config.text_config/layer_1","k_linear_logical_projection","未核验","GEMM","[B,S,1024]","[B,S,2048]","B,S,T；其他轴见模型参数","B[1,16];S_verify[1,8];L_KV独立未知；TP=1","config=None；激活/累加类型未核验","未核验","逻辑轴顺序；物理format未核验","逻辑轴顺序；物理format未核验","未评估候选","未评估候选","未评估候选","未核验","未实测","未实测","未实测","未实测","未核验","配置确认 + 数学推导；未核验完整调用链","https://huggingface.co/openbmb/MiniCPM-RobotManip/resolve/29cb257541e9f96f493abe21174f8892e5dffe3f/config.json","logical [2048,1024]","未核验","未核验","未核验","https://huggingface.co/openbmb/MiniCPM-RobotManip/resolve/29cb257541e9f96f493abe21174f8892e5dffe3f/config.json","文本decode/verify；B[1,16],S[1,8]；TP=1逻辑参考；只是逻辑分支；实际打包与额外门未知","width=linear_heads*linear_head_dim"
"vlm_config.text_config/layer_1","v_linear_logical_projection","未核验","GEMM","[B,S,1024]","[B,S,2048]","B,S,T；其他轴见模型参数","B[1,16];S_verify[1,8];L_KV独立未知；TP=1","config=None；激活/累加类型未核验","未核验","逻辑轴顺序；物理format未核验","逻辑轴顺序；物理format未核验","未评估候选","未评估候选","未评估候选","未核验","未实测","未实测","未实测","未实测","未核验","配置确认 + 数学推导；未核验完整调用链","https://huggingface.co/openbmb/MiniCPM-RobotManip/resolve/29cb257541e9f96f493abe21174f8892e5dffe3f/config.json","logical [2048,1024]","未核验","未核验","未核验","https://huggingface.co/openbmb/MiniCPM-RobotManip/resolve/29cb257541e9f96f493abe21174f8892e5dffe3f/config.json","文本decode/verify；B[1,16],S[1,8]；TP=1逻辑参考；只是逻辑分支；实际打包与额外门未知","width=linear_heads*linear_head_dim"
"vlm_config.text_config/layer_1","linear_conv_and_gated_state","未核验","递归状态","Q,K:[B,S,16,128];V:[B,S,16,128]","[B,S,16,128]","B,S,T；其他轴见模型参数","B[1,16];S_verify[1,8];L_KV独立未知；TP=1","config=None；激活/累加类型未核验","未核验","逻辑轴顺序；物理format未核验","逻辑轴顺序；物理format未核验","未评估候选","未评估候选","未评估候选","未核验","未实测","未实测","未实测","未实测","未核验","配置确认 + 数学推导；未核验完整调用链","https://huggingface.co/openbmb/MiniCPM-RobotManip/resolve/29cb257541e9f96f493abe21174f8892e5dffe3f/config.json","未核验","未核验","未核验","未核验","https://huggingface.co/openbmb/MiniCPM-RobotManip/resolve/29cb257541e9f96f493abe21174f8892e5dffe3f/config.json","文本decode/verify；B[1,16],S[1,8]；TP=1逻辑参考；门控、重复heads与状态cache分派未核验","数学状态候选[B,16,128,128]；conv_kernel=4"
"vlm_config.text_config/layer_1","linear_output_projection","未核验","GEMM","[B,S,2048]","[B,S,1024]","B,S,T；其他轴见模型参数","B[1,16];S_verify[1,8];L_KV独立未知；TP=1","config=None；激活/累加类型未核验","未核验","逻辑轴顺序；物理format未核验","逻辑轴顺序；物理format未核验","未评估候选","未评估候选","未评估候选","未核验","未实测","未实测","未实测","未实测","未核验","配置确认 + 数学推导；未核验完整调用链","https://huggingface.co/openbmb/MiniCPM-RobotManip/resolve/29cb257541e9f96f493abe21174f8892e5dffe3f/config.json","logical [1024,2048]","未核验","未核验","未核验","https://huggingface.co/openbmb/MiniCPM-RobotManip/resolve/29cb257541e9f96f493abe21174f8892e5dffe3f/config.json","文本decode/verify；B[1,16],S[1,8]；TP=1逻辑参考；","Y=X@W^T"
"vlm_config.text_config/layer_1","attention_residual","未核验","elementwise","[B,S,1024];[B,S,1024]","[B,S,1024]","B,S,T；其他轴见模型参数","B[1,16];S_verify[1,8];L_KV独立未知；TP=1","config=None；激活/累加类型未核验","未核验","逻辑轴顺序；物理format未核验","逻辑轴顺序；物理format未核验","未评估候选","未评估候选","未评估候选","未核验","未实测","未实测","未实测","未实测","未核验","配置确认 + 数学推导；未核验完整调用链","https://huggingface.co/openbmb/MiniCPM-RobotManip/resolve/29cb257541e9f96f493abe21174f8892e5dffe3f/config.json","未核验","未核验","未核验","未核验","https://huggingface.co/openbmb/MiniCPM-RobotManip/resolve/29cb257541e9f96f493abe21174f8892e5dffe3f/config.json","文本decode/verify；B[1,16],S[1,8]；TP=1逻辑参考；","Y=X+branch（参考，实际残差策略未核验）"
"vlm_config.text_config/layer_1","post_attention_normalization","未核验","norm","[B,S,1024]","[B,S,1024]","B,S,T；其他轴见模型参数","B[1,16];S_verify[1,8];L_KV独立未知；TP=1","config=None；激活/累加类型未核验","未核验","逻辑轴顺序；物理format未核验","逻辑轴顺序；物理format未核验","未评估候选","未评估候选","未评估候选","未核验","未实测","未实测","未实测","未实测","未核验","配置确认 + 数学推导；未核验完整调用链","https://huggingface.co/openbmb/MiniCPM-RobotManip/resolve/29cb257541e9f96f493abe21174f8892e5dffe3f/config.json","未核验","未核验","未核验","未核验","https://huggingface.co/openbmb/MiniCPM-RobotManip/resolve/29cb257541e9f96f493abe21174f8892e5dffe3f/config.json","文本decode/verify；B[1,16],S[1,8]；TP=1逻辑参考；","类型与位置待源码核验"
"vlm_config.text_config/layer_1","FFN_up","未核验","GEMM","[B,S,1024]","[B,S,3584]","B,S,T；其他轴见模型参数","B[1,16];S_verify[1,8];L_KV独立未知；TP=1","config=None；激活/累加类型未核验","未核验","逻辑轴顺序；物理format未核验","逻辑轴顺序；物理format未核验","未评估候选","未评估候选","未评估候选","未核验","未实测","未实测","未实测","未实测","未核验","配置确认 + 数学推导；未核验完整调用链","https://huggingface.co/openbmb/MiniCPM-RobotManip/resolve/29cb257541e9f96f493abe21174f8892e5dffe3f/config.json","logical [3584,1024]","未核验","未核验","未核验","https://huggingface.co/openbmb/MiniCPM-RobotManip/resolve/29cb257541e9f96f493abe21174f8892e5dffe3f/config.json","文本decode/verify；B[1,16],S[1,8]；TP=1逻辑参考；","Y=X@W^T"
"vlm_config.text_config/layer_1","FFN_activation_and_optional_gate","未核验","activation","[B,S,3584]","[B,S,3584]","B,S,T；其他轴见模型参数","B[1,16];S_verify[1,8];L_KV独立未知；TP=1","config=None；激活/累加类型未核验","未核验","逻辑轴顺序；物理format未核验","逻辑轴顺序；物理format未核验","未评估候选","未评估候选","未评估候选","未核验","未实测","未实测","未实测","未实测","未核验","配置确认 + 数学推导；未核验完整调用链","https://huggingface.co/openbmb/MiniCPM-RobotManip/resolve/29cb257541e9f96f493abe21174f8892e5dffe3f/config.json","未核验","未核验","未核验","未核验","https://huggingface.co/openbmb/MiniCPM-RobotManip/resolve/29cb257541e9f96f493abe21174f8892e5dffe3f/config.json","文本decode/verify；B[1,16],S[1,8]；TP=1逻辑参考；是否额外gate矩阵与门控分支维度需要实现；不能仅由silu推定完整SwiGLU","config.hidden_act=silu"
"vlm_config.text_config/layer_1","FFN_down","未核验","GEMM","[B,S,3584]","[B,S,1024]","B,S,T；其他轴见模型参数","B[1,16];S_verify[1,8];L_KV独立未知；TP=1","config=None；激活/累加类型未核验","未核验","逻辑轴顺序；物理format未核验","逻辑轴顺序；物理format未核验","未评估候选","未评估候选","未评估候选","未核验","未实测","未实测","未实测","未实测","未核验","配置确认 + 数学推导；未核验完整调用链","https://huggingface.co/openbmb/MiniCPM-RobotManip/resolve/29cb257541e9f96f493abe21174f8892e5dffe3f/config.json","logical [1024,3584]","未核验","未核验","未核验","https://huggingface.co/openbmb/MiniCPM-RobotManip/resolve/29cb257541e9f96f493abe21174f8892e5dffe3f/config.json","文本decode/verify；B[1,16],S[1,8]；TP=1逻辑参考；","Y=X@W^T"
"vlm_config.text_config/layer_1","FFN_residual","未核验","elementwise","[B,S,1024];[B,S,1024]","[B,S,1024]","B,S,T；其他轴见模型参数","B[1,16];S_verify[1,8];L_KV独立未知；TP=1","config=None；激活/累加类型未核验","未核验","逻辑轴顺序；物理format未核验","逻辑轴顺序；物理format未核验","未评估候选","未评估候选","未评估候选","未核验","未实测","未实测","未实测","未实测","未核验","配置确认 + 数学推导；未核验完整调用链","https://huggingface.co/openbmb/MiniCPM-RobotManip/resolve/29cb257541e9f96f493abe21174f8892e5dffe3f/config.json","未核验","未核验","未核验","未核验","https://huggingface.co/openbmb/MiniCPM-RobotManip/resolve/29cb257541e9f96f493abe21174f8892e5dffe3f/config.json","文本decode/verify；B[1,16],S[1,8]；TP=1逻辑参考；","Y=X+branch（参考，实际残差策略未核验）"
"vlm_config.text_config/layer_2","input_normalization","未核验","norm","[B,S,1024]","[B,S,1024]","B,S,T；其他轴见模型参数","B[1,16];S_verify[1,8];L_KV独立未知；TP=1","config=None；激活/累加类型未核验","未核验","逻辑轴顺序；物理format未核验","逻辑轴顺序；物理format未核验","未评估候选","未评估候选","未评估候选","未核验","未实测","未实测","未实测","未实测","未核验","配置确认 + 数学推导；未核验完整调用链","https://huggingface.co/openbmb/MiniCPM-RobotManip/resolve/29cb257541e9f96f493abe21174f8892e5dffe3f/config.json","未核验","未核验","未核验","未核验","https://huggingface.co/openbmb/MiniCPM-RobotManip/resolve/29cb257541e9f96f493abe21174f8892e5dffe3f/config.json","文本decode/verify；B[1,16],S[1,8]；TP=1逻辑参考；","归一化类型/先后顺序待实现核验"
"vlm_config.text_config/layer_2","q_linear_logical_projection","未核验","GEMM","[B,S,1024]","[B,S,2048]","B,S,T；其他轴见模型参数","B[1,16];S_verify[1,8];L_KV独立未知；TP=1","config=None；激活/累加类型未核验","未核验","逻辑轴顺序；物理format未核验","逻辑轴顺序；物理format未核验","未评估候选","未评估候选","未评估候选","未核验","未实测","未实测","未实测","未实测","未核验","配置确认 + 数学推导；未核验完整调用链","https://huggingface.co/openbmb/MiniCPM-RobotManip/resolve/29cb257541e9f96f493abe21174f8892e5dffe3f/config.json","logical [2048,1024]","未核验","未核验","未核验","https://huggingface.co/openbmb/MiniCPM-RobotManip/resolve/29cb257541e9f96f493abe21174f8892e5dffe3f/config.json","文本decode/verify；B[1,16],S[1,8]；TP=1逻辑参考；只是逻辑分支；实际打包与额外门未知","width=linear_heads*linear_head_dim"
"vlm_config.text_config/layer_2","k_linear_logical_projection","未核验","GEMM","[B,S,1024]","[B,S,2048]","B,S,T；其他轴见模型参数","B[1,16];S_verify[1,8];L_KV独立未知；TP=1","config=None；激活/累加类型未核验","未核验","逻辑轴顺序；物理format未核验","逻辑轴顺序；物理format未核验","未评估候选","未评估候选","未评估候选","未核验","未实测","未实测","未实测","未实测","未核验","配置确认 + 数学推导；未核验完整调用链","https://huggingface.co/openbmb/MiniCPM-RobotManip/resolve/29cb257541e9f96f493abe21174f8892e5dffe3f/config.json","logical [2048,1024]","未核验","未核验","未核验","https://huggingface.co/openbmb/MiniCPM-RobotManip/resolve/29cb257541e9f96f493abe21174f8892e5dffe3f/config.json","文本decode/verify；B[1,16],S[1,8]；TP=1逻辑参考；只是逻辑分支；实际打包与额外门未知","width=linear_heads*linear_head_dim"
"vlm_config.text_config/layer_2","v_linear_logical_projection","未核验","GEMM","[B,S,1024]","[B,S,2048]","B,S,T；其他轴见模型参数","B[1,16];S_verify[1,8];L_KV独立未知；TP=1","config=None；激活/累加类型未核验","未核验","逻辑轴顺序；物理format未核验","逻辑轴顺序；物理format未核验","未评估候选","未评估候选","未评估候选","未核验","未实测","未实测","未实测","未实测","未核验","配置确认 + 数学推导；未核验完整调用链","https://huggingface.co/openbmb/MiniCPM-RobotManip/resolve/29cb257541e9f96f493abe21174f8892e5dffe3f/config.json","logical [2048,1024]","未核验","未核验","未核验","https://huggingface.co/openbmb/MiniCPM-RobotManip/resolve/29cb257541e9f96f493abe21174f8892e5dffe3f/config.json","文本decode/verify；B[1,16],S[1,8]；TP=1逻辑参考；只是逻辑分支；实际打包与额外门未知","width=linear_heads*linear_head_dim"
"vlm_config.text_config/layer_2","linear_conv_and_gated_state","未核验","递归状态","Q,K:[B,S,16,128];V:[B,S,16,128]","[B,S,16,128]","B,S,T；其他轴见模型参数","B[1,16];S_verify[1,8];L_KV独立未知；TP=1","config=None；激活/累加类型未核验","未核验","逻辑轴顺序；物理format未核验","逻辑轴顺序；物理format未核验","未评估候选","未评估候选","未评估候选","未核验","未实测","未实测","未实测","未实测","未核验","配置确认 + 数学推导；未核验完整调用链","https://huggingface.co/openbmb/MiniCPM-RobotManip/resolve/29cb257541e9f96f493abe21174f8892e5dffe3f/config.json","未核验","未核验","未核验","未核验","https://huggingface.co/openbmb/MiniCPM-RobotManip/resolve/29cb257541e9f96f493abe21174f8892e5dffe3f/config.json","文本decode/verify；B[1,16],S[1,8]；TP=1逻辑参考；门控、重复heads与状态cache分派未核验","数学状态候选[B,16,128,128]；conv_kernel=4"
"vlm_config.text_config/layer_2","linear_output_projection","未核验","GEMM","[B,S,2048]","[B,S,1024]","B,S,T；其他轴见模型参数","B[1,16];S_verify[1,8];L_KV独立未知；TP=1","config=None；激活/累加类型未核验","未核验","逻辑轴顺序；物理format未核验","逻辑轴顺序；物理format未核验","未评估候选","未评估候选","未评估候选","未核验","未实测","未实测","未实测","未实测","未核验","配置确认 + 数学推导；未核验完整调用链","https://huggingface.co/openbmb/MiniCPM-RobotManip/resolve/29cb257541e9f96f493abe21174f8892e5dffe3f/config.json","logical [1024,2048]","未核验","未核验","未核验","https://huggingface.co/openbmb/MiniCPM-RobotManip/resolve/29cb257541e9f96f493abe21174f8892e5dffe3f/config.json","文本decode/verify；B[1,16],S[1,8]；TP=1逻辑参考；","Y=X@W^T"
"vlm_config.text_config/layer_2","attention_residual","未核验","elementwise","[B,S,1024];[B,S,1024]","[B,S,1024]","B,S,T；其他轴见模型参数","B[1,16];S_verify[1,8];L_KV独立未知；TP=1","config=None；激活/累加类型未核验","未核验","逻辑轴顺序；物理format未核验","逻辑轴顺序；物理format未核验","未评估候选","未评估候选","未评估候选","未核验","未实测","未实测","未实测","未实测","未核验","配置确认 + 数学推导；未核验完整调用链","https://huggingface.co/openbmb/MiniCPM-RobotManip/resolve/29cb257541e9f96f493abe21174f8892e5dffe3f/config.json","未核验","未核验","未核验","未核验","https://huggingface.co/openbmb/MiniCPM-RobotManip/resolve/29cb257541e9f96f493abe21174f8892e5dffe3f/config.json","文本decode/verify；B[1,16],S[1,8]；TP=1逻辑参考；","Y=X+branch（参考，实际残差策略未核验）"
"vlm_config.text_config/layer_2","post_attention_normalization","未核验","norm","[B,S,1024]","[B,S,1024]","B,S,T；其他轴见模型参数","B[1,16];S_verify[1,8];L_KV独立未知；TP=1","config=None；激活/累加类型未核验","未核验","逻辑轴顺序；物理format未核验","逻辑轴顺序；物理format未核验","未评估候选","未评估候选","未评估候选","未核验","未实测","未实测","未实测","未实测","未核验","配置确认 + 数学推导；未核验完整调用链","https://huggingface.co/openbmb/MiniCPM-RobotManip/resolve/29cb257541e9f96f493abe21174f8892e5dffe3f/config.json","未核验","未核验","未核验","未核验","https://huggingface.co/openbmb/MiniCPM-RobotManip/resolve/29cb257541e9f96f493abe21174f8892e5dffe3f/config.json","文本decode/verify；B[1,16],S[1,8]；TP=1逻辑参考；","类型与位置待源码核验"
"vlm_config.text_config/layer_2","FFN_up","未核验","GEMM","[B,S,1024]","[B,S,3584]","B,S,T；其他轴见模型参数","B[1,16];S_verify[1,8];L_KV独立未知；TP=1","config=None；激活/累加类型未核验","未核验","逻辑轴顺序；物理format未核验","逻辑轴顺序；物理format未核验","未评估候选","未评估候选","未评估候选","未核验","未实测","未实测","未实测","未实测","未核验","配置确认 + 数学推导；未核验完整调用链","https://huggingface.co/openbmb/MiniCPM-RobotManip/resolve/29cb257541e9f96f493abe21174f8892e5dffe3f/config.json","logical [3584,1024]","未核验","未核验","未核验","https://huggingface.co/openbmb/MiniCPM-RobotManip/resolve/29cb257541e9f96f493abe21174f8892e5dffe3f/config.json","文本decode/verify；B[1,16],S[1,8]；TP=1逻辑参考；","Y=X@W^T"
"vlm_config.text_config/layer_2","FFN_activation_and_optional_gate","未核验","activation","[B,S,3584]","[B,S,3584]","B,S,T；其他轴见模型参数","B[1,16];S_verify[1,8];L_KV独立未知；TP=1","config=None；激活/累加类型未核验","未核验","逻辑轴顺序；物理format未核验","逻辑轴顺序；物理format未核验","未评估候选","未评估候选","未评估候选","未核验","未实测","未实测","未实测","未实测","未核验","配置确认 + 数学推导；未核验完整调用链","https://huggingface.co/openbmb/MiniCPM-RobotManip/resolve/29cb257541e9f96f493abe21174f8892e5dffe3f/config.json","未核验","未核验","未核验","未核验","https://huggingface.co/openbmb/MiniCPM-RobotManip/resolve/29cb257541e9f96f493abe21174f8892e5dffe3f/config.json","文本decode/verify；B[1,16],S[1,8]；TP=1逻辑参考；是否额外gate矩阵与门控分支维度需要实现；不能仅由silu推定完整SwiGLU","config.hidden_act=silu"
"vlm_config.text_config/layer_2","FFN_down","未核验","GEMM","[B,S,3584]","[B,S,1024]","B,S,T；其他轴见模型参数","B[1,16];S_verify[1,8];L_KV独立未知；TP=1","config=None；激活/累加类型未核验","未核验","逻辑轴顺序；物理format未核验","逻辑轴顺序；物理format未核验","未评估候选","未评估候选","未评估候选","未核验","未实测","未实测","未实测","未实测","未核验","配置确认 + 数学推导；未核验完整调用链","https://huggingface.co/openbmb/MiniCPM-RobotManip/resolve/29cb257541e9f96f493abe21174f8892e5dffe3f/config.json","logical [1024,3584]","未核验","未核验","未核验","https://huggingface.co/openbmb/MiniCPM-RobotManip/resolve/29cb257541e9f96f493abe21174f8892e5dffe3f/config.json","文本decode/verify；B[1,16],S[1,8]；TP=1逻辑参考；","Y=X@W^T"
"vlm_config.text_config/layer_2","FFN_residual","未核验","elementwise","[B,S,1024];[B,S,1024]","[B,S,1024]","B,S,T；其他轴见模型参数","B[1,16];S_verify[1,8];L_KV独立未知；TP=1","config=None；激活/累加类型未核验","未核验","逻辑轴顺序；物理format未核验","逻辑轴顺序；物理format未核验","未评估候选","未评估候选","未评估候选","未核验","未实测","未实测","未实测","未实测","未核验","配置确认 + 数学推导；未核验完整调用链","https://huggingface.co/openbmb/MiniCPM-RobotManip/resolve/29cb257541e9f96f493abe21174f8892e5dffe3f/config.json","未核验","未核验","未核验","未核验","https://huggingface.co/openbmb/MiniCPM-RobotManip/resolve/29cb257541e9f96f493abe21174f8892e5dffe3f/config.json","文本decode/verify；B[1,16],S[1,8]；TP=1逻辑参考；","Y=X+branch（参考，实际残差策略未核验）"
"vlm_config.text_config/layer_3","input_normalization","未核验","norm","[B,S,1024]","[B,S,1024]","B,S,T；其他轴见模型参数","B[1,16];S_verify[1,8];L_KV独立未知；TP=1","config=None；激活/累加类型未核验","未核验","逻辑轴顺序；物理format未核验","逻辑轴顺序；物理format未核验","未评估候选","未评估候选","未评估候选","未核验","未实测","未实测","未实测","未实测","未核验","配置确认 + 数学推导；未核验完整调用链","https://huggingface.co/openbmb/MiniCPM-RobotManip/resolve/29cb257541e9f96f493abe21174f8892e5dffe3f/config.json","未核验","未核验","未核验","未核验","https://huggingface.co/openbmb/MiniCPM-RobotManip/resolve/29cb257541e9f96f493abe21174f8892e5dffe3f/config.json","文本decode/verify；B[1,16],S[1,8]；TP=1逻辑参考；","归一化类型/先后顺序待实现核验"
"vlm_config.text_config/layer_3","q_projection","未核验","GEMM","[B,S,1024]","[B,S,2048]","B,S,T；其他轴见模型参数","B[1,16];S_verify[1,8];L_KV独立未知；TP=1","config=None；激活/累加类型未核验","未核验","逻辑轴顺序；物理format未核验","逻辑轴顺序；物理format未核验","未评估候选","未评估候选","未评估候选","未核验","未实测","未实测","未实测","未实测","未核验","配置确认 + 数学推导；未核验完整调用链","https://huggingface.co/openbmb/MiniCPM-RobotManip/resolve/29cb257541e9f96f493abe21174f8892e5dffe3f/config.json","未核验","未核验","未核验","未核验","https://huggingface.co/openbmb/MiniCPM-RobotManip/resolve/29cb257541e9f96f493abe21174f8892e5dffe3f/config.json","文本decode/verify；B[1,16],S[1,8]；TP=1逻辑参考；仅Q逻辑分支；额外门和融合打包另核验","Y=X@W^T; width=heads*head_dim"
"vlm_config.text_config/layer_3","k_projection","未核验","GEMM","[B,S,1024]","[B,S,512]","B,S,T；其他轴见模型参数","B[1,16];S_verify[1,8];L_KV独立未知；TP=1","config=None；激活/累加类型未核验","未核验","逻辑轴顺序；物理format未核验","逻辑轴顺序；物理format未核验","未评估候选","未评估候选","未评估候选","未核验","未实测","未实测","未实测","未实测","未核验","配置确认 + 数学推导；未核验完整调用链","https://huggingface.co/openbmb/MiniCPM-RobotManip/resolve/29cb257541e9f96f493abe21174f8892e5dffe3f/config.json","logical [512,1024]","未核验","未核验","未核验","https://huggingface.co/openbmb/MiniCPM-RobotManip/resolve/29cb257541e9f96f493abe21174f8892e5dffe3f/config.json","文本decode/verify；B[1,16],S[1,8]；TP=1逻辑参考；独立逻辑矩阵，不断言实际融合与存储","Y=X@W^T; width=heads*head_dim"
"vlm_config.text_config/layer_3","v_projection","未核验","GEMM","[B,S,1024]","[B,S,512]","B,S,T；其他轴见模型参数","B[1,16];S_verify[1,8];L_KV独立未知；TP=1","config=None；激活/累加类型未核验","未核验","逻辑轴顺序；物理format未核验","逻辑轴顺序；物理format未核验","未评估候选","未评估候选","未评估候选","未核验","未实测","未实测","未实测","未实测","未核验","配置确认 + 数学推导；未核验完整调用链","https://huggingface.co/openbmb/MiniCPM-RobotManip/resolve/29cb257541e9f96f493abe21174f8892e5dffe3f/config.json","logical [512,1024]","未核验","未核验","未核验","https://huggingface.co/openbmb/MiniCPM-RobotManip/resolve/29cb257541e9f96f493abe21174f8892e5dffe3f/config.json","文本decode/verify；B[1,16],S[1,8]；TP=1逻辑参考；独立逻辑矩阵，不断言实际融合与存储","Y=X@W^T; width=heads*head_dim"
"vlm_config.text_config/layer_3","position_and_cache","未核验","位置/缓存","Q,K,V projected; B,S","Q:[B,8,S,256]; K,V:[B,2,L_KV,256]","B,S,T；其他轴见模型参数","B[1,16];S_verify[1,8];L_KV独立未知；TP=1","config=None；激活/累加类型未核验","未核验","逻辑轴顺序；物理format未核验","逻辑轴顺序；物理format未核验","未评估候选","未评估候选","未评估候选","未核验","未实测","未实测","未实测","未实测","未核验","配置确认 + 数学推导；未核验完整调用链","https://huggingface.co/openbmb/MiniCPM-RobotManip/resolve/29cb257541e9f96f493abe21174f8892e5dffe3f/config.json","未核验","未核验","未核验","未核验","https://huggingface.co/openbmb/MiniCPM-RobotManip/resolve/29cb257541e9f96f493abe21174f8892e5dffe3f/config.json","文本decode/verify；B[1,16],S[1,8]；TP=1逻辑参考；","文本decode/verify；B[1,16],S[1,8]；TP=1逻辑参考；位置编码与物理layout需实现核验"
"vlm_config.text_config/layer_3","attention","未核验","attention","Q:[B,8,S,256];K,V:[B,2,L_KV,256]","[B,8,S,256]","B,S,T；其他轴见模型参数","B[1,16];S_verify[1,8];L_KV独立未知；TP=1","config=None；激活/累加类型未核验","未核验","逻辑轴顺序；物理format未核验","逻辑轴顺序；物理format未核验","未评估候选","未评估候选","未评估候选","未核验","未实测","未实测","未实测","未实测","未核验","配置确认 + 数学推导；未核验完整调用链","https://huggingface.co/openbmb/MiniCPM-RobotManip/resolve/29cb257541e9f96f493abe21174f8892e5dffe3f/config.json","未核验","未核验","未核验","未核验","https://huggingface.co/openbmb/MiniCPM-RobotManip/resolve/29cb257541e9f96f493abe21174f8892e5dffe3f/config.json","文本decode/verify；B[1,16],S[1,8]；TP=1逻辑参考；稀疏选块/线性分支需按实现，不能据此声称稠密执行或峰值中间内存","softmax(QK^T / sqrt(head_dim) + mask)V（数学参考）"
"vlm_config.text_config/layer_3","output_projection","未核验","GEMM","[B,S,2048]","[B,S,1024]","B,S,T；其他轴见模型参数","B[1,16];S_verify[1,8];L_KV独立未知；TP=1","config=None；激活/累加类型未核验","未核验","逻辑轴顺序；物理format未核验","逻辑轴顺序；物理format未核验","未评估候选","未评估候选","未评估候选","未核验","未实测","未实测","未实测","未实测","未核验","配置确认 + 数学推导；未核验完整调用链","https://huggingface.co/openbmb/MiniCPM-RobotManip/resolve/29cb257541e9f96f493abe21174f8892e5dffe3f/config.json","logical [1024,2048]","未核验","未核验","未核验","https://huggingface.co/openbmb/MiniCPM-RobotManip/resolve/29cb257541e9f96f493abe21174f8892e5dffe3f/config.json","文本decode/verify；B[1,16],S[1,8]；TP=1逻辑参考；","Y=X@W^T"
"vlm_config.text_config/layer_3","attention_residual","未核验","elementwise","[B,S,1024];[B,S,1024]","[B,S,1024]","B,S,T；其他轴见模型参数","B[1,16];S_verify[1,8];L_KV独立未知；TP=1","config=None；激活/累加类型未核验","未核验","逻辑轴顺序；物理format未核验","逻辑轴顺序；物理format未核验","未评估候选","未评估候选","未评估候选","未核验","未实测","未实测","未实测","未实测","未核验","配置确认 + 数学推导；未核验完整调用链","https://huggingface.co/openbmb/MiniCPM-RobotManip/resolve/29cb257541e9f96f493abe21174f8892e5dffe3f/config.json","未核验","未核验","未核验","未核验","https://huggingface.co/openbmb/MiniCPM-RobotManip/resolve/29cb257541e9f96f493abe21174f8892e5dffe3f/config.json","文本decode/verify；B[1,16],S[1,8]；TP=1逻辑参考；","Y=X+branch（参考，实际残差策略未核验）"
"vlm_config.text_config/layer_3","post_attention_normalization","未核验","norm","[B,S,1024]","[B,S,1024]","B,S,T；其他轴见模型参数","B[1,16];S_verify[1,8];L_KV独立未知；TP=1","config=None；激活/累加类型未核验","未核验","逻辑轴顺序；物理format未核验","逻辑轴顺序；物理format未核验","未评估候选","未评估候选","未评估候选","未核验","未实测","未实测","未实测","未实测","未核验","配置确认 + 数学推导；未核验完整调用链","https://huggingface.co/openbmb/MiniCPM-RobotManip/resolve/29cb257541e9f96f493abe21174f8892e5dffe3f/config.json","未核验","未核验","未核验","未核验","https://huggingface.co/openbmb/MiniCPM-RobotManip/resolve/29cb257541e9f96f493abe21174f8892e5dffe3f/config.json","文本decode/verify；B[1,16],S[1,8]；TP=1逻辑参考；","类型与位置待源码核验"
"vlm_config.text_config/layer_3","FFN_up","未核验","GEMM","[B,S,1024]","[B,S,3584]","B,S,T；其他轴见模型参数","B[1,16];S_verify[1,8];L_KV独立未知；TP=1","config=None；激活/累加类型未核验","未核验","逻辑轴顺序；物理format未核验","逻辑轴顺序；物理format未核验","未评估候选","未评估候选","未评估候选","未核验","未实测","未实测","未实测","未实测","未核验","配置确认 + 数学推导；未核验完整调用链","https://huggingface.co/openbmb/MiniCPM-RobotManip/resolve/29cb257541e9f96f493abe21174f8892e5dffe3f/config.json","logical [3584,1024]","未核验","未核验","未核验","https://huggingface.co/openbmb/MiniCPM-RobotManip/resolve/29cb257541e9f96f493abe21174f8892e5dffe3f/config.json","文本decode/verify；B[1,16],S[1,8]；TP=1逻辑参考；","Y=X@W^T"
"vlm_config.text_config/layer_3","FFN_activation_and_optional_gate","未核验","activation","[B,S,3584]","[B,S,3584]","B,S,T；其他轴见模型参数","B[1,16];S_verify[1,8];L_KV独立未知；TP=1","config=None；激活/累加类型未核验","未核验","逻辑轴顺序；物理format未核验","逻辑轴顺序；物理format未核验","未评估候选","未评估候选","未评估候选","未核验","未实测","未实测","未实测","未实测","未核验","配置确认 + 数学推导；未核验完整调用链","https://huggingface.co/openbmb/MiniCPM-RobotManip/resolve/29cb257541e9f96f493abe21174f8892e5dffe3f/config.json","未核验","未核验","未核验","未核验","https://huggingface.co/openbmb/MiniCPM-RobotManip/resolve/29cb257541e9f96f493abe21174f8892e5dffe3f/config.json","文本decode/verify；B[1,16],S[1,8]；TP=1逻辑参考；是否额外gate矩阵与门控分支维度需要实现；不能仅由silu推定完整SwiGLU","config.hidden_act=silu"
"vlm_config.text_config/layer_3","FFN_down","未核验","GEMM","[B,S,3584]","[B,S,1024]","B,S,T；其他轴见模型参数","B[1,16];S_verify[1,8];L_KV独立未知；TP=1","config=None；激活/累加类型未核验","未核验","逻辑轴顺序；物理format未核验","逻辑轴顺序；物理format未核验","未评估候选","未评估候选","未评估候选","未核验","未实测","未实测","未实测","未实测","未核验","配置确认 + 数学推导；未核验完整调用链","https://huggingface.co/openbmb/MiniCPM-RobotManip/resolve/29cb257541e9f96f493abe21174f8892e5dffe3f/config.json","logical [1024,3584]","未核验","未核验","未核验","https://huggingface.co/openbmb/MiniCPM-RobotManip/resolve/29cb257541e9f96f493abe21174f8892e5dffe3f/config.json","文本decode/verify；B[1,16],S[1,8]；TP=1逻辑参考；","Y=X@W^T"
"vlm_config.text_config/layer_3","FFN_residual","未核验","elementwise","[B,S,1024];[B,S,1024]","[B,S,1024]","B,S,T；其他轴见模型参数","B[1,16];S_verify[1,8];L_KV独立未知；TP=1","config=None；激活/累加类型未核验","未核验","逻辑轴顺序；物理format未核验","逻辑轴顺序；物理format未核验","未评估候选","未评估候选","未评估候选","未核验","未实测","未实测","未实测","未实测","未核验","配置确认 + 数学推导；未核验完整调用链","https://huggingface.co/openbmb/MiniCPM-RobotManip/resolve/29cb257541e9f96f493abe21174f8892e5dffe3f/config.json","未核验","未核验","未核验","未核验","https://huggingface.co/openbmb/MiniCPM-RobotManip/resolve/29cb257541e9f96f493abe21174f8892e5dffe3f/config.json","文本decode/verify；B[1,16],S[1,8]；TP=1逻辑参考；","Y=X+branch（参考，实际残差策略未核验）"
"vlm_config.text_config/layer_4","input_normalization","未核验","norm","[B,S,1024]","[B,S,1024]","B,S,T；其他轴见模型参数","B[1,16];S_verify[1,8];L_KV独立未知；TP=1","config=None；激活/累加类型未核验","未核验","逻辑轴顺序；物理format未核验","逻辑轴顺序；物理format未核验","未评估候选","未评估候选","未评估候选","未核验","未实测","未实测","未实测","未实测","未核验","配置确认 + 数学推导；未核验完整调用链","https://huggingface.co/openbmb/MiniCPM-RobotManip/resolve/29cb257541e9f96f493abe21174f8892e5dffe3f/config.json","未核验","未核验","未核验","未核验","https://huggingface.co/openbmb/MiniCPM-RobotManip/resolve/29cb257541e9f96f493abe21174f8892e5dffe3f/config.json","文本decode/verify；B[1,16],S[1,8]；TP=1逻辑参考；","归一化类型/先后顺序待实现核验"
"vlm_config.text_config/layer_4","q_linear_logical_projection","未核验","GEMM","[B,S,1024]","[B,S,2048]","B,S,T；其他轴见模型参数","B[1,16];S_verify[1,8];L_KV独立未知；TP=1","config=None；激活/累加类型未核验","未核验","逻辑轴顺序；物理format未核验","逻辑轴顺序；物理format未核验","未评估候选","未评估候选","未评估候选","未核验","未实测","未实测","未实测","未实测","未核验","配置确认 + 数学推导；未核验完整调用链","https://huggingface.co/openbmb/MiniCPM-RobotManip/resolve/29cb257541e9f96f493abe21174f8892e5dffe3f/config.json","logical [2048,1024]","未核验","未核验","未核验","https://huggingface.co/openbmb/MiniCPM-RobotManip/resolve/29cb257541e9f96f493abe21174f8892e5dffe3f/config.json","文本decode/verify；B[1,16],S[1,8]；TP=1逻辑参考；只是逻辑分支；实际打包与额外门未知","width=linear_heads*linear_head_dim"
"vlm_config.text_config/layer_4","k_linear_logical_projection","未核验","GEMM","[B,S,1024]","[B,S,2048]","B,S,T；其他轴见模型参数","B[1,16];S_verify[1,8];L_KV独立未知；TP=1","config=None；激活/累加类型未核验","未核验","逻辑轴顺序；物理format未核验","逻辑轴顺序；物理format未核验","未评估候选","未评估候选","未评估候选","未核验","未实测","未实测","未实测","未实测","未核验","配置确认 + 数学推导；未核验完整调用链","https://huggingface.co/openbmb/MiniCPM-RobotManip/resolve/29cb257541e9f96f493abe21174f8892e5dffe3f/config.json","logical [2048,1024]","未核验","未核验","未核验","https://huggingface.co/openbmb/MiniCPM-RobotManip/resolve/29cb257541e9f96f493abe21174f8892e5dffe3f/config.json","文本decode/verify；B[1,16],S[1,8]；TP=1逻辑参考；只是逻辑分支；实际打包与额外门未知","width=linear_heads*linear_head_dim"
"vlm_config.text_config/layer_4","v_linear_logical_projection","未核验","GEMM","[B,S,1024]","[B,S,2048]","B,S,T；其他轴见模型参数","B[1,16];S_verify[1,8];L_KV独立未知；TP=1","config=None；激活/累加类型未核验","未核验","逻辑轴顺序；物理format未核验","逻辑轴顺序；物理format未核验","未评估候选","未评估候选","未评估候选","未核验","未实测","未实测","未实测","未实测","未核验","配置确认 + 数学推导；未核验完整调用链","https://huggingface.co/openbmb/MiniCPM-RobotManip/resolve/29cb257541e9f96f493abe21174f8892e5dffe3f/config.json","logical [2048,1024]","未核验","未核验","未核验","https://huggingface.co/openbmb/MiniCPM-RobotManip/resolve/29cb257541e9f96f493abe21174f8892e5dffe3f/config.json","文本decode/verify；B[1,16],S[1,8]；TP=1逻辑参考；只是逻辑分支；实际打包与额外门未知","width=linear_heads*linear_head_dim"
"vlm_config.text_config/layer_4","linear_conv_and_gated_state","未核验","递归状态","Q,K:[B,S,16,128];V:[B,S,16,128]","[B,S,16,128]","B,S,T；其他轴见模型参数","B[1,16];S_verify[1,8];L_KV独立未知；TP=1","config=None；激活/累加类型未核验","未核验","逻辑轴顺序；物理format未核验","逻辑轴顺序；物理format未核验","未评估候选","未评估候选","未评估候选","未核验","未实测","未实测","未实测","未实测","未核验","配置确认 + 数学推导；未核验完整调用链","https://huggingface.co/openbmb/MiniCPM-RobotManip/resolve/29cb257541e9f96f493abe21174f8892e5dffe3f/config.json","未核验","未核验","未核验","未核验","https://huggingface.co/openbmb/MiniCPM-RobotManip/resolve/29cb257541e9f96f493abe21174f8892e5dffe3f/config.json","文本decode/verify；B[1,16],S[1,8]；TP=1逻辑参考；门控、重复heads与状态cache分派未核验","数学状态候选[B,16,128,128]；conv_kernel=4"
"vlm_config.text_config/layer_4","linear_output_projection","未核验","GEMM","[B,S,2048]","[B,S,1024]","B,S,T；其他轴见模型参数","B[1,16];S_verify[1,8];L_KV独立未知；TP=1","config=None；激活/累加类型未核验","未核验","逻辑轴顺序；物理format未核验","逻辑轴顺序；物理format未核验","未评估候选","未评估候选","未评估候选","未核验","未实测","未实测","未实测","未实测","未核验","配置确认 + 数学推导；未核验完整调用链","https://huggingface.co/openbmb/MiniCPM-RobotManip/resolve/29cb257541e9f96f493abe21174f8892e5dffe3f/config.json","logical [1024,2048]","未核验","未核验","未核验","https://huggingface.co/openbmb/MiniCPM-RobotManip/resolve/29cb257541e9f96f493abe21174f8892e5dffe3f/config.json","文本decode/verify；B[1,16],S[1,8]；TP=1逻辑参考；","Y=X@W^T"
"vlm_config.text_config/layer_4","attention_residual","未核验","elementwise","[B,S,1024];[B,S,1024]","[B,S,1024]","B,S,T；其他轴见模型参数","B[1,16];S_verify[1,8];L_KV独立未知；TP=1","config=None；激活/累加类型未核验","未核验","逻辑轴顺序；物理format未核验","逻辑轴顺序；物理format未核验","未评估候选","未评估候选","未评估候选","未核验","未实测","未实测","未实测","未实测","未核验","配置确认 + 数学推导；未核验完整调用链","https://huggingface.co/openbmb/MiniCPM-RobotManip/resolve/29cb257541e9f96f493abe21174f8892e5dffe3f/config.json","未核验","未核验","未核验","未核验","https://huggingface.co/openbmb/MiniCPM-RobotManip/resolve/29cb257541e9f96f493abe21174f8892e5dffe3f/config.json","文本decode/verify；B[1,16],S[1,8]；TP=1逻辑参考；","Y=X+branch（参考，实际残差策略未核验）"
"vlm_config.text_config/layer_4","post_attention_normalization","未核验","norm","[B,S,1024]","[B,S,1024]","B,S,T；其他轴见模型参数","B[1,16];S_verify[1,8];L_KV独立未知；TP=1","config=None；激活/累加类型未核验","未核验","逻辑轴顺序；物理format未核验","逻辑轴顺序；物理format未核验","未评估候选","未评估候选","未评估候选","未核验","未实测","未实测","未实测","未实测","未核验","配置确认 + 数学推导；未核验完整调用链","https://huggingface.co/openbmb/MiniCPM-RobotManip/resolve/29cb257541e9f96f493abe21174f8892e5dffe3f/config.json","未核验","未核验","未核验","未核验","https://huggingface.co/openbmb/MiniCPM-RobotManip/resolve/29cb257541e9f96f493abe21174f8892e5dffe3f/config.json","文本decode/verify；B[1,16],S[1,8]；TP=1逻辑参考；","类型与位置待源码核验"
"vlm_config.text_config/layer_4","FFN_up","未核验","GEMM","[B,S,1024]","[B,S,3584]","B,S,T；其他轴见模型参数","B[1,16];S_verify[1,8];L_KV独立未知；TP=1","config=None；激活/累加类型未核验","未核验","逻辑轴顺序；物理format未核验","逻辑轴顺序；物理format未核验","未评估候选","未评估候选","未评估候选","未核验","未实测","未实测","未实测","未实测","未核验","配置确认 + 数学推导；未核验完整调用链","https://huggingface.co/openbmb/MiniCPM-RobotManip/resolve/29cb257541e9f96f493abe21174f8892e5dffe3f/config.json","logical [3584,1024]","未核验","未核验","未核验","https://huggingface.co/openbmb/MiniCPM-RobotManip/resolve/29cb257541e9f96f493abe21174f8892e5dffe3f/config.json","文本decode/verify；B[1,16],S[1,8]；TP=1逻辑参考；","Y=X@W^T"
"vlm_config.text_config/layer_4","FFN_activation_and_optional_gate","未核验","activation","[B,S,3584]","[B,S,3584]","B,S,T；其他轴见模型参数","B[1,16];S_verify[1,8];L_KV独立未知；TP=1","config=None；激活/累加类型未核验","未核验","逻辑轴顺序；物理format未核验","逻辑轴顺序；物理format未核验","未评估候选","未评估候选","未评估候选","未核验","未实测","未实测","未实测","未实测","未核验","配置确认 + 数学推导；未核验完整调用链","https://huggingface.co/openbmb/MiniCPM-RobotManip/resolve/29cb257541e9f96f493abe21174f8892e5dffe3f/config.json","未核验","未核验","未核验","未核验","https://huggingface.co/openbmb/MiniCPM-RobotManip/resolve/29cb257541e9f96f493abe21174f8892e5dffe3f/config.json","文本decode/verify；B[1,16],S[1,8]；TP=1逻辑参考；是否额外gate矩阵与门控分支维度需要实现；不能仅由silu推定完整SwiGLU","config.hidden_act=silu"
"vlm_config.text_config/layer_4","FFN_down","未核验","GEMM","[B,S,3584]","[B,S,1024]","B,S,T；其他轴见模型参数","B[1,16];S_verify[1,8];L_KV独立未知；TP=1","config=None；激活/累加类型未核验","未核验","逻辑轴顺序；物理format未核验","逻辑轴顺序；物理format未核验","未评估候选","未评估候选","未评估候选","未核验","未实测","未实测","未实测","未实测","未核验","配置确认 + 数学推导；未核验完整调用链","https://huggingface.co/openbmb/MiniCPM-RobotManip/resolve/29cb257541e9f96f493abe21174f8892e5dffe3f/config.json","logical [1024,3584]","未核验","未核验","未核验","https://huggingface.co/openbmb/MiniCPM-RobotManip/resolve/29cb257541e9f96f493abe21174f8892e5dffe3f/config.json","文本decode/verify；B[1,16],S[1,8]；TP=1逻辑参考；","Y=X@W^T"
"vlm_config.text_config/layer_4","FFN_residual","未核验","elementwise","[B,S,1024];[B,S,1024]","[B,S,1024]","B,S,T；其他轴见模型参数","B[1,16];S_verify[1,8];L_KV独立未知；TP=1","config=None；激活/累加类型未核验","未核验","逻辑轴顺序；物理format未核验","逻辑轴顺序；物理format未核验","未评估候选","未评估候选","未评估候选","未核验","未实测","未实测","未实测","未实测","未核验","配置确认 + 数学推导；未核验完整调用链","https://huggingface.co/openbmb/MiniCPM-RobotManip/resolve/29cb257541e9f96f493abe21174f8892e5dffe3f/config.json","未核验","未核验","未核验","未核验","https://huggingface.co/openbmb/MiniCPM-RobotManip/resolve/29cb257541e9f96f493abe21174f8892e5dffe3f/config.json","文本decode/verify；B[1,16],S[1,8]；TP=1逻辑参考；","Y=X+branch（参考，实际残差策略未核验）"
"vlm_config.text_config/layer_5","input_normalization","未核验","norm","[B,S,1024]","[B,S,1024]","B,S,T；其他轴见模型参数","B[1,16];S_verify[1,8];L_KV独立未知；TP=1","config=None；激活/累加类型未核验","未核验","逻辑轴顺序；物理format未核验","逻辑轴顺序；物理format未核验","未评估候选","未评估候选","未评估候选","未核验","未实测","未实测","未实测","未实测","未核验","配置确认 + 数学推导；未核验完整调用链","https://huggingface.co/openbmb/MiniCPM-RobotManip/resolve/29cb257541e9f96f493abe21174f8892e5dffe3f/config.json","未核验","未核验","未核验","未核验","https://huggingface.co/openbmb/MiniCPM-RobotManip/resolve/29cb257541e9f96f493abe21174f8892e5dffe3f/config.json","文本decode/verify；B[1,16],S[1,8]；TP=1逻辑参考；","归一化类型/先后顺序待实现核验"
"vlm_config.text_config/layer_5","q_linear_logical_projection","未核验","GEMM","[B,S,1024]","[B,S,2048]","B,S,T；其他轴见模型参数","B[1,16];S_verify[1,8];L_KV独立未知；TP=1","config=None；激活/累加类型未核验","未核验","逻辑轴顺序；物理format未核验","逻辑轴顺序；物理format未核验","未评估候选","未评估候选","未评估候选","未核验","未实测","未实测","未实测","未实测","未核验","配置确认 + 数学推导；未核验完整调用链","https://huggingface.co/openbmb/MiniCPM-RobotManip/resolve/29cb257541e9f96f493abe21174f8892e5dffe3f/config.json","logical [2048,1024]","未核验","未核验","未核验","https://huggingface.co/openbmb/MiniCPM-RobotManip/resolve/29cb257541e9f96f493abe21174f8892e5dffe3f/config.json","文本decode/verify；B[1,16],S[1,8]；TP=1逻辑参考；只是逻辑分支；实际打包与额外门未知","width=linear_heads*linear_head_dim"
"vlm_config.text_config/layer_5","k_linear_logical_projection","未核验","GEMM","[B,S,1024]","[B,S,2048]","B,S,T；其他轴见模型参数","B[1,16];S_verify[1,8];L_KV独立未知；TP=1","config=None；激活/累加类型未核验","未核验","逻辑轴顺序；物理format未核验","逻辑轴顺序；物理format未核验","未评估候选","未评估候选","未评估候选","未核验","未实测","未实测","未实测","未实测","未核验","配置确认 + 数学推导；未核验完整调用链","https://huggingface.co/openbmb/MiniCPM-RobotManip/resolve/29cb257541e9f96f493abe21174f8892e5dffe3f/config.json","logical [2048,1024]","未核验","未核验","未核验","https://huggingface.co/openbmb/MiniCPM-RobotManip/resolve/29cb257541e9f96f493abe21174f8892e5dffe3f/config.json","文本decode/verify；B[1,16],S[1,8]；TP=1逻辑参考；只是逻辑分支；实际打包与额外门未知","width=linear_heads*linear_head_dim"
"vlm_config.text_config/layer_5","v_linear_logical_projection","未核验","GEMM","[B,S,1024]","[B,S,2048]","B,S,T；其他轴见模型参数","B[1,16];S_verify[1,8];L_KV独立未知；TP=1","config=None；激活/累加类型未核验","未核验","逻辑轴顺序；物理format未核验","逻辑轴顺序；物理format未核验","未评估候选","未评估候选","未评估候选","未核验","未实测","未实测","未实测","未实测","未核验","配置确认 + 数学推导；未核验完整调用链","https://huggingface.co/openbmb/MiniCPM-RobotManip/resolve/29cb257541e9f96f493abe21174f8892e5dffe3f/config.json","logical [2048,1024]","未核验","未核验","未核验","https://huggingface.co/openbmb/MiniCPM-RobotManip/resolve/29cb257541e9f96f493abe21174f8892e5dffe3f/config.json","文本decode/verify；B[1,16],S[1,8]；TP=1逻辑参考；只是逻辑分支；实际打包与额外门未知","width=linear_heads*linear_head_dim"
"vlm_config.text_config/layer_5","linear_conv_and_gated_state","未核验","递归状态","Q,K:[B,S,16,128];V:[B,S,16,128]","[B,S,16,128]","B,S,T；其他轴见模型参数","B[1,16];S_verify[1,8];L_KV独立未知；TP=1","config=None；激活/累加类型未核验","未核验","逻辑轴顺序；物理format未核验","逻辑轴顺序；物理format未核验","未评估候选","未评估候选","未评估候选","未核验","未实测","未实测","未实测","未实测","未核验","配置确认 + 数学推导；未核验完整调用链","https://huggingface.co/openbmb/MiniCPM-RobotManip/resolve/29cb257541e9f96f493abe21174f8892e5dffe3f/config.json","未核验","未核验","未核验","未核验","https://huggingface.co/openbmb/MiniCPM-RobotManip/resolve/29cb257541e9f96f493abe21174f8892e5dffe3f/config.json","文本decode/verify；B[1,16],S[1,8]；TP=1逻辑参考；门控、重复heads与状态cache分派未核验","数学状态候选[B,16,128,128]；conv_kernel=4"
"vlm_config.text_config/layer_5","linear_output_projection","未核验","GEMM","[B,S,2048]","[B,S,1024]","B,S,T；其他轴见模型参数","B[1,16];S_verify[1,8];L_KV独立未知；TP=1","config=None；激活/累加类型未核验","未核验","逻辑轴顺序；物理format未核验","逻辑轴顺序；物理format未核验","未评估候选","未评估候选","未评估候选","未核验","未实测","未实测","未实测","未实测","未核验","配置确认 + 数学推导；未核验完整调用链","https://huggingface.co/openbmb/MiniCPM-RobotManip/resolve/29cb257541e9f96f493abe21174f8892e5dffe3f/config.json","logical [1024,2048]","未核验","未核验","未核验","https://huggingface.co/openbmb/MiniCPM-RobotManip/resolve/29cb257541e9f96f493abe21174f8892e5dffe3f/config.json","文本decode/verify；B[1,16],S[1,8]；TP=1逻辑参考；","Y=X@W^T"
"vlm_config.text_config/layer_5","attention_residual","未核验","elementwise","[B,S,1024];[B,S,1024]","[B,S,1024]","B,S,T；其他轴见模型参数","B[1,16];S_verify[1,8];L_KV独立未知；TP=1","config=None；激活/累加类型未核验","未核验","逻辑轴顺序；物理format未核验","逻辑轴顺序；物理format未核验","未评估候选","未评估候选","未评估候选","未核验","未实测","未实测","未实测","未实测","未核验","配置确认 + 数学推导；未核验完整调用链","https://huggingface.co/openbmb/MiniCPM-RobotManip/resolve/29cb257541e9f96f493abe21174f8892e5dffe3f/config.json","未核验","未核验","未核验","未核验","https://huggingface.co/openbmb/MiniCPM-RobotManip/resolve/29cb257541e9f96f493abe21174f8892e5dffe3f/config.json","文本decode/verify；B[1,16],S[1,8]；TP=1逻辑参考；","Y=X+branch（参考，实际残差策略未核验）"
"vlm_config.text_config/layer_5","post_attention_normalization","未核验","norm","[B,S,1024]","[B,S,1024]","B,S,T；其他轴见模型参数","B[1,16];S_verify[1,8];L_KV独立未知；TP=1","config=None；激活/累加类型未核验","未核验","逻辑轴顺序；物理format未核验","逻辑轴顺序；物理format未核验","未评估候选","未评估候选","未评估候选","未核验","未实测","未实测","未实测","未实测","未核验","配置确认 + 数学推导；未核验完整调用链","https://huggingface.co/openbmb/MiniCPM-RobotManip/resolve/29cb257541e9f96f493abe21174f8892e5dffe3f/config.json","未核验","未核验","未核验","未核验","https://huggingface.co/openbmb/MiniCPM-RobotManip/resolve/29cb257541e9f96f493abe21174f8892e5dffe3f/config.json","文本decode/verify；B[1,16],S[1,8]；TP=1逻辑参考；","类型与位置待源码核验"
"vlm_config.text_config/layer_5","FFN_up","未核验","GEMM","[B,S,1024]","[B,S,3584]","B,S,T；其他轴见模型参数","B[1,16];S_verify[1,8];L_KV独立未知；TP=1","config=None；激活/累加类型未核验","未核验","逻辑轴顺序；物理format未核验","逻辑轴顺序；物理format未核验","未评估候选","未评估候选","未评估候选","未核验","未实测","未实测","未实测","未实测","未核验","配置确认 + 数学推导；未核验完整调用链","https://huggingface.co/openbmb/MiniCPM-RobotManip/resolve/29cb257541e9f96f493abe21174f8892e5dffe3f/config.json","logical [3584,1024]","未核验","未核验","未核验","https://huggingface.co/openbmb/MiniCPM-RobotManip/resolve/29cb257541e9f96f493abe21174f8892e5dffe3f/config.json","文本decode/verify；B[1,16],S[1,8]；TP=1逻辑参考；","Y=X@W^T"
"vlm_config.text_config/layer_5","FFN_activation_and_optional_gate","未核验","activation","[B,S,3584]","[B,S,3584]","B,S,T；其他轴见模型参数","B[1,16];S_verify[1,8];L_KV独立未知；TP=1","config=None；激活/累加类型未核验","未核验","逻辑轴顺序；物理format未核验","逻辑轴顺序；物理format未核验","未评估候选","未评估候选","未评估候选","未核验","未实测","未实测","未实测","未实测","未核验","配置确认 + 数学推导；未核验完整调用链","https://huggingface.co/openbmb/MiniCPM-RobotManip/resolve/29cb257541e9f96f493abe21174f8892e5dffe3f/config.json","未核验","未核验","未核验","未核验","https://huggingface.co/openbmb/MiniCPM-RobotManip/resolve/29cb257541e9f96f493abe21174f8892e5dffe3f/config.json","文本decode/verify；B[1,16],S[1,8]；TP=1逻辑参考；是否额外gate矩阵与门控分支维度需要实现；不能仅由silu推定完整SwiGLU","config.hidden_act=silu"
"vlm_config.text_config/layer_5","FFN_down","未核验","GEMM","[B,S,3584]","[B,S,1024]","B,S,T；其他轴见模型参数","B[1,16];S_verify[1,8];L_KV独立未知；TP=1","config=None；激活/累加类型未核验","未核验","逻辑轴顺序；物理format未核验","逻辑轴顺序；物理format未核验","未评估候选","未评估候选","未评估候选","未核验","未实测","未实测","未实测","未实测","未核验","配置确认 + 数学推导；未核验完整调用链","https://huggingface.co/openbmb/MiniCPM-RobotManip/resolve/29cb257541e9f96f493abe21174f8892e5dffe3f/config.json","logical [1024,3584]","未核验","未核验","未核验","https://huggingface.co/openbmb/MiniCPM-RobotManip/resolve/29cb257541e9f96f493abe21174f8892e5dffe3f/config.json","文本decode/verify；B[1,16],S[1,8]；TP=1逻辑参考；","Y=X@W^T"
"vlm_config.text_config/layer_5","FFN_residual","未核验","elementwise","[B,S,1024];[B,S,1024]","[B,S,1024]","B,S,T；其他轴见模型参数","B[1,16];S_verify[1,8];L_KV独立未知；TP=1","config=None；激活/累加类型未核验","未核验","逻辑轴顺序；物理format未核验","逻辑轴顺序；物理format未核验","未评估候选","未评估候选","未评估候选","未核验","未实测","未实测","未实测","未实测","未核验","配置确认 + 数学推导；未核验完整调用链","https://huggingface.co/openbmb/MiniCPM-RobotManip/resolve/29cb257541e9f96f493abe21174f8892e5dffe3f/config.json","未核验","未核验","未核验","未核验","https://huggingface.co/openbmb/MiniCPM-RobotManip/resolve/29cb257541e9f96f493abe21174f8892e5dffe3f/config.json","文本decode/verify；B[1,16],S[1,8]；TP=1逻辑参考；","Y=X+branch（参考，实际残差策略未核验）"
"vlm_config.text_config/layer_6","input_normalization","未核验","norm","[B,S,1024]","[B,S,1024]","B,S,T；其他轴见模型参数","B[1,16];S_verify[1,8];L_KV独立未知；TP=1","config=None；激活/累加类型未核验","未核验","逻辑轴顺序；物理format未核验","逻辑轴顺序；物理format未核验","未评估候选","未评估候选","未评估候选","未核验","未实测","未实测","未实测","未实测","未核验","配置确认 + 数学推导；未核验完整调用链","https://huggingface.co/openbmb/MiniCPM-RobotManip/resolve/29cb257541e9f96f493abe21174f8892e5dffe3f/config.json","未核验","未核验","未核验","未核验","https://huggingface.co/openbmb/MiniCPM-RobotManip/resolve/29cb257541e9f96f493abe21174f8892e5dffe3f/config.json","文本decode/verify；B[1,16],S[1,8]；TP=1逻辑参考；","归一化类型/先后顺序待实现核验"
"vlm_config.text_config/layer_6","q_linear_logical_projection","未核验","GEMM","[B,S,1024]","[B,S,2048]","B,S,T；其他轴见模型参数","B[1,16];S_verify[1,8];L_KV独立未知；TP=1","config=None；激活/累加类型未核验","未核验","逻辑轴顺序；物理format未核验","逻辑轴顺序；物理format未核验","未评估候选","未评估候选","未评估候选","未核验","未实测","未实测","未实测","未实测","未核验","配置确认 + 数学推导；未核验完整调用链","https://huggingface.co/openbmb/MiniCPM-RobotManip/resolve/29cb257541e9f96f493abe21174f8892e5dffe3f/config.json","logical [2048,1024]","未核验","未核验","未核验","https://huggingface.co/openbmb/MiniCPM-RobotManip/resolve/29cb257541e9f96f493abe21174f8892e5dffe3f/config.json","文本decode/verify；B[1,16],S[1,8]；TP=1逻辑参考；只是逻辑分支；实际打包与额外门未知","width=linear_heads*linear_head_dim"
"vlm_config.text_config/layer_6","k_linear_logical_projection","未核验","GEMM","[B,S,1024]","[B,S,2048]","B,S,T；其他轴见模型参数","B[1,16];S_verify[1,8];L_KV独立未知；TP=1","config=None；激活/累加类型未核验","未核验","逻辑轴顺序；物理format未核验","逻辑轴顺序；物理format未核验","未评估候选","未评估候选","未评估候选","未核验","未实测","未实测","未实测","未实测","未核验","配置确认 + 数学推导；未核验完整调用链","https://huggingface.co/openbmb/MiniCPM-RobotManip/resolve/29cb257541e9f96f493abe21174f8892e5dffe3f/config.json","logical [2048,1024]","未核验","未核验","未核验","https://huggingface.co/openbmb/MiniCPM-RobotManip/resolve/29cb257541e9f96f493abe21174f8892e5dffe3f/config.json","文本decode/verify；B[1,16],S[1,8]；TP=1逻辑参考；只是逻辑分支；实际打包与额外门未知","width=linear_heads*linear_head_dim"
"vlm_config.text_config/layer_6","v_linear_logical_projection","未核验","GEMM","[B,S,1024]","[B,S,2048]","B,S,T；其他轴见模型参数","B[1,16];S_verify[1,8];L_KV独立未知；TP=1","config=None；激活/累加类型未核验","未核验","逻辑轴顺序；物理format未核验","逻辑轴顺序；物理format未核验","未评估候选","未评估候选","未评估候选","未核验","未实测","未实测","未实测","未实测","未核验","配置确认 + 数学推导；未核验完整调用链","https://huggingface.co/openbmb/MiniCPM-RobotManip/resolve/29cb257541e9f96f493abe21174f8892e5dffe3f/config.json","logical [2048,1024]","未核验","未核验","未核验","https://huggingface.co/openbmb/MiniCPM-RobotManip/resolve/29cb257541e9f96f493abe21174f8892e5dffe3f/config.json","文本decode/verify；B[1,16],S[1,8]；TP=1逻辑参考；只是逻辑分支；实际打包与额外门未知","width=linear_heads*linear_head_dim"
"vlm_config.text_config/layer_6","linear_conv_and_gated_state","未核验","递归状态","Q,K:[B,S,16,128];V:[B,S,16,128]","[B,S,16,128]","B,S,T；其他轴见模型参数","B[1,16];S_verify[1,8];L_KV独立未知；TP=1","config=None；激活/累加类型未核验","未核验","逻辑轴顺序；物理format未核验","逻辑轴顺序；物理format未核验","未评估候选","未评估候选","未评估候选","未核验","未实测","未实测","未实测","未实测","未核验","配置确认 + 数学推导；未核验完整调用链","https://huggingface.co/openbmb/MiniCPM-RobotManip/resolve/29cb257541e9f96f493abe21174f8892e5dffe3f/config.json","未核验","未核验","未核验","未核验","https://huggingface.co/openbmb/MiniCPM-RobotManip/resolve/29cb257541e9f96f493abe21174f8892e5dffe3f/config.json","文本decode/verify；B[1,16],S[1,8]；TP=1逻辑参考；门控、重复heads与状态cache分派未核验","数学状态候选[B,16,128,128]；conv_kernel=4"
"vlm_config.text_config/layer_6","linear_output_projection","未核验","GEMM","[B,S,2048]","[B,S,1024]","B,S,T；其他轴见模型参数","B[1,16];S_verify[1,8];L_KV独立未知；TP=1","config=None；激活/累加类型未核验","未核验","逻辑轴顺序；物理format未核验","逻辑轴顺序；物理format未核验","未评估候选","未评估候选","未评估候选","未核验","未实测","未实测","未实测","未实测","未核验","配置确认 + 数学推导；未核验完整调用链","https://huggingface.co/openbmb/MiniCPM-RobotManip/resolve/29cb257541e9f96f493abe21174f8892e5dffe3f/config.json","logical [1024,2048]","未核验","未核验","未核验","https://huggingface.co/openbmb/MiniCPM-RobotManip/resolve/29cb257541e9f96f493abe21174f8892e5dffe3f/config.json","文本decode/verify；B[1,16],S[1,8]；TP=1逻辑参考；","Y=X@W^T"
"vlm_config.text_config/layer_6","attention_residual","未核验","elementwise","[B,S,1024];[B,S,1024]","[B,S,1024]","B,S,T；其他轴见模型参数","B[1,16];S_verify[1,8];L_KV独立未知；TP=1","config=None；激活/累加类型未核验","未核验","逻辑轴顺序；物理format未核验","逻辑轴顺序；物理format未核验","未评估候选","未评估候选","未评估候选","未核验","未实测","未实测","未实测","未实测","未核验","配置确认 + 数学推导；未核验完整调用链","https://huggingface.co/openbmb/MiniCPM-RobotManip/resolve/29cb257541e9f96f493abe21174f8892e5dffe3f/config.json","未核验","未核验","未核验","未核验","https://huggingface.co/openbmb/MiniCPM-RobotManip/resolve/29cb257541e9f96f493abe21174f8892e5dffe3f/config.json","文本decode/verify；B[1,16],S[1,8]；TP=1逻辑参考；","Y=X+branch（参考，实际残差策略未核验）"
"vlm_config.text_config/layer_6","post_attention_normalization","未核验","norm","[B,S,1024]","[B,S,1024]","B,S,T；其他轴见模型参数","B[1,16];S_verify[1,8];L_KV独立未知；TP=1","config=None；激活/累加类型未核验","未核验","逻辑轴顺序；物理format未核验","逻辑轴顺序；物理format未核验","未评估候选","未评估候选","未评估候选","未核验","未实测","未实测","未实测","未实测","未核验","配置确认 + 数学推导；未核验完整调用链","https://huggingface.co/openbmb/MiniCPM-RobotManip/resolve/29cb257541e9f96f493abe21174f8892e5dffe3f/config.json","未核验","未核验","未核验","未核验","https://huggingface.co/openbmb/MiniCPM-RobotManip/resolve/29cb257541e9f96f493abe21174f8892e5dffe3f/config.json","文本decode/verify；B[1,16],S[1,8]；TP=1逻辑参考；","类型与位置待源码核验"
"vlm_config.text_config/layer_6","FFN_up","未核验","GEMM","[B,S,1024]","[B,S,3584]","B,S,T；其他轴见模型参数","B[1,16];S_verify[1,8];L_KV独立未知；TP=1","config=None；激活/累加类型未核验","未核验","逻辑轴顺序；物理format未核验","逻辑轴顺序；物理format未核验","未评估候选","未评估候选","未评估候选","未核验","未实测","未实测","未实测","未实测","未核验","配置确认 + 数学推导；未核验完整调用链","https://huggingface.co/openbmb/MiniCPM-RobotManip/resolve/29cb257541e9f96f493abe21174f8892e5dffe3f/config.json","logical [3584,1024]","未核验","未核验","未核验","https://huggingface.co/openbmb/MiniCPM-RobotManip/resolve/29cb257541e9f96f493abe21174f8892e5dffe3f/config.json","文本decode/verify；B[1,16],S[1,8]；TP=1逻辑参考；","Y=X@W^T"
"vlm_config.text_config/layer_6","FFN_activation_and_optional_gate","未核验","activation","[B,S,3584]","[B,S,3584]","B,S,T；其他轴见模型参数","B[1,16];S_verify[1,8];L_KV独立未知；TP=1","config=None；激活/累加类型未核验","未核验","逻辑轴顺序；物理format未核验","逻辑轴顺序；物理format未核验","未评估候选","未评估候选","未评估候选","未核验","未实测","未实测","未实测","未实测","未核验","配置确认 + 数学推导；未核验完整调用链","https://huggingface.co/openbmb/MiniCPM-RobotManip/resolve/29cb257541e9f96f493abe21174f8892e5dffe3f/config.json","未核验","未核验","未核验","未核验","https://huggingface.co/openbmb/MiniCPM-RobotManip/resolve/29cb257541e9f96f493abe21174f8892e5dffe3f/config.json","文本decode/verify；B[1,16],S[1,8]；TP=1逻辑参考；是否额外gate矩阵与门控分支维度需要实现；不能仅由silu推定完整SwiGLU","config.hidden_act=silu"
"vlm_config.text_config/layer_6","FFN_down","未核验","GEMM","[B,S,3584]","[B,S,1024]","B,S,T；其他轴见模型参数","B[1,16];S_verify[1,8];L_KV独立未知；TP=1","config=None；激活/累加类型未核验","未核验","逻辑轴顺序；物理format未核验","逻辑轴顺序；物理format未核验","未评估候选","未评估候选","未评估候选","未核验","未实测","未实测","未实测","未实测","未核验","配置确认 + 数学推导；未核验完整调用链","https://huggingface.co/openbmb/MiniCPM-RobotManip/resolve/29cb257541e9f96f493abe21174f8892e5dffe3f/config.json","logical [1024,3584]","未核验","未核验","未核验","https://huggingface.co/openbmb/MiniCPM-RobotManip/resolve/29cb257541e9f96f493abe21174f8892e5dffe3f/config.json","文本decode/verify；B[1,16],S[1,8]；TP=1逻辑参考；","Y=X@W^T"
"vlm_config.text_config/layer_6","FFN_residual","未核验","elementwise","[B,S,1024];[B,S,1024]","[B,S,1024]","B,S,T；其他轴见模型参数","B[1,16];S_verify[1,8];L_KV独立未知；TP=1","config=None；激活/累加类型未核验","未核验","逻辑轴顺序；物理format未核验","逻辑轴顺序；物理format未核验","未评估候选","未评估候选","未评估候选","未核验","未实测","未实测","未实测","未实测","未核验","配置确认 + 数学推导；未核验完整调用链","https://huggingface.co/openbmb/MiniCPM-RobotManip/resolve/29cb257541e9f96f493abe21174f8892e5dffe3f/config.json","未核验","未核验","未核验","未核验","https://huggingface.co/openbmb/MiniCPM-RobotManip/resolve/29cb257541e9f96f493abe21174f8892e5dffe3f/config.json","文本decode/verify；B[1,16],S[1,8]；TP=1逻辑参考；","Y=X+branch（参考，实际残差策略未核验）"
"vlm_config.text_config/layer_7","input_normalization","未核验","norm","[B,S,1024]","[B,S,1024]","B,S,T；其他轴见模型参数","B[1,16];S_verify[1,8];L_KV独立未知；TP=1","config=None；激活/累加类型未核验","未核验","逻辑轴顺序；物理format未核验","逻辑轴顺序；物理format未核验","未评估候选","未评估候选","未评估候选","未核验","未实测","未实测","未实测","未实测","未核验","配置确认 + 数学推导；未核验完整调用链","https://huggingface.co/openbmb/MiniCPM-RobotManip/resolve/29cb257541e9f96f493abe21174f8892e5dffe3f/config.json","未核验","未核验","未核验","未核验","https://huggingface.co/openbmb/MiniCPM-RobotManip/resolve/29cb257541e9f96f493abe21174f8892e5dffe3f/config.json","文本decode/verify；B[1,16],S[1,8]；TP=1逻辑参考；","归一化类型/先后顺序待实现核验"
"vlm_config.text_config/layer_7","q_projection","未核验","GEMM","[B,S,1024]","[B,S,2048]","B,S,T；其他轴见模型参数","B[1,16];S_verify[1,8];L_KV独立未知；TP=1","config=None；激活/累加类型未核验","未核验","逻辑轴顺序；物理format未核验","逻辑轴顺序；物理format未核验","未评估候选","未评估候选","未评估候选","未核验","未实测","未实测","未实测","未实测","未核验","配置确认 + 数学推导；未核验完整调用链","https://huggingface.co/openbmb/MiniCPM-RobotManip/resolve/29cb257541e9f96f493abe21174f8892e5dffe3f/config.json","未核验","未核验","未核验","未核验","https://huggingface.co/openbmb/MiniCPM-RobotManip/resolve/29cb257541e9f96f493abe21174f8892e5dffe3f/config.json","文本decode/verify；B[1,16],S[1,8]；TP=1逻辑参考；仅Q逻辑分支；额外门和融合打包另核验","Y=X@W^T; width=heads*head_dim"
"vlm_config.text_config/layer_7","k_projection","未核验","GEMM","[B,S,1024]","[B,S,512]","B,S,T；其他轴见模型参数","B[1,16];S_verify[1,8];L_KV独立未知；TP=1","config=None；激活/累加类型未核验","未核验","逻辑轴顺序；物理format未核验","逻辑轴顺序；物理format未核验","未评估候选","未评估候选","未评估候选","未核验","未实测","未实测","未实测","未实测","未核验","配置确认 + 数学推导；未核验完整调用链","https://huggingface.co/openbmb/MiniCPM-RobotManip/resolve/29cb257541e9f96f493abe21174f8892e5dffe3f/config.json","logical [512,1024]","未核验","未核验","未核验","https://huggingface.co/openbmb/MiniCPM-RobotManip/resolve/29cb257541e9f96f493abe21174f8892e5dffe3f/config.json","文本decode/verify；B[1,16],S[1,8]；TP=1逻辑参考；独立逻辑矩阵，不断言实际融合与存储","Y=X@W^T; width=heads*head_dim"
"vlm_config.text_config/layer_7","v_projection","未核验","GEMM","[B,S,1024]","[B,S,512]","B,S,T；其他轴见模型参数","B[1,16];S_verify[1,8];L_KV独立未知；TP=1","config=None；激活/累加类型未核验","未核验","逻辑轴顺序；物理format未核验","逻辑轴顺序；物理format未核验","未评估候选","未评估候选","未评估候选","未核验","未实测","未实测","未实测","未实测","未核验","配置确认 + 数学推导；未核验完整调用链","https://huggingface.co/openbmb/MiniCPM-RobotManip/resolve/29cb257541e9f96f493abe21174f8892e5dffe3f/config.json","logical [512,1024]","未核验","未核验","未核验","https://huggingface.co/openbmb/MiniCPM-RobotManip/resolve/29cb257541e9f96f493abe21174f8892e5dffe3f/config.json","文本decode/verify；B[1,16],S[1,8]；TP=1逻辑参考；独立逻辑矩阵，不断言实际融合与存储","Y=X@W^T; width=heads*head_dim"
"vlm_config.text_config/layer_7","position_and_cache","未核验","位置/缓存","Q,K,V projected; B,S","Q:[B,8,S,256]; K,V:[B,2,L_KV,256]","B,S,T；其他轴见模型参数","B[1,16];S_verify[1,8];L_KV独立未知；TP=1","config=None；激活/累加类型未核验","未核验","逻辑轴顺序；物理format未核验","逻辑轴顺序；物理format未核验","未评估候选","未评估候选","未评估候选","未核验","未实测","未实测","未实测","未实测","未核验","配置确认 + 数学推导；未核验完整调用链","https://huggingface.co/openbmb/MiniCPM-RobotManip/resolve/29cb257541e9f96f493abe21174f8892e5dffe3f/config.json","未核验","未核验","未核验","未核验","https://huggingface.co/openbmb/MiniCPM-RobotManip/resolve/29cb257541e9f96f493abe21174f8892e5dffe3f/config.json","文本decode/verify；B[1,16],S[1,8]；TP=1逻辑参考；","文本decode/verify；B[1,16],S[1,8]；TP=1逻辑参考；位置编码与物理layout需实现核验"
"vlm_config.text_config/layer_7","attention","未核验","attention","Q:[B,8,S,256];K,V:[B,2,L_KV,256]","[B,8,S,256]","B,S,T；其他轴见模型参数","B[1,16];S_verify[1,8];L_KV独立未知；TP=1","config=None；激活/累加类型未核验","未核验","逻辑轴顺序；物理format未核验","逻辑轴顺序；物理format未核验","未评估候选","未评估候选","未评估候选","未核验","未实测","未实测","未实测","未实测","未核验","配置确认 + 数学推导；未核验完整调用链","https://huggingface.co/openbmb/MiniCPM-RobotManip/resolve/29cb257541e9f96f493abe21174f8892e5dffe3f/config.json","未核验","未核验","未核验","未核验","https://huggingface.co/openbmb/MiniCPM-RobotManip/resolve/29cb257541e9f96f493abe21174f8892e5dffe3f/config.json","文本decode/verify；B[1,16],S[1,8]；TP=1逻辑参考；稀疏选块/线性分支需按实现，不能据此声称稠密执行或峰值中间内存","softmax(QK^T / sqrt(head_dim) + mask)V（数学参考）"
"vlm_config.text_config/layer_7","output_projection","未核验","GEMM","[B,S,2048]","[B,S,1024]","B,S,T；其他轴见模型参数","B[1,16];S_verify[1,8];L_KV独立未知；TP=1","config=None；激活/累加类型未核验","未核验","逻辑轴顺序；物理format未核验","逻辑轴顺序；物理format未核验","未评估候选","未评估候选","未评估候选","未核验","未实测","未实测","未实测","未实测","未核验","配置确认 + 数学推导；未核验完整调用链","https://huggingface.co/openbmb/MiniCPM-RobotManip/resolve/29cb257541e9f96f493abe21174f8892e5dffe3f/config.json","logical [1024,2048]","未核验","未核验","未核验","https://huggingface.co/openbmb/MiniCPM-RobotManip/resolve/29cb257541e9f96f493abe21174f8892e5dffe3f/config.json","文本decode/verify；B[1,16],S[1,8]；TP=1逻辑参考；","Y=X@W^T"
"vlm_config.text_config/layer_7","attention_residual","未核验","elementwise","[B,S,1024];[B,S,1024]","[B,S,1024]","B,S,T；其他轴见模型参数","B[1,16];S_verify[1,8];L_KV独立未知；TP=1","config=None；激活/累加类型未核验","未核验","逻辑轴顺序；物理format未核验","逻辑轴顺序；物理format未核验","未评估候选","未评估候选","未评估候选","未核验","未实测","未实测","未实测","未实测","未核验","配置确认 + 数学推导；未核验完整调用链","https://huggingface.co/openbmb/MiniCPM-RobotManip/resolve/29cb257541e9f96f493abe21174f8892e5dffe3f/config.json","未核验","未核验","未核验","未核验","https://huggingface.co/openbmb/MiniCPM-RobotManip/resolve/29cb257541e9f96f493abe21174f8892e5dffe3f/config.json","文本decode/verify；B[1,16],S[1,8]；TP=1逻辑参考；","Y=X+branch（参考，实际残差策略未核验）"
"vlm_config.text_config/layer_7","post_attention_normalization","未核验","norm","[B,S,1024]","[B,S,1024]","B,S,T；其他轴见模型参数","B[1,16];S_verify[1,8];L_KV独立未知；TP=1","config=None；激活/累加类型未核验","未核验","逻辑轴顺序；物理format未核验","逻辑轴顺序；物理format未核验","未评估候选","未评估候选","未评估候选","未核验","未实测","未实测","未实测","未实测","未核验","配置确认 + 数学推导；未核验完整调用链","https://huggingface.co/openbmb/MiniCPM-RobotManip/resolve/29cb257541e9f96f493abe21174f8892e5dffe3f/config.json","未核验","未核验","未核验","未核验","https://huggingface.co/openbmb/MiniCPM-RobotManip/resolve/29cb257541e9f96f493abe21174f8892e5dffe3f/config.json","文本decode/verify；B[1,16],S[1,8]；TP=1逻辑参考；","类型与位置待源码核验"
"vlm_config.text_config/layer_7","FFN_up","未核验","GEMM","[B,S,1024]","[B,S,3584]","B,S,T；其他轴见模型参数","B[1,16];S_verify[1,8];L_KV独立未知；TP=1","config=None；激活/累加类型未核验","未核验","逻辑轴顺序；物理format未核验","逻辑轴顺序；物理format未核验","未评估候选","未评估候选","未评估候选","未核验","未实测","未实测","未实测","未实测","未核验","配置确认 + 数学推导；未核验完整调用链","https://huggingface.co/openbmb/MiniCPM-RobotManip/resolve/29cb257541e9f96f493abe21174f8892e5dffe3f/config.json","logical [3584,1024]","未核验","未核验","未核验","https://huggingface.co/openbmb/MiniCPM-RobotManip/resolve/29cb257541e9f96f493abe21174f8892e5dffe3f/config.json","文本decode/verify；B[1,16],S[1,8]；TP=1逻辑参考；","Y=X@W^T"
"vlm_config.text_config/layer_7","FFN_activation_and_optional_gate","未核验","activation","[B,S,3584]","[B,S,3584]","B,S,T；其他轴见模型参数","B[1,16];S_verify[1,8];L_KV独立未知；TP=1","config=None；激活/累加类型未核验","未核验","逻辑轴顺序；物理format未核验","逻辑轴顺序；物理format未核验","未评估候选","未评估候选","未评估候选","未核验","未实测","未实测","未实测","未实测","未核验","配置确认 + 数学推导；未核验完整调用链","https://huggingface.co/openbmb/MiniCPM-RobotManip/resolve/29cb257541e9f96f493abe21174f8892e5dffe3f/config.json","未核验","未核验","未核验","未核验","https://huggingface.co/openbmb/MiniCPM-RobotManip/resolve/29cb257541e9f96f493abe21174f8892e5dffe3f/config.json","文本decode/verify；B[1,16],S[1,8]；TP=1逻辑参考；是否额外gate矩阵与门控分支维度需要实现；不能仅由silu推定完整SwiGLU","config.hidden_act=silu"
"vlm_config.text_config/layer_7","FFN_down","未核验","GEMM","[B,S,3584]","[B,S,1024]","B,S,T；其他轴见模型参数","B[1,16];S_verify[1,8];L_KV独立未知；TP=1","config=None；激活/累加类型未核验","未核验","逻辑轴顺序；物理format未核验","逻辑轴顺序；物理format未核验","未评估候选","未评估候选","未评估候选","未核验","未实测","未实测","未实测","未实测","未核验","配置确认 + 数学推导；未核验完整调用链","https://huggingface.co/openbmb/MiniCPM-RobotManip/resolve/29cb257541e9f96f493abe21174f8892e5dffe3f/config.json","logical [1024,3584]","未核验","未核验","未核验","https://huggingface.co/openbmb/MiniCPM-RobotManip/resolve/29cb257541e9f96f493abe21174f8892e5dffe3f/config.json","文本decode/verify；B[1,16],S[1,8]；TP=1逻辑参考；","Y=X@W^T"
"vlm_config.text_config/layer_7","FFN_residual","未核验","elementwise","[B,S,1024];[B,S,1024]","[B,S,1024]","B,S,T；其他轴见模型参数","B[1,16];S_verify[1,8];L_KV独立未知；TP=1","config=None；激活/累加类型未核验","未核验","逻辑轴顺序；物理format未核验","逻辑轴顺序；物理format未核验","未评估候选","未评估候选","未评估候选","未核验","未实测","未实测","未实测","未实测","未核验","配置确认 + 数学推导；未核验完整调用链","https://huggingface.co/openbmb/MiniCPM-RobotManip/resolve/29cb257541e9f96f493abe21174f8892e5dffe3f/config.json","未核验","未核验","未核验","未核验","https://huggingface.co/openbmb/MiniCPM-RobotManip/resolve/29cb257541e9f96f493abe21174f8892e5dffe3f/config.json","文本decode/verify；B[1,16],S[1,8]；TP=1逻辑参考；","Y=X+branch（参考，实际残差策略未核验）"
"vlm_config.text_config/layer_8","input_normalization","未核验","norm","[B,S,1024]","[B,S,1024]","B,S,T；其他轴见模型参数","B[1,16];S_verify[1,8];L_KV独立未知；TP=1","config=None；激活/累加类型未核验","未核验","逻辑轴顺序；物理format未核验","逻辑轴顺序；物理format未核验","未评估候选","未评估候选","未评估候选","未核验","未实测","未实测","未实测","未实测","未核验","配置确认 + 数学推导；未核验完整调用链","https://huggingface.co/openbmb/MiniCPM-RobotManip/resolve/29cb257541e9f96f493abe21174f8892e5dffe3f/config.json","未核验","未核验","未核验","未核验","https://huggingface.co/openbmb/MiniCPM-RobotManip/resolve/29cb257541e9f96f493abe21174f8892e5dffe3f/config.json","文本decode/verify；B[1,16],S[1,8]；TP=1逻辑参考；","归一化类型/先后顺序待实现核验"
"vlm_config.text_config/layer_8","q_linear_logical_projection","未核验","GEMM","[B,S,1024]","[B,S,2048]","B,S,T；其他轴见模型参数","B[1,16];S_verify[1,8];L_KV独立未知；TP=1","config=None；激活/累加类型未核验","未核验","逻辑轴顺序；物理format未核验","逻辑轴顺序；物理format未核验","未评估候选","未评估候选","未评估候选","未核验","未实测","未实测","未实测","未实测","未核验","配置确认 + 数学推导；未核验完整调用链","https://huggingface.co/openbmb/MiniCPM-RobotManip/resolve/29cb257541e9f96f493abe21174f8892e5dffe3f/config.json","logical [2048,1024]","未核验","未核验","未核验","https://huggingface.co/openbmb/MiniCPM-RobotManip/resolve/29cb257541e9f96f493abe21174f8892e5dffe3f/config.json","文本decode/verify；B[1,16],S[1,8]；TP=1逻辑参考；只是逻辑分支；实际打包与额外门未知","width=linear_heads*linear_head_dim"
"vlm_config.text_config/layer_8","k_linear_logical_projection","未核验","GEMM","[B,S,1024]","[B,S,2048]","B,S,T；其他轴见模型参数","B[1,16];S_verify[1,8];L_KV独立未知；TP=1","config=None；激活/累加类型未核验","未核验","逻辑轴顺序；物理format未核验","逻辑轴顺序；物理format未核验","未评估候选","未评估候选","未评估候选","未核验","未实测","未实测","未实测","未实测","未核验","配置确认 + 数学推导；未核验完整调用链","https://huggingface.co/openbmb/MiniCPM-RobotManip/resolve/29cb257541e9f96f493abe21174f8892e5dffe3f/config.json","logical [2048,1024]","未核验","未核验","未核验","https://huggingface.co/openbmb/MiniCPM-RobotManip/resolve/29cb257541e9f96f493abe21174f8892e5dffe3f/config.json","文本decode/verify；B[1,16],S[1,8]；TP=1逻辑参考；只是逻辑分支；实际打包与额外门未知","width=linear_heads*linear_head_dim"
"vlm_config.text_config/layer_8","v_linear_logical_projection","未核验","GEMM","[B,S,1024]","[B,S,2048]","B,S,T；其他轴见模型参数","B[1,16];S_verify[1,8];L_KV独立未知；TP=1","config=None；激活/累加类型未核验","未核验","逻辑轴顺序；物理format未核验","逻辑轴顺序；物理format未核验","未评估候选","未评估候选","未评估候选","未核验","未实测","未实测","未实测","未实测","未核验","配置确认 + 数学推导；未核验完整调用链","https://huggingface.co/openbmb/MiniCPM-RobotManip/resolve/29cb257541e9f96f493abe21174f8892e5dffe3f/config.json","logical [2048,1024]","未核验","未核验","未核验","https://huggingface.co/openbmb/MiniCPM-RobotManip/resolve/29cb257541e9f96f493abe21174f8892e5dffe3f/config.json","文本decode/verify；B[1,16],S[1,8]；TP=1逻辑参考；只是逻辑分支；实际打包与额外门未知","width=linear_heads*linear_head_dim"
"vlm_config.text_config/layer_8","linear_conv_and_gated_state","未核验","递归状态","Q,K:[B,S,16,128];V:[B,S,16,128]","[B,S,16,128]","B,S,T；其他轴见模型参数","B[1,16];S_verify[1,8];L_KV独立未知；TP=1","config=None；激活/累加类型未核验","未核验","逻辑轴顺序；物理format未核验","逻辑轴顺序；物理format未核验","未评估候选","未评估候选","未评估候选","未核验","未实测","未实测","未实测","未实测","未核验","配置确认 + 数学推导；未核验完整调用链","https://huggingface.co/openbmb/MiniCPM-RobotManip/resolve/29cb257541e9f96f493abe21174f8892e5dffe3f/config.json","未核验","未核验","未核验","未核验","https://huggingface.co/openbmb/MiniCPM-RobotManip/resolve/29cb257541e9f96f493abe21174f8892e5dffe3f/config.json","文本decode/verify；B[1,16],S[1,8]；TP=1逻辑参考；门控、重复heads与状态cache分派未核验","数学状态候选[B,16,128,128]；conv_kernel=4"
"vlm_config.text_config/layer_8","linear_output_projection","未核验","GEMM","[B,S,2048]","[B,S,1024]","B,S,T；其他轴见模型参数","B[1,16];S_verify[1,8];L_KV独立未知；TP=1","config=None；激活/累加类型未核验","未核验","逻辑轴顺序；物理format未核验","逻辑轴顺序；物理format未核验","未评估候选","未评估候选","未评估候选","未核验","未实测","未实测","未实测","未实测","未核验","配置确认 + 数学推导；未核验完整调用链","https://huggingface.co/openbmb/MiniCPM-RobotManip/resolve/29cb257541e9f96f493abe21174f8892e5dffe3f/config.json","logical [1024,2048]","未核验","未核验","未核验","https://huggingface.co/openbmb/MiniCPM-RobotManip/resolve/29cb257541e9f96f493abe21174f8892e5dffe3f/config.json","文本decode/verify；B[1,16],S[1,8]；TP=1逻辑参考；","Y=X@W^T"
"vlm_config.text_config/layer_8","attention_residual","未核验","elementwise","[B,S,1024];[B,S,1024]","[B,S,1024]","B,S,T；其他轴见模型参数","B[1,16];S_verify[1,8];L_KV独立未知；TP=1","config=None；激活/累加类型未核验","未核验","逻辑轴顺序；物理format未核验","逻辑轴顺序；物理format未核验","未评估候选","未评估候选","未评估候选","未核验","未实测","未实测","未实测","未实测","未核验","配置确认 + 数学推导；未核验完整调用链","https://huggingface.co/openbmb/MiniCPM-RobotManip/resolve/29cb257541e9f96f493abe21174f8892e5dffe3f/config.json","未核验","未核验","未核验","未核验","https://huggingface.co/openbmb/MiniCPM-RobotManip/resolve/29cb257541e9f96f493abe21174f8892e5dffe3f/config.json","文本decode/verify；B[1,16],S[1,8]；TP=1逻辑参考；","Y=X+branch（参考，实际残差策略未核验）"
"vlm_config.text_config/layer_8","post_attention_normalization","未核验","norm","[B,S,1024]","[B,S,1024]","B,S,T；其他轴见模型参数","B[1,16];S_verify[1,8];L_KV独立未知；TP=1","config=None；激活/累加类型未核验","未核验","逻辑轴顺序；物理format未核验","逻辑轴顺序；物理format未核验","未评估候选","未评估候选","未评估候选","未核验","未实测","未实测","未实测","未实测","未核验","配置确认 + 数学推导；未核验完整调用链","https://huggingface.co/openbmb/MiniCPM-RobotManip/resolve/29cb257541e9f96f493abe21174f8892e5dffe3f/config.json","未核验","未核验","未核验","未核验","https://huggingface.co/openbmb/MiniCPM-RobotManip/resolve/29cb257541e9f96f493abe21174f8892e5dffe3f/config.json","文本decode/verify；B[1,16],S[1,8]；TP=1逻辑参考；","类型与位置待源码核验"
"vlm_config.text_config/layer_8","FFN_up","未核验","GEMM","[B,S,1024]","[B,S,3584]","B,S,T；其他轴见模型参数","B[1,16];S_verify[1,8];L_KV独立未知；TP=1","config=None；激活/累加类型未核验","未核验","逻辑轴顺序；物理format未核验","逻辑轴顺序；物理format未核验","未评估候选","未评估候选","未评估候选","未核验","未实测","未实测","未实测","未实测","未核验","配置确认 + 数学推导；未核验完整调用链","https://huggingface.co/openbmb/MiniCPM-RobotManip/resolve/29cb257541e9f96f493abe21174f8892e5dffe3f/config.json","logical [3584,1024]","未核验","未核验","未核验","https://huggingface.co/openbmb/MiniCPM-RobotManip/resolve/29cb257541e9f96f493abe21174f8892e5dffe3f/config.json","文本decode/verify；B[1,16],S[1,8]；TP=1逻辑参考；","Y=X@W^T"
"vlm_config.text_config/layer_8","FFN_activation_and_optional_gate","未核验","activation","[B,S,3584]","[B,S,3584]","B,S,T；其他轴见模型参数","B[1,16];S_verify[1,8];L_KV独立未知；TP=1","config=None；激活/累加类型未核验","未核验","逻辑轴顺序；物理format未核验","逻辑轴顺序；物理format未核验","未评估候选","未评估候选","未评估候选","未核验","未实测","未实测","未实测","未实测","未核验","配置确认 + 数学推导；未核验完整调用链","https://huggingface.co/openbmb/MiniCPM-RobotManip/resolve/29cb257541e9f96f493abe21174f8892e5dffe3f/config.json","未核验","未核验","未核验","未核验","https://huggingface.co/openbmb/MiniCPM-RobotManip/resolve/29cb257541e9f96f493abe21174f8892e5dffe3f/config.json","文本decode/verify；B[1,16],S[1,8]；TP=1逻辑参考；是否额外gate矩阵与门控分支维度需要实现；不能仅由silu推定完整SwiGLU","config.hidden_act=silu"
"vlm_config.text_config/layer_8","FFN_down","未核验","GEMM","[B,S,3584]","[B,S,1024]","B,S,T；其他轴见模型参数","B[1,16];S_verify[1,8];L_KV独立未知；TP=1","config=None；激活/累加类型未核验","未核验","逻辑轴顺序；物理format未核验","逻辑轴顺序；物理format未核验","未评估候选","未评估候选","未评估候选","未核验","未实测","未实测","未实测","未实测","未核验","配置确认 + 数学推导；未核验完整调用链","https://huggingface.co/openbmb/MiniCPM-RobotManip/resolve/29cb257541e9f96f493abe21174f8892e5dffe3f/config.json","logical [1024,3584]","未核验","未核验","未核验","https://huggingface.co/openbmb/MiniCPM-RobotManip/resolve/29cb257541e9f96f493abe21174f8892e5dffe3f/config.json","文本decode/verify；B[1,16],S[1,8]；TP=1逻辑参考；","Y=X@W^T"
"vlm_config.text_config/layer_8","FFN_residual","未核验","elementwise","[B,S,1024];[B,S,1024]","[B,S,1024]","B,S,T；其他轴见模型参数","B[1,16];S_verify[1,8];L_KV独立未知；TP=1","config=None；激活/累加类型未核验","未核验","逻辑轴顺序；物理format未核验","逻辑轴顺序；物理format未核验","未评估候选","未评估候选","未评估候选","未核验","未实测","未实测","未实测","未实测","未核验","配置确认 + 数学推导；未核验完整调用链","https://huggingface.co/openbmb/MiniCPM-RobotManip/resolve/29cb257541e9f96f493abe21174f8892e5dffe3f/config.json","未核验","未核验","未核验","未核验","https://huggingface.co/openbmb/MiniCPM-RobotManip/resolve/29cb257541e9f96f493abe21174f8892e5dffe3f/config.json","文本decode/verify；B[1,16],S[1,8]；TP=1逻辑参考；","Y=X+branch（参考，实际残差策略未核验）"
"vlm_config.text_config/layer_9","input_normalization","未核验","norm","[B,S,1024]","[B,S,1024]","B,S,T；其他轴见模型参数","B[1,16];S_verify[1,8];L_KV独立未知；TP=1","config=None；激活/累加类型未核验","未核验","逻辑轴顺序；物理format未核验","逻辑轴顺序；物理format未核验","未评估候选","未评估候选","未评估候选","未核验","未实测","未实测","未实测","未实测","未核验","配置确认 + 数学推导；未核验完整调用链","https://huggingface.co/openbmb/MiniCPM-RobotManip/resolve/29cb257541e9f96f493abe21174f8892e5dffe3f/config.json","未核验","未核验","未核验","未核验","https://huggingface.co/openbmb/MiniCPM-RobotManip/resolve/29cb257541e9f96f493abe21174f8892e5dffe3f/config.json","文本decode/verify；B[1,16],S[1,8]；TP=1逻辑参考；","归一化类型/先后顺序待实现核验"
"vlm_config.text_config/layer_9","q_linear_logical_projection","未核验","GEMM","[B,S,1024]","[B,S,2048]","B,S,T；其他轴见模型参数","B[1,16];S_verify[1,8];L_KV独立未知；TP=1","config=None；激活/累加类型未核验","未核验","逻辑轴顺序；物理format未核验","逻辑轴顺序；物理format未核验","未评估候选","未评估候选","未评估候选","未核验","未实测","未实测","未实测","未实测","未核验","配置确认 + 数学推导；未核验完整调用链","https://huggingface.co/openbmb/MiniCPM-RobotManip/resolve/29cb257541e9f96f493abe21174f8892e5dffe3f/config.json","logical [2048,1024]","未核验","未核验","未核验","https://huggingface.co/openbmb/MiniCPM-RobotManip/resolve/29cb257541e9f96f493abe21174f8892e5dffe3f/config.json","文本decode/verify；B[1,16],S[1,8]；TP=1逻辑参考；只是逻辑分支；实际打包与额外门未知","width=linear_heads*linear_head_dim"
"vlm_config.text_config/layer_9","k_linear_logical_projection","未核验","GEMM","[B,S,1024]","[B,S,2048]","B,S,T；其他轴见模型参数","B[1,16];S_verify[1,8];L_KV独立未知；TP=1","config=None；激活/累加类型未核验","未核验","逻辑轴顺序；物理format未核验","逻辑轴顺序；物理format未核验","未评估候选","未评估候选","未评估候选","未核验","未实测","未实测","未实测","未实测","未核验","配置确认 + 数学推导；未核验完整调用链","https://huggingface.co/openbmb/MiniCPM-RobotManip/resolve/29cb257541e9f96f493abe21174f8892e5dffe3f/config.json","logical [2048,1024]","未核验","未核验","未核验","https://huggingface.co/openbmb/MiniCPM-RobotManip/resolve/29cb257541e9f96f493abe21174f8892e5dffe3f/config.json","文本decode/verify；B[1,16],S[1,8]；TP=1逻辑参考；只是逻辑分支；实际打包与额外门未知","width=linear_heads*linear_head_dim"
"vlm_config.text_config/layer_9","v_linear_logical_projection","未核验","GEMM","[B,S,1024]","[B,S,2048]","B,S,T；其他轴见模型参数","B[1,16];S_verify[1,8];L_KV独立未知；TP=1","config=None；激活/累加类型未核验","未核验","逻辑轴顺序；物理format未核验","逻辑轴顺序；物理format未核验","未评估候选","未评估候选","未评估候选","未核验","未实测","未实测","未实测","未实测","未核验","配置确认 + 数学推导；未核验完整调用链","https://huggingface.co/openbmb/MiniCPM-RobotManip/resolve/29cb257541e9f96f493abe21174f8892e5dffe3f/config.json","logical [2048,1024]","未核验","未核验","未核验","https://huggingface.co/openbmb/MiniCPM-RobotManip/resolve/29cb257541e9f96f493abe21174f8892e5dffe3f/config.json","文本decode/verify；B[1,16],S[1,8]；TP=1逻辑参考；只是逻辑分支；实际打包与额外门未知","width=linear_heads*linear_head_dim"
"vlm_config.text_config/layer_9","linear_conv_and_gated_state","未核验","递归状态","Q,K:[B,S,16,128];V:[B,S,16,128]","[B,S,16,128]","B,S,T；其他轴见模型参数","B[1,16];S_verify[1,8];L_KV独立未知；TP=1","config=None；激活/累加类型未核验","未核验","逻辑轴顺序；物理format未核验","逻辑轴顺序；物理format未核验","未评估候选","未评估候选","未评估候选","未核验","未实测","未实测","未实测","未实测","未核验","配置确认 + 数学推导；未核验完整调用链","https://huggingface.co/openbmb/MiniCPM-RobotManip/resolve/29cb257541e9f96f493abe21174f8892e5dffe3f/config.json","未核验","未核验","未核验","未核验","https://huggingface.co/openbmb/MiniCPM-RobotManip/resolve/29cb257541e9f96f493abe21174f8892e5dffe3f/config.json","文本decode/verify；B[1,16],S[1,8]；TP=1逻辑参考；门控、重复heads与状态cache分派未核验","数学状态候选[B,16,128,128]；conv_kernel=4"
"vlm_config.text_config/layer_9","linear_output_projection","未核验","GEMM","[B,S,2048]","[B,S,1024]","B,S,T；其他轴见模型参数","B[1,16];S_verify[1,8];L_KV独立未知；TP=1","config=None；激活/累加类型未核验","未核验","逻辑轴顺序；物理format未核验","逻辑轴顺序；物理format未核验","未评估候选","未评估候选","未评估候选","未核验","未实测","未实测","未实测","未实测","未核验","配置确认 + 数学推导；未核验完整调用链","https://huggingface.co/openbmb/MiniCPM-RobotManip/resolve/29cb257541e9f96f493abe21174f8892e5dffe3f/config.json","logical [1024,2048]","未核验","未核验","未核验","https://huggingface.co/openbmb/MiniCPM-RobotManip/resolve/29cb257541e9f96f493abe21174f8892e5dffe3f/config.json","文本decode/verify；B[1,16],S[1,8]；TP=1逻辑参考；","Y=X@W^T"
"vlm_config.text_config/layer_9","attention_residual","未核验","elementwise","[B,S,1024];[B,S,1024]","[B,S,1024]","B,S,T；其他轴见模型参数","B[1,16];S_verify[1,8];L_KV独立未知；TP=1","config=None；激活/累加类型未核验","未核验","逻辑轴顺序；物理format未核验","逻辑轴顺序；物理format未核验","未评估候选","未评估候选","未评估候选","未核验","未实测","未实测","未实测","未实测","未核验","配置确认 + 数学推导；未核验完整调用链","https://huggingface.co/openbmb/MiniCPM-RobotManip/resolve/29cb257541e9f96f493abe21174f8892e5dffe3f/config.json","未核验","未核验","未核验","未核验","https://huggingface.co/openbmb/MiniCPM-RobotManip/resolve/29cb257541e9f96f493abe21174f8892e5dffe3f/config.json","文本decode/verify；B[1,16],S[1,8]；TP=1逻辑参考；","Y=X+branch（参考，实际残差策略未核验）"
"vlm_config.text_config/layer_9","post_attention_normalization","未核验","norm","[B,S,1024]","[B,S,1024]","B,S,T；其他轴见模型参数","B[1,16];S_verify[1,8];L_KV独立未知；TP=1","config=None；激活/累加类型未核验","未核验","逻辑轴顺序；物理format未核验","逻辑轴顺序；物理format未核验","未评估候选","未评估候选","未评估候选","未核验","未实测","未实测","未实测","未实测","未核验","配置确认 + 数学推导；未核验完整调用链","https://huggingface.co/openbmb/MiniCPM-RobotManip/resolve/29cb257541e9f96f493abe21174f8892e5dffe3f/config.json","未核验","未核验","未核验","未核验","https://huggingface.co/openbmb/MiniCPM-RobotManip/resolve/29cb257541e9f96f493abe21174f8892e5dffe3f/config.json","文本decode/verify；B[1,16],S[1,8]；TP=1逻辑参考；","类型与位置待源码核验"
"vlm_config.text_config/layer_9","FFN_up","未核验","GEMM","[B,S,1024]","[B,S,3584]","B,S,T；其他轴见模型参数","B[1,16];S_verify[1,8];L_KV独立未知；TP=1","config=None；激活/累加类型未核验","未核验","逻辑轴顺序；物理format未核验","逻辑轴顺序；物理format未核验","未评估候选","未评估候选","未评估候选","未核验","未实测","未实测","未实测","未实测","未核验","配置确认 + 数学推导；未核验完整调用链","https://huggingface.co/openbmb/MiniCPM-RobotManip/resolve/29cb257541e9f96f493abe21174f8892e5dffe3f/config.json","logical [3584,1024]","未核验","未核验","未核验","https://huggingface.co/openbmb/MiniCPM-RobotManip/resolve/29cb257541e9f96f493abe21174f8892e5dffe3f/config.json","文本decode/verify；B[1,16],S[1,8]；TP=1逻辑参考；","Y=X@W^T"
"vlm_config.text_config/layer_9","FFN_activation_and_optional_gate","未核验","activation","[B,S,3584]","[B,S,3584]","B,S,T；其他轴见模型参数","B[1,16];S_verify[1,8];L_KV独立未知；TP=1","config=None；激活/累加类型未核验","未核验","逻辑轴顺序；物理format未核验","逻辑轴顺序；物理format未核验","未评估候选","未评估候选","未评估候选","未核验","未实测","未实测","未实测","未实测","未核验","配置确认 + 数学推导；未核验完整调用链","https://huggingface.co/openbmb/MiniCPM-RobotManip/resolve/29cb257541e9f96f493abe21174f8892e5dffe3f/config.json","未核验","未核验","未核验","未核验","https://huggingface.co/openbmb/MiniCPM-RobotManip/resolve/29cb257541e9f96f493abe21174f8892e5dffe3f/config.json","文本decode/verify；B[1,16],S[1,8]；TP=1逻辑参考；是否额外gate矩阵与门控分支维度需要实现；不能仅由silu推定完整SwiGLU","config.hidden_act=silu"
"vlm_config.text_config/layer_9","FFN_down","未核验","GEMM","[B,S,3584]","[B,S,1024]","B,S,T；其他轴见模型参数","B[1,16];S_verify[1,8];L_KV独立未知；TP=1","config=None；激活/累加类型未核验","未核验","逻辑轴顺序；物理format未核验","逻辑轴顺序；物理format未核验","未评估候选","未评估候选","未评估候选","未核验","未实测","未实测","未实测","未实测","未核验","配置确认 + 数学推导；未核验完整调用链","https://huggingface.co/openbmb/MiniCPM-RobotManip/resolve/29cb257541e9f96f493abe21174f8892e5dffe3f/config.json","logical [1024,3584]","未核验","未核验","未核验","https://huggingface.co/openbmb/MiniCPM-RobotManip/resolve/29cb257541e9f96f493abe21174f8892e5dffe3f/config.json","文本decode/verify；B[1,16],S[1,8]；TP=1逻辑参考；","Y=X@W^T"
"vlm_config.text_config/layer_9","FFN_residual","未核验","elementwise","[B,S,1024];[B,S,1024]","[B,S,1024]","B,S,T；其他轴见模型参数","B[1,16];S_verify[1,8];L_KV独立未知；TP=1","config=None；激活/累加类型未核验","未核验","逻辑轴顺序；物理format未核验","逻辑轴顺序；物理format未核验","未评估候选","未评估候选","未评估候选","未核验","未实测","未实测","未实测","未实测","未核验","配置确认 + 数学推导；未核验完整调用链","https://huggingface.co/openbmb/MiniCPM-RobotManip/resolve/29cb257541e9f96f493abe21174f8892e5dffe3f/config.json","未核验","未核验","未核验","未核验","https://huggingface.co/openbmb/MiniCPM-RobotManip/resolve/29cb257541e9f96f493abe21174f8892e5dffe3f/config.json","文本decode/verify；B[1,16],S[1,8]；TP=1逻辑参考；","Y=X+branch（参考，实际残差策略未核验）"
"vlm_config.text_config/layer_10","input_normalization","未核验","norm","[B,S,1024]","[B,S,1024]","B,S,T；其他轴见模型参数","B[1,16];S_verify[1,8];L_KV独立未知；TP=1","config=None；激活/累加类型未核验","未核验","逻辑轴顺序；物理format未核验","逻辑轴顺序；物理format未核验","未评估候选","未评估候选","未评估候选","未核验","未实测","未实测","未实测","未实测","未核验","配置确认 + 数学推导；未核验完整调用链","https://huggingface.co/openbmb/MiniCPM-RobotManip/resolve/29cb257541e9f96f493abe21174f8892e5dffe3f/config.json","未核验","未核验","未核验","未核验","https://huggingface.co/openbmb/MiniCPM-RobotManip/resolve/29cb257541e9f96f493abe21174f8892e5dffe3f/config.json","文本decode/verify；B[1,16],S[1,8]；TP=1逻辑参考；","归一化类型/先后顺序待实现核验"
"vlm_config.text_config/layer_10","q_linear_logical_projection","未核验","GEMM","[B,S,1024]","[B,S,2048]","B,S,T；其他轴见模型参数","B[1,16];S_verify[1,8];L_KV独立未知；TP=1","config=None；激活/累加类型未核验","未核验","逻辑轴顺序；物理format未核验","逻辑轴顺序；物理format未核验","未评估候选","未评估候选","未评估候选","未核验","未实测","未实测","未实测","未实测","未核验","配置确认 + 数学推导；未核验完整调用链","https://huggingface.co/openbmb/MiniCPM-RobotManip/resolve/29cb257541e9f96f493abe21174f8892e5dffe3f/config.json","logical [2048,1024]","未核验","未核验","未核验","https://huggingface.co/openbmb/MiniCPM-RobotManip/resolve/29cb257541e9f96f493abe21174f8892e5dffe3f/config.json","文本decode/verify；B[1,16],S[1,8]；TP=1逻辑参考；只是逻辑分支；实际打包与额外门未知","width=linear_heads*linear_head_dim"
"vlm_config.text_config/layer_10","k_linear_logical_projection","未核验","GEMM","[B,S,1024]","[B,S,2048]","B,S,T；其他轴见模型参数","B[1,16];S_verify[1,8];L_KV独立未知；TP=1","config=None；激活/累加类型未核验","未核验","逻辑轴顺序；物理format未核验","逻辑轴顺序；物理format未核验","未评估候选","未评估候选","未评估候选","未核验","未实测","未实测","未实测","未实测","未核验","配置确认 + 数学推导；未核验完整调用链","https://huggingface.co/openbmb/MiniCPM-RobotManip/resolve/29cb257541e9f96f493abe21174f8892e5dffe3f/config.json","logical [2048,1024]","未核验","未核验","未核验","https://huggingface.co/openbmb/MiniCPM-RobotManip/resolve/29cb257541e9f96f493abe21174f8892e5dffe3f/config.json","文本decode/verify；B[1,16],S[1,8]；TP=1逻辑参考；只是逻辑分支；实际打包与额外门未知","width=linear_heads*linear_head_dim"
"vlm_config.text_config/layer_10","v_linear_logical_projection","未核验","GEMM","[B,S,1024]","[B,S,2048]","B,S,T；其他轴见模型参数","B[1,16];S_verify[1,8];L_KV独立未知；TP=1","config=None；激活/累加类型未核验","未核验","逻辑轴顺序；物理format未核验","逻辑轴顺序；物理format未核验","未评估候选","未评估候选","未评估候选","未核验","未实测","未实测","未实测","未实测","未核验","配置确认 + 数学推导；未核验完整调用链","https://huggingface.co/openbmb/MiniCPM-RobotManip/resolve/29cb257541e9f96f493abe21174f8892e5dffe3f/config.json","logical [2048,1024]","未核验","未核验","未核验","https://huggingface.co/openbmb/MiniCPM-RobotManip/resolve/29cb257541e9f96f493abe21174f8892e5dffe3f/config.json","文本decode/verify；B[1,16],S[1,8]；TP=1逻辑参考；只是逻辑分支；实际打包与额外门未知","width=linear_heads*linear_head_dim"
"vlm_config.text_config/layer_10","linear_conv_and_gated_state","未核验","递归状态","Q,K:[B,S,16,128];V:[B,S,16,128]","[B,S,16,128]","B,S,T；其他轴见模型参数","B[1,16];S_verify[1,8];L_KV独立未知；TP=1","config=None；激活/累加类型未核验","未核验","逻辑轴顺序；物理format未核验","逻辑轴顺序；物理format未核验","未评估候选","未评估候选","未评估候选","未核验","未实测","未实测","未实测","未实测","未核验","配置确认 + 数学推导；未核验完整调用链","https://huggingface.co/openbmb/MiniCPM-RobotManip/resolve/29cb257541e9f96f493abe21174f8892e5dffe3f/config.json","未核验","未核验","未核验","未核验","https://huggingface.co/openbmb/MiniCPM-RobotManip/resolve/29cb257541e9f96f493abe21174f8892e5dffe3f/config.json","文本decode/verify；B[1,16],S[1,8]；TP=1逻辑参考；门控、重复heads与状态cache分派未核验","数学状态候选[B,16,128,128]；conv_kernel=4"
"vlm_config.text_config/layer_10","linear_output_projection","未核验","GEMM","[B,S,2048]","[B,S,1024]","B,S,T；其他轴见模型参数","B[1,16];S_verify[1,8];L_KV独立未知；TP=1","config=None；激活/累加类型未核验","未核验","逻辑轴顺序；物理format未核验","逻辑轴顺序；物理format未核验","未评估候选","未评估候选","未评估候选","未核验","未实测","未实测","未实测","未实测","未核验","配置确认 + 数学推导；未核验完整调用链","https://huggingface.co/openbmb/MiniCPM-RobotManip/resolve/29cb257541e9f96f493abe21174f8892e5dffe3f/config.json","logical [1024,2048]","未核验","未核验","未核验","https://huggingface.co/openbmb/MiniCPM-RobotManip/resolve/29cb257541e9f96f493abe21174f8892e5dffe3f/config.json","文本decode/verify；B[1,16],S[1,8]；TP=1逻辑参考；","Y=X@W^T"
"vlm_config.text_config/layer_10","attention_residual","未核验","elementwise","[B,S,1024];[B,S,1024]","[B,S,1024]","B,S,T；其他轴见模型参数","B[1,16];S_verify[1,8];L_KV独立未知；TP=1","config=None；激活/累加类型未核验","未核验","逻辑轴顺序；物理format未核验","逻辑轴顺序；物理format未核验","未评估候选","未评估候选","未评估候选","未核验","未实测","未实测","未实测","未实测","未核验","配置确认 + 数学推导；未核验完整调用链","https://huggingface.co/openbmb/MiniCPM-RobotManip/resolve/29cb257541e9f96f493abe21174f8892e5dffe3f/config.json","未核验","未核验","未核验","未核验","https://huggingface.co/openbmb/MiniCPM-RobotManip/resolve/29cb257541e9f96f493abe21174f8892e5dffe3f/config.json","文本decode/verify；B[1,16],S[1,8]；TP=1逻辑参考；","Y=X+branch（参考，实际残差策略未核验）"
"vlm_config.text_config/layer_10","post_attention_normalization","未核验","norm","[B,S,1024]","[B,S,1024]","B,S,T；其他轴见模型参数","B[1,16];S_verify[1,8];L_KV独立未知；TP=1","config=None；激活/累加类型未核验","未核验","逻辑轴顺序；物理format未核验","逻辑轴顺序；物理format未核验","未评估候选","未评估候选","未评估候选","未核验","未实测","未实测","未实测","未实测","未核验","配置确认 + 数学推导；未核验完整调用链","https://huggingface.co/openbmb/MiniCPM-RobotManip/resolve/29cb257541e9f96f493abe21174f8892e5dffe3f/config.json","未核验","未核验","未核验","未核验","https://huggingface.co/openbmb/MiniCPM-RobotManip/resolve/29cb257541e9f96f493abe21174f8892e5dffe3f/config.json","文本decode/verify；B[1,16],S[1,8]；TP=1逻辑参考；","类型与位置待源码核验"
"vlm_config.text_config/layer_10","FFN_up","未核验","GEMM","[B,S,1024]","[B,S,3584]","B,S,T；其他轴见模型参数","B[1,16];S_verify[1,8];L_KV独立未知；TP=1","config=None；激活/累加类型未核验","未核验","逻辑轴顺序；物理format未核验","逻辑轴顺序；物理format未核验","未评估候选","未评估候选","未评估候选","未核验","未实测","未实测","未实测","未实测","未核验","配置确认 + 数学推导；未核验完整调用链","https://huggingface.co/openbmb/MiniCPM-RobotManip/resolve/29cb257541e9f96f493abe21174f8892e5dffe3f/config.json","logical [3584,1024]","未核验","未核验","未核验","https://huggingface.co/openbmb/MiniCPM-RobotManip/resolve/29cb257541e9f96f493abe21174f8892e5dffe3f/config.json","文本decode/verify；B[1,16],S[1,8]；TP=1逻辑参考；","Y=X@W^T"
"vlm_config.text_config/layer_10","FFN_activation_and_optional_gate","未核验","activation","[B,S,3584]","[B,S,3584]","B,S,T；其他轴见模型参数","B[1,16];S_verify[1,8];L_KV独立未知；TP=1","config=None；激活/累加类型未核验","未核验","逻辑轴顺序；物理format未核验","逻辑轴顺序；物理format未核验","未评估候选","未评估候选","未评估候选","未核验","未实测","未实测","未实测","未实测","未核验","配置确认 + 数学推导；未核验完整调用链","https://huggingface.co/openbmb/MiniCPM-RobotManip/resolve/29cb257541e9f96f493abe21174f8892e5dffe3f/config.json","未核验","未核验","未核验","未核验","https://huggingface.co/openbmb/MiniCPM-RobotManip/resolve/29cb257541e9f96f493abe21174f8892e5dffe3f/config.json","文本decode/verify；B[1,16],S[1,8]；TP=1逻辑参考；是否额外gate矩阵与门控分支维度需要实现；不能仅由silu推定完整SwiGLU","config.hidden_act=silu"
"vlm_config.text_config/layer_10","FFN_down","未核验","GEMM","[B,S,3584]","[B,S,1024]","B,S,T；其他轴见模型参数","B[1,16];S_verify[1,8];L_KV独立未知；TP=1","config=None；激活/累加类型未核验","未核验","逻辑轴顺序；物理format未核验","逻辑轴顺序；物理format未核验","未评估候选","未评估候选","未评估候选","未核验","未实测","未实测","未实测","未实测","未核验","配置确认 + 数学推导；未核验完整调用链","https://huggingface.co/openbmb/MiniCPM-RobotManip/resolve/29cb257541e9f96f493abe21174f8892e5dffe3f/config.json","logical [1024,3584]","未核验","未核验","未核验","https://huggingface.co/openbmb/MiniCPM-RobotManip/resolve/29cb257541e9f96f493abe21174f8892e5dffe3f/config.json","文本decode/verify；B[1,16],S[1,8]；TP=1逻辑参考；","Y=X@W^T"
"vlm_config.text_config/layer_10","FFN_residual","未核验","elementwise","[B,S,1024];[B,S,1024]","[B,S,1024]","B,S,T；其他轴见模型参数","B[1,16];S_verify[1,8];L_KV独立未知；TP=1","config=None；激活/累加类型未核验","未核验","逻辑轴顺序；物理format未核验","逻辑轴顺序；物理format未核验","未评估候选","未评估候选","未评估候选","未核验","未实测","未实测","未实测","未实测","未核验","配置确认 + 数学推导；未核验完整调用链","https://huggingface.co/openbmb/MiniCPM-RobotManip/resolve/29cb257541e9f96f493abe21174f8892e5dffe3f/config.json","未核验","未核验","未核验","未核验","https://huggingface.co/openbmb/MiniCPM-RobotManip/resolve/29cb257541e9f96f493abe21174f8892e5dffe3f/config.json","文本decode/verify；B[1,16],S[1,8]；TP=1逻辑参考；","Y=X+branch（参考，实际残差策略未核验）"
"vlm_config.text_config/layer_11","input_normalization","未核验","norm","[B,S,1024]","[B,S,1024]","B,S,T；其他轴见模型参数","B[1,16];S_verify[1,8];L_KV独立未知；TP=1","config=None；激活/累加类型未核验","未核验","逻辑轴顺序；物理format未核验","逻辑轴顺序；物理format未核验","未评估候选","未评估候选","未评估候选","未核验","未实测","未实测","未实测","未实测","未核验","配置确认 + 数学推导；未核验完整调用链","https://huggingface.co/openbmb/MiniCPM-RobotManip/resolve/29cb257541e9f96f493abe21174f8892e5dffe3f/config.json","未核验","未核验","未核验","未核验","https://huggingface.co/openbmb/MiniCPM-RobotManip/resolve/29cb257541e9f96f493abe21174f8892e5dffe3f/config.json","文本decode/verify；B[1,16],S[1,8]；TP=1逻辑参考；","归一化类型/先后顺序待实现核验"
"vlm_config.text_config/layer_11","q_projection","未核验","GEMM","[B,S,1024]","[B,S,2048]","B,S,T；其他轴见模型参数","B[1,16];S_verify[1,8];L_KV独立未知；TP=1","config=None；激活/累加类型未核验","未核验","逻辑轴顺序；物理format未核验","逻辑轴顺序；物理format未核验","未评估候选","未评估候选","未评估候选","未核验","未实测","未实测","未实测","未实测","未核验","配置确认 + 数学推导；未核验完整调用链","https://huggingface.co/openbmb/MiniCPM-RobotManip/resolve/29cb257541e9f96f493abe21174f8892e5dffe3f/config.json","未核验","未核验","未核验","未核验","https://huggingface.co/openbmb/MiniCPM-RobotManip/resolve/29cb257541e9f96f493abe21174f8892e5dffe3f/config.json","文本decode/verify；B[1,16],S[1,8]；TP=1逻辑参考；仅Q逻辑分支；额外门和融合打包另核验","Y=X@W^T; width=heads*head_dim"
"vlm_config.text_config/layer_11","k_projection","未核验","GEMM","[B,S,1024]","[B,S,512]","B,S,T；其他轴见模型参数","B[1,16];S_verify[1,8];L_KV独立未知；TP=1","config=None；激活/累加类型未核验","未核验","逻辑轴顺序；物理format未核验","逻辑轴顺序；物理format未核验","未评估候选","未评估候选","未评估候选","未核验","未实测","未实测","未实测","未实测","未核验","配置确认 + 数学推导；未核验完整调用链","https://huggingface.co/openbmb/MiniCPM-RobotManip/resolve/29cb257541e9f96f493abe21174f8892e5dffe3f/config.json","logical [512,1024]","未核验","未核验","未核验","https://huggingface.co/openbmb/MiniCPM-RobotManip/resolve/29cb257541e9f96f493abe21174f8892e5dffe3f/config.json","文本decode/verify；B[1,16],S[1,8]；TP=1逻辑参考；独立逻辑矩阵，不断言实际融合与存储","Y=X@W^T; width=heads*head_dim"
"vlm_config.text_config/layer_11","v_projection","未核验","GEMM","[B,S,1024]","[B,S,512]","B,S,T；其他轴见模型参数","B[1,16];S_verify[1,8];L_KV独立未知；TP=1","config=None；激活/累加类型未核验","未核验","逻辑轴顺序；物理format未核验","逻辑轴顺序；物理format未核验","未评估候选","未评估候选","未评估候选","未核验","未实测","未实测","未实测","未实测","未核验","配置确认 + 数学推导；未核验完整调用链","https://huggingface.co/openbmb/MiniCPM-RobotManip/resolve/29cb257541e9f96f493abe21174f8892e5dffe3f/config.json","logical [512,1024]","未核验","未核验","未核验","https://huggingface.co/openbmb/MiniCPM-RobotManip/resolve/29cb257541e9f96f493abe21174f8892e5dffe3f/config.json","文本decode/verify；B[1,16],S[1,8]；TP=1逻辑参考；独立逻辑矩阵，不断言实际融合与存储","Y=X@W^T; width=heads*head_dim"
"vlm_config.text_config/layer_11","position_and_cache","未核验","位置/缓存","Q,K,V projected; B,S","Q:[B,8,S,256]; K,V:[B,2,L_KV,256]","B,S,T；其他轴见模型参数","B[1,16];S_verify[1,8];L_KV独立未知；TP=1","config=None；激活/累加类型未核验","未核验","逻辑轴顺序；物理format未核验","逻辑轴顺序；物理format未核验","未评估候选","未评估候选","未评估候选","未核验","未实测","未实测","未实测","未实测","未核验","配置确认 + 数学推导；未核验完整调用链","https://huggingface.co/openbmb/MiniCPM-RobotManip/resolve/29cb257541e9f96f493abe21174f8892e5dffe3f/config.json","未核验","未核验","未核验","未核验","https://huggingface.co/openbmb/MiniCPM-RobotManip/resolve/29cb257541e9f96f493abe21174f8892e5dffe3f/config.json","文本decode/verify；B[1,16],S[1,8]；TP=1逻辑参考；","文本decode/verify；B[1,16],S[1,8]；TP=1逻辑参考；位置编码与物理layout需实现核验"
"vlm_config.text_config/layer_11","attention","未核验","attention","Q:[B,8,S,256];K,V:[B,2,L_KV,256]","[B,8,S,256]","B,S,T；其他轴见模型参数","B[1,16];S_verify[1,8];L_KV独立未知；TP=1","config=None；激活/累加类型未核验","未核验","逻辑轴顺序；物理format未核验","逻辑轴顺序；物理format未核验","未评估候选","未评估候选","未评估候选","未核验","未实测","未实测","未实测","未实测","未核验","配置确认 + 数学推导；未核验完整调用链","https://huggingface.co/openbmb/MiniCPM-RobotManip/resolve/29cb257541e9f96f493abe21174f8892e5dffe3f/config.json","未核验","未核验","未核验","未核验","https://huggingface.co/openbmb/MiniCPM-RobotManip/resolve/29cb257541e9f96f493abe21174f8892e5dffe3f/config.json","文本decode/verify；B[1,16],S[1,8]；TP=1逻辑参考；稀疏选块/线性分支需按实现，不能据此声称稠密执行或峰值中间内存","softmax(QK^T / sqrt(head_dim) + mask)V（数学参考）"
"vlm_config.text_config/layer_11","output_projection","未核验","GEMM","[B,S,2048]","[B,S,1024]","B,S,T；其他轴见模型参数","B[1,16];S_verify[1,8];L_KV独立未知；TP=1","config=None；激活/累加类型未核验","未核验","逻辑轴顺序；物理format未核验","逻辑轴顺序；物理format未核验","未评估候选","未评估候选","未评估候选","未核验","未实测","未实测","未实测","未实测","未核验","配置确认 + 数学推导；未核验完整调用链","https://huggingface.co/openbmb/MiniCPM-RobotManip/resolve/29cb257541e9f96f493abe21174f8892e5dffe3f/config.json","logical [1024,2048]","未核验","未核验","未核验","https://huggingface.co/openbmb/MiniCPM-RobotManip/resolve/29cb257541e9f96f493abe21174f8892e5dffe3f/config.json","文本decode/verify；B[1,16],S[1,8]；TP=1逻辑参考；","Y=X@W^T"
"vlm_config.text_config/layer_11","attention_residual","未核验","elementwise","[B,S,1024];[B,S,1024]","[B,S,1024]","B,S,T；其他轴见模型参数","B[1,16];S_verify[1,8];L_KV独立未知；TP=1","config=None；激活/累加类型未核验","未核验","逻辑轴顺序；物理format未核验","逻辑轴顺序；物理format未核验","未评估候选","未评估候选","未评估候选","未核验","未实测","未实测","未实测","未实测","未核验","配置确认 + 数学推导；未核验完整调用链","https://huggingface.co/openbmb/MiniCPM-RobotManip/resolve/29cb257541e9f96f493abe21174f8892e5dffe3f/config.json","未核验","未核验","未核验","未核验","https://huggingface.co/openbmb/MiniCPM-RobotManip/resolve/29cb257541e9f96f493abe21174f8892e5dffe3f/config.json","文本decode/verify；B[1,16],S[1,8]；TP=1逻辑参考；","Y=X+branch（参考，实际残差策略未核验）"
"vlm_config.text_config/layer_11","post_attention_normalization","未核验","norm","[B,S,1024]","[B,S,1024]","B,S,T；其他轴见模型参数","B[1,16];S_verify[1,8];L_KV独立未知；TP=1","config=None；激活/累加类型未核验","未核验","逻辑轴顺序；物理format未核验","逻辑轴顺序；物理format未核验","未评估候选","未评估候选","未评估候选","未核验","未实测","未实测","未实测","未实测","未核验","配置确认 + 数学推导；未核验完整调用链","https://huggingface.co/openbmb/MiniCPM-RobotManip/resolve/29cb257541e9f96f493abe21174f8892e5dffe3f/config.json","未核验","未核验","未核验","未核验","https://huggingface.co/openbmb/MiniCPM-RobotManip/resolve/29cb257541e9f96f493abe21174f8892e5dffe3f/config.json","文本decode/verify；B[1,16],S[1,8]；TP=1逻辑参考；","类型与位置待源码核验"
"vlm_config.text_config/layer_11","FFN_up","未核验","GEMM","[B,S,1024]","[B,S,3584]","B,S,T；其他轴见模型参数","B[1,16];S_verify[1,8];L_KV独立未知；TP=1","config=None；激活/累加类型未核验","未核验","逻辑轴顺序；物理format未核验","逻辑轴顺序；物理format未核验","未评估候选","未评估候选","未评估候选","未核验","未实测","未实测","未实测","未实测","未核验","配置确认 + 数学推导；未核验完整调用链","https://huggingface.co/openbmb/MiniCPM-RobotManip/resolve/29cb257541e9f96f493abe21174f8892e5dffe3f/config.json","logical [3584,1024]","未核验","未核验","未核验","https://huggingface.co/openbmb/MiniCPM-RobotManip/resolve/29cb257541e9f96f493abe21174f8892e5dffe3f/config.json","文本decode/verify；B[1,16],S[1,8]；TP=1逻辑参考；","Y=X@W^T"
"vlm_config.text_config/layer_11","FFN_activation_and_optional_gate","未核验","activation","[B,S,3584]","[B,S,3584]","B,S,T；其他轴见模型参数","B[1,16];S_verify[1,8];L_KV独立未知；TP=1","config=None；激活/累加类型未核验","未核验","逻辑轴顺序；物理format未核验","逻辑轴顺序；物理format未核验","未评估候选","未评估候选","未评估候选","未核验","未实测","未实测","未实测","未实测","未核验","配置确认 + 数学推导；未核验完整调用链","https://huggingface.co/openbmb/MiniCPM-RobotManip/resolve/29cb257541e9f96f493abe21174f8892e5dffe3f/config.json","未核验","未核验","未核验","未核验","https://huggingface.co/openbmb/MiniCPM-RobotManip/resolve/29cb257541e9f96f493abe21174f8892e5dffe3f/config.json","文本decode/verify；B[1,16],S[1,8]；TP=1逻辑参考；是否额外gate矩阵与门控分支维度需要实现；不能仅由silu推定完整SwiGLU","config.hidden_act=silu"
"vlm_config.text_config/layer_11","FFN_down","未核验","GEMM","[B,S,3584]","[B,S,1024]","B,S,T；其他轴见模型参数","B[1,16];S_verify[1,8];L_KV独立未知；TP=1","config=None；激活/累加类型未核验","未核验","逻辑轴顺序；物理format未核验","逻辑轴顺序；物理format未核验","未评估候选","未评估候选","未评估候选","未核验","未实测","未实测","未实测","未实测","未核验","配置确认 + 数学推导；未核验完整调用链","https://huggingface.co/openbmb/MiniCPM-RobotManip/resolve/29cb257541e9f96f493abe21174f8892e5dffe3f/config.json","logical [1024,3584]","未核验","未核验","未核验","https://huggingface.co/openbmb/MiniCPM-RobotManip/resolve/29cb257541e9f96f493abe21174f8892e5dffe3f/config.json","文本decode/verify；B[1,16],S[1,8]；TP=1逻辑参考；","Y=X@W^T"
"vlm_config.text_config/layer_11","FFN_residual","未核验","elementwise","[B,S,1024];[B,S,1024]","[B,S,1024]","B,S,T；其他轴见模型参数","B[1,16];S_verify[1,8];L_KV独立未知；TP=1","config=None；激活/累加类型未核验","未核验","逻辑轴顺序；物理format未核验","逻辑轴顺序；物理format未核验","未评估候选","未评估候选","未评估候选","未核验","未实测","未实测","未实测","未实测","未核验","配置确认 + 数学推导；未核验完整调用链","https://huggingface.co/openbmb/MiniCPM-RobotManip/resolve/29cb257541e9f96f493abe21174f8892e5dffe3f/config.json","未核验","未核验","未核验","未核验","https://huggingface.co/openbmb/MiniCPM-RobotManip/resolve/29cb257541e9f96f493abe21174f8892e5dffe3f/config.json","文本decode/verify；B[1,16],S[1,8]；TP=1逻辑参考；","Y=X+branch（参考，实际残差策略未核验）"
"vlm_config.text_config/layer_12","input_normalization","未核验","norm","[B,S,1024]","[B,S,1024]","B,S,T；其他轴见模型参数","B[1,16];S_verify[1,8];L_KV独立未知；TP=1","config=None；激活/累加类型未核验","未核验","逻辑轴顺序；物理format未核验","逻辑轴顺序；物理format未核验","未评估候选","未评估候选","未评估候选","未核验","未实测","未实测","未实测","未实测","未核验","配置确认 + 数学推导；未核验完整调用链","https://huggingface.co/openbmb/MiniCPM-RobotManip/resolve/29cb257541e9f96f493abe21174f8892e5dffe3f/config.json","未核验","未核验","未核验","未核验","https://huggingface.co/openbmb/MiniCPM-RobotManip/resolve/29cb257541e9f96f493abe21174f8892e5dffe3f/config.json","文本decode/verify；B[1,16],S[1,8]；TP=1逻辑参考；","归一化类型/先后顺序待实现核验"
"vlm_config.text_config/layer_12","q_linear_logical_projection","未核验","GEMM","[B,S,1024]","[B,S,2048]","B,S,T；其他轴见模型参数","B[1,16];S_verify[1,8];L_KV独立未知；TP=1","config=None；激活/累加类型未核验","未核验","逻辑轴顺序；物理format未核验","逻辑轴顺序；物理format未核验","未评估候选","未评估候选","未评估候选","未核验","未实测","未实测","未实测","未实测","未核验","配置确认 + 数学推导；未核验完整调用链","https://huggingface.co/openbmb/MiniCPM-RobotManip/resolve/29cb257541e9f96f493abe21174f8892e5dffe3f/config.json","logical [2048,1024]","未核验","未核验","未核验","https://huggingface.co/openbmb/MiniCPM-RobotManip/resolve/29cb257541e9f96f493abe21174f8892e5dffe3f/config.json","文本decode/verify；B[1,16],S[1,8]；TP=1逻辑参考；只是逻辑分支；实际打包与额外门未知","width=linear_heads*linear_head_dim"
"vlm_config.text_config/layer_12","k_linear_logical_projection","未核验","GEMM","[B,S,1024]","[B,S,2048]","B,S,T；其他轴见模型参数","B[1,16];S_verify[1,8];L_KV独立未知；TP=1","config=None；激活/累加类型未核验","未核验","逻辑轴顺序；物理format未核验","逻辑轴顺序；物理format未核验","未评估候选","未评估候选","未评估候选","未核验","未实测","未实测","未实测","未实测","未核验","配置确认 + 数学推导；未核验完整调用链","https://huggingface.co/openbmb/MiniCPM-RobotManip/resolve/29cb257541e9f96f493abe21174f8892e5dffe3f/config.json","logical [2048,1024]","未核验","未核验","未核验","https://huggingface.co/openbmb/MiniCPM-RobotManip/resolve/29cb257541e9f96f493abe21174f8892e5dffe3f/config.json","文本decode/verify；B[1,16],S[1,8]；TP=1逻辑参考；只是逻辑分支；实际打包与额外门未知","width=linear_heads*linear_head_dim"
"vlm_config.text_config/layer_12","v_linear_logical_projection","未核验","GEMM","[B,S,1024]","[B,S,2048]","B,S,T；其他轴见模型参数","B[1,16];S_verify[1,8];L_KV独立未知；TP=1","config=None；激活/累加类型未核验","未核验","逻辑轴顺序；物理format未核验","逻辑轴顺序；物理format未核验","未评估候选","未评估候选","未评估候选","未核验","未实测","未实测","未实测","未实测","未核验","配置确认 + 数学推导；未核验完整调用链","https://huggingface.co/openbmb/MiniCPM-RobotManip/resolve/29cb257541e9f96f493abe21174f8892e5dffe3f/config.json","logical [2048,1024]","未核验","未核验","未核验","https://huggingface.co/openbmb/MiniCPM-RobotManip/resolve/29cb257541e9f96f493abe21174f8892e5dffe3f/config.json","文本decode/verify；B[1,16],S[1,8]；TP=1逻辑参考；只是逻辑分支；实际打包与额外门未知","width=linear_heads*linear_head_dim"
"vlm_config.text_config/layer_12","linear_conv_and_gated_state","未核验","递归状态","Q,K:[B,S,16,128];V:[B,S,16,128]","[B,S,16,128]","B,S,T；其他轴见模型参数","B[1,16];S_verify[1,8];L_KV独立未知；TP=1","config=None；激活/累加类型未核验","未核验","逻辑轴顺序；物理format未核验","逻辑轴顺序；物理format未核验","未评估候选","未评估候选","未评估候选","未核验","未实测","未实测","未实测","未实测","未核验","配置确认 + 数学推导；未核验完整调用链","https://huggingface.co/openbmb/MiniCPM-RobotManip/resolve/29cb257541e9f96f493abe21174f8892e5dffe3f/config.json","未核验","未核验","未核验","未核验","https://huggingface.co/openbmb/MiniCPM-RobotManip/resolve/29cb257541e9f96f493abe21174f8892e5dffe3f/config.json","文本decode/verify；B[1,16],S[1,8]；TP=1逻辑参考；门控、重复heads与状态cache分派未核验","数学状态候选[B,16,128,128]；conv_kernel=4"
"vlm_config.text_config/layer_12","linear_output_projection","未核验","GEMM","[B,S,2048]","[B,S,1024]","B,S,T；其他轴见模型参数","B[1,16];S_verify[1,8];L_KV独立未知；TP=1","config=None；激活/累加类型未核验","未核验","逻辑轴顺序；物理format未核验","逻辑轴顺序；物理format未核验","未评估候选","未评估候选","未评估候选","未核验","未实测","未实测","未实测","未实测","未核验","配置确认 + 数学推导；未核验完整调用链","https://huggingface.co/openbmb/MiniCPM-RobotManip/resolve/29cb257541e9f96f493abe21174f8892e5dffe3f/config.json","logical [1024,2048]","未核验","未核验","未核验","https://huggingface.co/openbmb/MiniCPM-RobotManip/resolve/29cb257541e9f96f493abe21174f8892e5dffe3f/config.json","文本decode/verify；B[1,16],S[1,8]；TP=1逻辑参考；","Y=X@W^T"
"vlm_config.text_config/layer_12","attention_residual","未核验","elementwise","[B,S,1024];[B,S,1024]","[B,S,1024]","B,S,T；其他轴见模型参数","B[1,16];S_verify[1,8];L_KV独立未知；TP=1","config=None；激活/累加类型未核验","未核验","逻辑轴顺序；物理format未核验","逻辑轴顺序；物理format未核验","未评估候选","未评估候选","未评估候选","未核验","未实测","未实测","未实测","未实测","未核验","配置确认 + 数学推导；未核验完整调用链","https://huggingface.co/openbmb/MiniCPM-RobotManip/resolve/29cb257541e9f96f493abe21174f8892e5dffe3f/config.json","未核验","未核验","未核验","未核验","https://huggingface.co/openbmb/MiniCPM-RobotManip/resolve/29cb257541e9f96f493abe21174f8892e5dffe3f/config.json","文本decode/verify；B[1,16],S[1,8]；TP=1逻辑参考；","Y=X+branch（参考，实际残差策略未核验）"
"vlm_config.text_config/layer_12","post_attention_normalization","未核验","norm","[B,S,1024]","[B,S,1024]","B,S,T；其他轴见模型参数","B[1,16];S_verify[1,8];L_KV独立未知；TP=1","config=None；激活/累加类型未核验","未核验","逻辑轴顺序；物理format未核验","逻辑轴顺序；物理format未核验","未评估候选","未评估候选","未评估候选","未核验","未实测","未实测","未实测","未实测","未核验","配置确认 + 数学推导；未核验完整调用链","https://huggingface.co/openbmb/MiniCPM-RobotManip/resolve/29cb257541e9f96f493abe21174f8892e5dffe3f/config.json","未核验","未核验","未核验","未核验","https://huggingface.co/openbmb/MiniCPM-RobotManip/resolve/29cb257541e9f96f493abe21174f8892e5dffe3f/config.json","文本decode/verify；B[1,16],S[1,8]；TP=1逻辑参考；","类型与位置待源码核验"
"vlm_config.text_config/layer_12","FFN_up","未核验","GEMM","[B,S,1024]","[B,S,3584]","B,S,T；其他轴见模型参数","B[1,16];S_verify[1,8];L_KV独立未知；TP=1","config=None；激活/累加类型未核验","未核验","逻辑轴顺序；物理format未核验","逻辑轴顺序；物理format未核验","未评估候选","未评估候选","未评估候选","未核验","未实测","未实测","未实测","未实测","未核验","配置确认 + 数学推导；未核验完整调用链","https://huggingface.co/openbmb/MiniCPM-RobotManip/resolve/29cb257541e9f96f493abe21174f8892e5dffe3f/config.json","logical [3584,1024]","未核验","未核验","未核验","https://huggingface.co/openbmb/MiniCPM-RobotManip/resolve/29cb257541e9f96f493abe21174f8892e5dffe3f/config.json","文本decode/verify；B[1,16],S[1,8]；TP=1逻辑参考；","Y=X@W^T"
"vlm_config.text_config/layer_12","FFN_activation_and_optional_gate","未核验","activation","[B,S,3584]","[B,S,3584]","B,S,T；其他轴见模型参数","B[1,16];S_verify[1,8];L_KV独立未知；TP=1","config=None；激活/累加类型未核验","未核验","逻辑轴顺序；物理format未核验","逻辑轴顺序；物理format未核验","未评估候选","未评估候选","未评估候选","未核验","未实测","未实测","未实测","未实测","未核验","配置确认 + 数学推导；未核验完整调用链","https://huggingface.co/openbmb/MiniCPM-RobotManip/resolve/29cb257541e9f96f493abe21174f8892e5dffe3f/config.json","未核验","未核验","未核验","未核验","https://huggingface.co/openbmb/MiniCPM-RobotManip/resolve/29cb257541e9f96f493abe21174f8892e5dffe3f/config.json","文本decode/verify；B[1,16],S[1,8]；TP=1逻辑参考；是否额外gate矩阵与门控分支维度需要实现；不能仅由silu推定完整SwiGLU","config.hidden_act=silu"
"vlm_config.text_config/layer_12","FFN_down","未核验","GEMM","[B,S,3584]","[B,S,1024]","B,S,T；其他轴见模型参数","B[1,16];S_verify[1,8];L_KV独立未知；TP=1","config=None；激活/累加类型未核验","未核验","逻辑轴顺序；物理format未核验","逻辑轴顺序；物理format未核验","未评估候选","未评估候选","未评估候选","未核验","未实测","未实测","未实测","未实测","未核验","配置确认 + 数学推导；未核验完整调用链","https://huggingface.co/openbmb/MiniCPM-RobotManip/resolve/29cb257541e9f96f493abe21174f8892e5dffe3f/config.json","logical [1024,3584]","未核验","未核验","未核验","https://huggingface.co/openbmb/MiniCPM-RobotManip/resolve/29cb257541e9f96f493abe21174f8892e5dffe3f/config.json","文本decode/verify；B[1,16],S[1,8]；TP=1逻辑参考；","Y=X@W^T"
"vlm_config.text_config/layer_12","FFN_residual","未核验","elementwise","[B,S,1024];[B,S,1024]","[B,S,1024]","B,S,T；其他轴见模型参数","B[1,16];S_verify[1,8];L_KV独立未知；TP=1","config=None；激活/累加类型未核验","未核验","逻辑轴顺序；物理format未核验","逻辑轴顺序；物理format未核验","未评估候选","未评估候选","未评估候选","未核验","未实测","未实测","未实测","未实测","未核验","配置确认 + 数学推导；未核验完整调用链","https://huggingface.co/openbmb/MiniCPM-RobotManip/resolve/29cb257541e9f96f493abe21174f8892e5dffe3f/config.json","未核验","未核验","未核验","未核验","https://huggingface.co/openbmb/MiniCPM-RobotManip/resolve/29cb257541e9f96f493abe21174f8892e5dffe3f/config.json","文本decode/verify；B[1,16],S[1,8]；TP=1逻辑参考；","Y=X+branch（参考，实际残差策略未核验）"
"vlm_config.text_config/layer_13","input_normalization","未核验","norm","[B,S,1024]","[B,S,1024]","B,S,T；其他轴见模型参数","B[1,16];S_verify[1,8];L_KV独立未知；TP=1","config=None；激活/累加类型未核验","未核验","逻辑轴顺序；物理format未核验","逻辑轴顺序；物理format未核验","未评估候选","未评估候选","未评估候选","未核验","未实测","未实测","未实测","未实测","未核验","配置确认 + 数学推导；未核验完整调用链","https://huggingface.co/openbmb/MiniCPM-RobotManip/resolve/29cb257541e9f96f493abe21174f8892e5dffe3f/config.json","未核验","未核验","未核验","未核验","https://huggingface.co/openbmb/MiniCPM-RobotManip/resolve/29cb257541e9f96f493abe21174f8892e5dffe3f/config.json","文本decode/verify；B[1,16],S[1,8]；TP=1逻辑参考；","归一化类型/先后顺序待实现核验"
"vlm_config.text_config/layer_13","q_linear_logical_projection","未核验","GEMM","[B,S,1024]","[B,S,2048]","B,S,T；其他轴见模型参数","B[1,16];S_verify[1,8];L_KV独立未知；TP=1","config=None；激活/累加类型未核验","未核验","逻辑轴顺序；物理format未核验","逻辑轴顺序；物理format未核验","未评估候选","未评估候选","未评估候选","未核验","未实测","未实测","未实测","未实测","未核验","配置确认 + 数学推导；未核验完整调用链","https://huggingface.co/openbmb/MiniCPM-RobotManip/resolve/29cb257541e9f96f493abe21174f8892e5dffe3f/config.json","logical [2048,1024]","未核验","未核验","未核验","https://huggingface.co/openbmb/MiniCPM-RobotManip/resolve/29cb257541e9f96f493abe21174f8892e5dffe3f/config.json","文本decode/verify；B[1,16],S[1,8]；TP=1逻辑参考；只是逻辑分支；实际打包与额外门未知","width=linear_heads*linear_head_dim"
"vlm_config.text_config/layer_13","k_linear_logical_projection","未核验","GEMM","[B,S,1024]","[B,S,2048]","B,S,T；其他轴见模型参数","B[1,16];S_verify[1,8];L_KV独立未知；TP=1","config=None；激活/累加类型未核验","未核验","逻辑轴顺序；物理format未核验","逻辑轴顺序；物理format未核验","未评估候选","未评估候选","未评估候选","未核验","未实测","未实测","未实测","未实测","未核验","配置确认 + 数学推导；未核验完整调用链","https://huggingface.co/openbmb/MiniCPM-RobotManip/resolve/29cb257541e9f96f493abe21174f8892e5dffe3f/config.json","logical [2048,1024]","未核验","未核验","未核验","https://huggingface.co/openbmb/MiniCPM-RobotManip/resolve/29cb257541e9f96f493abe21174f8892e5dffe3f/config.json","文本decode/verify；B[1,16],S[1,8]；TP=1逻辑参考；只是逻辑分支；实际打包与额外门未知","width=linear_heads*linear_head_dim"
"vlm_config.text_config/layer_13","v_linear_logical_projection","未核验","GEMM","[B,S,1024]","[B,S,2048]","B,S,T；其他轴见模型参数","B[1,16];S_verify[1,8];L_KV独立未知；TP=1","config=None；激活/累加类型未核验","未核验","逻辑轴顺序；物理format未核验","逻辑轴顺序；物理format未核验","未评估候选","未评估候选","未评估候选","未核验","未实测","未实测","未实测","未实测","未核验","配置确认 + 数学推导；未核验完整调用链","https://huggingface.co/openbmb/MiniCPM-RobotManip/resolve/29cb257541e9f96f493abe21174f8892e5dffe3f/config.json","logical [2048,1024]","未核验","未核验","未核验","https://huggingface.co/openbmb/MiniCPM-RobotManip/resolve/29cb257541e9f96f493abe21174f8892e5dffe3f/config.json","文本decode/verify；B[1,16],S[1,8]；TP=1逻辑参考；只是逻辑分支；实际打包与额外门未知","width=linear_heads*linear_head_dim"
"vlm_config.text_config/layer_13","linear_conv_and_gated_state","未核验","递归状态","Q,K:[B,S,16,128];V:[B,S,16,128]","[B,S,16,128]","B,S,T；其他轴见模型参数","B[1,16];S_verify[1,8];L_KV独立未知；TP=1","config=None；激活/累加类型未核验","未核验","逻辑轴顺序；物理format未核验","逻辑轴顺序；物理format未核验","未评估候选","未评估候选","未评估候选","未核验","未实测","未实测","未实测","未实测","未核验","配置确认 + 数学推导；未核验完整调用链","https://huggingface.co/openbmb/MiniCPM-RobotManip/resolve/29cb257541e9f96f493abe21174f8892e5dffe3f/config.json","未核验","未核验","未核验","未核验","https://huggingface.co/openbmb/MiniCPM-RobotManip/resolve/29cb257541e9f96f493abe21174f8892e5dffe3f/config.json","文本decode/verify；B[1,16],S[1,8]；TP=1逻辑参考；门控、重复heads与状态cache分派未核验","数学状态候选[B,16,128,128]；conv_kernel=4"
"vlm_config.text_config/layer_13","linear_output_projection","未核验","GEMM","[B,S,2048]","[B,S,1024]","B,S,T；其他轴见模型参数","B[1,16];S_verify[1,8];L_KV独立未知；TP=1","config=None；激活/累加类型未核验","未核验","逻辑轴顺序；物理format未核验","逻辑轴顺序；物理format未核验","未评估候选","未评估候选","未评估候选","未核验","未实测","未实测","未实测","未实测","未核验","配置确认 + 数学推导；未核验完整调用链","https://huggingface.co/openbmb/MiniCPM-RobotManip/resolve/29cb257541e9f96f493abe21174f8892e5dffe3f/config.json","logical [1024,2048]","未核验","未核验","未核验","https://huggingface.co/openbmb/MiniCPM-RobotManip/resolve/29cb257541e9f96f493abe21174f8892e5dffe3f/config.json","文本decode/verify；B[1,16],S[1,8]；TP=1逻辑参考；","Y=X@W^T"
"vlm_config.text_config/layer_13","attention_residual","未核验","elementwise","[B,S,1024];[B,S,1024]","[B,S,1024]","B,S,T；其他轴见模型参数","B[1,16];S_verify[1,8];L_KV独立未知；TP=1","config=None；激活/累加类型未核验","未核验","逻辑轴顺序；物理format未核验","逻辑轴顺序；物理format未核验","未评估候选","未评估候选","未评估候选","未核验","未实测","未实测","未实测","未实测","未核验","配置确认 + 数学推导；未核验完整调用链","https://huggingface.co/openbmb/MiniCPM-RobotManip/resolve/29cb257541e9f96f493abe21174f8892e5dffe3f/config.json","未核验","未核验","未核验","未核验","https://huggingface.co/openbmb/MiniCPM-RobotManip/resolve/29cb257541e9f96f493abe21174f8892e5dffe3f/config.json","文本decode/verify；B[1,16],S[1,8]；TP=1逻辑参考；","Y=X+branch（参考，实际残差策略未核验）"
"vlm_config.text_config/layer_13","post_attention_normalization","未核验","norm","[B,S,1024]","[B,S,1024]","B,S,T；其他轴见模型参数","B[1,16];S_verify[1,8];L_KV独立未知；TP=1","config=None；激活/累加类型未核验","未核验","逻辑轴顺序；物理format未核验","逻辑轴顺序；物理format未核验","未评估候选","未评估候选","未评估候选","未核验","未实测","未实测","未实测","未实测","未核验","配置确认 + 数学推导；未核验完整调用链","https://huggingface.co/openbmb/MiniCPM-RobotManip/resolve/29cb257541e9f96f493abe21174f8892e5dffe3f/config.json","未核验","未核验","未核验","未核验","https://huggingface.co/openbmb/MiniCPM-RobotManip/resolve/29cb257541e9f96f493abe21174f8892e5dffe3f/config.json","文本decode/verify；B[1,16],S[1,8]；TP=1逻辑参考；","类型与位置待源码核验"
"vlm_config.text_config/layer_13","FFN_up","未核验","GEMM","[B,S,1024]","[B,S,3584]","B,S,T；其他轴见模型参数","B[1,16];S_verify[1,8];L_KV独立未知；TP=1","config=None；激活/累加类型未核验","未核验","逻辑轴顺序；物理format未核验","逻辑轴顺序；物理format未核验","未评估候选","未评估候选","未评估候选","未核验","未实测","未实测","未实测","未实测","未核验","配置确认 + 数学推导；未核验完整调用链","https://huggingface.co/openbmb/MiniCPM-RobotManip/resolve/29cb257541e9f96f493abe21174f8892e5dffe3f/config.json","logical [3584,1024]","未核验","未核验","未核验","https://huggingface.co/openbmb/MiniCPM-RobotManip/resolve/29cb257541e9f96f493abe21174f8892e5dffe3f/config.json","文本decode/verify；B[1,16],S[1,8]；TP=1逻辑参考；","Y=X@W^T"
"vlm_config.text_config/layer_13","FFN_activation_and_optional_gate","未核验","activation","[B,S,3584]","[B,S,3584]","B,S,T；其他轴见模型参数","B[1,16];S_verify[1,8];L_KV独立未知；TP=1","config=None；激活/累加类型未核验","未核验","逻辑轴顺序；物理format未核验","逻辑轴顺序；物理format未核验","未评估候选","未评估候选","未评估候选","未核验","未实测","未实测","未实测","未实测","未核验","配置确认 + 数学推导；未核验完整调用链","https://huggingface.co/openbmb/MiniCPM-RobotManip/resolve/29cb257541e9f96f493abe21174f8892e5dffe3f/config.json","未核验","未核验","未核验","未核验","https://huggingface.co/openbmb/MiniCPM-RobotManip/resolve/29cb257541e9f96f493abe21174f8892e5dffe3f/config.json","文本decode/verify；B[1,16],S[1,8]；TP=1逻辑参考；是否额外gate矩阵与门控分支维度需要实现；不能仅由silu推定完整SwiGLU","config.hidden_act=silu"
"vlm_config.text_config/layer_13","FFN_down","未核验","GEMM","[B,S,3584]","[B,S,1024]","B,S,T；其他轴见模型参数","B[1,16];S_verify[1,8];L_KV独立未知；TP=1","config=None；激活/累加类型未核验","未核验","逻辑轴顺序；物理format未核验","逻辑轴顺序；物理format未核验","未评估候选","未评估候选","未评估候选","未核验","未实测","未实测","未实测","未实测","未核验","配置确认 + 数学推导；未核验完整调用链","https://huggingface.co/openbmb/MiniCPM-RobotManip/resolve/29cb257541e9f96f493abe21174f8892e5dffe3f/config.json","logical [1024,3584]","未核验","未核验","未核验","https://huggingface.co/openbmb/MiniCPM-RobotManip/resolve/29cb257541e9f96f493abe21174f8892e5dffe3f/config.json","文本decode/verify；B[1,16],S[1,8]；TP=1逻辑参考；","Y=X@W^T"
"vlm_config.text_config/layer_13","FFN_residual","未核验","elementwise","[B,S,1024];[B,S,1024]","[B,S,1024]","B,S,T；其他轴见模型参数","B[1,16];S_verify[1,8];L_KV独立未知；TP=1","config=None；激活/累加类型未核验","未核验","逻辑轴顺序；物理format未核验","逻辑轴顺序；物理format未核验","未评估候选","未评估候选","未评估候选","未核验","未实测","未实测","未实测","未实测","未核验","配置确认 + 数学推导；未核验完整调用链","https://huggingface.co/openbmb/MiniCPM-RobotManip/resolve/29cb257541e9f96f493abe21174f8892e5dffe3f/config.json","未核验","未核验","未核验","未核验","https://huggingface.co/openbmb/MiniCPM-RobotManip/resolve/29cb257541e9f96f493abe21174f8892e5dffe3f/config.json","文本decode/verify；B[1,16],S[1,8]；TP=1逻辑参考；","Y=X+branch（参考，实际残差策略未核验）"
"vlm_config.text_config/layer_14","input_normalization","未核验","norm","[B,S,1024]","[B,S,1024]","B,S,T；其他轴见模型参数","B[1,16];S_verify[1,8];L_KV独立未知；TP=1","config=None；激活/累加类型未核验","未核验","逻辑轴顺序；物理format未核验","逻辑轴顺序；物理format未核验","未评估候选","未评估候选","未评估候选","未核验","未实测","未实测","未实测","未实测","未核验","配置确认 + 数学推导；未核验完整调用链","https://huggingface.co/openbmb/MiniCPM-RobotManip/resolve/29cb257541e9f96f493abe21174f8892e5dffe3f/config.json","未核验","未核验","未核验","未核验","https://huggingface.co/openbmb/MiniCPM-RobotManip/resolve/29cb257541e9f96f493abe21174f8892e5dffe3f/config.json","文本decode/verify；B[1,16],S[1,8]；TP=1逻辑参考；","归一化类型/先后顺序待实现核验"
"vlm_config.text_config/layer_14","q_linear_logical_projection","未核验","GEMM","[B,S,1024]","[B,S,2048]","B,S,T；其他轴见模型参数","B[1,16];S_verify[1,8];L_KV独立未知；TP=1","config=None；激活/累加类型未核验","未核验","逻辑轴顺序；物理format未核验","逻辑轴顺序；物理format未核验","未评估候选","未评估候选","未评估候选","未核验","未实测","未实测","未实测","未实测","未核验","配置确认 + 数学推导；未核验完整调用链","https://huggingface.co/openbmb/MiniCPM-RobotManip/resolve/29cb257541e9f96f493abe21174f8892e5dffe3f/config.json","logical [2048,1024]","未核验","未核验","未核验","https://huggingface.co/openbmb/MiniCPM-RobotManip/resolve/29cb257541e9f96f493abe21174f8892e5dffe3f/config.json","文本decode/verify；B[1,16],S[1,8]；TP=1逻辑参考；只是逻辑分支；实际打包与额外门未知","width=linear_heads*linear_head_dim"
"vlm_config.text_config/layer_14","k_linear_logical_projection","未核验","GEMM","[B,S,1024]","[B,S,2048]","B,S,T；其他轴见模型参数","B[1,16];S_verify[1,8];L_KV独立未知；TP=1","config=None；激活/累加类型未核验","未核验","逻辑轴顺序；物理format未核验","逻辑轴顺序；物理format未核验","未评估候选","未评估候选","未评估候选","未核验","未实测","未实测","未实测","未实测","未核验","配置确认 + 数学推导；未核验完整调用链","https://huggingface.co/openbmb/MiniCPM-RobotManip/resolve/29cb257541e9f96f493abe21174f8892e5dffe3f/config.json","logical [2048,1024]","未核验","未核验","未核验","https://huggingface.co/openbmb/MiniCPM-RobotManip/resolve/29cb257541e9f96f493abe21174f8892e5dffe3f/config.json","文本decode/verify；B[1,16],S[1,8]；TP=1逻辑参考；只是逻辑分支；实际打包与额外门未知","width=linear_heads*linear_head_dim"
"vlm_config.text_config/layer_14","v_linear_logical_projection","未核验","GEMM","[B,S,1024]","[B,S,2048]","B,S,T；其他轴见模型参数","B[1,16];S_verify[1,8];L_KV独立未知；TP=1","config=None；激活/累加类型未核验","未核验","逻辑轴顺序；物理format未核验","逻辑轴顺序；物理format未核验","未评估候选","未评估候选","未评估候选","未核验","未实测","未实测","未实测","未实测","未核验","配置确认 + 数学推导；未核验完整调用链","https://huggingface.co/openbmb/MiniCPM-RobotManip/resolve/29cb257541e9f96f493abe21174f8892e5dffe3f/config.json","logical [2048,1024]","未核验","未核验","未核验","https://huggingface.co/openbmb/MiniCPM-RobotManip/resolve/29cb257541e9f96f493abe21174f8892e5dffe3f/config.json","文本decode/verify；B[1,16],S[1,8]；TP=1逻辑参考；只是逻辑分支；实际打包与额外门未知","width=linear_heads*linear_head_dim"
"vlm_config.text_config/layer_14","linear_conv_and_gated_state","未核验","递归状态","Q,K:[B,S,16,128];V:[B,S,16,128]","[B,S,16,128]","B,S,T；其他轴见模型参数","B[1,16];S_verify[1,8];L_KV独立未知；TP=1","config=None；激活/累加类型未核验","未核验","逻辑轴顺序；物理format未核验","逻辑轴顺序；物理format未核验","未评估候选","未评估候选","未评估候选","未核验","未实测","未实测","未实测","未实测","未核验","配置确认 + 数学推导；未核验完整调用链","https://huggingface.co/openbmb/MiniCPM-RobotManip/resolve/29cb257541e9f96f493abe21174f8892e5dffe3f/config.json","未核验","未核验","未核验","未核验","https://huggingface.co/openbmb/MiniCPM-RobotManip/resolve/29cb257541e9f96f493abe21174f8892e5dffe3f/config.json","文本decode/verify；B[1,16],S[1,8]；TP=1逻辑参考；门控、重复heads与状态cache分派未核验","数学状态候选[B,16,128,128]；conv_kernel=4"
"vlm_config.text_config/layer_14","linear_output_projection","未核验","GEMM","[B,S,2048]","[B,S,1024]","B,S,T；其他轴见模型参数","B[1,16];S_verify[1,8];L_KV独立未知；TP=1","config=None；激活/累加类型未核验","未核验","逻辑轴顺序；物理format未核验","逻辑轴顺序；物理format未核验","未评估候选","未评估候选","未评估候选","未核验","未实测","未实测","未实测","未实测","未核验","配置确认 + 数学推导；未核验完整调用链","https://huggingface.co/openbmb/MiniCPM-RobotManip/resolve/29cb257541e9f96f493abe21174f8892e5dffe3f/config.json","logical [1024,2048]","未核验","未核验","未核验","https://huggingface.co/openbmb/MiniCPM-RobotManip/resolve/29cb257541e9f96f493abe21174f8892e5dffe3f/config.json","文本decode/verify；B[1,16],S[1,8]；TP=1逻辑参考；","Y=X@W^T"
"vlm_config.text_config/layer_14","attention_residual","未核验","elementwise","[B,S,1024];[B,S,1024]","[B,S,1024]","B,S,T；其他轴见模型参数","B[1,16];S_verify[1,8];L_KV独立未知；TP=1","config=None；激活/累加类型未核验","未核验","逻辑轴顺序；物理format未核验","逻辑轴顺序；物理format未核验","未评估候选","未评估候选","未评估候选","未核验","未实测","未实测","未实测","未实测","未核验","配置确认 + 数学推导；未核验完整调用链","https://huggingface.co/openbmb/MiniCPM-RobotManip/resolve/29cb257541e9f96f493abe21174f8892e5dffe3f/config.json","未核验","未核验","未核验","未核验","https://huggingface.co/openbmb/MiniCPM-RobotManip/resolve/29cb257541e9f96f493abe21174f8892e5dffe3f/config.json","文本decode/verify；B[1,16],S[1,8]；TP=1逻辑参考；","Y=X+branch（参考，实际残差策略未核验）"
"vlm_config.text_config/layer_14","post_attention_normalization","未核验","norm","[B,S,1024]","[B,S,1024]","B,S,T；其他轴见模型参数","B[1,16];S_verify[1,8];L_KV独立未知；TP=1","config=None；激活/累加类型未核验","未核验","逻辑轴顺序；物理format未核验","逻辑轴顺序；物理format未核验","未评估候选","未评估候选","未评估候选","未核验","未实测","未实测","未实测","未实测","未核验","配置确认 + 数学推导；未核验完整调用链","https://huggingface.co/openbmb/MiniCPM-RobotManip/resolve/29cb257541e9f96f493abe21174f8892e5dffe3f/config.json","未核验","未核验","未核验","未核验","https://huggingface.co/openbmb/MiniCPM-RobotManip/resolve/29cb257541e9f96f493abe21174f8892e5dffe3f/config.json","文本decode/verify；B[1,16],S[1,8]；TP=1逻辑参考；","类型与位置待源码核验"
"vlm_config.text_config/layer_14","FFN_up","未核验","GEMM","[B,S,1024]","[B,S,3584]","B,S,T；其他轴见模型参数","B[1,16];S_verify[1,8];L_KV独立未知；TP=1","config=None；激活/累加类型未核验","未核验","逻辑轴顺序；物理format未核验","逻辑轴顺序；物理format未核验","未评估候选","未评估候选","未评估候选","未核验","未实测","未实测","未实测","未实测","未核验","配置确认 + 数学推导；未核验完整调用链","https://huggingface.co/openbmb/MiniCPM-RobotManip/resolve/29cb257541e9f96f493abe21174f8892e5dffe3f/config.json","logical [3584,1024]","未核验","未核验","未核验","https://huggingface.co/openbmb/MiniCPM-RobotManip/resolve/29cb257541e9f96f493abe21174f8892e5dffe3f/config.json","文本decode/verify；B[1,16],S[1,8]；TP=1逻辑参考；","Y=X@W^T"
"vlm_config.text_config/layer_14","FFN_activation_and_optional_gate","未核验","activation","[B,S,3584]","[B,S,3584]","B,S,T；其他轴见模型参数","B[1,16];S_verify[1,8];L_KV独立未知；TP=1","config=None；激活/累加类型未核验","未核验","逻辑轴顺序；物理format未核验","逻辑轴顺序；物理format未核验","未评估候选","未评估候选","未评估候选","未核验","未实测","未实测","未实测","未实测","未核验","配置确认 + 数学推导；未核验完整调用链","https://huggingface.co/openbmb/MiniCPM-RobotManip/resolve/29cb257541e9f96f493abe21174f8892e5dffe3f/config.json","未核验","未核验","未核验","未核验","https://huggingface.co/openbmb/MiniCPM-RobotManip/resolve/29cb257541e9f96f493abe21174f8892e5dffe3f/config.json","文本decode/verify；B[1,16],S[1,8]；TP=1逻辑参考；是否额外gate矩阵与门控分支维度需要实现；不能仅由silu推定完整SwiGLU","config.hidden_act=silu"
"vlm_config.text_config/layer_14","FFN_down","未核验","GEMM","[B,S,3584]","[B,S,1024]","B,S,T；其他轴见模型参数","B[1,16];S_verify[1,8];L_KV独立未知；TP=1","config=None；激活/累加类型未核验","未核验","逻辑轴顺序；物理format未核验","逻辑轴顺序；物理format未核验","未评估候选","未评估候选","未评估候选","未核验","未实测","未实测","未实测","未实测","未核验","配置确认 + 数学推导；未核验完整调用链","https://huggingface.co/openbmb/MiniCPM-RobotManip/resolve/29cb257541e9f96f493abe21174f8892e5dffe3f/config.json","logical [1024,3584]","未核验","未核验","未核验","https://huggingface.co/openbmb/MiniCPM-RobotManip/resolve/29cb257541e9f96f493abe21174f8892e5dffe3f/config.json","文本decode/verify；B[1,16],S[1,8]；TP=1逻辑参考；","Y=X@W^T"
"vlm_config.text_config/layer_14","FFN_residual","未核验","elementwise","[B,S,1024];[B,S,1024]","[B,S,1024]","B,S,T；其他轴见模型参数","B[1,16];S_verify[1,8];L_KV独立未知；TP=1","config=None；激活/累加类型未核验","未核验","逻辑轴顺序；物理format未核验","逻辑轴顺序；物理format未核验","未评估候选","未评估候选","未评估候选","未核验","未实测","未实测","未实测","未实测","未核验","配置确认 + 数学推导；未核验完整调用链","https://huggingface.co/openbmb/MiniCPM-RobotManip/resolve/29cb257541e9f96f493abe21174f8892e5dffe3f/config.json","未核验","未核验","未核验","未核验","https://huggingface.co/openbmb/MiniCPM-RobotManip/resolve/29cb257541e9f96f493abe21174f8892e5dffe3f/config.json","文本decode/verify；B[1,16],S[1,8]；TP=1逻辑参考；","Y=X+branch（参考，实际残差策略未核验）"
"vlm_config.text_config/layer_15","input_normalization","未核验","norm","[B,S,1024]","[B,S,1024]","B,S,T；其他轴见模型参数","B[1,16];S_verify[1,8];L_KV独立未知；TP=1","config=None；激活/累加类型未核验","未核验","逻辑轴顺序；物理format未核验","逻辑轴顺序；物理format未核验","未评估候选","未评估候选","未评估候选","未核验","未实测","未实测","未实测","未实测","未核验","配置确认 + 数学推导；未核验完整调用链","https://huggingface.co/openbmb/MiniCPM-RobotManip/resolve/29cb257541e9f96f493abe21174f8892e5dffe3f/config.json","未核验","未核验","未核验","未核验","https://huggingface.co/openbmb/MiniCPM-RobotManip/resolve/29cb257541e9f96f493abe21174f8892e5dffe3f/config.json","文本decode/verify；B[1,16],S[1,8]；TP=1逻辑参考；","归一化类型/先后顺序待实现核验"
"vlm_config.text_config/layer_15","q_projection","未核验","GEMM","[B,S,1024]","[B,S,2048]","B,S,T；其他轴见模型参数","B[1,16];S_verify[1,8];L_KV独立未知；TP=1","config=None；激活/累加类型未核验","未核验","逻辑轴顺序；物理format未核验","逻辑轴顺序；物理format未核验","未评估候选","未评估候选","未评估候选","未核验","未实测","未实测","未实测","未实测","未核验","配置确认 + 数学推导；未核验完整调用链","https://huggingface.co/openbmb/MiniCPM-RobotManip/resolve/29cb257541e9f96f493abe21174f8892e5dffe3f/config.json","未核验","未核验","未核验","未核验","https://huggingface.co/openbmb/MiniCPM-RobotManip/resolve/29cb257541e9f96f493abe21174f8892e5dffe3f/config.json","文本decode/verify；B[1,16],S[1,8]；TP=1逻辑参考；仅Q逻辑分支；额外门和融合打包另核验","Y=X@W^T; width=heads*head_dim"
"vlm_config.text_config/layer_15","k_projection","未核验","GEMM","[B,S,1024]","[B,S,512]","B,S,T；其他轴见模型参数","B[1,16];S_verify[1,8];L_KV独立未知；TP=1","config=None；激活/累加类型未核验","未核验","逻辑轴顺序；物理format未核验","逻辑轴顺序；物理format未核验","未评估候选","未评估候选","未评估候选","未核验","未实测","未实测","未实测","未实测","未核验","配置确认 + 数学推导；未核验完整调用链","https://huggingface.co/openbmb/MiniCPM-RobotManip/resolve/29cb257541e9f96f493abe21174f8892e5dffe3f/config.json","logical [512,1024]","未核验","未核验","未核验","https://huggingface.co/openbmb/MiniCPM-RobotManip/resolve/29cb257541e9f96f493abe21174f8892e5dffe3f/config.json","文本decode/verify；B[1,16],S[1,8]；TP=1逻辑参考；独立逻辑矩阵，不断言实际融合与存储","Y=X@W^T; width=heads*head_dim"
"vlm_config.text_config/layer_15","v_projection","未核验","GEMM","[B,S,1024]","[B,S,512]","B,S,T；其他轴见模型参数","B[1,16];S_verify[1,8];L_KV独立未知；TP=1","config=None；激活/累加类型未核验","未核验","逻辑轴顺序；物理format未核验","逻辑轴顺序；物理format未核验","未评估候选","未评估候选","未评估候选","未核验","未实测","未实测","未实测","未实测","未核验","配置确认 + 数学推导；未核验完整调用链","https://huggingface.co/openbmb/MiniCPM-RobotManip/resolve/29cb257541e9f96f493abe21174f8892e5dffe3f/config.json","logical [512,1024]","未核验","未核验","未核验","https://huggingface.co/openbmb/MiniCPM-RobotManip/resolve/29cb257541e9f96f493abe21174f8892e5dffe3f/config.json","文本decode/verify；B[1,16],S[1,8]；TP=1逻辑参考；独立逻辑矩阵，不断言实际融合与存储","Y=X@W^T; width=heads*head_dim"
"vlm_config.text_config/layer_15","position_and_cache","未核验","位置/缓存","Q,K,V projected; B,S","Q:[B,8,S,256]; K,V:[B,2,L_KV,256]","B,S,T；其他轴见模型参数","B[1,16];S_verify[1,8];L_KV独立未知；TP=1","config=None；激活/累加类型未核验","未核验","逻辑轴顺序；物理format未核验","逻辑轴顺序；物理format未核验","未评估候选","未评估候选","未评估候选","未核验","未实测","未实测","未实测","未实测","未核验","配置确认 + 数学推导；未核验完整调用链","https://huggingface.co/openbmb/MiniCPM-RobotManip/resolve/29cb257541e9f96f493abe21174f8892e5dffe3f/config.json","未核验","未核验","未核验","未核验","https://huggingface.co/openbmb/MiniCPM-RobotManip/resolve/29cb257541e9f96f493abe21174f8892e5dffe3f/config.json","文本decode/verify；B[1,16],S[1,8]；TP=1逻辑参考；","文本decode/verify；B[1,16],S[1,8]；TP=1逻辑参考；位置编码与物理layout需实现核验"
"vlm_config.text_config/layer_15","attention","未核验","attention","Q:[B,8,S,256];K,V:[B,2,L_KV,256]","[B,8,S,256]","B,S,T；其他轴见模型参数","B[1,16];S_verify[1,8];L_KV独立未知；TP=1","config=None；激活/累加类型未核验","未核验","逻辑轴顺序；物理format未核验","逻辑轴顺序；物理format未核验","未评估候选","未评估候选","未评估候选","未核验","未实测","未实测","未实测","未实测","未核验","配置确认 + 数学推导；未核验完整调用链","https://huggingface.co/openbmb/MiniCPM-RobotManip/resolve/29cb257541e9f96f493abe21174f8892e5dffe3f/config.json","未核验","未核验","未核验","未核验","https://huggingface.co/openbmb/MiniCPM-RobotManip/resolve/29cb257541e9f96f493abe21174f8892e5dffe3f/config.json","文本decode/verify；B[1,16],S[1,8]；TP=1逻辑参考；稀疏选块/线性分支需按实现，不能据此声称稠密执行或峰值中间内存","softmax(QK^T / sqrt(head_dim) + mask)V（数学参考）"
"vlm_config.text_config/layer_15","output_projection","未核验","GEMM","[B,S,2048]","[B,S,1024]","B,S,T；其他轴见模型参数","B[1,16];S_verify[1,8];L_KV独立未知；TP=1","config=None；激活/累加类型未核验","未核验","逻辑轴顺序；物理format未核验","逻辑轴顺序；物理format未核验","未评估候选","未评估候选","未评估候选","未核验","未实测","未实测","未实测","未实测","未核验","配置确认 + 数学推导；未核验完整调用链","https://huggingface.co/openbmb/MiniCPM-RobotManip/resolve/29cb257541e9f96f493abe21174f8892e5dffe3f/config.json","logical [1024,2048]","未核验","未核验","未核验","https://huggingface.co/openbmb/MiniCPM-RobotManip/resolve/29cb257541e9f96f493abe21174f8892e5dffe3f/config.json","文本decode/verify；B[1,16],S[1,8]；TP=1逻辑参考；","Y=X@W^T"
"vlm_config.text_config/layer_15","attention_residual","未核验","elementwise","[B,S,1024];[B,S,1024]","[B,S,1024]","B,S,T；其他轴见模型参数","B[1,16];S_verify[1,8];L_KV独立未知；TP=1","config=None；激活/累加类型未核验","未核验","逻辑轴顺序；物理format未核验","逻辑轴顺序；物理format未核验","未评估候选","未评估候选","未评估候选","未核验","未实测","未实测","未实测","未实测","未核验","配置确认 + 数学推导；未核验完整调用链","https://huggingface.co/openbmb/MiniCPM-RobotManip/resolve/29cb257541e9f96f493abe21174f8892e5dffe3f/config.json","未核验","未核验","未核验","未核验","https://huggingface.co/openbmb/MiniCPM-RobotManip/resolve/29cb257541e9f96f493abe21174f8892e5dffe3f/config.json","文本decode/verify；B[1,16],S[1,8]；TP=1逻辑参考；","Y=X+branch（参考，实际残差策略未核验）"
"vlm_config.text_config/layer_15","post_attention_normalization","未核验","norm","[B,S,1024]","[B,S,1024]","B,S,T；其他轴见模型参数","B[1,16];S_verify[1,8];L_KV独立未知；TP=1","config=None；激活/累加类型未核验","未核验","逻辑轴顺序；物理format未核验","逻辑轴顺序；物理format未核验","未评估候选","未评估候选","未评估候选","未核验","未实测","未实测","未实测","未实测","未核验","配置确认 + 数学推导；未核验完整调用链","https://huggingface.co/openbmb/MiniCPM-RobotManip/resolve/29cb257541e9f96f493abe21174f8892e5dffe3f/config.json","未核验","未核验","未核验","未核验","https://huggingface.co/openbmb/MiniCPM-RobotManip/resolve/29cb257541e9f96f493abe21174f8892e5dffe3f/config.json","文本decode/verify；B[1,16],S[1,8]；TP=1逻辑参考；","类型与位置待源码核验"
"vlm_config.text_config/layer_15","FFN_up","未核验","GEMM","[B,S,1024]","[B,S,3584]","B,S,T；其他轴见模型参数","B[1,16];S_verify[1,8];L_KV独立未知；TP=1","config=None；激活/累加类型未核验","未核验","逻辑轴顺序；物理format未核验","逻辑轴顺序；物理format未核验","未评估候选","未评估候选","未评估候选","未核验","未实测","未实测","未实测","未实测","未核验","配置确认 + 数学推导；未核验完整调用链","https://huggingface.co/openbmb/MiniCPM-RobotManip/resolve/29cb257541e9f96f493abe21174f8892e5dffe3f/config.json","logical [3584,1024]","未核验","未核验","未核验","https://huggingface.co/openbmb/MiniCPM-RobotManip/resolve/29cb257541e9f96f493abe21174f8892e5dffe3f/config.json","文本decode/verify；B[1,16],S[1,8]；TP=1逻辑参考；","Y=X@W^T"
"vlm_config.text_config/layer_15","FFN_activation_and_optional_gate","未核验","activation","[B,S,3584]","[B,S,3584]","B,S,T；其他轴见模型参数","B[1,16];S_verify[1,8];L_KV独立未知；TP=1","config=None；激活/累加类型未核验","未核验","逻辑轴顺序；物理format未核验","逻辑轴顺序；物理format未核验","未评估候选","未评估候选","未评估候选","未核验","未实测","未实测","未实测","未实测","未核验","配置确认 + 数学推导；未核验完整调用链","https://huggingface.co/openbmb/MiniCPM-RobotManip/resolve/29cb257541e9f96f493abe21174f8892e5dffe3f/config.json","未核验","未核验","未核验","未核验","https://huggingface.co/openbmb/MiniCPM-RobotManip/resolve/29cb257541e9f96f493abe21174f8892e5dffe3f/config.json","文本decode/verify；B[1,16],S[1,8]；TP=1逻辑参考；是否额外gate矩阵与门控分支维度需要实现；不能仅由silu推定完整SwiGLU","config.hidden_act=silu"
"vlm_config.text_config/layer_15","FFN_down","未核验","GEMM","[B,S,3584]","[B,S,1024]","B,S,T；其他轴见模型参数","B[1,16];S_verify[1,8];L_KV独立未知；TP=1","config=None；激活/累加类型未核验","未核验","逻辑轴顺序；物理format未核验","逻辑轴顺序；物理format未核验","未评估候选","未评估候选","未评估候选","未核验","未实测","未实测","未实测","未实测","未核验","配置确认 + 数学推导；未核验完整调用链","https://huggingface.co/openbmb/MiniCPM-RobotManip/resolve/29cb257541e9f96f493abe21174f8892e5dffe3f/config.json","logical [1024,3584]","未核验","未核验","未核验","https://huggingface.co/openbmb/MiniCPM-RobotManip/resolve/29cb257541e9f96f493abe21174f8892e5dffe3f/config.json","文本decode/verify；B[1,16],S[1,8]；TP=1逻辑参考；","Y=X@W^T"
"vlm_config.text_config/layer_15","FFN_residual","未核验","elementwise","[B,S,1024];[B,S,1024]","[B,S,1024]","B,S,T；其他轴见模型参数","B[1,16];S_verify[1,8];L_KV独立未知；TP=1","config=None；激活/累加类型未核验","未核验","逻辑轴顺序；物理format未核验","逻辑轴顺序；物理format未核验","未评估候选","未评估候选","未评估候选","未核验","未实测","未实测","未实测","未实测","未核验","配置确认 + 数学推导；未核验完整调用链","https://huggingface.co/openbmb/MiniCPM-RobotManip/resolve/29cb257541e9f96f493abe21174f8892e5dffe3f/config.json","未核验","未核验","未核验","未核验","https://huggingface.co/openbmb/MiniCPM-RobotManip/resolve/29cb257541e9f96f493abe21174f8892e5dffe3f/config.json","文本decode/verify；B[1,16],S[1,8]；TP=1逻辑参考；","Y=X+branch（参考，实际残差策略未核验）"
"vlm_config.text_config/layer_16","input_normalization","未核验","norm","[B,S,1024]","[B,S,1024]","B,S,T；其他轴见模型参数","B[1,16];S_verify[1,8];L_KV独立未知；TP=1","config=None；激活/累加类型未核验","未核验","逻辑轴顺序；物理format未核验","逻辑轴顺序；物理format未核验","未评估候选","未评估候选","未评估候选","未核验","未实测","未实测","未实测","未实测","未核验","配置确认 + 数学推导；未核验完整调用链","https://huggingface.co/openbmb/MiniCPM-RobotManip/resolve/29cb257541e9f96f493abe21174f8892e5dffe3f/config.json","未核验","未核验","未核验","未核验","https://huggingface.co/openbmb/MiniCPM-RobotManip/resolve/29cb257541e9f96f493abe21174f8892e5dffe3f/config.json","文本decode/verify；B[1,16],S[1,8]；TP=1逻辑参考；","归一化类型/先后顺序待实现核验"
"vlm_config.text_config/layer_16","q_linear_logical_projection","未核验","GEMM","[B,S,1024]","[B,S,2048]","B,S,T；其他轴见模型参数","B[1,16];S_verify[1,8];L_KV独立未知；TP=1","config=None；激活/累加类型未核验","未核验","逻辑轴顺序；物理format未核验","逻辑轴顺序；物理format未核验","未评估候选","未评估候选","未评估候选","未核验","未实测","未实测","未实测","未实测","未核验","配置确认 + 数学推导；未核验完整调用链","https://huggingface.co/openbmb/MiniCPM-RobotManip/resolve/29cb257541e9f96f493abe21174f8892e5dffe3f/config.json","logical [2048,1024]","未核验","未核验","未核验","https://huggingface.co/openbmb/MiniCPM-RobotManip/resolve/29cb257541e9f96f493abe21174f8892e5dffe3f/config.json","文本decode/verify；B[1,16],S[1,8]；TP=1逻辑参考；只是逻辑分支；实际打包与额外门未知","width=linear_heads*linear_head_dim"
"vlm_config.text_config/layer_16","k_linear_logical_projection","未核验","GEMM","[B,S,1024]","[B,S,2048]","B,S,T；其他轴见模型参数","B[1,16];S_verify[1,8];L_KV独立未知；TP=1","config=None；激活/累加类型未核验","未核验","逻辑轴顺序；物理format未核验","逻辑轴顺序；物理format未核验","未评估候选","未评估候选","未评估候选","未核验","未实测","未实测","未实测","未实测","未核验","配置确认 + 数学推导；未核验完整调用链","https://huggingface.co/openbmb/MiniCPM-RobotManip/resolve/29cb257541e9f96f493abe21174f8892e5dffe3f/config.json","logical [2048,1024]","未核验","未核验","未核验","https://huggingface.co/openbmb/MiniCPM-RobotManip/resolve/29cb257541e9f96f493abe21174f8892e5dffe3f/config.json","文本decode/verify；B[1,16],S[1,8]；TP=1逻辑参考；只是逻辑分支；实际打包与额外门未知","width=linear_heads*linear_head_dim"
"vlm_config.text_config/layer_16","v_linear_logical_projection","未核验","GEMM","[B,S,1024]","[B,S,2048]","B,S,T；其他轴见模型参数","B[1,16];S_verify[1,8];L_KV独立未知；TP=1","config=None；激活/累加类型未核验","未核验","逻辑轴顺序；物理format未核验","逻辑轴顺序；物理format未核验","未评估候选","未评估候选","未评估候选","未核验","未实测","未实测","未实测","未实测","未核验","配置确认 + 数学推导；未核验完整调用链","https://huggingface.co/openbmb/MiniCPM-RobotManip/resolve/29cb257541e9f96f493abe21174f8892e5dffe3f/config.json","logical [2048,1024]","未核验","未核验","未核验","https://huggingface.co/openbmb/MiniCPM-RobotManip/resolve/29cb257541e9f96f493abe21174f8892e5dffe3f/config.json","文本decode/verify；B[1,16],S[1,8]；TP=1逻辑参考；只是逻辑分支；实际打包与额外门未知","width=linear_heads*linear_head_dim"
"vlm_config.text_config/layer_16","linear_conv_and_gated_state","未核验","递归状态","Q,K:[B,S,16,128];V:[B,S,16,128]","[B,S,16,128]","B,S,T；其他轴见模型参数","B[1,16];S_verify[1,8];L_KV独立未知；TP=1","config=None；激活/累加类型未核验","未核验","逻辑轴顺序；物理format未核验","逻辑轴顺序；物理format未核验","未评估候选","未评估候选","未评估候选","未核验","未实测","未实测","未实测","未实测","未核验","配置确认 + 数学推导；未核验完整调用链","https://huggingface.co/openbmb/MiniCPM-RobotManip/resolve/29cb257541e9f96f493abe21174f8892e5dffe3f/config.json","未核验","未核验","未核验","未核验","https://huggingface.co/openbmb/MiniCPM-RobotManip/resolve/29cb257541e9f96f493abe21174f8892e5dffe3f/config.json","文本decode/verify；B[1,16],S[1,8]；TP=1逻辑参考；门控、重复heads与状态cache分派未核验","数学状态候选[B,16,128,128]；conv_kernel=4"
"vlm_config.text_config/layer_16","linear_output_projection","未核验","GEMM","[B,S,2048]","[B,S,1024]","B,S,T；其他轴见模型参数","B[1,16];S_verify[1,8];L_KV独立未知；TP=1","config=None；激活/累加类型未核验","未核验","逻辑轴顺序；物理format未核验","逻辑轴顺序；物理format未核验","未评估候选","未评估候选","未评估候选","未核验","未实测","未实测","未实测","未实测","未核验","配置确认 + 数学推导；未核验完整调用链","https://huggingface.co/openbmb/MiniCPM-RobotManip/resolve/29cb257541e9f96f493abe21174f8892e5dffe3f/config.json","logical [1024,2048]","未核验","未核验","未核验","https://huggingface.co/openbmb/MiniCPM-RobotManip/resolve/29cb257541e9f96f493abe21174f8892e5dffe3f/config.json","文本decode/verify；B[1,16],S[1,8]；TP=1逻辑参考；","Y=X@W^T"
"vlm_config.text_config/layer_16","attention_residual","未核验","elementwise","[B,S,1024];[B,S,1024]","[B,S,1024]","B,S,T；其他轴见模型参数","B[1,16];S_verify[1,8];L_KV独立未知；TP=1","config=None；激活/累加类型未核验","未核验","逻辑轴顺序；物理format未核验","逻辑轴顺序；物理format未核验","未评估候选","未评估候选","未评估候选","未核验","未实测","未实测","未实测","未实测","未核验","配置确认 + 数学推导；未核验完整调用链","https://huggingface.co/openbmb/MiniCPM-RobotManip/resolve/29cb257541e9f96f493abe21174f8892e5dffe3f/config.json","未核验","未核验","未核验","未核验","https://huggingface.co/openbmb/MiniCPM-RobotManip/resolve/29cb257541e9f96f493abe21174f8892e5dffe3f/config.json","文本decode/verify；B[1,16],S[1,8]；TP=1逻辑参考；","Y=X+branch（参考，实际残差策略未核验）"
"vlm_config.text_config/layer_16","post_attention_normalization","未核验","norm","[B,S,1024]","[B,S,1024]","B,S,T；其他轴见模型参数","B[1,16];S_verify[1,8];L_KV独立未知；TP=1","config=None；激活/累加类型未核验","未核验","逻辑轴顺序；物理format未核验","逻辑轴顺序；物理format未核验","未评估候选","未评估候选","未评估候选","未核验","未实测","未实测","未实测","未实测","未核验","配置确认 + 数学推导；未核验完整调用链","https://huggingface.co/openbmb/MiniCPM-RobotManip/resolve/29cb257541e9f96f493abe21174f8892e5dffe3f/config.json","未核验","未核验","未核验","未核验","https://huggingface.co/openbmb/MiniCPM-RobotManip/resolve/29cb257541e9f96f493abe21174f8892e5dffe3f/config.json","文本decode/verify；B[1,16],S[1,8]；TP=1逻辑参考；","类型与位置待源码核验"
"vlm_config.text_config/layer_16","FFN_up","未核验","GEMM","[B,S,1024]","[B,S,3584]","B,S,T；其他轴见模型参数","B[1,16];S_verify[1,8];L_KV独立未知；TP=1","config=None；激活/累加类型未核验","未核验","逻辑轴顺序；物理format未核验","逻辑轴顺序；物理format未核验","未评估候选","未评估候选","未评估候选","未核验","未实测","未实测","未实测","未实测","未核验","配置确认 + 数学推导；未核验完整调用链","https://huggingface.co/openbmb/MiniCPM-RobotManip/resolve/29cb257541e9f96f493abe21174f8892e5dffe3f/config.json","logical [3584,1024]","未核验","未核验","未核验","https://huggingface.co/openbmb/MiniCPM-RobotManip/resolve/29cb257541e9f96f493abe21174f8892e5dffe3f/config.json","文本decode/verify；B[1,16],S[1,8]；TP=1逻辑参考；","Y=X@W^T"
"vlm_config.text_config/layer_16","FFN_activation_and_optional_gate","未核验","activation","[B,S,3584]","[B,S,3584]","B,S,T；其他轴见模型参数","B[1,16];S_verify[1,8];L_KV独立未知；TP=1","config=None；激活/累加类型未核验","未核验","逻辑轴顺序；物理format未核验","逻辑轴顺序；物理format未核验","未评估候选","未评估候选","未评估候选","未核验","未实测","未实测","未实测","未实测","未核验","配置确认 + 数学推导；未核验完整调用链","https://huggingface.co/openbmb/MiniCPM-RobotManip/resolve/29cb257541e9f96f493abe21174f8892e5dffe3f/config.json","未核验","未核验","未核验","未核验","https://huggingface.co/openbmb/MiniCPM-RobotManip/resolve/29cb257541e9f96f493abe21174f8892e5dffe3f/config.json","文本decode/verify；B[1,16],S[1,8]；TP=1逻辑参考；是否额外gate矩阵与门控分支维度需要实现；不能仅由silu推定完整SwiGLU","config.hidden_act=silu"
"vlm_config.text_config/layer_16","FFN_down","未核验","GEMM","[B,S,3584]","[B,S,1024]","B,S,T；其他轴见模型参数","B[1,16];S_verify[1,8];L_KV独立未知；TP=1","config=None；激活/累加类型未核验","未核验","逻辑轴顺序；物理format未核验","逻辑轴顺序；物理format未核验","未评估候选","未评估候选","未评估候选","未核验","未实测","未实测","未实测","未实测","未核验","配置确认 + 数学推导；未核验完整调用链","https://huggingface.co/openbmb/MiniCPM-RobotManip/resolve/29cb257541e9f96f493abe21174f8892e5dffe3f/config.json","logical [1024,3584]","未核验","未核验","未核验","https://huggingface.co/openbmb/MiniCPM-RobotManip/resolve/29cb257541e9f96f493abe21174f8892e5dffe3f/config.json","文本decode/verify；B[1,16],S[1,8]；TP=1逻辑参考；","Y=X@W^T"
"vlm_config.text_config/layer_16","FFN_residual","未核验","elementwise","[B,S,1024];[B,S,1024]","[B,S,1024]","B,S,T；其他轴见模型参数","B[1,16];S_verify[1,8];L_KV独立未知；TP=1","config=None；激活/累加类型未核验","未核验","逻辑轴顺序；物理format未核验","逻辑轴顺序；物理format未核验","未评估候选","未评估候选","未评估候选","未核验","未实测","未实测","未实测","未实测","未核验","配置确认 + 数学推导；未核验完整调用链","https://huggingface.co/openbmb/MiniCPM-RobotManip/resolve/29cb257541e9f96f493abe21174f8892e5dffe3f/config.json","未核验","未核验","未核验","未核验","https://huggingface.co/openbmb/MiniCPM-RobotManip/resolve/29cb257541e9f96f493abe21174f8892e5dffe3f/config.json","文本decode/verify；B[1,16],S[1,8]；TP=1逻辑参考；","Y=X+branch（参考，实际残差策略未核验）"
"vlm_config.text_config/layer_17","input_normalization","未核验","norm","[B,S,1024]","[B,S,1024]","B,S,T；其他轴见模型参数","B[1,16];S_verify[1,8];L_KV独立未知；TP=1","config=None；激活/累加类型未核验","未核验","逻辑轴顺序；物理format未核验","逻辑轴顺序；物理format未核验","未评估候选","未评估候选","未评估候选","未核验","未实测","未实测","未实测","未实测","未核验","配置确认 + 数学推导；未核验完整调用链","https://huggingface.co/openbmb/MiniCPM-RobotManip/resolve/29cb257541e9f96f493abe21174f8892e5dffe3f/config.json","未核验","未核验","未核验","未核验","https://huggingface.co/openbmb/MiniCPM-RobotManip/resolve/29cb257541e9f96f493abe21174f8892e5dffe3f/config.json","文本decode/verify；B[1,16],S[1,8]；TP=1逻辑参考；","归一化类型/先后顺序待实现核验"
"vlm_config.text_config/layer_17","q_linear_logical_projection","未核验","GEMM","[B,S,1024]","[B,S,2048]","B,S,T；其他轴见模型参数","B[1,16];S_verify[1,8];L_KV独立未知；TP=1","config=None；激活/累加类型未核验","未核验","逻辑轴顺序；物理format未核验","逻辑轴顺序；物理format未核验","未评估候选","未评估候选","未评估候选","未核验","未实测","未实测","未实测","未实测","未核验","配置确认 + 数学推导；未核验完整调用链","https://huggingface.co/openbmb/MiniCPM-RobotManip/resolve/29cb257541e9f96f493abe21174f8892e5dffe3f/config.json","logical [2048,1024]","未核验","未核验","未核验","https://huggingface.co/openbmb/MiniCPM-RobotManip/resolve/29cb257541e9f96f493abe21174f8892e5dffe3f/config.json","文本decode/verify；B[1,16],S[1,8]；TP=1逻辑参考；只是逻辑分支；实际打包与额外门未知","width=linear_heads*linear_head_dim"
"vlm_config.text_config/layer_17","k_linear_logical_projection","未核验","GEMM","[B,S,1024]","[B,S,2048]","B,S,T；其他轴见模型参数","B[1,16];S_verify[1,8];L_KV独立未知；TP=1","config=None；激活/累加类型未核验","未核验","逻辑轴顺序；物理format未核验","逻辑轴顺序；物理format未核验","未评估候选","未评估候选","未评估候选","未核验","未实测","未实测","未实测","未实测","未核验","配置确认 + 数学推导；未核验完整调用链","https://huggingface.co/openbmb/MiniCPM-RobotManip/resolve/29cb257541e9f96f493abe21174f8892e5dffe3f/config.json","logical [2048,1024]","未核验","未核验","未核验","https://huggingface.co/openbmb/MiniCPM-RobotManip/resolve/29cb257541e9f96f493abe21174f8892e5dffe3f/config.json","文本decode/verify；B[1,16],S[1,8]；TP=1逻辑参考；只是逻辑分支；实际打包与额外门未知","width=linear_heads*linear_head_dim"
"vlm_config.text_config/layer_17","v_linear_logical_projection","未核验","GEMM","[B,S,1024]","[B,S,2048]","B,S,T；其他轴见模型参数","B[1,16];S_verify[1,8];L_KV独立未知；TP=1","config=None；激活/累加类型未核验","未核验","逻辑轴顺序；物理format未核验","逻辑轴顺序；物理format未核验","未评估候选","未评估候选","未评估候选","未核验","未实测","未实测","未实测","未实测","未核验","配置确认 + 数学推导；未核验完整调用链","https://huggingface.co/openbmb/MiniCPM-RobotManip/resolve/29cb257541e9f96f493abe21174f8892e5dffe3f/config.json","logical [2048,1024]","未核验","未核验","未核验","https://huggingface.co/openbmb/MiniCPM-RobotManip/resolve/29cb257541e9f96f493abe21174f8892e5dffe3f/config.json","文本decode/verify；B[1,16],S[1,8]；TP=1逻辑参考；只是逻辑分支；实际打包与额外门未知","width=linear_heads*linear_head_dim"
"vlm_config.text_config/layer_17","linear_conv_and_gated_state","未核验","递归状态","Q,K:[B,S,16,128];V:[B,S,16,128]","[B,S,16,128]","B,S,T；其他轴见模型参数","B[1,16];S_verify[1,8];L_KV独立未知；TP=1","config=None；激活/累加类型未核验","未核验","逻辑轴顺序；物理format未核验","逻辑轴顺序；物理format未核验","未评估候选","未评估候选","未评估候选","未核验","未实测","未实测","未实测","未实测","未核验","配置确认 + 数学推导；未核验完整调用链","https://huggingface.co/openbmb/MiniCPM-RobotManip/resolve/29cb257541e9f96f493abe21174f8892e5dffe3f/config.json","未核验","未核验","未核验","未核验","https://huggingface.co/openbmb/MiniCPM-RobotManip/resolve/29cb257541e9f96f493abe21174f8892e5dffe3f/config.json","文本decode/verify；B[1,16],S[1,8]；TP=1逻辑参考；门控、重复heads与状态cache分派未核验","数学状态候选[B,16,128,128]；conv_kernel=4"
"vlm_config.text_config/layer_17","linear_output_projection","未核验","GEMM","[B,S,2048]","[B,S,1024]","B,S,T；其他轴见模型参数","B[1,16];S_verify[1,8];L_KV独立未知；TP=1","config=None；激活/累加类型未核验","未核验","逻辑轴顺序；物理format未核验","逻辑轴顺序；物理format未核验","未评估候选","未评估候选","未评估候选","未核验","未实测","未实测","未实测","未实测","未核验","配置确认 + 数学推导；未核验完整调用链","https://huggingface.co/openbmb/MiniCPM-RobotManip/resolve/29cb257541e9f96f493abe21174f8892e5dffe3f/config.json","logical [1024,2048]","未核验","未核验","未核验","https://huggingface.co/openbmb/MiniCPM-RobotManip/resolve/29cb257541e9f96f493abe21174f8892e5dffe3f/config.json","文本decode/verify；B[1,16],S[1,8]；TP=1逻辑参考；","Y=X@W^T"
"vlm_config.text_config/layer_17","attention_residual","未核验","elementwise","[B,S,1024];[B,S,1024]","[B,S,1024]","B,S,T；其他轴见模型参数","B[1,16];S_verify[1,8];L_KV独立未知；TP=1","config=None；激活/累加类型未核验","未核验","逻辑轴顺序；物理format未核验","逻辑轴顺序；物理format未核验","未评估候选","未评估候选","未评估候选","未核验","未实测","未实测","未实测","未实测","未核验","配置确认 + 数学推导；未核验完整调用链","https://huggingface.co/openbmb/MiniCPM-RobotManip/resolve/29cb257541e9f96f493abe21174f8892e5dffe3f/config.json","未核验","未核验","未核验","未核验","https://huggingface.co/openbmb/MiniCPM-RobotManip/resolve/29cb257541e9f96f493abe21174f8892e5dffe3f/config.json","文本decode/verify；B[1,16],S[1,8]；TP=1逻辑参考；","Y=X+branch（参考，实际残差策略未核验）"
"vlm_config.text_config/layer_17","post_attention_normalization","未核验","norm","[B,S,1024]","[B,S,1024]","B,S,T；其他轴见模型参数","B[1,16];S_verify[1,8];L_KV独立未知；TP=1","config=None；激活/累加类型未核验","未核验","逻辑轴顺序；物理format未核验","逻辑轴顺序；物理format未核验","未评估候选","未评估候选","未评估候选","未核验","未实测","未实测","未实测","未实测","未核验","配置确认 + 数学推导；未核验完整调用链","https://huggingface.co/openbmb/MiniCPM-RobotManip/resolve/29cb257541e9f96f493abe21174f8892e5dffe3f/config.json","未核验","未核验","未核验","未核验","https://huggingface.co/openbmb/MiniCPM-RobotManip/resolve/29cb257541e9f96f493abe21174f8892e5dffe3f/config.json","文本decode/verify；B[1,16],S[1,8]；TP=1逻辑参考；","类型与位置待源码核验"
"vlm_config.text_config/layer_17","FFN_up","未核验","GEMM","[B,S,1024]","[B,S,3584]","B,S,T；其他轴见模型参数","B[1,16];S_verify[1,8];L_KV独立未知；TP=1","config=None；激活/累加类型未核验","未核验","逻辑轴顺序；物理format未核验","逻辑轴顺序；物理format未核验","未评估候选","未评估候选","未评估候选","未核验","未实测","未实测","未实测","未实测","未核验","配置确认 + 数学推导；未核验完整调用链","https://huggingface.co/openbmb/MiniCPM-RobotManip/resolve/29cb257541e9f96f493abe21174f8892e5dffe3f/config.json","logical [3584,1024]","未核验","未核验","未核验","https://huggingface.co/openbmb/MiniCPM-RobotManip/resolve/29cb257541e9f96f493abe21174f8892e5dffe3f/config.json","文本decode/verify；B[1,16],S[1,8]；TP=1逻辑参考；","Y=X@W^T"
"vlm_config.text_config/layer_17","FFN_activation_and_optional_gate","未核验","activation","[B,S,3584]","[B,S,3584]","B,S,T；其他轴见模型参数","B[1,16];S_verify[1,8];L_KV独立未知；TP=1","config=None；激活/累加类型未核验","未核验","逻辑轴顺序；物理format未核验","逻辑轴顺序；物理format未核验","未评估候选","未评估候选","未评估候选","未核验","未实测","未实测","未实测","未实测","未核验","配置确认 + 数学推导；未核验完整调用链","https://huggingface.co/openbmb/MiniCPM-RobotManip/resolve/29cb257541e9f96f493abe21174f8892e5dffe3f/config.json","未核验","未核验","未核验","未核验","https://huggingface.co/openbmb/MiniCPM-RobotManip/resolve/29cb257541e9f96f493abe21174f8892e5dffe3f/config.json","文本decode/verify；B[1,16],S[1,8]；TP=1逻辑参考；是否额外gate矩阵与门控分支维度需要实现；不能仅由silu推定完整SwiGLU","config.hidden_act=silu"
"vlm_config.text_config/layer_17","FFN_down","未核验","GEMM","[B,S,3584]","[B,S,1024]","B,S,T；其他轴见模型参数","B[1,16];S_verify[1,8];L_KV独立未知；TP=1","config=None；激活/累加类型未核验","未核验","逻辑轴顺序；物理format未核验","逻辑轴顺序；物理format未核验","未评估候选","未评估候选","未评估候选","未核验","未实测","未实测","未实测","未实测","未核验","配置确认 + 数学推导；未核验完整调用链","https://huggingface.co/openbmb/MiniCPM-RobotManip/resolve/29cb257541e9f96f493abe21174f8892e5dffe3f/config.json","logical [1024,3584]","未核验","未核验","未核验","https://huggingface.co/openbmb/MiniCPM-RobotManip/resolve/29cb257541e9f96f493abe21174f8892e5dffe3f/config.json","文本decode/verify；B[1,16],S[1,8]；TP=1逻辑参考；","Y=X@W^T"
"vlm_config.text_config/layer_17","FFN_residual","未核验","elementwise","[B,S,1024];[B,S,1024]","[B,S,1024]","B,S,T；其他轴见模型参数","B[1,16];S_verify[1,8];L_KV独立未知；TP=1","config=None；激活/累加类型未核验","未核验","逻辑轴顺序；物理format未核验","逻辑轴顺序；物理format未核验","未评估候选","未评估候选","未评估候选","未核验","未实测","未实测","未实测","未实测","未核验","配置确认 + 数学推导；未核验完整调用链","https://huggingface.co/openbmb/MiniCPM-RobotManip/resolve/29cb257541e9f96f493abe21174f8892e5dffe3f/config.json","未核验","未核验","未核验","未核验","https://huggingface.co/openbmb/MiniCPM-RobotManip/resolve/29cb257541e9f96f493abe21174f8892e5dffe3f/config.json","文本decode/verify；B[1,16],S[1,8]；TP=1逻辑参考；","Y=X+branch（参考，实际残差策略未核验）"
"vlm_config.text_config/layer_18","input_normalization","未核验","norm","[B,S,1024]","[B,S,1024]","B,S,T；其他轴见模型参数","B[1,16];S_verify[1,8];L_KV独立未知；TP=1","config=None；激活/累加类型未核验","未核验","逻辑轴顺序；物理format未核验","逻辑轴顺序；物理format未核验","未评估候选","未评估候选","未评估候选","未核验","未实测","未实测","未实测","未实测","未核验","配置确认 + 数学推导；未核验完整调用链","https://huggingface.co/openbmb/MiniCPM-RobotManip/resolve/29cb257541e9f96f493abe21174f8892e5dffe3f/config.json","未核验","未核验","未核验","未核验","https://huggingface.co/openbmb/MiniCPM-RobotManip/resolve/29cb257541e9f96f493abe21174f8892e5dffe3f/config.json","文本decode/verify；B[1,16],S[1,8]；TP=1逻辑参考；","归一化类型/先后顺序待实现核验"
"vlm_config.text_config/layer_18","q_linear_logical_projection","未核验","GEMM","[B,S,1024]","[B,S,2048]","B,S,T；其他轴见模型参数","B[1,16];S_verify[1,8];L_KV独立未知；TP=1","config=None；激活/累加类型未核验","未核验","逻辑轴顺序；物理format未核验","逻辑轴顺序；物理format未核验","未评估候选","未评估候选","未评估候选","未核验","未实测","未实测","未实测","未实测","未核验","配置确认 + 数学推导；未核验完整调用链","https://huggingface.co/openbmb/MiniCPM-RobotManip/resolve/29cb257541e9f96f493abe21174f8892e5dffe3f/config.json","logical [2048,1024]","未核验","未核验","未核验","https://huggingface.co/openbmb/MiniCPM-RobotManip/resolve/29cb257541e9f96f493abe21174f8892e5dffe3f/config.json","文本decode/verify；B[1,16],S[1,8]；TP=1逻辑参考；只是逻辑分支；实际打包与额外门未知","width=linear_heads*linear_head_dim"
"vlm_config.text_config/layer_18","k_linear_logical_projection","未核验","GEMM","[B,S,1024]","[B,S,2048]","B,S,T；其他轴见模型参数","B[1,16];S_verify[1,8];L_KV独立未知；TP=1","config=None；激活/累加类型未核验","未核验","逻辑轴顺序；物理format未核验","逻辑轴顺序；物理format未核验","未评估候选","未评估候选","未评估候选","未核验","未实测","未实测","未实测","未实测","未核验","配置确认 + 数学推导；未核验完整调用链","https://huggingface.co/openbmb/MiniCPM-RobotManip/resolve/29cb257541e9f96f493abe21174f8892e5dffe3f/config.json","logical [2048,1024]","未核验","未核验","未核验","https://huggingface.co/openbmb/MiniCPM-RobotManip/resolve/29cb257541e9f96f493abe21174f8892e5dffe3f/config.json","文本decode/verify；B[1,16],S[1,8]；TP=1逻辑参考；只是逻辑分支；实际打包与额外门未知","width=linear_heads*linear_head_dim"
"vlm_config.text_config/layer_18","v_linear_logical_projection","未核验","GEMM","[B,S,1024]","[B,S,2048]","B,S,T；其他轴见模型参数","B[1,16];S_verify[1,8];L_KV独立未知；TP=1","config=None；激活/累加类型未核验","未核验","逻辑轴顺序；物理format未核验","逻辑轴顺序；物理format未核验","未评估候选","未评估候选","未评估候选","未核验","未实测","未实测","未实测","未实测","未核验","配置确认 + 数学推导；未核验完整调用链","https://huggingface.co/openbmb/MiniCPM-RobotManip/resolve/29cb257541e9f96f493abe21174f8892e5dffe3f/config.json","logical [2048,1024]","未核验","未核验","未核验","https://huggingface.co/openbmb/MiniCPM-RobotManip/resolve/29cb257541e9f96f493abe21174f8892e5dffe3f/config.json","文本decode/verify；B[1,16],S[1,8]；TP=1逻辑参考；只是逻辑分支；实际打包与额外门未知","width=linear_heads*linear_head_dim"
"vlm_config.text_config/layer_18","linear_conv_and_gated_state","未核验","递归状态","Q,K:[B,S,16,128];V:[B,S,16,128]","[B,S,16,128]","B,S,T；其他轴见模型参数","B[1,16];S_verify[1,8];L_KV独立未知；TP=1","config=None；激活/累加类型未核验","未核验","逻辑轴顺序；物理format未核验","逻辑轴顺序；物理format未核验","未评估候选","未评估候选","未评估候选","未核验","未实测","未实测","未实测","未实测","未核验","配置确认 + 数学推导；未核验完整调用链","https://huggingface.co/openbmb/MiniCPM-RobotManip/resolve/29cb257541e9f96f493abe21174f8892e5dffe3f/config.json","未核验","未核验","未核验","未核验","https://huggingface.co/openbmb/MiniCPM-RobotManip/resolve/29cb257541e9f96f493abe21174f8892e5dffe3f/config.json","文本decode/verify；B[1,16],S[1,8]；TP=1逻辑参考；门控、重复heads与状态cache分派未核验","数学状态候选[B,16,128,128]；conv_kernel=4"
"vlm_config.text_config/layer_18","linear_output_projection","未核验","GEMM","[B,S,2048]","[B,S,1024]","B,S,T；其他轴见模型参数","B[1,16];S_verify[1,8];L_KV独立未知；TP=1","config=None；激活/累加类型未核验","未核验","逻辑轴顺序；物理format未核验","逻辑轴顺序；物理format未核验","未评估候选","未评估候选","未评估候选","未核验","未实测","未实测","未实测","未实测","未核验","配置确认 + 数学推导；未核验完整调用链","https://huggingface.co/openbmb/MiniCPM-RobotManip/resolve/29cb257541e9f96f493abe21174f8892e5dffe3f/config.json","logical [1024,2048]","未核验","未核验","未核验","https://huggingface.co/openbmb/MiniCPM-RobotManip/resolve/29cb257541e9f96f493abe21174f8892e5dffe3f/config.json","文本decode/verify；B[1,16],S[1,8]；TP=1逻辑参考；","Y=X@W^T"
"vlm_config.text_config/layer_18","attention_residual","未核验","elementwise","[B,S,1024];[B,S,1024]","[B,S,1024]","B,S,T；其他轴见模型参数","B[1,16];S_verify[1,8];L_KV独立未知；TP=1","config=None；激活/累加类型未核验","未核验","逻辑轴顺序；物理format未核验","逻辑轴顺序；物理format未核验","未评估候选","未评估候选","未评估候选","未核验","未实测","未实测","未实测","未实测","未核验","配置确认 + 数学推导；未核验完整调用链","https://huggingface.co/openbmb/MiniCPM-RobotManip/resolve/29cb257541e9f96f493abe21174f8892e5dffe3f/config.json","未核验","未核验","未核验","未核验","https://huggingface.co/openbmb/MiniCPM-RobotManip/resolve/29cb257541e9f96f493abe21174f8892e5dffe3f/config.json","文本decode/verify；B[1,16],S[1,8]；TP=1逻辑参考；","Y=X+branch（参考，实际残差策略未核验）"
"vlm_config.text_config/layer_18","post_attention_normalization","未核验","norm","[B,S,1024]","[B,S,1024]","B,S,T；其他轴见模型参数","B[1,16];S_verify[1,8];L_KV独立未知；TP=1","config=None；激活/累加类型未核验","未核验","逻辑轴顺序；物理format未核验","逻辑轴顺序；物理format未核验","未评估候选","未评估候选","未评估候选","未核验","未实测","未实测","未实测","未实测","未核验","配置确认 + 数学推导；未核验完整调用链","https://huggingface.co/openbmb/MiniCPM-RobotManip/resolve/29cb257541e9f96f493abe21174f8892e5dffe3f/config.json","未核验","未核验","未核验","未核验","https://huggingface.co/openbmb/MiniCPM-RobotManip/resolve/29cb257541e9f96f493abe21174f8892e5dffe3f/config.json","文本decode/verify；B[1,16],S[1,8]；TP=1逻辑参考；","类型与位置待源码核验"
"vlm_config.text_config/layer_18","FFN_up","未核验","GEMM","[B,S,1024]","[B,S,3584]","B,S,T；其他轴见模型参数","B[1,16];S_verify[1,8];L_KV独立未知；TP=1","config=None；激活/累加类型未核验","未核验","逻辑轴顺序；物理format未核验","逻辑轴顺序；物理format未核验","未评估候选","未评估候选","未评估候选","未核验","未实测","未实测","未实测","未实测","未核验","配置确认 + 数学推导；未核验完整调用链","https://huggingface.co/openbmb/MiniCPM-RobotManip/resolve/29cb257541e9f96f493abe21174f8892e5dffe3f/config.json","logical [3584,1024]","未核验","未核验","未核验","https://huggingface.co/openbmb/MiniCPM-RobotManip/resolve/29cb257541e9f96f493abe21174f8892e5dffe3f/config.json","文本decode/verify；B[1,16],S[1,8]；TP=1逻辑参考；","Y=X@W^T"
"vlm_config.text_config/layer_18","FFN_activation_and_optional_gate","未核验","activation","[B,S,3584]","[B,S,3584]","B,S,T；其他轴见模型参数","B[1,16];S_verify[1,8];L_KV独立未知；TP=1","config=None；激活/累加类型未核验","未核验","逻辑轴顺序；物理format未核验","逻辑轴顺序；物理format未核验","未评估候选","未评估候选","未评估候选","未核验","未实测","未实测","未实测","未实测","未核验","配置确认 + 数学推导；未核验完整调用链","https://huggingface.co/openbmb/MiniCPM-RobotManip/resolve/29cb257541e9f96f493abe21174f8892e5dffe3f/config.json","未核验","未核验","未核验","未核验","https://huggingface.co/openbmb/MiniCPM-RobotManip/resolve/29cb257541e9f96f493abe21174f8892e5dffe3f/config.json","文本decode/verify；B[1,16],S[1,8]；TP=1逻辑参考；是否额外gate矩阵与门控分支维度需要实现；不能仅由silu推定完整SwiGLU","config.hidden_act=silu"
"vlm_config.text_config/layer_18","FFN_down","未核验","GEMM","[B,S,3584]","[B,S,1024]","B,S,T；其他轴见模型参数","B[1,16];S_verify[1,8];L_KV独立未知；TP=1","config=None；激活/累加类型未核验","未核验","逻辑轴顺序；物理format未核验","逻辑轴顺序；物理format未核验","未评估候选","未评估候选","未评估候选","未核验","未实测","未实测","未实测","未实测","未核验","配置确认 + 数学推导；未核验完整调用链","https://huggingface.co/openbmb/MiniCPM-RobotManip/resolve/29cb257541e9f96f493abe21174f8892e5dffe3f/config.json","logical [1024,3584]","未核验","未核验","未核验","https://huggingface.co/openbmb/MiniCPM-RobotManip/resolve/29cb257541e9f96f493abe21174f8892e5dffe3f/config.json","文本decode/verify；B[1,16],S[1,8]；TP=1逻辑参考；","Y=X@W^T"
"vlm_config.text_config/layer_18","FFN_residual","未核验","elementwise","[B,S,1024];[B,S,1024]","[B,S,1024]","B,S,T；其他轴见模型参数","B[1,16];S_verify[1,8];L_KV独立未知；TP=1","config=None；激活/累加类型未核验","未核验","逻辑轴顺序；物理format未核验","逻辑轴顺序；物理format未核验","未评估候选","未评估候选","未评估候选","未核验","未实测","未实测","未实测","未实测","未核验","配置确认 + 数学推导；未核验完整调用链","https://huggingface.co/openbmb/MiniCPM-RobotManip/resolve/29cb257541e9f96f493abe21174f8892e5dffe3f/config.json","未核验","未核验","未核验","未核验","https://huggingface.co/openbmb/MiniCPM-RobotManip/resolve/29cb257541e9f96f493abe21174f8892e5dffe3f/config.json","文本decode/verify；B[1,16],S[1,8]；TP=1逻辑参考；","Y=X+branch（参考，实际残差策略未核验）"
"vlm_config.text_config/layer_19","input_normalization","未核验","norm","[B,S,1024]","[B,S,1024]","B,S,T；其他轴见模型参数","B[1,16];S_verify[1,8];L_KV独立未知；TP=1","config=None；激活/累加类型未核验","未核验","逻辑轴顺序；物理format未核验","逻辑轴顺序；物理format未核验","未评估候选","未评估候选","未评估候选","未核验","未实测","未实测","未实测","未实测","未核验","配置确认 + 数学推导；未核验完整调用链","https://huggingface.co/openbmb/MiniCPM-RobotManip/resolve/29cb257541e9f96f493abe21174f8892e5dffe3f/config.json","未核验","未核验","未核验","未核验","https://huggingface.co/openbmb/MiniCPM-RobotManip/resolve/29cb257541e9f96f493abe21174f8892e5dffe3f/config.json","文本decode/verify；B[1,16],S[1,8]；TP=1逻辑参考；","归一化类型/先后顺序待实现核验"
"vlm_config.text_config/layer_19","q_projection","未核验","GEMM","[B,S,1024]","[B,S,2048]","B,S,T；其他轴见模型参数","B[1,16];S_verify[1,8];L_KV独立未知；TP=1","config=None；激活/累加类型未核验","未核验","逻辑轴顺序；物理format未核验","逻辑轴顺序；物理format未核验","未评估候选","未评估候选","未评估候选","未核验","未实测","未实测","未实测","未实测","未核验","配置确认 + 数学推导；未核验完整调用链","https://huggingface.co/openbmb/MiniCPM-RobotManip/resolve/29cb257541e9f96f493abe21174f8892e5dffe3f/config.json","未核验","未核验","未核验","未核验","https://huggingface.co/openbmb/MiniCPM-RobotManip/resolve/29cb257541e9f96f493abe21174f8892e5dffe3f/config.json","文本decode/verify；B[1,16],S[1,8]；TP=1逻辑参考；仅Q逻辑分支；额外门和融合打包另核验","Y=X@W^T; width=heads*head_dim"
"vlm_config.text_config/layer_19","k_projection","未核验","GEMM","[B,S,1024]","[B,S,512]","B,S,T；其他轴见模型参数","B[1,16];S_verify[1,8];L_KV独立未知；TP=1","config=None；激活/累加类型未核验","未核验","逻辑轴顺序；物理format未核验","逻辑轴顺序；物理format未核验","未评估候选","未评估候选","未评估候选","未核验","未实测","未实测","未实测","未实测","未核验","配置确认 + 数学推导；未核验完整调用链","https://huggingface.co/openbmb/MiniCPM-RobotManip/resolve/29cb257541e9f96f493abe21174f8892e5dffe3f/config.json","logical [512,1024]","未核验","未核验","未核验","https://huggingface.co/openbmb/MiniCPM-RobotManip/resolve/29cb257541e9f96f493abe21174f8892e5dffe3f/config.json","文本decode/verify；B[1,16],S[1,8]；TP=1逻辑参考；独立逻辑矩阵，不断言实际融合与存储","Y=X@W^T; width=heads*head_dim"
"vlm_config.text_config/layer_19","v_projection","未核验","GEMM","[B,S,1024]","[B,S,512]","B,S,T；其他轴见模型参数","B[1,16];S_verify[1,8];L_KV独立未知；TP=1","config=None；激活/累加类型未核验","未核验","逻辑轴顺序；物理format未核验","逻辑轴顺序；物理format未核验","未评估候选","未评估候选","未评估候选","未核验","未实测","未实测","未实测","未实测","未核验","配置确认 + 数学推导；未核验完整调用链","https://huggingface.co/openbmb/MiniCPM-RobotManip/resolve/29cb257541e9f96f493abe21174f8892e5dffe3f/config.json","logical [512,1024]","未核验","未核验","未核验","https://huggingface.co/openbmb/MiniCPM-RobotManip/resolve/29cb257541e9f96f493abe21174f8892e5dffe3f/config.json","文本decode/verify；B[1,16],S[1,8]；TP=1逻辑参考；独立逻辑矩阵，不断言实际融合与存储","Y=X@W^T; width=heads*head_dim"
"vlm_config.text_config/layer_19","position_and_cache","未核验","位置/缓存","Q,K,V projected; B,S","Q:[B,8,S,256]; K,V:[B,2,L_KV,256]","B,S,T；其他轴见模型参数","B[1,16];S_verify[1,8];L_KV独立未知；TP=1","config=None；激活/累加类型未核验","未核验","逻辑轴顺序；物理format未核验","逻辑轴顺序；物理format未核验","未评估候选","未评估候选","未评估候选","未核验","未实测","未实测","未实测","未实测","未核验","配置确认 + 数学推导；未核验完整调用链","https://huggingface.co/openbmb/MiniCPM-RobotManip/resolve/29cb257541e9f96f493abe21174f8892e5dffe3f/config.json","未核验","未核验","未核验","未核验","https://huggingface.co/openbmb/MiniCPM-RobotManip/resolve/29cb257541e9f96f493abe21174f8892e5dffe3f/config.json","文本decode/verify；B[1,16],S[1,8]；TP=1逻辑参考；","文本decode/verify；B[1,16],S[1,8]；TP=1逻辑参考；位置编码与物理layout需实现核验"
"vlm_config.text_config/layer_19","attention","未核验","attention","Q:[B,8,S,256];K,V:[B,2,L_KV,256]","[B,8,S,256]","B,S,T；其他轴见模型参数","B[1,16];S_verify[1,8];L_KV独立未知；TP=1","config=None；激活/累加类型未核验","未核验","逻辑轴顺序；物理format未核验","逻辑轴顺序；物理format未核验","未评估候选","未评估候选","未评估候选","未核验","未实测","未实测","未实测","未实测","未核验","配置确认 + 数学推导；未核验完整调用链","https://huggingface.co/openbmb/MiniCPM-RobotManip/resolve/29cb257541e9f96f493abe21174f8892e5dffe3f/config.json","未核验","未核验","未核验","未核验","https://huggingface.co/openbmb/MiniCPM-RobotManip/resolve/29cb257541e9f96f493abe21174f8892e5dffe3f/config.json","文本decode/verify；B[1,16],S[1,8]；TP=1逻辑参考；稀疏选块/线性分支需按实现，不能据此声称稠密执行或峰值中间内存","softmax(QK^T / sqrt(head_dim) + mask)V（数学参考）"
"vlm_config.text_config/layer_19","output_projection","未核验","GEMM","[B,S,2048]","[B,S,1024]","B,S,T；其他轴见模型参数","B[1,16];S_verify[1,8];L_KV独立未知；TP=1","config=None；激活/累加类型未核验","未核验","逻辑轴顺序；物理format未核验","逻辑轴顺序；物理format未核验","未评估候选","未评估候选","未评估候选","未核验","未实测","未实测","未实测","未实测","未核验","配置确认 + 数学推导；未核验完整调用链","https://huggingface.co/openbmb/MiniCPM-RobotManip/resolve/29cb257541e9f96f493abe21174f8892e5dffe3f/config.json","logical [1024,2048]","未核验","未核验","未核验","https://huggingface.co/openbmb/MiniCPM-RobotManip/resolve/29cb257541e9f96f493abe21174f8892e5dffe3f/config.json","文本decode/verify；B[1,16],S[1,8]；TP=1逻辑参考；","Y=X@W^T"
"vlm_config.text_config/layer_19","attention_residual","未核验","elementwise","[B,S,1024];[B,S,1024]","[B,S,1024]","B,S,T；其他轴见模型参数","B[1,16];S_verify[1,8];L_KV独立未知；TP=1","config=None；激活/累加类型未核验","未核验","逻辑轴顺序；物理format未核验","逻辑轴顺序；物理format未核验","未评估候选","未评估候选","未评估候选","未核验","未实测","未实测","未实测","未实测","未核验","配置确认 + 数学推导；未核验完整调用链","https://huggingface.co/openbmb/MiniCPM-RobotManip/resolve/29cb257541e9f96f493abe21174f8892e5dffe3f/config.json","未核验","未核验","未核验","未核验","https://huggingface.co/openbmb/MiniCPM-RobotManip/resolve/29cb257541e9f96f493abe21174f8892e5dffe3f/config.json","文本decode/verify；B[1,16],S[1,8]；TP=1逻辑参考；","Y=X+branch（参考，实际残差策略未核验）"
"vlm_config.text_config/layer_19","post_attention_normalization","未核验","norm","[B,S,1024]","[B,S,1024]","B,S,T；其他轴见模型参数","B[1,16];S_verify[1,8];L_KV独立未知；TP=1","config=None；激活/累加类型未核验","未核验","逻辑轴顺序；物理format未核验","逻辑轴顺序；物理format未核验","未评估候选","未评估候选","未评估候选","未核验","未实测","未实测","未实测","未实测","未核验","配置确认 + 数学推导；未核验完整调用链","https://huggingface.co/openbmb/MiniCPM-RobotManip/resolve/29cb257541e9f96f493abe21174f8892e5dffe3f/config.json","未核验","未核验","未核验","未核验","https://huggingface.co/openbmb/MiniCPM-RobotManip/resolve/29cb257541e9f96f493abe21174f8892e5dffe3f/config.json","文本decode/verify；B[1,16],S[1,8]；TP=1逻辑参考；","类型与位置待源码核验"
"vlm_config.text_config/layer_19","FFN_up","未核验","GEMM","[B,S,1024]","[B,S,3584]","B,S,T；其他轴见模型参数","B[1,16];S_verify[1,8];L_KV独立未知；TP=1","config=None；激活/累加类型未核验","未核验","逻辑轴顺序；物理format未核验","逻辑轴顺序；物理format未核验","未评估候选","未评估候选","未评估候选","未核验","未实测","未实测","未实测","未实测","未核验","配置确认 + 数学推导；未核验完整调用链","https://huggingface.co/openbmb/MiniCPM-RobotManip/resolve/29cb257541e9f96f493abe21174f8892e5dffe3f/config.json","logical [3584,1024]","未核验","未核验","未核验","https://huggingface.co/openbmb/MiniCPM-RobotManip/resolve/29cb257541e9f96f493abe21174f8892e5dffe3f/config.json","文本decode/verify；B[1,16],S[1,8]；TP=1逻辑参考；","Y=X@W^T"
"vlm_config.text_config/layer_19","FFN_activation_and_optional_gate","未核验","activation","[B,S,3584]","[B,S,3584]","B,S,T；其他轴见模型参数","B[1,16];S_verify[1,8];L_KV独立未知；TP=1","config=None；激活/累加类型未核验","未核验","逻辑轴顺序；物理format未核验","逻辑轴顺序；物理format未核验","未评估候选","未评估候选","未评估候选","未核验","未实测","未实测","未实测","未实测","未核验","配置确认 + 数学推导；未核验完整调用链","https://huggingface.co/openbmb/MiniCPM-RobotManip/resolve/29cb257541e9f96f493abe21174f8892e5dffe3f/config.json","未核验","未核验","未核验","未核验","https://huggingface.co/openbmb/MiniCPM-RobotManip/resolve/29cb257541e9f96f493abe21174f8892e5dffe3f/config.json","文本decode/verify；B[1,16],S[1,8]；TP=1逻辑参考；是否额外gate矩阵与门控分支维度需要实现；不能仅由silu推定完整SwiGLU","config.hidden_act=silu"
"vlm_config.text_config/layer_19","FFN_down","未核验","GEMM","[B,S,3584]","[B,S,1024]","B,S,T；其他轴见模型参数","B[1,16];S_verify[1,8];L_KV独立未知；TP=1","config=None；激活/累加类型未核验","未核验","逻辑轴顺序；物理format未核验","逻辑轴顺序；物理format未核验","未评估候选","未评估候选","未评估候选","未核验","未实测","未实测","未实测","未实测","未核验","配置确认 + 数学推导；未核验完整调用链","https://huggingface.co/openbmb/MiniCPM-RobotManip/resolve/29cb257541e9f96f493abe21174f8892e5dffe3f/config.json","logical [1024,3584]","未核验","未核验","未核验","https://huggingface.co/openbmb/MiniCPM-RobotManip/resolve/29cb257541e9f96f493abe21174f8892e5dffe3f/config.json","文本decode/verify；B[1,16],S[1,8]；TP=1逻辑参考；","Y=X@W^T"
"vlm_config.text_config/layer_19","FFN_residual","未核验","elementwise","[B,S,1024];[B,S,1024]","[B,S,1024]","B,S,T；其他轴见模型参数","B[1,16];S_verify[1,8];L_KV独立未知；TP=1","config=None；激活/累加类型未核验","未核验","逻辑轴顺序；物理format未核验","逻辑轴顺序；物理format未核验","未评估候选","未评估候选","未评估候选","未核验","未实测","未实测","未实测","未实测","未核验","配置确认 + 数学推导；未核验完整调用链","https://huggingface.co/openbmb/MiniCPM-RobotManip/resolve/29cb257541e9f96f493abe21174f8892e5dffe3f/config.json","未核验","未核验","未核验","未核验","https://huggingface.co/openbmb/MiniCPM-RobotManip/resolve/29cb257541e9f96f493abe21174f8892e5dffe3f/config.json","文本decode/verify；B[1,16],S[1,8]；TP=1逻辑参考；","Y=X+branch（参考，实际残差策略未核验）"
"vlm_config.text_config/layer_20","input_normalization","未核验","norm","[B,S,1024]","[B,S,1024]","B,S,T；其他轴见模型参数","B[1,16];S_verify[1,8];L_KV独立未知；TP=1","config=None；激活/累加类型未核验","未核验","逻辑轴顺序；物理format未核验","逻辑轴顺序；物理format未核验","未评估候选","未评估候选","未评估候选","未核验","未实测","未实测","未实测","未实测","未核验","配置确认 + 数学推导；未核验完整调用链","https://huggingface.co/openbmb/MiniCPM-RobotManip/resolve/29cb257541e9f96f493abe21174f8892e5dffe3f/config.json","未核验","未核验","未核验","未核验","https://huggingface.co/openbmb/MiniCPM-RobotManip/resolve/29cb257541e9f96f493abe21174f8892e5dffe3f/config.json","文本decode/verify；B[1,16],S[1,8]；TP=1逻辑参考；","归一化类型/先后顺序待实现核验"
"vlm_config.text_config/layer_20","q_linear_logical_projection","未核验","GEMM","[B,S,1024]","[B,S,2048]","B,S,T；其他轴见模型参数","B[1,16];S_verify[1,8];L_KV独立未知；TP=1","config=None；激活/累加类型未核验","未核验","逻辑轴顺序；物理format未核验","逻辑轴顺序；物理format未核验","未评估候选","未评估候选","未评估候选","未核验","未实测","未实测","未实测","未实测","未核验","配置确认 + 数学推导；未核验完整调用链","https://huggingface.co/openbmb/MiniCPM-RobotManip/resolve/29cb257541e9f96f493abe21174f8892e5dffe3f/config.json","logical [2048,1024]","未核验","未核验","未核验","https://huggingface.co/openbmb/MiniCPM-RobotManip/resolve/29cb257541e9f96f493abe21174f8892e5dffe3f/config.json","文本decode/verify；B[1,16],S[1,8]；TP=1逻辑参考；只是逻辑分支；实际打包与额外门未知","width=linear_heads*linear_head_dim"
"vlm_config.text_config/layer_20","k_linear_logical_projection","未核验","GEMM","[B,S,1024]","[B,S,2048]","B,S,T；其他轴见模型参数","B[1,16];S_verify[1,8];L_KV独立未知；TP=1","config=None；激活/累加类型未核验","未核验","逻辑轴顺序；物理format未核验","逻辑轴顺序；物理format未核验","未评估候选","未评估候选","未评估候选","未核验","未实测","未实测","未实测","未实测","未核验","配置确认 + 数学推导；未核验完整调用链","https://huggingface.co/openbmb/MiniCPM-RobotManip/resolve/29cb257541e9f96f493abe21174f8892e5dffe3f/config.json","logical [2048,1024]","未核验","未核验","未核验","https://huggingface.co/openbmb/MiniCPM-RobotManip/resolve/29cb257541e9f96f493abe21174f8892e5dffe3f/config.json","文本decode/verify；B[1,16],S[1,8]；TP=1逻辑参考；只是逻辑分支；实际打包与额外门未知","width=linear_heads*linear_head_dim"
"vlm_config.text_config/layer_20","v_linear_logical_projection","未核验","GEMM","[B,S,1024]","[B,S,2048]","B,S,T；其他轴见模型参数","B[1,16];S_verify[1,8];L_KV独立未知；TP=1","config=None；激活/累加类型未核验","未核验","逻辑轴顺序；物理format未核验","逻辑轴顺序；物理format未核验","未评估候选","未评估候选","未评估候选","未核验","未实测","未实测","未实测","未实测","未核验","配置确认 + 数学推导；未核验完整调用链","https://huggingface.co/openbmb/MiniCPM-RobotManip/resolve/29cb257541e9f96f493abe21174f8892e5dffe3f/config.json","logical [2048,1024]","未核验","未核验","未核验","https://huggingface.co/openbmb/MiniCPM-RobotManip/resolve/29cb257541e9f96f493abe21174f8892e5dffe3f/config.json","文本decode/verify；B[1,16],S[1,8]；TP=1逻辑参考；只是逻辑分支；实际打包与额外门未知","width=linear_heads*linear_head_dim"
"vlm_config.text_config/layer_20","linear_conv_and_gated_state","未核验","递归状态","Q,K:[B,S,16,128];V:[B,S,16,128]","[B,S,16,128]","B,S,T；其他轴见模型参数","B[1,16];S_verify[1,8];L_KV独立未知；TP=1","config=None；激活/累加类型未核验","未核验","逻辑轴顺序；物理format未核验","逻辑轴顺序；物理format未核验","未评估候选","未评估候选","未评估候选","未核验","未实测","未实测","未实测","未实测","未核验","配置确认 + 数学推导；未核验完整调用链","https://huggingface.co/openbmb/MiniCPM-RobotManip/resolve/29cb257541e9f96f493abe21174f8892e5dffe3f/config.json","未核验","未核验","未核验","未核验","https://huggingface.co/openbmb/MiniCPM-RobotManip/resolve/29cb257541e9f96f493abe21174f8892e5dffe3f/config.json","文本decode/verify；B[1,16],S[1,8]；TP=1逻辑参考；门控、重复heads与状态cache分派未核验","数学状态候选[B,16,128,128]；conv_kernel=4"
"vlm_config.text_config/layer_20","linear_output_projection","未核验","GEMM","[B,S,2048]","[B,S,1024]","B,S,T；其他轴见模型参数","B[1,16];S_verify[1,8];L_KV独立未知；TP=1","config=None；激活/累加类型未核验","未核验","逻辑轴顺序；物理format未核验","逻辑轴顺序；物理format未核验","未评估候选","未评估候选","未评估候选","未核验","未实测","未实测","未实测","未实测","未核验","配置确认 + 数学推导；未核验完整调用链","https://huggingface.co/openbmb/MiniCPM-RobotManip/resolve/29cb257541e9f96f493abe21174f8892e5dffe3f/config.json","logical [1024,2048]","未核验","未核验","未核验","https://huggingface.co/openbmb/MiniCPM-RobotManip/resolve/29cb257541e9f96f493abe21174f8892e5dffe3f/config.json","文本decode/verify；B[1,16],S[1,8]；TP=1逻辑参考；","Y=X@W^T"
"vlm_config.text_config/layer_20","attention_residual","未核验","elementwise","[B,S,1024];[B,S,1024]","[B,S,1024]","B,S,T；其他轴见模型参数","B[1,16];S_verify[1,8];L_KV独立未知；TP=1","config=None；激活/累加类型未核验","未核验","逻辑轴顺序；物理format未核验","逻辑轴顺序；物理format未核验","未评估候选","未评估候选","未评估候选","未核验","未实测","未实测","未实测","未实测","未核验","配置确认 + 数学推导；未核验完整调用链","https://huggingface.co/openbmb/MiniCPM-RobotManip/resolve/29cb257541e9f96f493abe21174f8892e5dffe3f/config.json","未核验","未核验","未核验","未核验","https://huggingface.co/openbmb/MiniCPM-RobotManip/resolve/29cb257541e9f96f493abe21174f8892e5dffe3f/config.json","文本decode/verify；B[1,16],S[1,8]；TP=1逻辑参考；","Y=X+branch（参考，实际残差策略未核验）"
"vlm_config.text_config/layer_20","post_attention_normalization","未核验","norm","[B,S,1024]","[B,S,1024]","B,S,T；其他轴见模型参数","B[1,16];S_verify[1,8];L_KV独立未知；TP=1","config=None；激活/累加类型未核验","未核验","逻辑轴顺序；物理format未核验","逻辑轴顺序；物理format未核验","未评估候选","未评估候选","未评估候选","未核验","未实测","未实测","未实测","未实测","未核验","配置确认 + 数学推导；未核验完整调用链","https://huggingface.co/openbmb/MiniCPM-RobotManip/resolve/29cb257541e9f96f493abe21174f8892e5dffe3f/config.json","未核验","未核验","未核验","未核验","https://huggingface.co/openbmb/MiniCPM-RobotManip/resolve/29cb257541e9f96f493abe21174f8892e5dffe3f/config.json","文本decode/verify；B[1,16],S[1,8]；TP=1逻辑参考；","类型与位置待源码核验"
"vlm_config.text_config/layer_20","FFN_up","未核验","GEMM","[B,S,1024]","[B,S,3584]","B,S,T；其他轴见模型参数","B[1,16];S_verify[1,8];L_KV独立未知；TP=1","config=None；激活/累加类型未核验","未核验","逻辑轴顺序；物理format未核验","逻辑轴顺序；物理format未核验","未评估候选","未评估候选","未评估候选","未核验","未实测","未实测","未实测","未实测","未核验","配置确认 + 数学推导；未核验完整调用链","https://huggingface.co/openbmb/MiniCPM-RobotManip/resolve/29cb257541e9f96f493abe21174f8892e5dffe3f/config.json","logical [3584,1024]","未核验","未核验","未核验","https://huggingface.co/openbmb/MiniCPM-RobotManip/resolve/29cb257541e9f96f493abe21174f8892e5dffe3f/config.json","文本decode/verify；B[1,16],S[1,8]；TP=1逻辑参考；","Y=X@W^T"
"vlm_config.text_config/layer_20","FFN_activation_and_optional_gate","未核验","activation","[B,S,3584]","[B,S,3584]","B,S,T；其他轴见模型参数","B[1,16];S_verify[1,8];L_KV独立未知；TP=1","config=None；激活/累加类型未核验","未核验","逻辑轴顺序；物理format未核验","逻辑轴顺序；物理format未核验","未评估候选","未评估候选","未评估候选","未核验","未实测","未实测","未实测","未实测","未核验","配置确认 + 数学推导；未核验完整调用链","https://huggingface.co/openbmb/MiniCPM-RobotManip/resolve/29cb257541e9f96f493abe21174f8892e5dffe3f/config.json","未核验","未核验","未核验","未核验","https://huggingface.co/openbmb/MiniCPM-RobotManip/resolve/29cb257541e9f96f493abe21174f8892e5dffe3f/config.json","文本decode/verify；B[1,16],S[1,8]；TP=1逻辑参考；是否额外gate矩阵与门控分支维度需要实现；不能仅由silu推定完整SwiGLU","config.hidden_act=silu"
"vlm_config.text_config/layer_20","FFN_down","未核验","GEMM","[B,S,3584]","[B,S,1024]","B,S,T；其他轴见模型参数","B[1,16];S_verify[1,8];L_KV独立未知；TP=1","config=None；激活/累加类型未核验","未核验","逻辑轴顺序；物理format未核验","逻辑轴顺序；物理format未核验","未评估候选","未评估候选","未评估候选","未核验","未实测","未实测","未实测","未实测","未核验","配置确认 + 数学推导；未核验完整调用链","https://huggingface.co/openbmb/MiniCPM-RobotManip/resolve/29cb257541e9f96f493abe21174f8892e5dffe3f/config.json","logical [1024,3584]","未核验","未核验","未核验","https://huggingface.co/openbmb/MiniCPM-RobotManip/resolve/29cb257541e9f96f493abe21174f8892e5dffe3f/config.json","文本decode/verify；B[1,16],S[1,8]；TP=1逻辑参考；","Y=X@W^T"
"vlm_config.text_config/layer_20","FFN_residual","未核验","elementwise","[B,S,1024];[B,S,1024]","[B,S,1024]","B,S,T；其他轴见模型参数","B[1,16];S_verify[1,8];L_KV独立未知；TP=1","config=None；激活/累加类型未核验","未核验","逻辑轴顺序；物理format未核验","逻辑轴顺序；物理format未核验","未评估候选","未评估候选","未评估候选","未核验","未实测","未实测","未实测","未实测","未核验","配置确认 + 数学推导；未核验完整调用链","https://huggingface.co/openbmb/MiniCPM-RobotManip/resolve/29cb257541e9f96f493abe21174f8892e5dffe3f/config.json","未核验","未核验","未核验","未核验","https://huggingface.co/openbmb/MiniCPM-RobotManip/resolve/29cb257541e9f96f493abe21174f8892e5dffe3f/config.json","文本decode/verify；B[1,16],S[1,8]；TP=1逻辑参考；","Y=X+branch（参考，实际残差策略未核验）"
"vlm_config.text_config/layer_21","input_normalization","未核验","norm","[B,S,1024]","[B,S,1024]","B,S,T；其他轴见模型参数","B[1,16];S_verify[1,8];L_KV独立未知；TP=1","config=None；激活/累加类型未核验","未核验","逻辑轴顺序；物理format未核验","逻辑轴顺序；物理format未核验","未评估候选","未评估候选","未评估候选","未核验","未实测","未实测","未实测","未实测","未核验","配置确认 + 数学推导；未核验完整调用链","https://huggingface.co/openbmb/MiniCPM-RobotManip/resolve/29cb257541e9f96f493abe21174f8892e5dffe3f/config.json","未核验","未核验","未核验","未核验","https://huggingface.co/openbmb/MiniCPM-RobotManip/resolve/29cb257541e9f96f493abe21174f8892e5dffe3f/config.json","文本decode/verify；B[1,16],S[1,8]；TP=1逻辑参考；","归一化类型/先后顺序待实现核验"
"vlm_config.text_config/layer_21","q_linear_logical_projection","未核验","GEMM","[B,S,1024]","[B,S,2048]","B,S,T；其他轴见模型参数","B[1,16];S_verify[1,8];L_KV独立未知；TP=1","config=None；激活/累加类型未核验","未核验","逻辑轴顺序；物理format未核验","逻辑轴顺序；物理format未核验","未评估候选","未评估候选","未评估候选","未核验","未实测","未实测","未实测","未实测","未核验","配置确认 + 数学推导；未核验完整调用链","https://huggingface.co/openbmb/MiniCPM-RobotManip/resolve/29cb257541e9f96f493abe21174f8892e5dffe3f/config.json","logical [2048,1024]","未核验","未核验","未核验","https://huggingface.co/openbmb/MiniCPM-RobotManip/resolve/29cb257541e9f96f493abe21174f8892e5dffe3f/config.json","文本decode/verify；B[1,16],S[1,8]；TP=1逻辑参考；只是逻辑分支；实际打包与额外门未知","width=linear_heads*linear_head_dim"
"vlm_config.text_config/layer_21","k_linear_logical_projection","未核验","GEMM","[B,S,1024]","[B,S,2048]","B,S,T；其他轴见模型参数","B[1,16];S_verify[1,8];L_KV独立未知；TP=1","config=None；激活/累加类型未核验","未核验","逻辑轴顺序；物理format未核验","逻辑轴顺序；物理format未核验","未评估候选","未评估候选","未评估候选","未核验","未实测","未实测","未实测","未实测","未核验","配置确认 + 数学推导；未核验完整调用链","https://huggingface.co/openbmb/MiniCPM-RobotManip/resolve/29cb257541e9f96f493abe21174f8892e5dffe3f/config.json","logical [2048,1024]","未核验","未核验","未核验","https://huggingface.co/openbmb/MiniCPM-RobotManip/resolve/29cb257541e9f96f493abe21174f8892e5dffe3f/config.json","文本decode/verify；B[1,16],S[1,8]；TP=1逻辑参考；只是逻辑分支；实际打包与额外门未知","width=linear_heads*linear_head_dim"
"vlm_config.text_config/layer_21","v_linear_logical_projection","未核验","GEMM","[B,S,1024]","[B,S,2048]","B,S,T；其他轴见模型参数","B[1,16];S_verify[1,8];L_KV独立未知；TP=1","config=None；激活/累加类型未核验","未核验","逻辑轴顺序；物理format未核验","逻辑轴顺序；物理format未核验","未评估候选","未评估候选","未评估候选","未核验","未实测","未实测","未实测","未实测","未核验","配置确认 + 数学推导；未核验完整调用链","https://huggingface.co/openbmb/MiniCPM-RobotManip/resolve/29cb257541e9f96f493abe21174f8892e5dffe3f/config.json","logical [2048,1024]","未核验","未核验","未核验","https://huggingface.co/openbmb/MiniCPM-RobotManip/resolve/29cb257541e9f96f493abe21174f8892e5dffe3f/config.json","文本decode/verify；B[1,16],S[1,8]；TP=1逻辑参考；只是逻辑分支；实际打包与额外门未知","width=linear_heads*linear_head_dim"
"vlm_config.text_config/layer_21","linear_conv_and_gated_state","未核验","递归状态","Q,K:[B,S,16,128];V:[B,S,16,128]","[B,S,16,128]","B,S,T；其他轴见模型参数","B[1,16];S_verify[1,8];L_KV独立未知；TP=1","config=None；激活/累加类型未核验","未核验","逻辑轴顺序；物理format未核验","逻辑轴顺序；物理format未核验","未评估候选","未评估候选","未评估候选","未核验","未实测","未实测","未实测","未实测","未核验","配置确认 + 数学推导；未核验完整调用链","https://huggingface.co/openbmb/MiniCPM-RobotManip/resolve/29cb257541e9f96f493abe21174f8892e5dffe3f/config.json","未核验","未核验","未核验","未核验","https://huggingface.co/openbmb/MiniCPM-RobotManip/resolve/29cb257541e9f96f493abe21174f8892e5dffe3f/config.json","文本decode/verify；B[1,16],S[1,8]；TP=1逻辑参考；门控、重复heads与状态cache分派未核验","数学状态候选[B,16,128,128]；conv_kernel=4"
"vlm_config.text_config/layer_21","linear_output_projection","未核验","GEMM","[B,S,2048]","[B,S,1024]","B,S,T；其他轴见模型参数","B[1,16];S_verify[1,8];L_KV独立未知；TP=1","config=None；激活/累加类型未核验","未核验","逻辑轴顺序；物理format未核验","逻辑轴顺序；物理format未核验","未评估候选","未评估候选","未评估候选","未核验","未实测","未实测","未实测","未实测","未核验","配置确认 + 数学推导；未核验完整调用链","https://huggingface.co/openbmb/MiniCPM-RobotManip/resolve/29cb257541e9f96f493abe21174f8892e5dffe3f/config.json","logical [1024,2048]","未核验","未核验","未核验","https://huggingface.co/openbmb/MiniCPM-RobotManip/resolve/29cb257541e9f96f493abe21174f8892e5dffe3f/config.json","文本decode/verify；B[1,16],S[1,8]；TP=1逻辑参考；","Y=X@W^T"
"vlm_config.text_config/layer_21","attention_residual","未核验","elementwise","[B,S,1024];[B,S,1024]","[B,S,1024]","B,S,T；其他轴见模型参数","B[1,16];S_verify[1,8];L_KV独立未知；TP=1","config=None；激活/累加类型未核验","未核验","逻辑轴顺序；物理format未核验","逻辑轴顺序；物理format未核验","未评估候选","未评估候选","未评估候选","未核验","未实测","未实测","未实测","未实测","未核验","配置确认 + 数学推导；未核验完整调用链","https://huggingface.co/openbmb/MiniCPM-RobotManip/resolve/29cb257541e9f96f493abe21174f8892e5dffe3f/config.json","未核验","未核验","未核验","未核验","https://huggingface.co/openbmb/MiniCPM-RobotManip/resolve/29cb257541e9f96f493abe21174f8892e5dffe3f/config.json","文本decode/verify；B[1,16],S[1,8]；TP=1逻辑参考；","Y=X+branch（参考，实际残差策略未核验）"
"vlm_config.text_config/layer_21","post_attention_normalization","未核验","norm","[B,S,1024]","[B,S,1024]","B,S,T；其他轴见模型参数","B[1,16];S_verify[1,8];L_KV独立未知；TP=1","config=None；激活/累加类型未核验","未核验","逻辑轴顺序；物理format未核验","逻辑轴顺序；物理format未核验","未评估候选","未评估候选","未评估候选","未核验","未实测","未实测","未实测","未实测","未核验","配置确认 + 数学推导；未核验完整调用链","https://huggingface.co/openbmb/MiniCPM-RobotManip/resolve/29cb257541e9f96f493abe21174f8892e5dffe3f/config.json","未核验","未核验","未核验","未核验","https://huggingface.co/openbmb/MiniCPM-RobotManip/resolve/29cb257541e9f96f493abe21174f8892e5dffe3f/config.json","文本decode/verify；B[1,16],S[1,8]；TP=1逻辑参考；","类型与位置待源码核验"
"vlm_config.text_config/layer_21","FFN_up","未核验","GEMM","[B,S,1024]","[B,S,3584]","B,S,T；其他轴见模型参数","B[1,16];S_verify[1,8];L_KV独立未知；TP=1","config=None；激活/累加类型未核验","未核验","逻辑轴顺序；物理format未核验","逻辑轴顺序；物理format未核验","未评估候选","未评估候选","未评估候选","未核验","未实测","未实测","未实测","未实测","未核验","配置确认 + 数学推导；未核验完整调用链","https://huggingface.co/openbmb/MiniCPM-RobotManip/resolve/29cb257541e9f96f493abe21174f8892e5dffe3f/config.json","logical [3584,1024]","未核验","未核验","未核验","https://huggingface.co/openbmb/MiniCPM-RobotManip/resolve/29cb257541e9f96f493abe21174f8892e5dffe3f/config.json","文本decode/verify；B[1,16],S[1,8]；TP=1逻辑参考；","Y=X@W^T"
"vlm_config.text_config/layer_21","FFN_activation_and_optional_gate","未核验","activation","[B,S,3584]","[B,S,3584]","B,S,T；其他轴见模型参数","B[1,16];S_verify[1,8];L_KV独立未知；TP=1","config=None；激活/累加类型未核验","未核验","逻辑轴顺序；物理format未核验","逻辑轴顺序；物理format未核验","未评估候选","未评估候选","未评估候选","未核验","未实测","未实测","未实测","未实测","未核验","配置确认 + 数学推导；未核验完整调用链","https://huggingface.co/openbmb/MiniCPM-RobotManip/resolve/29cb257541e9f96f493abe21174f8892e5dffe3f/config.json","未核验","未核验","未核验","未核验","https://huggingface.co/openbmb/MiniCPM-RobotManip/resolve/29cb257541e9f96f493abe21174f8892e5dffe3f/config.json","文本decode/verify；B[1,16],S[1,8]；TP=1逻辑参考；是否额外gate矩阵与门控分支维度需要实现；不能仅由silu推定完整SwiGLU","config.hidden_act=silu"
"vlm_config.text_config/layer_21","FFN_down","未核验","GEMM","[B,S,3584]","[B,S,1024]","B,S,T；其他轴见模型参数","B[1,16];S_verify[1,8];L_KV独立未知；TP=1","config=None；激活/累加类型未核验","未核验","逻辑轴顺序；物理format未核验","逻辑轴顺序；物理format未核验","未评估候选","未评估候选","未评估候选","未核验","未实测","未实测","未实测","未实测","未核验","配置确认 + 数学推导；未核验完整调用链","https://huggingface.co/openbmb/MiniCPM-RobotManip/resolve/29cb257541e9f96f493abe21174f8892e5dffe3f/config.json","logical [1024,3584]","未核验","未核验","未核验","https://huggingface.co/openbmb/MiniCPM-RobotManip/resolve/29cb257541e9f96f493abe21174f8892e5dffe3f/config.json","文本decode/verify；B[1,16],S[1,8]；TP=1逻辑参考；","Y=X@W^T"
"vlm_config.text_config/layer_21","FFN_residual","未核验","elementwise","[B,S,1024];[B,S,1024]","[B,S,1024]","B,S,T；其他轴见模型参数","B[1,16];S_verify[1,8];L_KV独立未知；TP=1","config=None；激活/累加类型未核验","未核验","逻辑轴顺序；物理format未核验","逻辑轴顺序；物理format未核验","未评估候选","未评估候选","未评估候选","未核验","未实测","未实测","未实测","未实测","未核验","配置确认 + 数学推导；未核验完整调用链","https://huggingface.co/openbmb/MiniCPM-RobotManip/resolve/29cb257541e9f96f493abe21174f8892e5dffe3f/config.json","未核验","未核验","未核验","未核验","https://huggingface.co/openbmb/MiniCPM-RobotManip/resolve/29cb257541e9f96f493abe21174f8892e5dffe3f/config.json","文本decode/verify；B[1,16],S[1,8]；TP=1逻辑参考；","Y=X+branch（参考，实际残差策略未核验）"
"vlm_config.text_config/layer_22","input_normalization","未核验","norm","[B,S,1024]","[B,S,1024]","B,S,T；其他轴见模型参数","B[1,16];S_verify[1,8];L_KV独立未知；TP=1","config=None；激活/累加类型未核验","未核验","逻辑轴顺序；物理format未核验","逻辑轴顺序；物理format未核验","未评估候选","未评估候选","未评估候选","未核验","未实测","未实测","未实测","未实测","未核验","配置确认 + 数学推导；未核验完整调用链","https://huggingface.co/openbmb/MiniCPM-RobotManip/resolve/29cb257541e9f96f493abe21174f8892e5dffe3f/config.json","未核验","未核验","未核验","未核验","https://huggingface.co/openbmb/MiniCPM-RobotManip/resolve/29cb257541e9f96f493abe21174f8892e5dffe3f/config.json","文本decode/verify；B[1,16],S[1,8]；TP=1逻辑参考；","归一化类型/先后顺序待实现核验"
"vlm_config.text_config/layer_22","q_linear_logical_projection","未核验","GEMM","[B,S,1024]","[B,S,2048]","B,S,T；其他轴见模型参数","B[1,16];S_verify[1,8];L_KV独立未知；TP=1","config=None；激活/累加类型未核验","未核验","逻辑轴顺序；物理format未核验","逻辑轴顺序；物理format未核验","未评估候选","未评估候选","未评估候选","未核验","未实测","未实测","未实测","未实测","未核验","配置确认 + 数学推导；未核验完整调用链","https://huggingface.co/openbmb/MiniCPM-RobotManip/resolve/29cb257541e9f96f493abe21174f8892e5dffe3f/config.json","logical [2048,1024]","未核验","未核验","未核验","https://huggingface.co/openbmb/MiniCPM-RobotManip/resolve/29cb257541e9f96f493abe21174f8892e5dffe3f/config.json","文本decode/verify；B[1,16],S[1,8]；TP=1逻辑参考；只是逻辑分支；实际打包与额外门未知","width=linear_heads*linear_head_dim"
"vlm_config.text_config/layer_22","k_linear_logical_projection","未核验","GEMM","[B,S,1024]","[B,S,2048]","B,S,T；其他轴见模型参数","B[1,16];S_verify[1,8];L_KV独立未知；TP=1","config=None；激活/累加类型未核验","未核验","逻辑轴顺序；物理format未核验","逻辑轴顺序；物理format未核验","未评估候选","未评估候选","未评估候选","未核验","未实测","未实测","未实测","未实测","未核验","配置确认 + 数学推导；未核验完整调用链","https://huggingface.co/openbmb/MiniCPM-RobotManip/resolve/29cb257541e9f96f493abe21174f8892e5dffe3f/config.json","logical [2048,1024]","未核验","未核验","未核验","https://huggingface.co/openbmb/MiniCPM-RobotManip/resolve/29cb257541e9f96f493abe21174f8892e5dffe3f/config.json","文本decode/verify；B[1,16],S[1,8]；TP=1逻辑参考；只是逻辑分支；实际打包与额外门未知","width=linear_heads*linear_head_dim"
"vlm_config.text_config/layer_22","v_linear_logical_projection","未核验","GEMM","[B,S,1024]","[B,S,2048]","B,S,T；其他轴见模型参数","B[1,16];S_verify[1,8];L_KV独立未知；TP=1","config=None；激活/累加类型未核验","未核验","逻辑轴顺序；物理format未核验","逻辑轴顺序；物理format未核验","未评估候选","未评估候选","未评估候选","未核验","未实测","未实测","未实测","未实测","未核验","配置确认 + 数学推导；未核验完整调用链","https://huggingface.co/openbmb/MiniCPM-RobotManip/resolve/29cb257541e9f96f493abe21174f8892e5dffe3f/config.json","logical [2048,1024]","未核验","未核验","未核验","https://huggingface.co/openbmb/MiniCPM-RobotManip/resolve/29cb257541e9f96f493abe21174f8892e5dffe3f/config.json","文本decode/verify；B[1,16],S[1,8]；TP=1逻辑参考；只是逻辑分支；实际打包与额外门未知","width=linear_heads*linear_head_dim"
"vlm_config.text_config/layer_22","linear_conv_and_gated_state","未核验","递归状态","Q,K:[B,S,16,128];V:[B,S,16,128]","[B,S,16,128]","B,S,T；其他轴见模型参数","B[1,16];S_verify[1,8];L_KV独立未知；TP=1","config=None；激活/累加类型未核验","未核验","逻辑轴顺序；物理format未核验","逻辑轴顺序；物理format未核验","未评估候选","未评估候选","未评估候选","未核验","未实测","未实测","未实测","未实测","未核验","配置确认 + 数学推导；未核验完整调用链","https://huggingface.co/openbmb/MiniCPM-RobotManip/resolve/29cb257541e9f96f493abe21174f8892e5dffe3f/config.json","未核验","未核验","未核验","未核验","https://huggingface.co/openbmb/MiniCPM-RobotManip/resolve/29cb257541e9f96f493abe21174f8892e5dffe3f/config.json","文本decode/verify；B[1,16],S[1,8]；TP=1逻辑参考；门控、重复heads与状态cache分派未核验","数学状态候选[B,16,128,128]；conv_kernel=4"
"vlm_config.text_config/layer_22","linear_output_projection","未核验","GEMM","[B,S,2048]","[B,S,1024]","B,S,T；其他轴见模型参数","B[1,16];S_verify[1,8];L_KV独立未知；TP=1","config=None；激活/累加类型未核验","未核验","逻辑轴顺序；物理format未核验","逻辑轴顺序；物理format未核验","未评估候选","未评估候选","未评估候选","未核验","未实测","未实测","未实测","未实测","未核验","配置确认 + 数学推导；未核验完整调用链","https://huggingface.co/openbmb/MiniCPM-RobotManip/resolve/29cb257541e9f96f493abe21174f8892e5dffe3f/config.json","logical [1024,2048]","未核验","未核验","未核验","https://huggingface.co/openbmb/MiniCPM-RobotManip/resolve/29cb257541e9f96f493abe21174f8892e5dffe3f/config.json","文本decode/verify；B[1,16],S[1,8]；TP=1逻辑参考；","Y=X@W^T"
"vlm_config.text_config/layer_22","attention_residual","未核验","elementwise","[B,S,1024];[B,S,1024]","[B,S,1024]","B,S,T；其他轴见模型参数","B[1,16];S_verify[1,8];L_KV独立未知；TP=1","config=None；激活/累加类型未核验","未核验","逻辑轴顺序；物理format未核验","逻辑轴顺序；物理format未核验","未评估候选","未评估候选","未评估候选","未核验","未实测","未实测","未实测","未实测","未核验","配置确认 + 数学推导；未核验完整调用链","https://huggingface.co/openbmb/MiniCPM-RobotManip/resolve/29cb257541e9f96f493abe21174f8892e5dffe3f/config.json","未核验","未核验","未核验","未核验","https://huggingface.co/openbmb/MiniCPM-RobotManip/resolve/29cb257541e9f96f493abe21174f8892e5dffe3f/config.json","文本decode/verify；B[1,16],S[1,8]；TP=1逻辑参考；","Y=X+branch（参考，实际残差策略未核验）"
"vlm_config.text_config/layer_22","post_attention_normalization","未核验","norm","[B,S,1024]","[B,S,1024]","B,S,T；其他轴见模型参数","B[1,16];S_verify[1,8];L_KV独立未知；TP=1","config=None；激活/累加类型未核验","未核验","逻辑轴顺序；物理format未核验","逻辑轴顺序；物理format未核验","未评估候选","未评估候选","未评估候选","未核验","未实测","未实测","未实测","未实测","未核验","配置确认 + 数学推导；未核验完整调用链","https://huggingface.co/openbmb/MiniCPM-RobotManip/resolve/29cb257541e9f96f493abe21174f8892e5dffe3f/config.json","未核验","未核验","未核验","未核验","https://huggingface.co/openbmb/MiniCPM-RobotManip/resolve/29cb257541e9f96f493abe21174f8892e5dffe3f/config.json","文本decode/verify；B[1,16],S[1,8]；TP=1逻辑参考；","类型与位置待源码核验"
"vlm_config.text_config/layer_22","FFN_up","未核验","GEMM","[B,S,1024]","[B,S,3584]","B,S,T；其他轴见模型参数","B[1,16];S_verify[1,8];L_KV独立未知；TP=1","config=None；激活/累加类型未核验","未核验","逻辑轴顺序；物理format未核验","逻辑轴顺序；物理format未核验","未评估候选","未评估候选","未评估候选","未核验","未实测","未实测","未实测","未实测","未核验","配置确认 + 数学推导；未核验完整调用链","https://huggingface.co/openbmb/MiniCPM-RobotManip/resolve/29cb257541e9f96f493abe21174f8892e5dffe3f/config.json","logical [3584,1024]","未核验","未核验","未核验","https://huggingface.co/openbmb/MiniCPM-RobotManip/resolve/29cb257541e9f96f493abe21174f8892e5dffe3f/config.json","文本decode/verify；B[1,16],S[1,8]；TP=1逻辑参考；","Y=X@W^T"
"vlm_config.text_config/layer_22","FFN_activation_and_optional_gate","未核验","activation","[B,S,3584]","[B,S,3584]","B,S,T；其他轴见模型参数","B[1,16];S_verify[1,8];L_KV独立未知；TP=1","config=None；激活/累加类型未核验","未核验","逻辑轴顺序；物理format未核验","逻辑轴顺序；物理format未核验","未评估候选","未评估候选","未评估候选","未核验","未实测","未实测","未实测","未实测","未核验","配置确认 + 数学推导；未核验完整调用链","https://huggingface.co/openbmb/MiniCPM-RobotManip/resolve/29cb257541e9f96f493abe21174f8892e5dffe3f/config.json","未核验","未核验","未核验","未核验","https://huggingface.co/openbmb/MiniCPM-RobotManip/resolve/29cb257541e9f96f493abe21174f8892e5dffe3f/config.json","文本decode/verify；B[1,16],S[1,8]；TP=1逻辑参考；是否额外gate矩阵与门控分支维度需要实现；不能仅由silu推定完整SwiGLU","config.hidden_act=silu"
"vlm_config.text_config/layer_22","FFN_down","未核验","GEMM","[B,S,3584]","[B,S,1024]","B,S,T；其他轴见模型参数","B[1,16];S_verify[1,8];L_KV独立未知；TP=1","config=None；激活/累加类型未核验","未核验","逻辑轴顺序；物理format未核验","逻辑轴顺序；物理format未核验","未评估候选","未评估候选","未评估候选","未核验","未实测","未实测","未实测","未实测","未核验","配置确认 + 数学推导；未核验完整调用链","https://huggingface.co/openbmb/MiniCPM-RobotManip/resolve/29cb257541e9f96f493abe21174f8892e5dffe3f/config.json","logical [1024,3584]","未核验","未核验","未核验","https://huggingface.co/openbmb/MiniCPM-RobotManip/resolve/29cb257541e9f96f493abe21174f8892e5dffe3f/config.json","文本decode/verify；B[1,16],S[1,8]；TP=1逻辑参考；","Y=X@W^T"
"vlm_config.text_config/layer_22","FFN_residual","未核验","elementwise","[B,S,1024];[B,S,1024]","[B,S,1024]","B,S,T；其他轴见模型参数","B[1,16];S_verify[1,8];L_KV独立未知；TP=1","config=None；激活/累加类型未核验","未核验","逻辑轴顺序；物理format未核验","逻辑轴顺序；物理format未核验","未评估候选","未评估候选","未评估候选","未核验","未实测","未实测","未实测","未实测","未核验","配置确认 + 数学推导；未核验完整调用链","https://huggingface.co/openbmb/MiniCPM-RobotManip/resolve/29cb257541e9f96f493abe21174f8892e5dffe3f/config.json","未核验","未核验","未核验","未核验","https://huggingface.co/openbmb/MiniCPM-RobotManip/resolve/29cb257541e9f96f493abe21174f8892e5dffe3f/config.json","文本decode/verify；B[1,16],S[1,8]；TP=1逻辑参考；","Y=X+branch（参考，实际残差策略未核验）"
"vlm_config.text_config/layer_23","input_normalization","未核验","norm","[B,S,1024]","[B,S,1024]","B,S,T；其他轴见模型参数","B[1,16];S_verify[1,8];L_KV独立未知；TP=1","config=None；激活/累加类型未核验","未核验","逻辑轴顺序；物理format未核验","逻辑轴顺序；物理format未核验","未评估候选","未评估候选","未评估候选","未核验","未实测","未实测","未实测","未实测","未核验","配置确认 + 数学推导；未核验完整调用链","https://huggingface.co/openbmb/MiniCPM-RobotManip/resolve/29cb257541e9f96f493abe21174f8892e5dffe3f/config.json","未核验","未核验","未核验","未核验","https://huggingface.co/openbmb/MiniCPM-RobotManip/resolve/29cb257541e9f96f493abe21174f8892e5dffe3f/config.json","文本decode/verify；B[1,16],S[1,8]；TP=1逻辑参考；","归一化类型/先后顺序待实现核验"
"vlm_config.text_config/layer_23","q_projection","未核验","GEMM","[B,S,1024]","[B,S,2048]","B,S,T；其他轴见模型参数","B[1,16];S_verify[1,8];L_KV独立未知；TP=1","config=None；激活/累加类型未核验","未核验","逻辑轴顺序；物理format未核验","逻辑轴顺序；物理format未核验","未评估候选","未评估候选","未评估候选","未核验","未实测","未实测","未实测","未实测","未核验","配置确认 + 数学推导；未核验完整调用链","https://huggingface.co/openbmb/MiniCPM-RobotManip/resolve/29cb257541e9f96f493abe21174f8892e5dffe3f/config.json","未核验","未核验","未核验","未核验","https://huggingface.co/openbmb/MiniCPM-RobotManip/resolve/29cb257541e9f96f493abe21174f8892e5dffe3f/config.json","文本decode/verify；B[1,16],S[1,8]；TP=1逻辑参考；仅Q逻辑分支；额外门和融合打包另核验","Y=X@W^T; width=heads*head_dim"
"vlm_config.text_config/layer_23","k_projection","未核验","GEMM","[B,S,1024]","[B,S,512]","B,S,T；其他轴见模型参数","B[1,16];S_verify[1,8];L_KV独立未知；TP=1","config=None；激活/累加类型未核验","未核验","逻辑轴顺序；物理format未核验","逻辑轴顺序；物理format未核验","未评估候选","未评估候选","未评估候选","未核验","未实测","未实测","未实测","未实测","未核验","配置确认 + 数学推导；未核验完整调用链","https://huggingface.co/openbmb/MiniCPM-RobotManip/resolve/29cb257541e9f96f493abe21174f8892e5dffe3f/config.json","logical [512,1024]","未核验","未核验","未核验","https://huggingface.co/openbmb/MiniCPM-RobotManip/resolve/29cb257541e9f96f493abe21174f8892e5dffe3f/config.json","文本decode/verify；B[1,16],S[1,8]；TP=1逻辑参考；独立逻辑矩阵，不断言实际融合与存储","Y=X@W^T; width=heads*head_dim"
"vlm_config.text_config/layer_23","v_projection","未核验","GEMM","[B,S,1024]","[B,S,512]","B,S,T；其他轴见模型参数","B[1,16];S_verify[1,8];L_KV独立未知；TP=1","config=None；激活/累加类型未核验","未核验","逻辑轴顺序；物理format未核验","逻辑轴顺序；物理format未核验","未评估候选","未评估候选","未评估候选","未核验","未实测","未实测","未实测","未实测","未核验","配置确认 + 数学推导；未核验完整调用链","https://huggingface.co/openbmb/MiniCPM-RobotManip/resolve/29cb257541e9f96f493abe21174f8892e5dffe3f/config.json","logical [512,1024]","未核验","未核验","未核验","https://huggingface.co/openbmb/MiniCPM-RobotManip/resolve/29cb257541e9f96f493abe21174f8892e5dffe3f/config.json","文本decode/verify；B[1,16],S[1,8]；TP=1逻辑参考；独立逻辑矩阵，不断言实际融合与存储","Y=X@W^T; width=heads*head_dim"
"vlm_config.text_config/layer_23","position_and_cache","未核验","位置/缓存","Q,K,V projected; B,S","Q:[B,8,S,256]; K,V:[B,2,L_KV,256]","B,S,T；其他轴见模型参数","B[1,16];S_verify[1,8];L_KV独立未知；TP=1","config=None；激活/累加类型未核验","未核验","逻辑轴顺序；物理format未核验","逻辑轴顺序；物理format未核验","未评估候选","未评估候选","未评估候选","未核验","未实测","未实测","未实测","未实测","未核验","配置确认 + 数学推导；未核验完整调用链","https://huggingface.co/openbmb/MiniCPM-RobotManip/resolve/29cb257541e9f96f493abe21174f8892e5dffe3f/config.json","未核验","未核验","未核验","未核验","https://huggingface.co/openbmb/MiniCPM-RobotManip/resolve/29cb257541e9f96f493abe21174f8892e5dffe3f/config.json","文本decode/verify；B[1,16],S[1,8]；TP=1逻辑参考；","文本decode/verify；B[1,16],S[1,8]；TP=1逻辑参考；位置编码与物理layout需实现核验"
"vlm_config.text_config/layer_23","attention","未核验","attention","Q:[B,8,S,256];K,V:[B,2,L_KV,256]","[B,8,S,256]","B,S,T；其他轴见模型参数","B[1,16];S_verify[1,8];L_KV独立未知；TP=1","config=None；激活/累加类型未核验","未核验","逻辑轴顺序；物理format未核验","逻辑轴顺序；物理format未核验","未评估候选","未评估候选","未评估候选","未核验","未实测","未实测","未实测","未实测","未核验","配置确认 + 数学推导；未核验完整调用链","https://huggingface.co/openbmb/MiniCPM-RobotManip/resolve/29cb257541e9f96f493abe21174f8892e5dffe3f/config.json","未核验","未核验","未核验","未核验","https://huggingface.co/openbmb/MiniCPM-RobotManip/resolve/29cb257541e9f96f493abe21174f8892e5dffe3f/config.json","文本decode/verify；B[1,16],S[1,8]；TP=1逻辑参考；稀疏选块/线性分支需按实现，不能据此声称稠密执行或峰值中间内存","softmax(QK^T / sqrt(head_dim) + mask)V（数学参考）"
"vlm_config.text_config/layer_23","output_projection","未核验","GEMM","[B,S,2048]","[B,S,1024]","B,S,T；其他轴见模型参数","B[1,16];S_verify[1,8];L_KV独立未知；TP=1","config=None；激活/累加类型未核验","未核验","逻辑轴顺序；物理format未核验","逻辑轴顺序；物理format未核验","未评估候选","未评估候选","未评估候选","未核验","未实测","未实测","未实测","未实测","未核验","配置确认 + 数学推导；未核验完整调用链","https://huggingface.co/openbmb/MiniCPM-RobotManip/resolve/29cb257541e9f96f493abe21174f8892e5dffe3f/config.json","logical [1024,2048]","未核验","未核验","未核验","https://huggingface.co/openbmb/MiniCPM-RobotManip/resolve/29cb257541e9f96f493abe21174f8892e5dffe3f/config.json","文本decode/verify；B[1,16],S[1,8]；TP=1逻辑参考；","Y=X@W^T"
"vlm_config.text_config/layer_23","attention_residual","未核验","elementwise","[B,S,1024];[B,S,1024]","[B,S,1024]","B,S,T；其他轴见模型参数","B[1,16];S_verify[1,8];L_KV独立未知；TP=1","config=None；激活/累加类型未核验","未核验","逻辑轴顺序；物理format未核验","逻辑轴顺序；物理format未核验","未评估候选","未评估候选","未评估候选","未核验","未实测","未实测","未实测","未实测","未核验","配置确认 + 数学推导；未核验完整调用链","https://huggingface.co/openbmb/MiniCPM-RobotManip/resolve/29cb257541e9f96f493abe21174f8892e5dffe3f/config.json","未核验","未核验","未核验","未核验","https://huggingface.co/openbmb/MiniCPM-RobotManip/resolve/29cb257541e9f96f493abe21174f8892e5dffe3f/config.json","文本decode/verify；B[1,16],S[1,8]；TP=1逻辑参考；","Y=X+branch（参考，实际残差策略未核验）"
"vlm_config.text_config/layer_23","post_attention_normalization","未核验","norm","[B,S,1024]","[B,S,1024]","B,S,T；其他轴见模型参数","B[1,16];S_verify[1,8];L_KV独立未知；TP=1","config=None；激活/累加类型未核验","未核验","逻辑轴顺序；物理format未核验","逻辑轴顺序；物理format未核验","未评估候选","未评估候选","未评估候选","未核验","未实测","未实测","未实测","未实测","未核验","配置确认 + 数学推导；未核验完整调用链","https://huggingface.co/openbmb/MiniCPM-RobotManip/resolve/29cb257541e9f96f493abe21174f8892e5dffe3f/config.json","未核验","未核验","未核验","未核验","https://huggingface.co/openbmb/MiniCPM-RobotManip/resolve/29cb257541e9f96f493abe21174f8892e5dffe3f/config.json","文本decode/verify；B[1,16],S[1,8]；TP=1逻辑参考；","类型与位置待源码核验"
"vlm_config.text_config/layer_23","FFN_up","未核验","GEMM","[B,S,1024]","[B,S,3584]","B,S,T；其他轴见模型参数","B[1,16];S_verify[1,8];L_KV独立未知；TP=1","config=None；激活/累加类型未核验","未核验","逻辑轴顺序；物理format未核验","逻辑轴顺序；物理format未核验","未评估候选","未评估候选","未评估候选","未核验","未实测","未实测","未实测","未实测","未核验","配置确认 + 数学推导；未核验完整调用链","https://huggingface.co/openbmb/MiniCPM-RobotManip/resolve/29cb257541e9f96f493abe21174f8892e5dffe3f/config.json","logical [3584,1024]","未核验","未核验","未核验","https://huggingface.co/openbmb/MiniCPM-RobotManip/resolve/29cb257541e9f96f493abe21174f8892e5dffe3f/config.json","文本decode/verify；B[1,16],S[1,8]；TP=1逻辑参考；","Y=X@W^T"
"vlm_config.text_config/layer_23","FFN_activation_and_optional_gate","未核验","activation","[B,S,3584]","[B,S,3584]","B,S,T；其他轴见模型参数","B[1,16];S_verify[1,8];L_KV独立未知；TP=1","config=None；激活/累加类型未核验","未核验","逻辑轴顺序；物理format未核验","逻辑轴顺序；物理format未核验","未评估候选","未评估候选","未评估候选","未核验","未实测","未实测","未实测","未实测","未核验","配置确认 + 数学推导；未核验完整调用链","https://huggingface.co/openbmb/MiniCPM-RobotManip/resolve/29cb257541e9f96f493abe21174f8892e5dffe3f/config.json","未核验","未核验","未核验","未核验","https://huggingface.co/openbmb/MiniCPM-RobotManip/resolve/29cb257541e9f96f493abe21174f8892e5dffe3f/config.json","文本decode/verify；B[1,16],S[1,8]；TP=1逻辑参考；是否额外gate矩阵与门控分支维度需要实现；不能仅由silu推定完整SwiGLU","config.hidden_act=silu"
"vlm_config.text_config/layer_23","FFN_down","未核验","GEMM","[B,S,3584]","[B,S,1024]","B,S,T；其他轴见模型参数","B[1,16];S_verify[1,8];L_KV独立未知；TP=1","config=None；激活/累加类型未核验","未核验","逻辑轴顺序；物理format未核验","逻辑轴顺序；物理format未核验","未评估候选","未评估候选","未评估候选","未核验","未实测","未实测","未实测","未实测","未核验","配置确认 + 数学推导；未核验完整调用链","https://huggingface.co/openbmb/MiniCPM-RobotManip/resolve/29cb257541e9f96f493abe21174f8892e5dffe3f/config.json","logical [1024,3584]","未核验","未核验","未核验","https://huggingface.co/openbmb/MiniCPM-RobotManip/resolve/29cb257541e9f96f493abe21174f8892e5dffe3f/config.json","文本decode/verify；B[1,16],S[1,8]；TP=1逻辑参考；","Y=X@W^T"
"vlm_config.text_config/layer_23","FFN_residual","未核验","elementwise","[B,S,1024];[B,S,1024]","[B,S,1024]","B,S,T；其他轴见模型参数","B[1,16];S_verify[1,8];L_KV独立未知；TP=1","config=None；激活/累加类型未核验","未核验","逻辑轴顺序；物理format未核验","逻辑轴顺序；物理format未核验","未评估候选","未评估候选","未评估候选","未核验","未实测","未实测","未实测","未实测","未核验","配置确认 + 数学推导；未核验完整调用链","https://huggingface.co/openbmb/MiniCPM-RobotManip/resolve/29cb257541e9f96f493abe21174f8892e5dffe3f/config.json","未核验","未核验","未核验","未核验","https://huggingface.co/openbmb/MiniCPM-RobotManip/resolve/29cb257541e9f96f493abe21174f8892e5dffe3f/config.json","文本decode/verify；B[1,16],S[1,8]；TP=1逻辑参考；","Y=X+branch（参考，实际残差策略未核验）"
"vlm_config.text_config.optional_mtp/layer_0","input_normalization","未核验","norm","[B,S,1024]","[B,S,1024]","B,S,T；其他轴见模型参数","B[1,16];S_verify[1,8];L_KV独立未知；TP=1","config=bfloat16；激活/累加类型未核验","未核验","逻辑轴顺序；物理format未核验","逻辑轴顺序；物理format未核验","未评估候选","未评估候选","未评估候选","未核验","未实测","未实测","未实测","未实测","未核验","配置确认 + 数学推导；未核验完整调用链","https://huggingface.co/openbmb/MiniCPM-RobotManip/resolve/29cb257541e9f96f493abe21174f8892e5dffe3f/config.json","未核验","未核验","未核验","未核验","https://huggingface.co/openbmb/MiniCPM-RobotManip/resolve/29cb257541e9f96f493abe21174f8892e5dffe3f/config.json","文本decode/verify；B[1,16],S[1,8]；TP=1逻辑参考；","归一化类型/先后顺序待实现核验"
"vlm_config.text_config.optional_mtp/layer_0","specialized_attention_state","未核验","专用状态/混合注意力","[B,S,1024]; state=未知","[B,S,1024]","B,S,T；其他轴见模型参数","B[1,16];S_verify[1,8];L_KV独立未知；TP=1","config=bfloat16；激活/累加类型未核验","未核验","逻辑轴顺序；物理format未核验","逻辑轴顺序；物理format未核验","未评估候选","未评估候选","未评估候选","未核验","未实测","未实测","未实测","未实测","未核验","配置确认 + 数学推导；未核验完整调用链","https://huggingface.co/openbmb/MiniCPM-RobotManip/resolve/29cb257541e9f96f493abe21174f8892e5dffe3f/config.json","未核验","未核验","未核验","未核验","https://huggingface.co/openbmb/MiniCPM-RobotManip/resolve/29cb257541e9f96f493abe21174f8892e5dffe3f/config.json","文本decode/verify；B[1,16],S[1,8]；TP=1逻辑参考；不将标准full attention套入专用递归结构","配置确认层类型与外部宽度；内部Q/K/V/门控/状态需要固定源码"
"vlm_config.text_config.optional_mtp/layer_0","attention_residual","未核验","elementwise","[B,S,1024];[B,S,1024]","[B,S,1024]","B,S,T；其他轴见模型参数","B[1,16];S_verify[1,8];L_KV独立未知；TP=1","config=bfloat16；激活/累加类型未核验","未核验","逻辑轴顺序；物理format未核验","逻辑轴顺序；物理format未核验","未评估候选","未评估候选","未评估候选","未核验","未实测","未实测","未实测","未实测","未核验","配置确认 + 数学推导；未核验完整调用链","https://huggingface.co/openbmb/MiniCPM-RobotManip/resolve/29cb257541e9f96f493abe21174f8892e5dffe3f/config.json","未核验","未核验","未核验","未核验","https://huggingface.co/openbmb/MiniCPM-RobotManip/resolve/29cb257541e9f96f493abe21174f8892e5dffe3f/config.json","文本decode/verify；B[1,16],S[1,8]；TP=1逻辑参考；","Y=X+branch（参考，实际残差策略未核验）"
"vlm_config.text_config.optional_mtp/layer_0","post_attention_normalization","未核验","norm","[B,S,1024]","[B,S,1024]","B,S,T；其他轴见模型参数","B[1,16];S_verify[1,8];L_KV独立未知；TP=1","config=bfloat16；激活/累加类型未核验","未核验","逻辑轴顺序；物理format未核验","逻辑轴顺序；物理format未核验","未评估候选","未评估候选","未评估候选","未核验","未实测","未实测","未实测","未实测","未核验","配置确认 + 数学推导；未核验完整调用链","https://huggingface.co/openbmb/MiniCPM-RobotManip/resolve/29cb257541e9f96f493abe21174f8892e5dffe3f/config.json","未核验","未核验","未核验","未核验","https://huggingface.co/openbmb/MiniCPM-RobotManip/resolve/29cb257541e9f96f493abe21174f8892e5dffe3f/config.json","文本decode/verify；B[1,16],S[1,8]；TP=1逻辑参考；","类型与位置待源码核验"
"vlm_config.text_config.optional_mtp/layer_0","FFN_specialized_or_unknown","未核验","未核验","[B,S,1024]","[B,S,1024]","B,S,T；其他轴见模型参数","B[1,16];S_verify[1,8];L_KV独立未知；TP=1","config=bfloat16；激活/累加类型未核验","未核验","逻辑轴顺序；物理format未核验","逻辑轴顺序；物理format未核验","未评估候选","未评估候选","未评估候选","未核验","未实测","未实测","未实测","未实测","未核验","配置确认 + 数学推导；未核验完整调用链","https://huggingface.co/openbmb/MiniCPM-RobotManip/resolve/29cb257541e9f96f493abe21174f8892e5dffe3f/config.json","未核验","未核验","未核验","未核验","https://huggingface.co/openbmb/MiniCPM-RobotManip/resolve/29cb257541e9f96f493abe21174f8892e5dffe3f/config.json","文本decode/verify；B[1,16],S[1,8]；TP=1逻辑参考；","专用结构或配置缺FFN宽度，保留缺口"
"vlm_config.text_config.optional_mtp/layer_0","FFN_residual","未核验","elementwise","[B,S,1024];[B,S,1024]","[B,S,1024]","B,S,T；其他轴见模型参数","B[1,16];S_verify[1,8];L_KV独立未知；TP=1","config=bfloat16；激活/累加类型未核验","未核验","逻辑轴顺序；物理format未核验","逻辑轴顺序；物理format未核验","未评估候选","未评估候选","未评估候选","未核验","未实测","未实测","未实测","未实测","未核验","配置确认 + 数学推导；未核验完整调用链","https://huggingface.co/openbmb/MiniCPM-RobotManip/resolve/29cb257541e9f96f493abe21174f8892e5dffe3f/config.json","未核验","未核验","未核验","未核验","https://huggingface.co/openbmb/MiniCPM-RobotManip/resolve/29cb257541e9f96f493abe21174f8892e5dffe3f/config.json","文本decode/verify；B[1,16],S[1,8]；TP=1逻辑参考；","Y=X+branch（参考，实际残差策略未核验）"
"vlm_config.vision_config/layer_0","input_normalization","未核验","norm","[B,L_img,1152]","[B,L_img,1152]","B,L_img；模态独立长度","L_img由模态输入/输出决定；不是S_verify","config=None；激活/累加类型未核验","未核验","逻辑轴顺序；物理format未核验","逻辑轴顺序；物理format未核验","未评估候选","未评估候选","未评估候选","未核验","未实测","未实测","未实测","未实测","未核验","配置确认 + 数学推导；未核验完整调用链","https://huggingface.co/openbmb/MiniCPM-RobotManip/resolve/29cb257541e9f96f493abe21174f8892e5dffe3f/config.json","未核验","未核验","未核验","未核验","https://huggingface.co/openbmb/MiniCPM-RobotManip/resolve/29cb257541e9f96f493abe21174f8892e5dffe3f/config.json","视觉编码，Q/K/V同L_img，无文本历史KV；","归一化类型/先后顺序待实现核验"
"vlm_config.vision_config/layer_0","q_projection","未核验","GEMM","[B,L_img,1152]","[B,L_img,1152]","B,L_img；模态独立长度","L_img由模态输入/输出决定；不是S_verify","config=None；激活/累加类型未核验","未核验","逻辑轴顺序；物理format未核验","逻辑轴顺序；物理format未核验","未评估候选","未评估候选","未评估候选","未核验","未实测","未实测","未实测","未实测","未核验","配置确认 + 数学推导；未核验完整调用链","https://huggingface.co/openbmb/MiniCPM-RobotManip/resolve/29cb257541e9f96f493abe21174f8892e5dffe3f/config.json","logical [1152,1152]","未核验","未核验","未核验","https://huggingface.co/openbmb/MiniCPM-RobotManip/resolve/29cb257541e9f96f493abe21174f8892e5dffe3f/config.json","视觉编码，Q/K/V同L_img，无文本历史KV；独立逻辑矩阵，不断言实际融合与存储","Y=X@W^T; width=heads*head_dim"
"vlm_config.vision_config/layer_0","k_projection","未核验","GEMM","[B,L_img,1152]","[B,L_img,1152]","B,L_img；模态独立长度","L_img由模态输入/输出决定；不是S_verify","config=None；激活/累加类型未核验","未核验","逻辑轴顺序；物理format未核验","逻辑轴顺序；物理format未核验","未评估候选","未评估候选","未评估候选","未核验","未实测","未实测","未实测","未实测","未核验","配置确认 + 数学推导；未核验完整调用链","https://huggingface.co/openbmb/MiniCPM-RobotManip/resolve/29cb257541e9f96f493abe21174f8892e5dffe3f/config.json","logical [1152,1152]","未核验","未核验","未核验","https://huggingface.co/openbmb/MiniCPM-RobotManip/resolve/29cb257541e9f96f493abe21174f8892e5dffe3f/config.json","视觉编码，Q/K/V同L_img，无文本历史KV；独立逻辑矩阵，不断言实际融合与存储","Y=X@W^T; width=heads*head_dim"
"vlm_config.vision_config/layer_0","v_projection","未核验","GEMM","[B,L_img,1152]","[B,L_img,1152]","B,L_img；模态独立长度","L_img由模态输入/输出决定；不是S_verify","config=None；激活/累加类型未核验","未核验","逻辑轴顺序；物理format未核验","逻辑轴顺序；物理format未核验","未评估候选","未评估候选","未评估候选","未核验","未实测","未实测","未实测","未实测","未核验","配置确认 + 数学推导；未核验完整调用链","https://huggingface.co/openbmb/MiniCPM-RobotManip/resolve/29cb257541e9f96f493abe21174f8892e5dffe3f/config.json","logical [1152,1152]","未核验","未核验","未核验","https://huggingface.co/openbmb/MiniCPM-RobotManip/resolve/29cb257541e9f96f493abe21174f8892e5dffe3f/config.json","视觉编码，Q/K/V同L_img，无文本历史KV；独立逻辑矩阵，不断言实际融合与存储","Y=X@W^T; width=heads*head_dim"
"vlm_config.vision_config/layer_0","position_and_layout","未核验","位置/布局","Q,K,V projected; B,L_img","Q:[B,16,L_img,72]; K,V:[B,16,L_img,72]","B,L_img；模态独立长度","L_img由模态输入/输出决定；不是S_verify","config=None；激活/累加类型未核验","未核验","逻辑轴顺序；物理format未核验","逻辑轴顺序；物理format未核验","未评估候选","未评估候选","未评估候选","未核验","未实测","未实测","未实测","未实测","未核验","配置确认 + 数学推导；未核验完整调用链","https://huggingface.co/openbmb/MiniCPM-RobotManip/resolve/29cb257541e9f96f493abe21174f8892e5dffe3f/config.json","未核验","未核验","未核验","未核验","https://huggingface.co/openbmb/MiniCPM-RobotManip/resolve/29cb257541e9f96f493abe21174f8892e5dffe3f/config.json","视觉编码，Q/K/V同L_img，无文本历史KV；","视觉编码，Q/K/V同L_img，无文本历史KV；位置编码与物理layout需实现核验"
"vlm_config.vision_config/layer_0","attention","未核验","attention","Q:[B,16,L_img,72];K,V:[B,16,L_img,72]","[B,16,L_img,72]","B,L_img；模态独立长度","L_img由模态输入/输出决定；不是S_verify","config=None；激活/累加类型未核验","未核验","逻辑轴顺序；物理format未核验","逻辑轴顺序；物理format未核验","未评估候选","未评估候选","未评估候选","未核验","未实测","未实测","未实测","未实测","未核验","配置确认 + 数学推导；未核验完整调用链","https://huggingface.co/openbmb/MiniCPM-RobotManip/resolve/29cb257541e9f96f493abe21174f8892e5dffe3f/config.json","未核验","未核验","未核验","未核验","https://huggingface.co/openbmb/MiniCPM-RobotManip/resolve/29cb257541e9f96f493abe21174f8892e5dffe3f/config.json","视觉编码，Q/K/V同L_img，无文本历史KV；稀疏选块/线性分支需按实现，不能据此声称稠密执行或峰值中间内存","softmax(QK^T / sqrt(head_dim) + mask)V（数学参考）"
"vlm_config.vision_config/layer_0","output_projection","未核验","GEMM","[B,L_img,1152]","[B,L_img,1152]","B,L_img；模态独立长度","L_img由模态输入/输出决定；不是S_verify","config=None；激活/累加类型未核验","未核验","逻辑轴顺序；物理format未核验","逻辑轴顺序；物理format未核验","未评估候选","未评估候选","未评估候选","未核验","未实测","未实测","未实测","未实测","未核验","配置确认 + 数学推导；未核验完整调用链","https://huggingface.co/openbmb/MiniCPM-RobotManip/resolve/29cb257541e9f96f493abe21174f8892e5dffe3f/config.json","logical [1152,1152]","未核验","未核验","未核验","https://huggingface.co/openbmb/MiniCPM-RobotManip/resolve/29cb257541e9f96f493abe21174f8892e5dffe3f/config.json","视觉编码，Q/K/V同L_img，无文本历史KV；","Y=X@W^T"
"vlm_config.vision_config/layer_0","attention_residual","未核验","elementwise","[B,L_img,1152];[B,L_img,1152]","[B,L_img,1152]","B,L_img；模态独立长度","L_img由模态输入/输出决定；不是S_verify","config=None；激活/累加类型未核验","未核验","逻辑轴顺序；物理format未核验","逻辑轴顺序；物理format未核验","未评估候选","未评估候选","未评估候选","未核验","未实测","未实测","未实测","未实测","未核验","配置确认 + 数学推导；未核验完整调用链","https://huggingface.co/openbmb/MiniCPM-RobotManip/resolve/29cb257541e9f96f493abe21174f8892e5dffe3f/config.json","未核验","未核验","未核验","未核验","https://huggingface.co/openbmb/MiniCPM-RobotManip/resolve/29cb257541e9f96f493abe21174f8892e5dffe3f/config.json","视觉编码，Q/K/V同L_img，无文本历史KV；","Y=X+branch（参考，实际残差策略未核验）"
"vlm_config.vision_config/layer_0","post_attention_normalization","未核验","norm","[B,L_img,1152]","[B,L_img,1152]","B,L_img；模态独立长度","L_img由模态输入/输出决定；不是S_verify","config=None；激活/累加类型未核验","未核验","逻辑轴顺序；物理format未核验","逻辑轴顺序；物理format未核验","未评估候选","未评估候选","未评估候选","未核验","未实测","未实测","未实测","未实测","未核验","配置确认 + 数学推导；未核验完整调用链","https://huggingface.co/openbmb/MiniCPM-RobotManip/resolve/29cb257541e9f96f493abe21174f8892e5dffe3f/config.json","未核验","未核验","未核验","未核验","https://huggingface.co/openbmb/MiniCPM-RobotManip/resolve/29cb257541e9f96f493abe21174f8892e5dffe3f/config.json","视觉编码，Q/K/V同L_img，无文本历史KV；","类型与位置待源码核验"
"vlm_config.vision_config/layer_0","FFN_up","未核验","GEMM","[B,L_img,1152]","[B,L_img,4304]","B,L_img；模态独立长度","L_img由模态输入/输出决定；不是S_verify","config=None；激活/累加类型未核验","未核验","逻辑轴顺序；物理format未核验","逻辑轴顺序；物理format未核验","未评估候选","未评估候选","未评估候选","未核验","未实测","未实测","未实测","未实测","未核验","配置确认 + 数学推导；未核验完整调用链","https://huggingface.co/openbmb/MiniCPM-RobotManip/resolve/29cb257541e9f96f493abe21174f8892e5dffe3f/config.json","logical [4304,1152]","未核验","未核验","未核验","https://huggingface.co/openbmb/MiniCPM-RobotManip/resolve/29cb257541e9f96f493abe21174f8892e5dffe3f/config.json","视觉编码，Q/K/V同L_img，无文本历史KV；","Y=X@W^T"
"vlm_config.vision_config/layer_0","FFN_activation_and_optional_gate","未核验","activation","[B,L_img,4304]","[B,L_img,4304]","B,L_img；模态独立长度","L_img由模态输入/输出决定；不是S_verify","config=None；激活/累加类型未核验","未核验","逻辑轴顺序；物理format未核验","逻辑轴顺序；物理format未核验","未评估候选","未评估候选","未评估候选","未核验","未实测","未实测","未实测","未实测","未核验","配置确认 + 数学推导；未核验完整调用链","https://huggingface.co/openbmb/MiniCPM-RobotManip/resolve/29cb257541e9f96f493abe21174f8892e5dffe3f/config.json","未核验","未核验","未核验","未核验","https://huggingface.co/openbmb/MiniCPM-RobotManip/resolve/29cb257541e9f96f493abe21174f8892e5dffe3f/config.json","视觉编码，Q/K/V同L_img，无文本历史KV；是否额外gate矩阵与门控分支维度需要实现；不能仅由silu推定完整SwiGLU","config.hidden_act=gelu_pytorch_tanh"
"vlm_config.vision_config/layer_0","FFN_down","未核验","GEMM","[B,L_img,4304]","[B,L_img,1152]","B,L_img；模态独立长度","L_img由模态输入/输出决定；不是S_verify","config=None；激活/累加类型未核验","未核验","逻辑轴顺序；物理format未核验","逻辑轴顺序；物理format未核验","未评估候选","未评估候选","未评估候选","未核验","未实测","未实测","未实测","未实测","未核验","配置确认 + 数学推导；未核验完整调用链","https://huggingface.co/openbmb/MiniCPM-RobotManip/resolve/29cb257541e9f96f493abe21174f8892e5dffe3f/config.json","logical [1152,4304]","未核验","未核验","未核验","https://huggingface.co/openbmb/MiniCPM-RobotManip/resolve/29cb257541e9f96f493abe21174f8892e5dffe3f/config.json","视觉编码，Q/K/V同L_img，无文本历史KV；","Y=X@W^T"
"vlm_config.vision_config/layer_0","FFN_residual","未核验","elementwise","[B,L_img,1152];[B,L_img,1152]","[B,L_img,1152]","B,L_img；模态独立长度","L_img由模态输入/输出决定；不是S_verify","config=None；激活/累加类型未核验","未核验","逻辑轴顺序；物理format未核验","逻辑轴顺序；物理format未核验","未评估候选","未评估候选","未评估候选","未核验","未实测","未实测","未实测","未实测","未核验","配置确认 + 数学推导；未核验完整调用链","https://huggingface.co/openbmb/MiniCPM-RobotManip/resolve/29cb257541e9f96f493abe21174f8892e5dffe3f/config.json","未核验","未核验","未核验","未核验","https://huggingface.co/openbmb/MiniCPM-RobotManip/resolve/29cb257541e9f96f493abe21174f8892e5dffe3f/config.json","视觉编码，Q/K/V同L_img，无文本历史KV；","Y=X+branch（参考，实际残差策略未核验）"
"vlm_config.vision_config/layer_1","input_normalization","未核验","norm","[B,L_img,1152]","[B,L_img,1152]","B,L_img；模态独立长度","L_img由模态输入/输出决定；不是S_verify","config=None；激活/累加类型未核验","未核验","逻辑轴顺序；物理format未核验","逻辑轴顺序；物理format未核验","未评估候选","未评估候选","未评估候选","未核验","未实测","未实测","未实测","未实测","未核验","配置确认 + 数学推导；未核验完整调用链","https://huggingface.co/openbmb/MiniCPM-RobotManip/resolve/29cb257541e9f96f493abe21174f8892e5dffe3f/config.json","未核验","未核验","未核验","未核验","https://huggingface.co/openbmb/MiniCPM-RobotManip/resolve/29cb257541e9f96f493abe21174f8892e5dffe3f/config.json","视觉编码，Q/K/V同L_img，无文本历史KV；","归一化类型/先后顺序待实现核验"
"vlm_config.vision_config/layer_1","q_projection","未核验","GEMM","[B,L_img,1152]","[B,L_img,1152]","B,L_img；模态独立长度","L_img由模态输入/输出决定；不是S_verify","config=None；激活/累加类型未核验","未核验","逻辑轴顺序；物理format未核验","逻辑轴顺序；物理format未核验","未评估候选","未评估候选","未评估候选","未核验","未实测","未实测","未实测","未实测","未核验","配置确认 + 数学推导；未核验完整调用链","https://huggingface.co/openbmb/MiniCPM-RobotManip/resolve/29cb257541e9f96f493abe21174f8892e5dffe3f/config.json","logical [1152,1152]","未核验","未核验","未核验","https://huggingface.co/openbmb/MiniCPM-RobotManip/resolve/29cb257541e9f96f493abe21174f8892e5dffe3f/config.json","视觉编码，Q/K/V同L_img，无文本历史KV；独立逻辑矩阵，不断言实际融合与存储","Y=X@W^T; width=heads*head_dim"
"vlm_config.vision_config/layer_1","k_projection","未核验","GEMM","[B,L_img,1152]","[B,L_img,1152]","B,L_img；模态独立长度","L_img由模态输入/输出决定；不是S_verify","config=None；激活/累加类型未核验","未核验","逻辑轴顺序；物理format未核验","逻辑轴顺序；物理format未核验","未评估候选","未评估候选","未评估候选","未核验","未实测","未实测","未实测","未实测","未核验","配置确认 + 数学推导；未核验完整调用链","https://huggingface.co/openbmb/MiniCPM-RobotManip/resolve/29cb257541e9f96f493abe21174f8892e5dffe3f/config.json","logical [1152,1152]","未核验","未核验","未核验","https://huggingface.co/openbmb/MiniCPM-RobotManip/resolve/29cb257541e9f96f493abe21174f8892e5dffe3f/config.json","视觉编码，Q/K/V同L_img，无文本历史KV；独立逻辑矩阵，不断言实际融合与存储","Y=X@W^T; width=heads*head_dim"
"vlm_config.vision_config/layer_1","v_projection","未核验","GEMM","[B,L_img,1152]","[B,L_img,1152]","B,L_img；模态独立长度","L_img由模态输入/输出决定；不是S_verify","config=None；激活/累加类型未核验","未核验","逻辑轴顺序；物理format未核验","逻辑轴顺序；物理format未核验","未评估候选","未评估候选","未评估候选","未核验","未实测","未实测","未实测","未实测","未核验","配置确认 + 数学推导；未核验完整调用链","https://huggingface.co/openbmb/MiniCPM-RobotManip/resolve/29cb257541e9f96f493abe21174f8892e5dffe3f/config.json","logical [1152,1152]","未核验","未核验","未核验","https://huggingface.co/openbmb/MiniCPM-RobotManip/resolve/29cb257541e9f96f493abe21174f8892e5dffe3f/config.json","视觉编码，Q/K/V同L_img，无文本历史KV；独立逻辑矩阵，不断言实际融合与存储","Y=X@W^T; width=heads*head_dim"
"vlm_config.vision_config/layer_1","position_and_layout","未核验","位置/布局","Q,K,V projected; B,L_img","Q:[B,16,L_img,72]; K,V:[B,16,L_img,72]","B,L_img；模态独立长度","L_img由模态输入/输出决定；不是S_verify","config=None；激活/累加类型未核验","未核验","逻辑轴顺序；物理format未核验","逻辑轴顺序；物理format未核验","未评估候选","未评估候选","未评估候选","未核验","未实测","未实测","未实测","未实测","未核验","配置确认 + 数学推导；未核验完整调用链","https://huggingface.co/openbmb/MiniCPM-RobotManip/resolve/29cb257541e9f96f493abe21174f8892e5dffe3f/config.json","未核验","未核验","未核验","未核验","https://huggingface.co/openbmb/MiniCPM-RobotManip/resolve/29cb257541e9f96f493abe21174f8892e5dffe3f/config.json","视觉编码，Q/K/V同L_img，无文本历史KV；","视觉编码，Q/K/V同L_img，无文本历史KV；位置编码与物理layout需实现核验"
"vlm_config.vision_config/layer_1","attention","未核验","attention","Q:[B,16,L_img,72];K,V:[B,16,L_img,72]","[B,16,L_img,72]","B,L_img；模态独立长度","L_img由模态输入/输出决定；不是S_verify","config=None；激活/累加类型未核验","未核验","逻辑轴顺序；物理format未核验","逻辑轴顺序；物理format未核验","未评估候选","未评估候选","未评估候选","未核验","未实测","未实测","未实测","未实测","未核验","配置确认 + 数学推导；未核验完整调用链","https://huggingface.co/openbmb/MiniCPM-RobotManip/resolve/29cb257541e9f96f493abe21174f8892e5dffe3f/config.json","未核验","未核验","未核验","未核验","https://huggingface.co/openbmb/MiniCPM-RobotManip/resolve/29cb257541e9f96f493abe21174f8892e5dffe3f/config.json","视觉编码，Q/K/V同L_img，无文本历史KV；稀疏选块/线性分支需按实现，不能据此声称稠密执行或峰值中间内存","softmax(QK^T / sqrt(head_dim) + mask)V（数学参考）"
"vlm_config.vision_config/layer_1","output_projection","未核验","GEMM","[B,L_img,1152]","[B,L_img,1152]","B,L_img；模态独立长度","L_img由模态输入/输出决定；不是S_verify","config=None；激活/累加类型未核验","未核验","逻辑轴顺序；物理format未核验","逻辑轴顺序；物理format未核验","未评估候选","未评估候选","未评估候选","未核验","未实测","未实测","未实测","未实测","未核验","配置确认 + 数学推导；未核验完整调用链","https://huggingface.co/openbmb/MiniCPM-RobotManip/resolve/29cb257541e9f96f493abe21174f8892e5dffe3f/config.json","logical [1152,1152]","未核验","未核验","未核验","https://huggingface.co/openbmb/MiniCPM-RobotManip/resolve/29cb257541e9f96f493abe21174f8892e5dffe3f/config.json","视觉编码，Q/K/V同L_img，无文本历史KV；","Y=X@W^T"
"vlm_config.vision_config/layer_1","attention_residual","未核验","elementwise","[B,L_img,1152];[B,L_img,1152]","[B,L_img,1152]","B,L_img；模态独立长度","L_img由模态输入/输出决定；不是S_verify","config=None；激活/累加类型未核验","未核验","逻辑轴顺序；物理format未核验","逻辑轴顺序；物理format未核验","未评估候选","未评估候选","未评估候选","未核验","未实测","未实测","未实测","未实测","未核验","配置确认 + 数学推导；未核验完整调用链","https://huggingface.co/openbmb/MiniCPM-RobotManip/resolve/29cb257541e9f96f493abe21174f8892e5dffe3f/config.json","未核验","未核验","未核验","未核验","https://huggingface.co/openbmb/MiniCPM-RobotManip/resolve/29cb257541e9f96f493abe21174f8892e5dffe3f/config.json","视觉编码，Q/K/V同L_img，无文本历史KV；","Y=X+branch（参考，实际残差策略未核验）"
"vlm_config.vision_config/layer_1","post_attention_normalization","未核验","norm","[B,L_img,1152]","[B,L_img,1152]","B,L_img；模态独立长度","L_img由模态输入/输出决定；不是S_verify","config=None；激活/累加类型未核验","未核验","逻辑轴顺序；物理format未核验","逻辑轴顺序；物理format未核验","未评估候选","未评估候选","未评估候选","未核验","未实测","未实测","未实测","未实测","未核验","配置确认 + 数学推导；未核验完整调用链","https://huggingface.co/openbmb/MiniCPM-RobotManip/resolve/29cb257541e9f96f493abe21174f8892e5dffe3f/config.json","未核验","未核验","未核验","未核验","https://huggingface.co/openbmb/MiniCPM-RobotManip/resolve/29cb257541e9f96f493abe21174f8892e5dffe3f/config.json","视觉编码，Q/K/V同L_img，无文本历史KV；","类型与位置待源码核验"
"vlm_config.vision_config/layer_1","FFN_up","未核验","GEMM","[B,L_img,1152]","[B,L_img,4304]","B,L_img；模态独立长度","L_img由模态输入/输出决定；不是S_verify","config=None；激活/累加类型未核验","未核验","逻辑轴顺序；物理format未核验","逻辑轴顺序；物理format未核验","未评估候选","未评估候选","未评估候选","未核验","未实测","未实测","未实测","未实测","未核验","配置确认 + 数学推导；未核验完整调用链","https://huggingface.co/openbmb/MiniCPM-RobotManip/resolve/29cb257541e9f96f493abe21174f8892e5dffe3f/config.json","logical [4304,1152]","未核验","未核验","未核验","https://huggingface.co/openbmb/MiniCPM-RobotManip/resolve/29cb257541e9f96f493abe21174f8892e5dffe3f/config.json","视觉编码，Q/K/V同L_img，无文本历史KV；","Y=X@W^T"
"vlm_config.vision_config/layer_1","FFN_activation_and_optional_gate","未核验","activation","[B,L_img,4304]","[B,L_img,4304]","B,L_img；模态独立长度","L_img由模态输入/输出决定；不是S_verify","config=None；激活/累加类型未核验","未核验","逻辑轴顺序；物理format未核验","逻辑轴顺序；物理format未核验","未评估候选","未评估候选","未评估候选","未核验","未实测","未实测","未实测","未实测","未核验","配置确认 + 数学推导；未核验完整调用链","https://huggingface.co/openbmb/MiniCPM-RobotManip/resolve/29cb257541e9f96f493abe21174f8892e5dffe3f/config.json","未核验","未核验","未核验","未核验","https://huggingface.co/openbmb/MiniCPM-RobotManip/resolve/29cb257541e9f96f493abe21174f8892e5dffe3f/config.json","视觉编码，Q/K/V同L_img，无文本历史KV；是否额外gate矩阵与门控分支维度需要实现；不能仅由silu推定完整SwiGLU","config.hidden_act=gelu_pytorch_tanh"
"vlm_config.vision_config/layer_1","FFN_down","未核验","GEMM","[B,L_img,4304]","[B,L_img,1152]","B,L_img；模态独立长度","L_img由模态输入/输出决定；不是S_verify","config=None；激活/累加类型未核验","未核验","逻辑轴顺序；物理format未核验","逻辑轴顺序；物理format未核验","未评估候选","未评估候选","未评估候选","未核验","未实测","未实测","未实测","未实测","未核验","配置确认 + 数学推导；未核验完整调用链","https://huggingface.co/openbmb/MiniCPM-RobotManip/resolve/29cb257541e9f96f493abe21174f8892e5dffe3f/config.json","logical [1152,4304]","未核验","未核验","未核验","https://huggingface.co/openbmb/MiniCPM-RobotManip/resolve/29cb257541e9f96f493abe21174f8892e5dffe3f/config.json","视觉编码，Q/K/V同L_img，无文本历史KV；","Y=X@W^T"
"vlm_config.vision_config/layer_1","FFN_residual","未核验","elementwise","[B,L_img,1152];[B,L_img,1152]","[B,L_img,1152]","B,L_img；模态独立长度","L_img由模态输入/输出决定；不是S_verify","config=None；激活/累加类型未核验","未核验","逻辑轴顺序；物理format未核验","逻辑轴顺序；物理format未核验","未评估候选","未评估候选","未评估候选","未核验","未实测","未实测","未实测","未实测","未核验","配置确认 + 数学推导；未核验完整调用链","https://huggingface.co/openbmb/MiniCPM-RobotManip/resolve/29cb257541e9f96f493abe21174f8892e5dffe3f/config.json","未核验","未核验","未核验","未核验","https://huggingface.co/openbmb/MiniCPM-RobotManip/resolve/29cb257541e9f96f493abe21174f8892e5dffe3f/config.json","视觉编码，Q/K/V同L_img，无文本历史KV；","Y=X+branch（参考，实际残差策略未核验）"
"vlm_config.vision_config/layer_2","input_normalization","未核验","norm","[B,L_img,1152]","[B,L_img,1152]","B,L_img；模态独立长度","L_img由模态输入/输出决定；不是S_verify","config=None；激活/累加类型未核验","未核验","逻辑轴顺序；物理format未核验","逻辑轴顺序；物理format未核验","未评估候选","未评估候选","未评估候选","未核验","未实测","未实测","未实测","未实测","未核验","配置确认 + 数学推导；未核验完整调用链","https://huggingface.co/openbmb/MiniCPM-RobotManip/resolve/29cb257541e9f96f493abe21174f8892e5dffe3f/config.json","未核验","未核验","未核验","未核验","https://huggingface.co/openbmb/MiniCPM-RobotManip/resolve/29cb257541e9f96f493abe21174f8892e5dffe3f/config.json","视觉编码，Q/K/V同L_img，无文本历史KV；","归一化类型/先后顺序待实现核验"
"vlm_config.vision_config/layer_2","q_projection","未核验","GEMM","[B,L_img,1152]","[B,L_img,1152]","B,L_img；模态独立长度","L_img由模态输入/输出决定；不是S_verify","config=None；激活/累加类型未核验","未核验","逻辑轴顺序；物理format未核验","逻辑轴顺序；物理format未核验","未评估候选","未评估候选","未评估候选","未核验","未实测","未实测","未实测","未实测","未核验","配置确认 + 数学推导；未核验完整调用链","https://huggingface.co/openbmb/MiniCPM-RobotManip/resolve/29cb257541e9f96f493abe21174f8892e5dffe3f/config.json","logical [1152,1152]","未核验","未核验","未核验","https://huggingface.co/openbmb/MiniCPM-RobotManip/resolve/29cb257541e9f96f493abe21174f8892e5dffe3f/config.json","视觉编码，Q/K/V同L_img，无文本历史KV；独立逻辑矩阵，不断言实际融合与存储","Y=X@W^T; width=heads*head_dim"
"vlm_config.vision_config/layer_2","k_projection","未核验","GEMM","[B,L_img,1152]","[B,L_img,1152]","B,L_img；模态独立长度","L_img由模态输入/输出决定；不是S_verify","config=None；激活/累加类型未核验","未核验","逻辑轴顺序；物理format未核验","逻辑轴顺序；物理format未核验","未评估候选","未评估候选","未评估候选","未核验","未实测","未实测","未实测","未实测","未核验","配置确认 + 数学推导；未核验完整调用链","https://huggingface.co/openbmb/MiniCPM-RobotManip/resolve/29cb257541e9f96f493abe21174f8892e5dffe3f/config.json","logical [1152,1152]","未核验","未核验","未核验","https://huggingface.co/openbmb/MiniCPM-RobotManip/resolve/29cb257541e9f96f493abe21174f8892e5dffe3f/config.json","视觉编码，Q/K/V同L_img，无文本历史KV；独立逻辑矩阵，不断言实际融合与存储","Y=X@W^T; width=heads*head_dim"
"vlm_config.vision_config/layer_2","v_projection","未核验","GEMM","[B,L_img,1152]","[B,L_img,1152]","B,L_img；模态独立长度","L_img由模态输入/输出决定；不是S_verify","config=None；激活/累加类型未核验","未核验","逻辑轴顺序；物理format未核验","逻辑轴顺序；物理format未核验","未评估候选","未评估候选","未评估候选","未核验","未实测","未实测","未实测","未实测","未核验","配置确认 + 数学推导；未核验完整调用链","https://huggingface.co/openbmb/MiniCPM-RobotManip/resolve/29cb257541e9f96f493abe21174f8892e5dffe3f/config.json","logical [1152,1152]","未核验","未核验","未核验","https://huggingface.co/openbmb/MiniCPM-RobotManip/resolve/29cb257541e9f96f493abe21174f8892e5dffe3f/config.json","视觉编码，Q/K/V同L_img，无文本历史KV；独立逻辑矩阵，不断言实际融合与存储","Y=X@W^T; width=heads*head_dim"
"vlm_config.vision_config/layer_2","position_and_layout","未核验","位置/布局","Q,K,V projected; B,L_img","Q:[B,16,L_img,72]; K,V:[B,16,L_img,72]","B,L_img；模态独立长度","L_img由模态输入/输出决定；不是S_verify","config=None；激活/累加类型未核验","未核验","逻辑轴顺序；物理format未核验","逻辑轴顺序；物理format未核验","未评估候选","未评估候选","未评估候选","未核验","未实测","未实测","未实测","未实测","未核验","配置确认 + 数学推导；未核验完整调用链","https://huggingface.co/openbmb/MiniCPM-RobotManip/resolve/29cb257541e9f96f493abe21174f8892e5dffe3f/config.json","未核验","未核验","未核验","未核验","https://huggingface.co/openbmb/MiniCPM-RobotManip/resolve/29cb257541e9f96f493abe21174f8892e5dffe3f/config.json","视觉编码，Q/K/V同L_img，无文本历史KV；","视觉编码，Q/K/V同L_img，无文本历史KV；位置编码与物理layout需实现核验"
"vlm_config.vision_config/layer_2","attention","未核验","attention","Q:[B,16,L_img,72];K,V:[B,16,L_img,72]","[B,16,L_img,72]","B,L_img；模态独立长度","L_img由模态输入/输出决定；不是S_verify","config=None；激活/累加类型未核验","未核验","逻辑轴顺序；物理format未核验","逻辑轴顺序；物理format未核验","未评估候选","未评估候选","未评估候选","未核验","未实测","未实测","未实测","未实测","未核验","配置确认 + 数学推导；未核验完整调用链","https://huggingface.co/openbmb/MiniCPM-RobotManip/resolve/29cb257541e9f96f493abe21174f8892e5dffe3f/config.json","未核验","未核验","未核验","未核验","https://huggingface.co/openbmb/MiniCPM-RobotManip/resolve/29cb257541e9f96f493abe21174f8892e5dffe3f/config.json","视觉编码，Q/K/V同L_img，无文本历史KV；稀疏选块/线性分支需按实现，不能据此声称稠密执行或峰值中间内存","softmax(QK^T / sqrt(head_dim) + mask)V（数学参考）"
"vlm_config.vision_config/layer_2","output_projection","未核验","GEMM","[B,L_img,1152]","[B,L_img,1152]","B,L_img；模态独立长度","L_img由模态输入/输出决定；不是S_verify","config=None；激活/累加类型未核验","未核验","逻辑轴顺序；物理format未核验","逻辑轴顺序；物理format未核验","未评估候选","未评估候选","未评估候选","未核验","未实测","未实测","未实测","未实测","未核验","配置确认 + 数学推导；未核验完整调用链","https://huggingface.co/openbmb/MiniCPM-RobotManip/resolve/29cb257541e9f96f493abe21174f8892e5dffe3f/config.json","logical [1152,1152]","未核验","未核验","未核验","https://huggingface.co/openbmb/MiniCPM-RobotManip/resolve/29cb257541e9f96f493abe21174f8892e5dffe3f/config.json","视觉编码，Q/K/V同L_img，无文本历史KV；","Y=X@W^T"
"vlm_config.vision_config/layer_2","attention_residual","未核验","elementwise","[B,L_img,1152];[B,L_img,1152]","[B,L_img,1152]","B,L_img；模态独立长度","L_img由模态输入/输出决定；不是S_verify","config=None；激活/累加类型未核验","未核验","逻辑轴顺序；物理format未核验","逻辑轴顺序；物理format未核验","未评估候选","未评估候选","未评估候选","未核验","未实测","未实测","未实测","未实测","未核验","配置确认 + 数学推导；未核验完整调用链","https://huggingface.co/openbmb/MiniCPM-RobotManip/resolve/29cb257541e9f96f493abe21174f8892e5dffe3f/config.json","未核验","未核验","未核验","未核验","https://huggingface.co/openbmb/MiniCPM-RobotManip/resolve/29cb257541e9f96f493abe21174f8892e5dffe3f/config.json","视觉编码，Q/K/V同L_img，无文本历史KV；","Y=X+branch（参考，实际残差策略未核验）"
"vlm_config.vision_config/layer_2","post_attention_normalization","未核验","norm","[B,L_img,1152]","[B,L_img,1152]","B,L_img；模态独立长度","L_img由模态输入/输出决定；不是S_verify","config=None；激活/累加类型未核验","未核验","逻辑轴顺序；物理format未核验","逻辑轴顺序；物理format未核验","未评估候选","未评估候选","未评估候选","未核验","未实测","未实测","未实测","未实测","未核验","配置确认 + 数学推导；未核验完整调用链","https://huggingface.co/openbmb/MiniCPM-RobotManip/resolve/29cb257541e9f96f493abe21174f8892e5dffe3f/config.json","未核验","未核验","未核验","未核验","https://huggingface.co/openbmb/MiniCPM-RobotManip/resolve/29cb257541e9f96f493abe21174f8892e5dffe3f/config.json","视觉编码，Q/K/V同L_img，无文本历史KV；","类型与位置待源码核验"
"vlm_config.vision_config/layer_2","FFN_up","未核验","GEMM","[B,L_img,1152]","[B,L_img,4304]","B,L_img；模态独立长度","L_img由模态输入/输出决定；不是S_verify","config=None；激活/累加类型未核验","未核验","逻辑轴顺序；物理format未核验","逻辑轴顺序；物理format未核验","未评估候选","未评估候选","未评估候选","未核验","未实测","未实测","未实测","未实测","未核验","配置确认 + 数学推导；未核验完整调用链","https://huggingface.co/openbmb/MiniCPM-RobotManip/resolve/29cb257541e9f96f493abe21174f8892e5dffe3f/config.json","logical [4304,1152]","未核验","未核验","未核验","https://huggingface.co/openbmb/MiniCPM-RobotManip/resolve/29cb257541e9f96f493abe21174f8892e5dffe3f/config.json","视觉编码，Q/K/V同L_img，无文本历史KV；","Y=X@W^T"
"vlm_config.vision_config/layer_2","FFN_activation_and_optional_gate","未核验","activation","[B,L_img,4304]","[B,L_img,4304]","B,L_img；模态独立长度","L_img由模态输入/输出决定；不是S_verify","config=None；激活/累加类型未核验","未核验","逻辑轴顺序；物理format未核验","逻辑轴顺序；物理format未核验","未评估候选","未评估候选","未评估候选","未核验","未实测","未实测","未实测","未实测","未核验","配置确认 + 数学推导；未核验完整调用链","https://huggingface.co/openbmb/MiniCPM-RobotManip/resolve/29cb257541e9f96f493abe21174f8892e5dffe3f/config.json","未核验","未核验","未核验","未核验","https://huggingface.co/openbmb/MiniCPM-RobotManip/resolve/29cb257541e9f96f493abe21174f8892e5dffe3f/config.json","视觉编码，Q/K/V同L_img，无文本历史KV；是否额外gate矩阵与门控分支维度需要实现；不能仅由silu推定完整SwiGLU","config.hidden_act=gelu_pytorch_tanh"
"vlm_config.vision_config/layer_2","FFN_down","未核验","GEMM","[B,L_img,4304]","[B,L_img,1152]","B,L_img；模态独立长度","L_img由模态输入/输出决定；不是S_verify","config=None；激活/累加类型未核验","未核验","逻辑轴顺序；物理format未核验","逻辑轴顺序；物理format未核验","未评估候选","未评估候选","未评估候选","未核验","未实测","未实测","未实测","未实测","未核验","配置确认 + 数学推导；未核验完整调用链","https://huggingface.co/openbmb/MiniCPM-RobotManip/resolve/29cb257541e9f96f493abe21174f8892e5dffe3f/config.json","logical [1152,4304]","未核验","未核验","未核验","https://huggingface.co/openbmb/MiniCPM-RobotManip/resolve/29cb257541e9f96f493abe21174f8892e5dffe3f/config.json","视觉编码，Q/K/V同L_img，无文本历史KV；","Y=X@W^T"
"vlm_config.vision_config/layer_2","FFN_residual","未核验","elementwise","[B,L_img,1152];[B,L_img,1152]","[B,L_img,1152]","B,L_img；模态独立长度","L_img由模态输入/输出决定；不是S_verify","config=None；激活/累加类型未核验","未核验","逻辑轴顺序；物理format未核验","逻辑轴顺序；物理format未核验","未评估候选","未评估候选","未评估候选","未核验","未实测","未实测","未实测","未实测","未核验","配置确认 + 数学推导；未核验完整调用链","https://huggingface.co/openbmb/MiniCPM-RobotManip/resolve/29cb257541e9f96f493abe21174f8892e5dffe3f/config.json","未核验","未核验","未核验","未核验","https://huggingface.co/openbmb/MiniCPM-RobotManip/resolve/29cb257541e9f96f493abe21174f8892e5dffe3f/config.json","视觉编码，Q/K/V同L_img，无文本历史KV；","Y=X+branch（参考，实际残差策略未核验）"
"vlm_config.vision_config/layer_3","input_normalization","未核验","norm","[B,L_img,1152]","[B,L_img,1152]","B,L_img；模态独立长度","L_img由模态输入/输出决定；不是S_verify","config=None；激活/累加类型未核验","未核验","逻辑轴顺序；物理format未核验","逻辑轴顺序；物理format未核验","未评估候选","未评估候选","未评估候选","未核验","未实测","未实测","未实测","未实测","未核验","配置确认 + 数学推导；未核验完整调用链","https://huggingface.co/openbmb/MiniCPM-RobotManip/resolve/29cb257541e9f96f493abe21174f8892e5dffe3f/config.json","未核验","未核验","未核验","未核验","https://huggingface.co/openbmb/MiniCPM-RobotManip/resolve/29cb257541e9f96f493abe21174f8892e5dffe3f/config.json","视觉编码，Q/K/V同L_img，无文本历史KV；","归一化类型/先后顺序待实现核验"
"vlm_config.vision_config/layer_3","q_projection","未核验","GEMM","[B,L_img,1152]","[B,L_img,1152]","B,L_img；模态独立长度","L_img由模态输入/输出决定；不是S_verify","config=None；激活/累加类型未核验","未核验","逻辑轴顺序；物理format未核验","逻辑轴顺序；物理format未核验","未评估候选","未评估候选","未评估候选","未核验","未实测","未实测","未实测","未实测","未核验","配置确认 + 数学推导；未核验完整调用链","https://huggingface.co/openbmb/MiniCPM-RobotManip/resolve/29cb257541e9f96f493abe21174f8892e5dffe3f/config.json","logical [1152,1152]","未核验","未核验","未核验","https://huggingface.co/openbmb/MiniCPM-RobotManip/resolve/29cb257541e9f96f493abe21174f8892e5dffe3f/config.json","视觉编码，Q/K/V同L_img，无文本历史KV；独立逻辑矩阵，不断言实际融合与存储","Y=X@W^T; width=heads*head_dim"
"vlm_config.vision_config/layer_3","k_projection","未核验","GEMM","[B,L_img,1152]","[B,L_img,1152]","B,L_img；模态独立长度","L_img由模态输入/输出决定；不是S_verify","config=None；激活/累加类型未核验","未核验","逻辑轴顺序；物理format未核验","逻辑轴顺序；物理format未核验","未评估候选","未评估候选","未评估候选","未核验","未实测","未实测","未实测","未实测","未核验","配置确认 + 数学推导；未核验完整调用链","https://huggingface.co/openbmb/MiniCPM-RobotManip/resolve/29cb257541e9f96f493abe21174f8892e5dffe3f/config.json","logical [1152,1152]","未核验","未核验","未核验","https://huggingface.co/openbmb/MiniCPM-RobotManip/resolve/29cb257541e9f96f493abe21174f8892e5dffe3f/config.json","视觉编码，Q/K/V同L_img，无文本历史KV；独立逻辑矩阵，不断言实际融合与存储","Y=X@W^T; width=heads*head_dim"
"vlm_config.vision_config/layer_3","v_projection","未核验","GEMM","[B,L_img,1152]","[B,L_img,1152]","B,L_img；模态独立长度","L_img由模态输入/输出决定；不是S_verify","config=None；激活/累加类型未核验","未核验","逻辑轴顺序；物理format未核验","逻辑轴顺序；物理format未核验","未评估候选","未评估候选","未评估候选","未核验","未实测","未实测","未实测","未实测","未核验","配置确认 + 数学推导；未核验完整调用链","https://huggingface.co/openbmb/MiniCPM-RobotManip/resolve/29cb257541e9f96f493abe21174f8892e5dffe3f/config.json","logical [1152,1152]","未核验","未核验","未核验","https://huggingface.co/openbmb/MiniCPM-RobotManip/resolve/29cb257541e9f96f493abe21174f8892e5dffe3f/config.json","视觉编码，Q/K/V同L_img，无文本历史KV；独立逻辑矩阵，不断言实际融合与存储","Y=X@W^T; width=heads*head_dim"
"vlm_config.vision_config/layer_3","position_and_layout","未核验","位置/布局","Q,K,V projected; B,L_img","Q:[B,16,L_img,72]; K,V:[B,16,L_img,72]","B,L_img；模态独立长度","L_img由模态输入/输出决定；不是S_verify","config=None；激活/累加类型未核验","未核验","逻辑轴顺序；物理format未核验","逻辑轴顺序；物理format未核验","未评估候选","未评估候选","未评估候选","未核验","未实测","未实测","未实测","未实测","未核验","配置确认 + 数学推导；未核验完整调用链","https://huggingface.co/openbmb/MiniCPM-RobotManip/resolve/29cb257541e9f96f493abe21174f8892e5dffe3f/config.json","未核验","未核验","未核验","未核验","https://huggingface.co/openbmb/MiniCPM-RobotManip/resolve/29cb257541e9f96f493abe21174f8892e5dffe3f/config.json","视觉编码，Q/K/V同L_img，无文本历史KV；","视觉编码，Q/K/V同L_img，无文本历史KV；位置编码与物理layout需实现核验"
"vlm_config.vision_config/layer_3","attention","未核验","attention","Q:[B,16,L_img,72];K,V:[B,16,L_img,72]","[B,16,L_img,72]","B,L_img；模态独立长度","L_img由模态输入/输出决定；不是S_verify","config=None；激活/累加类型未核验","未核验","逻辑轴顺序；物理format未核验","逻辑轴顺序；物理format未核验","未评估候选","未评估候选","未评估候选","未核验","未实测","未实测","未实测","未实测","未核验","配置确认 + 数学推导；未核验完整调用链","https://huggingface.co/openbmb/MiniCPM-RobotManip/resolve/29cb257541e9f96f493abe21174f8892e5dffe3f/config.json","未核验","未核验","未核验","未核验","https://huggingface.co/openbmb/MiniCPM-RobotManip/resolve/29cb257541e9f96f493abe21174f8892e5dffe3f/config.json","视觉编码，Q/K/V同L_img，无文本历史KV；稀疏选块/线性分支需按实现，不能据此声称稠密执行或峰值中间内存","softmax(QK^T / sqrt(head_dim) + mask)V（数学参考）"
"vlm_config.vision_config/layer_3","output_projection","未核验","GEMM","[B,L_img,1152]","[B,L_img,1152]","B,L_img；模态独立长度","L_img由模态输入/输出决定；不是S_verify","config=None；激活/累加类型未核验","未核验","逻辑轴顺序；物理format未核验","逻辑轴顺序；物理format未核验","未评估候选","未评估候选","未评估候选","未核验","未实测","未实测","未实测","未实测","未核验","配置确认 + 数学推导；未核验完整调用链","https://huggingface.co/openbmb/MiniCPM-RobotManip/resolve/29cb257541e9f96f493abe21174f8892e5dffe3f/config.json","logical [1152,1152]","未核验","未核验","未核验","https://huggingface.co/openbmb/MiniCPM-RobotManip/resolve/29cb257541e9f96f493abe21174f8892e5dffe3f/config.json","视觉编码，Q/K/V同L_img，无文本历史KV；","Y=X@W^T"
"vlm_config.vision_config/layer_3","attention_residual","未核验","elementwise","[B,L_img,1152];[B,L_img,1152]","[B,L_img,1152]","B,L_img；模态独立长度","L_img由模态输入/输出决定；不是S_verify","config=None；激活/累加类型未核验","未核验","逻辑轴顺序；物理format未核验","逻辑轴顺序；物理format未核验","未评估候选","未评估候选","未评估候选","未核验","未实测","未实测","未实测","未实测","未核验","配置确认 + 数学推导；未核验完整调用链","https://huggingface.co/openbmb/MiniCPM-RobotManip/resolve/29cb257541e9f96f493abe21174f8892e5dffe3f/config.json","未核验","未核验","未核验","未核验","https://huggingface.co/openbmb/MiniCPM-RobotManip/resolve/29cb257541e9f96f493abe21174f8892e5dffe3f/config.json","视觉编码，Q/K/V同L_img，无文本历史KV；","Y=X+branch（参考，实际残差策略未核验）"
"vlm_config.vision_config/layer_3","post_attention_normalization","未核验","norm","[B,L_img,1152]","[B,L_img,1152]","B,L_img；模态独立长度","L_img由模态输入/输出决定；不是S_verify","config=None；激活/累加类型未核验","未核验","逻辑轴顺序；物理format未核验","逻辑轴顺序；物理format未核验","未评估候选","未评估候选","未评估候选","未核验","未实测","未实测","未实测","未实测","未核验","配置确认 + 数学推导；未核验完整调用链","https://huggingface.co/openbmb/MiniCPM-RobotManip/resolve/29cb257541e9f96f493abe21174f8892e5dffe3f/config.json","未核验","未核验","未核验","未核验","https://huggingface.co/openbmb/MiniCPM-RobotManip/resolve/29cb257541e9f96f493abe21174f8892e5dffe3f/config.json","视觉编码，Q/K/V同L_img，无文本历史KV；","类型与位置待源码核验"
"vlm_config.vision_config/layer_3","FFN_up","未核验","GEMM","[B,L_img,1152]","[B,L_img,4304]","B,L_img；模态独立长度","L_img由模态输入/输出决定；不是S_verify","config=None；激活/累加类型未核验","未核验","逻辑轴顺序；物理format未核验","逻辑轴顺序；物理format未核验","未评估候选","未评估候选","未评估候选","未核验","未实测","未实测","未实测","未实测","未核验","配置确认 + 数学推导；未核验完整调用链","https://huggingface.co/openbmb/MiniCPM-RobotManip/resolve/29cb257541e9f96f493abe21174f8892e5dffe3f/config.json","logical [4304,1152]","未核验","未核验","未核验","https://huggingface.co/openbmb/MiniCPM-RobotManip/resolve/29cb257541e9f96f493abe21174f8892e5dffe3f/config.json","视觉编码，Q/K/V同L_img，无文本历史KV；","Y=X@W^T"
"vlm_config.vision_config/layer_3","FFN_activation_and_optional_gate","未核验","activation","[B,L_img,4304]","[B,L_img,4304]","B,L_img；模态独立长度","L_img由模态输入/输出决定；不是S_verify","config=None；激活/累加类型未核验","未核验","逻辑轴顺序；物理format未核验","逻辑轴顺序；物理format未核验","未评估候选","未评估候选","未评估候选","未核验","未实测","未实测","未实测","未实测","未核验","配置确认 + 数学推导；未核验完整调用链","https://huggingface.co/openbmb/MiniCPM-RobotManip/resolve/29cb257541e9f96f493abe21174f8892e5dffe3f/config.json","未核验","未核验","未核验","未核验","https://huggingface.co/openbmb/MiniCPM-RobotManip/resolve/29cb257541e9f96f493abe21174f8892e5dffe3f/config.json","视觉编码，Q/K/V同L_img，无文本历史KV；是否额外gate矩阵与门控分支维度需要实现；不能仅由silu推定完整SwiGLU","config.hidden_act=gelu_pytorch_tanh"
"vlm_config.vision_config/layer_3","FFN_down","未核验","GEMM","[B,L_img,4304]","[B,L_img,1152]","B,L_img；模态独立长度","L_img由模态输入/输出决定；不是S_verify","config=None；激活/累加类型未核验","未核验","逻辑轴顺序；物理format未核验","逻辑轴顺序；物理format未核验","未评估候选","未评估候选","未评估候选","未核验","未实测","未实测","未实测","未实测","未核验","配置确认 + 数学推导；未核验完整调用链","https://huggingface.co/openbmb/MiniCPM-RobotManip/resolve/29cb257541e9f96f493abe21174f8892e5dffe3f/config.json","logical [1152,4304]","未核验","未核验","未核验","https://huggingface.co/openbmb/MiniCPM-RobotManip/resolve/29cb257541e9f96f493abe21174f8892e5dffe3f/config.json","视觉编码，Q/K/V同L_img，无文本历史KV；","Y=X@W^T"
"vlm_config.vision_config/layer_3","FFN_residual","未核验","elementwise","[B,L_img,1152];[B,L_img,1152]","[B,L_img,1152]","B,L_img；模态独立长度","L_img由模态输入/输出决定；不是S_verify","config=None；激活/累加类型未核验","未核验","逻辑轴顺序；物理format未核验","逻辑轴顺序；物理format未核验","未评估候选","未评估候选","未评估候选","未核验","未实测","未实测","未实测","未实测","未核验","配置确认 + 数学推导；未核验完整调用链","https://huggingface.co/openbmb/MiniCPM-RobotManip/resolve/29cb257541e9f96f493abe21174f8892e5dffe3f/config.json","未核验","未核验","未核验","未核验","https://huggingface.co/openbmb/MiniCPM-RobotManip/resolve/29cb257541e9f96f493abe21174f8892e5dffe3f/config.json","视觉编码，Q/K/V同L_img，无文本历史KV；","Y=X+branch（参考，实际残差策略未核验）"
"vlm_config.vision_config/layer_4","input_normalization","未核验","norm","[B,L_img,1152]","[B,L_img,1152]","B,L_img；模态独立长度","L_img由模态输入/输出决定；不是S_verify","config=None；激活/累加类型未核验","未核验","逻辑轴顺序；物理format未核验","逻辑轴顺序；物理format未核验","未评估候选","未评估候选","未评估候选","未核验","未实测","未实测","未实测","未实测","未核验","配置确认 + 数学推导；未核验完整调用链","https://huggingface.co/openbmb/MiniCPM-RobotManip/resolve/29cb257541e9f96f493abe21174f8892e5dffe3f/config.json","未核验","未核验","未核验","未核验","https://huggingface.co/openbmb/MiniCPM-RobotManip/resolve/29cb257541e9f96f493abe21174f8892e5dffe3f/config.json","视觉编码，Q/K/V同L_img，无文本历史KV；","归一化类型/先后顺序待实现核验"
"vlm_config.vision_config/layer_4","q_projection","未核验","GEMM","[B,L_img,1152]","[B,L_img,1152]","B,L_img；模态独立长度","L_img由模态输入/输出决定；不是S_verify","config=None；激活/累加类型未核验","未核验","逻辑轴顺序；物理format未核验","逻辑轴顺序；物理format未核验","未评估候选","未评估候选","未评估候选","未核验","未实测","未实测","未实测","未实测","未核验","配置确认 + 数学推导；未核验完整调用链","https://huggingface.co/openbmb/MiniCPM-RobotManip/resolve/29cb257541e9f96f493abe21174f8892e5dffe3f/config.json","logical [1152,1152]","未核验","未核验","未核验","https://huggingface.co/openbmb/MiniCPM-RobotManip/resolve/29cb257541e9f96f493abe21174f8892e5dffe3f/config.json","视觉编码，Q/K/V同L_img，无文本历史KV；独立逻辑矩阵，不断言实际融合与存储","Y=X@W^T; width=heads*head_dim"
"vlm_config.vision_config/layer_4","k_projection","未核验","GEMM","[B,L_img,1152]","[B,L_img,1152]","B,L_img；模态独立长度","L_img由模态输入/输出决定；不是S_verify","config=None；激活/累加类型未核验","未核验","逻辑轴顺序；物理format未核验","逻辑轴顺序；物理format未核验","未评估候选","未评估候选","未评估候选","未核验","未实测","未实测","未实测","未实测","未核验","配置确认 + 数学推导；未核验完整调用链","https://huggingface.co/openbmb/MiniCPM-RobotManip/resolve/29cb257541e9f96f493abe21174f8892e5dffe3f/config.json","logical [1152,1152]","未核验","未核验","未核验","https://huggingface.co/openbmb/MiniCPM-RobotManip/resolve/29cb257541e9f96f493abe21174f8892e5dffe3f/config.json","视觉编码，Q/K/V同L_img，无文本历史KV；独立逻辑矩阵，不断言实际融合与存储","Y=X@W^T; width=heads*head_dim"
"vlm_config.vision_config/layer_4","v_projection","未核验","GEMM","[B,L_img,1152]","[B,L_img,1152]","B,L_img；模态独立长度","L_img由模态输入/输出决定；不是S_verify","config=None；激活/累加类型未核验","未核验","逻辑轴顺序；物理format未核验","逻辑轴顺序；物理format未核验","未评估候选","未评估候选","未评估候选","未核验","未实测","未实测","未实测","未实测","未核验","配置确认 + 数学推导；未核验完整调用链","https://huggingface.co/openbmb/MiniCPM-RobotManip/resolve/29cb257541e9f96f493abe21174f8892e5dffe3f/config.json","logical [1152,1152]","未核验","未核验","未核验","https://huggingface.co/openbmb/MiniCPM-RobotManip/resolve/29cb257541e9f96f493abe21174f8892e5dffe3f/config.json","视觉编码，Q/K/V同L_img，无文本历史KV；独立逻辑矩阵，不断言实际融合与存储","Y=X@W^T; width=heads*head_dim"
"vlm_config.vision_config/layer_4","position_and_layout","未核验","位置/布局","Q,K,V projected; B,L_img","Q:[B,16,L_img,72]; K,V:[B,16,L_img,72]","B,L_img；模态独立长度","L_img由模态输入/输出决定；不是S_verify","config=None；激活/累加类型未核验","未核验","逻辑轴顺序；物理format未核验","逻辑轴顺序；物理format未核验","未评估候选","未评估候选","未评估候选","未核验","未实测","未实测","未实测","未实测","未核验","配置确认 + 数学推导；未核验完整调用链","https://huggingface.co/openbmb/MiniCPM-RobotManip/resolve/29cb257541e9f96f493abe21174f8892e5dffe3f/config.json","未核验","未核验","未核验","未核验","https://huggingface.co/openbmb/MiniCPM-RobotManip/resolve/29cb257541e9f96f493abe21174f8892e5dffe3f/config.json","视觉编码，Q/K/V同L_img，无文本历史KV；","视觉编码，Q/K/V同L_img，无文本历史KV；位置编码与物理layout需实现核验"
"vlm_config.vision_config/layer_4","attention","未核验","attention","Q:[B,16,L_img,72];K,V:[B,16,L_img,72]","[B,16,L_img,72]","B,L_img；模态独立长度","L_img由模态输入/输出决定；不是S_verify","config=None；激活/累加类型未核验","未核验","逻辑轴顺序；物理format未核验","逻辑轴顺序；物理format未核验","未评估候选","未评估候选","未评估候选","未核验","未实测","未实测","未实测","未实测","未核验","配置确认 + 数学推导；未核验完整调用链","https://huggingface.co/openbmb/MiniCPM-RobotManip/resolve/29cb257541e9f96f493abe21174f8892e5dffe3f/config.json","未核验","未核验","未核验","未核验","https://huggingface.co/openbmb/MiniCPM-RobotManip/resolve/29cb257541e9f96f493abe21174f8892e5dffe3f/config.json","视觉编码，Q/K/V同L_img，无文本历史KV；稀疏选块/线性分支需按实现，不能据此声称稠密执行或峰值中间内存","softmax(QK^T / sqrt(head_dim) + mask)V（数学参考）"
"vlm_config.vision_config/layer_4","output_projection","未核验","GEMM","[B,L_img,1152]","[B,L_img,1152]","B,L_img；模态独立长度","L_img由模态输入/输出决定；不是S_verify","config=None；激活/累加类型未核验","未核验","逻辑轴顺序；物理format未核验","逻辑轴顺序；物理format未核验","未评估候选","未评估候选","未评估候选","未核验","未实测","未实测","未实测","未实测","未核验","配置确认 + 数学推导；未核验完整调用链","https://huggingface.co/openbmb/MiniCPM-RobotManip/resolve/29cb257541e9f96f493abe21174f8892e5dffe3f/config.json","logical [1152,1152]","未核验","未核验","未核验","https://huggingface.co/openbmb/MiniCPM-RobotManip/resolve/29cb257541e9f96f493abe21174f8892e5dffe3f/config.json","视觉编码，Q/K/V同L_img，无文本历史KV；","Y=X@W^T"
"vlm_config.vision_config/layer_4","attention_residual","未核验","elementwise","[B,L_img,1152];[B,L_img,1152]","[B,L_img,1152]","B,L_img；模态独立长度","L_img由模态输入/输出决定；不是S_verify","config=None；激活/累加类型未核验","未核验","逻辑轴顺序；物理format未核验","逻辑轴顺序；物理format未核验","未评估候选","未评估候选","未评估候选","未核验","未实测","未实测","未实测","未实测","未核验","配置确认 + 数学推导；未核验完整调用链","https://huggingface.co/openbmb/MiniCPM-RobotManip/resolve/29cb257541e9f96f493abe21174f8892e5dffe3f/config.json","未核验","未核验","未核验","未核验","https://huggingface.co/openbmb/MiniCPM-RobotManip/resolve/29cb257541e9f96f493abe21174f8892e5dffe3f/config.json","视觉编码，Q/K/V同L_img，无文本历史KV；","Y=X+branch（参考，实际残差策略未核验）"
"vlm_config.vision_config/layer_4","post_attention_normalization","未核验","norm","[B,L_img,1152]","[B,L_img,1152]","B,L_img；模态独立长度","L_img由模态输入/输出决定；不是S_verify","config=None；激活/累加类型未核验","未核验","逻辑轴顺序；物理format未核验","逻辑轴顺序；物理format未核验","未评估候选","未评估候选","未评估候选","未核验","未实测","未实测","未实测","未实测","未核验","配置确认 + 数学推导；未核验完整调用链","https://huggingface.co/openbmb/MiniCPM-RobotManip/resolve/29cb257541e9f96f493abe21174f8892e5dffe3f/config.json","未核验","未核验","未核验","未核验","https://huggingface.co/openbmb/MiniCPM-RobotManip/resolve/29cb257541e9f96f493abe21174f8892e5dffe3f/config.json","视觉编码，Q/K/V同L_img，无文本历史KV；","类型与位置待源码核验"
"vlm_config.vision_config/layer_4","FFN_up","未核验","GEMM","[B,L_img,1152]","[B,L_img,4304]","B,L_img；模态独立长度","L_img由模态输入/输出决定；不是S_verify","config=None；激活/累加类型未核验","未核验","逻辑轴顺序；物理format未核验","逻辑轴顺序；物理format未核验","未评估候选","未评估候选","未评估候选","未核验","未实测","未实测","未实测","未实测","未核验","配置确认 + 数学推导；未核验完整调用链","https://huggingface.co/openbmb/MiniCPM-RobotManip/resolve/29cb257541e9f96f493abe21174f8892e5dffe3f/config.json","logical [4304,1152]","未核验","未核验","未核验","https://huggingface.co/openbmb/MiniCPM-RobotManip/resolve/29cb257541e9f96f493abe21174f8892e5dffe3f/config.json","视觉编码，Q/K/V同L_img，无文本历史KV；","Y=X@W^T"
"vlm_config.vision_config/layer_4","FFN_activation_and_optional_gate","未核验","activation","[B,L_img,4304]","[B,L_img,4304]","B,L_img；模态独立长度","L_img由模态输入/输出决定；不是S_verify","config=None；激活/累加类型未核验","未核验","逻辑轴顺序；物理format未核验","逻辑轴顺序；物理format未核验","未评估候选","未评估候选","未评估候选","未核验","未实测","未实测","未实测","未实测","未核验","配置确认 + 数学推导；未核验完整调用链","https://huggingface.co/openbmb/MiniCPM-RobotManip/resolve/29cb257541e9f96f493abe21174f8892e5dffe3f/config.json","未核验","未核验","未核验","未核验","https://huggingface.co/openbmb/MiniCPM-RobotManip/resolve/29cb257541e9f96f493abe21174f8892e5dffe3f/config.json","视觉编码，Q/K/V同L_img，无文本历史KV；是否额外gate矩阵与门控分支维度需要实现；不能仅由silu推定完整SwiGLU","config.hidden_act=gelu_pytorch_tanh"
"vlm_config.vision_config/layer_4","FFN_down","未核验","GEMM","[B,L_img,4304]","[B,L_img,1152]","B,L_img；模态独立长度","L_img由模态输入/输出决定；不是S_verify","config=None；激活/累加类型未核验","未核验","逻辑轴顺序；物理format未核验","逻辑轴顺序；物理format未核验","未评估候选","未评估候选","未评估候选","未核验","未实测","未实测","未实测","未实测","未核验","配置确认 + 数学推导；未核验完整调用链","https://huggingface.co/openbmb/MiniCPM-RobotManip/resolve/29cb257541e9f96f493abe21174f8892e5dffe3f/config.json","logical [1152,4304]","未核验","未核验","未核验","https://huggingface.co/openbmb/MiniCPM-RobotManip/resolve/29cb257541e9f96f493abe21174f8892e5dffe3f/config.json","视觉编码，Q/K/V同L_img，无文本历史KV；","Y=X@W^T"
"vlm_config.vision_config/layer_4","FFN_residual","未核验","elementwise","[B,L_img,1152];[B,L_img,1152]","[B,L_img,1152]","B,L_img；模态独立长度","L_img由模态输入/输出决定；不是S_verify","config=None；激活/累加类型未核验","未核验","逻辑轴顺序；物理format未核验","逻辑轴顺序；物理format未核验","未评估候选","未评估候选","未评估候选","未核验","未实测","未实测","未实测","未实测","未核验","配置确认 + 数学推导；未核验完整调用链","https://huggingface.co/openbmb/MiniCPM-RobotManip/resolve/29cb257541e9f96f493abe21174f8892e5dffe3f/config.json","未核验","未核验","未核验","未核验","https://huggingface.co/openbmb/MiniCPM-RobotManip/resolve/29cb257541e9f96f493abe21174f8892e5dffe3f/config.json","视觉编码，Q/K/V同L_img，无文本历史KV；","Y=X+branch（参考，实际残差策略未核验）"
"vlm_config.vision_config/layer_5","input_normalization","未核验","norm","[B,L_img,1152]","[B,L_img,1152]","B,L_img；模态独立长度","L_img由模态输入/输出决定；不是S_verify","config=None；激活/累加类型未核验","未核验","逻辑轴顺序；物理format未核验","逻辑轴顺序；物理format未核验","未评估候选","未评估候选","未评估候选","未核验","未实测","未实测","未实测","未实测","未核验","配置确认 + 数学推导；未核验完整调用链","https://huggingface.co/openbmb/MiniCPM-RobotManip/resolve/29cb257541e9f96f493abe21174f8892e5dffe3f/config.json","未核验","未核验","未核验","未核验","https://huggingface.co/openbmb/MiniCPM-RobotManip/resolve/29cb257541e9f96f493abe21174f8892e5dffe3f/config.json","视觉编码，Q/K/V同L_img，无文本历史KV；","归一化类型/先后顺序待实现核验"
"vlm_config.vision_config/layer_5","q_projection","未核验","GEMM","[B,L_img,1152]","[B,L_img,1152]","B,L_img；模态独立长度","L_img由模态输入/输出决定；不是S_verify","config=None；激活/累加类型未核验","未核验","逻辑轴顺序；物理format未核验","逻辑轴顺序；物理format未核验","未评估候选","未评估候选","未评估候选","未核验","未实测","未实测","未实测","未实测","未核验","配置确认 + 数学推导；未核验完整调用链","https://huggingface.co/openbmb/MiniCPM-RobotManip/resolve/29cb257541e9f96f493abe21174f8892e5dffe3f/config.json","logical [1152,1152]","未核验","未核验","未核验","https://huggingface.co/openbmb/MiniCPM-RobotManip/resolve/29cb257541e9f96f493abe21174f8892e5dffe3f/config.json","视觉编码，Q/K/V同L_img，无文本历史KV；独立逻辑矩阵，不断言实际融合与存储","Y=X@W^T; width=heads*head_dim"
"vlm_config.vision_config/layer_5","k_projection","未核验","GEMM","[B,L_img,1152]","[B,L_img,1152]","B,L_img；模态独立长度","L_img由模态输入/输出决定；不是S_verify","config=None；激活/累加类型未核验","未核验","逻辑轴顺序；物理format未核验","逻辑轴顺序；物理format未核验","未评估候选","未评估候选","未评估候选","未核验","未实测","未实测","未实测","未实测","未核验","配置确认 + 数学推导；未核验完整调用链","https://huggingface.co/openbmb/MiniCPM-RobotManip/resolve/29cb257541e9f96f493abe21174f8892e5dffe3f/config.json","logical [1152,1152]","未核验","未核验","未核验","https://huggingface.co/openbmb/MiniCPM-RobotManip/resolve/29cb257541e9f96f493abe21174f8892e5dffe3f/config.json","视觉编码，Q/K/V同L_img，无文本历史KV；独立逻辑矩阵，不断言实际融合与存储","Y=X@W^T; width=heads*head_dim"
"vlm_config.vision_config/layer_5","v_projection","未核验","GEMM","[B,L_img,1152]","[B,L_img,1152]","B,L_img；模态独立长度","L_img由模态输入/输出决定；不是S_verify","config=None；激活/累加类型未核验","未核验","逻辑轴顺序；物理format未核验","逻辑轴顺序；物理format未核验","未评估候选","未评估候选","未评估候选","未核验","未实测","未实测","未实测","未实测","未核验","配置确认 + 数学推导；未核验完整调用链","https://huggingface.co/openbmb/MiniCPM-RobotManip/resolve/29cb257541e9f96f493abe21174f8892e5dffe3f/config.json","logical [1152,1152]","未核验","未核验","未核验","https://huggingface.co/openbmb/MiniCPM-RobotManip/resolve/29cb257541e9f96f493abe21174f8892e5dffe3f/config.json","视觉编码，Q/K/V同L_img，无文本历史KV；独立逻辑矩阵，不断言实际融合与存储","Y=X@W^T; width=heads*head_dim"
"vlm_config.vision_config/layer_5","position_and_layout","未核验","位置/布局","Q,K,V projected; B,L_img","Q:[B,16,L_img,72]; K,V:[B,16,L_img,72]","B,L_img；模态独立长度","L_img由模态输入/输出决定；不是S_verify","config=None；激活/累加类型未核验","未核验","逻辑轴顺序；物理format未核验","逻辑轴顺序；物理format未核验","未评估候选","未评估候选","未评估候选","未核验","未实测","未实测","未实测","未实测","未核验","配置确认 + 数学推导；未核验完整调用链","https://huggingface.co/openbmb/MiniCPM-RobotManip/resolve/29cb257541e9f96f493abe21174f8892e5dffe3f/config.json","未核验","未核验","未核验","未核验","https://huggingface.co/openbmb/MiniCPM-RobotManip/resolve/29cb257541e9f96f493abe21174f8892e5dffe3f/config.json","视觉编码，Q/K/V同L_img，无文本历史KV；","视觉编码，Q/K/V同L_img，无文本历史KV；位置编码与物理layout需实现核验"
"vlm_config.vision_config/layer_5","attention","未核验","attention","Q:[B,16,L_img,72];K,V:[B,16,L_img,72]","[B,16,L_img,72]","B,L_img；模态独立长度","L_img由模态输入/输出决定；不是S_verify","config=None；激活/累加类型未核验","未核验","逻辑轴顺序；物理format未核验","逻辑轴顺序；物理format未核验","未评估候选","未评估候选","未评估候选","未核验","未实测","未实测","未实测","未实测","未核验","配置确认 + 数学推导；未核验完整调用链","https://huggingface.co/openbmb/MiniCPM-RobotManip/resolve/29cb257541e9f96f493abe21174f8892e5dffe3f/config.json","未核验","未核验","未核验","未核验","https://huggingface.co/openbmb/MiniCPM-RobotManip/resolve/29cb257541e9f96f493abe21174f8892e5dffe3f/config.json","视觉编码，Q/K/V同L_img，无文本历史KV；稀疏选块/线性分支需按实现，不能据此声称稠密执行或峰值中间内存","softmax(QK^T / sqrt(head_dim) + mask)V（数学参考）"
"vlm_config.vision_config/layer_5","output_projection","未核验","GEMM","[B,L_img,1152]","[B,L_img,1152]","B,L_img；模态独立长度","L_img由模态输入/输出决定；不是S_verify","config=None；激活/累加类型未核验","未核验","逻辑轴顺序；物理format未核验","逻辑轴顺序；物理format未核验","未评估候选","未评估候选","未评估候选","未核验","未实测","未实测","未实测","未实测","未核验","配置确认 + 数学推导；未核验完整调用链","https://huggingface.co/openbmb/MiniCPM-RobotManip/resolve/29cb257541e9f96f493abe21174f8892e5dffe3f/config.json","logical [1152,1152]","未核验","未核验","未核验","https://huggingface.co/openbmb/MiniCPM-RobotManip/resolve/29cb257541e9f96f493abe21174f8892e5dffe3f/config.json","视觉编码，Q/K/V同L_img，无文本历史KV；","Y=X@W^T"
"vlm_config.vision_config/layer_5","attention_residual","未核验","elementwise","[B,L_img,1152];[B,L_img,1152]","[B,L_img,1152]","B,L_img；模态独立长度","L_img由模态输入/输出决定；不是S_verify","config=None；激活/累加类型未核验","未核验","逻辑轴顺序；物理format未核验","逻辑轴顺序；物理format未核验","未评估候选","未评估候选","未评估候选","未核验","未实测","未实测","未实测","未实测","未核验","配置确认 + 数学推导；未核验完整调用链","https://huggingface.co/openbmb/MiniCPM-RobotManip/resolve/29cb257541e9f96f493abe21174f8892e5dffe3f/config.json","未核验","未核验","未核验","未核验","https://huggingface.co/openbmb/MiniCPM-RobotManip/resolve/29cb257541e9f96f493abe21174f8892e5dffe3f/config.json","视觉编码，Q/K/V同L_img，无文本历史KV；","Y=X+branch（参考，实际残差策略未核验）"
"vlm_config.vision_config/layer_5","post_attention_normalization","未核验","norm","[B,L_img,1152]","[B,L_img,1152]","B,L_img；模态独立长度","L_img由模态输入/输出决定；不是S_verify","config=None；激活/累加类型未核验","未核验","逻辑轴顺序；物理format未核验","逻辑轴顺序；物理format未核验","未评估候选","未评估候选","未评估候选","未核验","未实测","未实测","未实测","未实测","未核验","配置确认 + 数学推导；未核验完整调用链","https://huggingface.co/openbmb/MiniCPM-RobotManip/resolve/29cb257541e9f96f493abe21174f8892e5dffe3f/config.json","未核验","未核验","未核验","未核验","https://huggingface.co/openbmb/MiniCPM-RobotManip/resolve/29cb257541e9f96f493abe21174f8892e5dffe3f/config.json","视觉编码，Q/K/V同L_img，无文本历史KV；","类型与位置待源码核验"
"vlm_config.vision_config/layer_5","FFN_up","未核验","GEMM","[B,L_img,1152]","[B,L_img,4304]","B,L_img；模态独立长度","L_img由模态输入/输出决定；不是S_verify","config=None；激活/累加类型未核验","未核验","逻辑轴顺序；物理format未核验","逻辑轴顺序；物理format未核验","未评估候选","未评估候选","未评估候选","未核验","未实测","未实测","未实测","未实测","未核验","配置确认 + 数学推导；未核验完整调用链","https://huggingface.co/openbmb/MiniCPM-RobotManip/resolve/29cb257541e9f96f493abe21174f8892e5dffe3f/config.json","logical [4304,1152]","未核验","未核验","未核验","https://huggingface.co/openbmb/MiniCPM-RobotManip/resolve/29cb257541e9f96f493abe21174f8892e5dffe3f/config.json","视觉编码，Q/K/V同L_img，无文本历史KV；","Y=X@W^T"
"vlm_config.vision_config/layer_5","FFN_activation_and_optional_gate","未核验","activation","[B,L_img,4304]","[B,L_img,4304]","B,L_img；模态独立长度","L_img由模态输入/输出决定；不是S_verify","config=None；激活/累加类型未核验","未核验","逻辑轴顺序；物理format未核验","逻辑轴顺序；物理format未核验","未评估候选","未评估候选","未评估候选","未核验","未实测","未实测","未实测","未实测","未核验","配置确认 + 数学推导；未核验完整调用链","https://huggingface.co/openbmb/MiniCPM-RobotManip/resolve/29cb257541e9f96f493abe21174f8892e5dffe3f/config.json","未核验","未核验","未核验","未核验","https://huggingface.co/openbmb/MiniCPM-RobotManip/resolve/29cb257541e9f96f493abe21174f8892e5dffe3f/config.json","视觉编码，Q/K/V同L_img，无文本历史KV；是否额外gate矩阵与门控分支维度需要实现；不能仅由silu推定完整SwiGLU","config.hidden_act=gelu_pytorch_tanh"
"vlm_config.vision_config/layer_5","FFN_down","未核验","GEMM","[B,L_img,4304]","[B,L_img,1152]","B,L_img；模态独立长度","L_img由模态输入/输出决定；不是S_verify","config=None；激活/累加类型未核验","未核验","逻辑轴顺序；物理format未核验","逻辑轴顺序；物理format未核验","未评估候选","未评估候选","未评估候选","未核验","未实测","未实测","未实测","未实测","未核验","配置确认 + 数学推导；未核验完整调用链","https://huggingface.co/openbmb/MiniCPM-RobotManip/resolve/29cb257541e9f96f493abe21174f8892e5dffe3f/config.json","logical [1152,4304]","未核验","未核验","未核验","https://huggingface.co/openbmb/MiniCPM-RobotManip/resolve/29cb257541e9f96f493abe21174f8892e5dffe3f/config.json","视觉编码，Q/K/V同L_img，无文本历史KV；","Y=X@W^T"
"vlm_config.vision_config/layer_5","FFN_residual","未核验","elementwise","[B,L_img,1152];[B,L_img,1152]","[B,L_img,1152]","B,L_img；模态独立长度","L_img由模态输入/输出决定；不是S_verify","config=None；激活/累加类型未核验","未核验","逻辑轴顺序；物理format未核验","逻辑轴顺序；物理format未核验","未评估候选","未评估候选","未评估候选","未核验","未实测","未实测","未实测","未实测","未核验","配置确认 + 数学推导；未核验完整调用链","https://huggingface.co/openbmb/MiniCPM-RobotManip/resolve/29cb257541e9f96f493abe21174f8892e5dffe3f/config.json","未核验","未核验","未核验","未核验","https://huggingface.co/openbmb/MiniCPM-RobotManip/resolve/29cb257541e9f96f493abe21174f8892e5dffe3f/config.json","视觉编码，Q/K/V同L_img，无文本历史KV；","Y=X+branch（参考，实际残差策略未核验）"
"vlm_config.vision_config/layer_6","input_normalization","未核验","norm","[B,L_img,1152]","[B,L_img,1152]","B,L_img；模态独立长度","L_img由模态输入/输出决定；不是S_verify","config=None；激活/累加类型未核验","未核验","逻辑轴顺序；物理format未核验","逻辑轴顺序；物理format未核验","未评估候选","未评估候选","未评估候选","未核验","未实测","未实测","未实测","未实测","未核验","配置确认 + 数学推导；未核验完整调用链","https://huggingface.co/openbmb/MiniCPM-RobotManip/resolve/29cb257541e9f96f493abe21174f8892e5dffe3f/config.json","未核验","未核验","未核验","未核验","https://huggingface.co/openbmb/MiniCPM-RobotManip/resolve/29cb257541e9f96f493abe21174f8892e5dffe3f/config.json","视觉编码，Q/K/V同L_img，无文本历史KV；","归一化类型/先后顺序待实现核验"
"vlm_config.vision_config/layer_6","q_projection","未核验","GEMM","[B,L_img,1152]","[B,L_img,1152]","B,L_img；模态独立长度","L_img由模态输入/输出决定；不是S_verify","config=None；激活/累加类型未核验","未核验","逻辑轴顺序；物理format未核验","逻辑轴顺序；物理format未核验","未评估候选","未评估候选","未评估候选","未核验","未实测","未实测","未实测","未实测","未核验","配置确认 + 数学推导；未核验完整调用链","https://huggingface.co/openbmb/MiniCPM-RobotManip/resolve/29cb257541e9f96f493abe21174f8892e5dffe3f/config.json","logical [1152,1152]","未核验","未核验","未核验","https://huggingface.co/openbmb/MiniCPM-RobotManip/resolve/29cb257541e9f96f493abe21174f8892e5dffe3f/config.json","视觉编码，Q/K/V同L_img，无文本历史KV；独立逻辑矩阵，不断言实际融合与存储","Y=X@W^T; width=heads*head_dim"
"vlm_config.vision_config/layer_6","k_projection","未核验","GEMM","[B,L_img,1152]","[B,L_img,1152]","B,L_img；模态独立长度","L_img由模态输入/输出决定；不是S_verify","config=None；激活/累加类型未核验","未核验","逻辑轴顺序；物理format未核验","逻辑轴顺序；物理format未核验","未评估候选","未评估候选","未评估候选","未核验","未实测","未实测","未实测","未实测","未核验","配置确认 + 数学推导；未核验完整调用链","https://huggingface.co/openbmb/MiniCPM-RobotManip/resolve/29cb257541e9f96f493abe21174f8892e5dffe3f/config.json","logical [1152,1152]","未核验","未核验","未核验","https://huggingface.co/openbmb/MiniCPM-RobotManip/resolve/29cb257541e9f96f493abe21174f8892e5dffe3f/config.json","视觉编码，Q/K/V同L_img，无文本历史KV；独立逻辑矩阵，不断言实际融合与存储","Y=X@W^T; width=heads*head_dim"
"vlm_config.vision_config/layer_6","v_projection","未核验","GEMM","[B,L_img,1152]","[B,L_img,1152]","B,L_img；模态独立长度","L_img由模态输入/输出决定；不是S_verify","config=None；激活/累加类型未核验","未核验","逻辑轴顺序；物理format未核验","逻辑轴顺序；物理format未核验","未评估候选","未评估候选","未评估候选","未核验","未实测","未实测","未实测","未实测","未核验","配置确认 + 数学推导；未核验完整调用链","https://huggingface.co/openbmb/MiniCPM-RobotManip/resolve/29cb257541e9f96f493abe21174f8892e5dffe3f/config.json","logical [1152,1152]","未核验","未核验","未核验","https://huggingface.co/openbmb/MiniCPM-RobotManip/resolve/29cb257541e9f96f493abe21174f8892e5dffe3f/config.json","视觉编码，Q/K/V同L_img，无文本历史KV；独立逻辑矩阵，不断言实际融合与存储","Y=X@W^T; width=heads*head_dim"
"vlm_config.vision_config/layer_6","position_and_layout","未核验","位置/布局","Q,K,V projected; B,L_img","Q:[B,16,L_img,72]; K,V:[B,16,L_img,72]","B,L_img；模态独立长度","L_img由模态输入/输出决定；不是S_verify","config=None；激活/累加类型未核验","未核验","逻辑轴顺序；物理format未核验","逻辑轴顺序；物理format未核验","未评估候选","未评估候选","未评估候选","未核验","未实测","未实测","未实测","未实测","未核验","配置确认 + 数学推导；未核验完整调用链","https://huggingface.co/openbmb/MiniCPM-RobotManip/resolve/29cb257541e9f96f493abe21174f8892e5dffe3f/config.json","未核验","未核验","未核验","未核验","https://huggingface.co/openbmb/MiniCPM-RobotManip/resolve/29cb257541e9f96f493abe21174f8892e5dffe3f/config.json","视觉编码，Q/K/V同L_img，无文本历史KV；","视觉编码，Q/K/V同L_img，无文本历史KV；位置编码与物理layout需实现核验"
"vlm_config.vision_config/layer_6","attention","未核验","attention","Q:[B,16,L_img,72];K,V:[B,16,L_img,72]","[B,16,L_img,72]","B,L_img；模态独立长度","L_img由模态输入/输出决定；不是S_verify","config=None；激活/累加类型未核验","未核验","逻辑轴顺序；物理format未核验","逻辑轴顺序；物理format未核验","未评估候选","未评估候选","未评估候选","未核验","未实测","未实测","未实测","未实测","未核验","配置确认 + 数学推导；未核验完整调用链","https://huggingface.co/openbmb/MiniCPM-RobotManip/resolve/29cb257541e9f96f493abe21174f8892e5dffe3f/config.json","未核验","未核验","未核验","未核验","https://huggingface.co/openbmb/MiniCPM-RobotManip/resolve/29cb257541e9f96f493abe21174f8892e5dffe3f/config.json","视觉编码，Q/K/V同L_img，无文本历史KV；稀疏选块/线性分支需按实现，不能据此声称稠密执行或峰值中间内存","softmax(QK^T / sqrt(head_dim) + mask)V（数学参考）"
"vlm_config.vision_config/layer_6","output_projection","未核验","GEMM","[B,L_img,1152]","[B,L_img,1152]","B,L_img；模态独立长度","L_img由模态输入/输出决定；不是S_verify","config=None；激活/累加类型未核验","未核验","逻辑轴顺序；物理format未核验","逻辑轴顺序；物理format未核验","未评估候选","未评估候选","未评估候选","未核验","未实测","未实测","未实测","未实测","未核验","配置确认 + 数学推导；未核验完整调用链","https://huggingface.co/openbmb/MiniCPM-RobotManip/resolve/29cb257541e9f96f493abe21174f8892e5dffe3f/config.json","logical [1152,1152]","未核验","未核验","未核验","https://huggingface.co/openbmb/MiniCPM-RobotManip/resolve/29cb257541e9f96f493abe21174f8892e5dffe3f/config.json","视觉编码，Q/K/V同L_img，无文本历史KV；","Y=X@W^T"
"vlm_config.vision_config/layer_6","attention_residual","未核验","elementwise","[B,L_img,1152];[B,L_img,1152]","[B,L_img,1152]","B,L_img；模态独立长度","L_img由模态输入/输出决定；不是S_verify","config=None；激活/累加类型未核验","未核验","逻辑轴顺序；物理format未核验","逻辑轴顺序；物理format未核验","未评估候选","未评估候选","未评估候选","未核验","未实测","未实测","未实测","未实测","未核验","配置确认 + 数学推导；未核验完整调用链","https://huggingface.co/openbmb/MiniCPM-RobotManip/resolve/29cb257541e9f96f493abe21174f8892e5dffe3f/config.json","未核验","未核验","未核验","未核验","https://huggingface.co/openbmb/MiniCPM-RobotManip/resolve/29cb257541e9f96f493abe21174f8892e5dffe3f/config.json","视觉编码，Q/K/V同L_img，无文本历史KV；","Y=X+branch（参考，实际残差策略未核验）"
"vlm_config.vision_config/layer_6","post_attention_normalization","未核验","norm","[B,L_img,1152]","[B,L_img,1152]","B,L_img；模态独立长度","L_img由模态输入/输出决定；不是S_verify","config=None；激活/累加类型未核验","未核验","逻辑轴顺序；物理format未核验","逻辑轴顺序；物理format未核验","未评估候选","未评估候选","未评估候选","未核验","未实测","未实测","未实测","未实测","未核验","配置确认 + 数学推导；未核验完整调用链","https://huggingface.co/openbmb/MiniCPM-RobotManip/resolve/29cb257541e9f96f493abe21174f8892e5dffe3f/config.json","未核验","未核验","未核验","未核验","https://huggingface.co/openbmb/MiniCPM-RobotManip/resolve/29cb257541e9f96f493abe21174f8892e5dffe3f/config.json","视觉编码，Q/K/V同L_img，无文本历史KV；","类型与位置待源码核验"
"vlm_config.vision_config/layer_6","FFN_up","未核验","GEMM","[B,L_img,1152]","[B,L_img,4304]","B,L_img；模态独立长度","L_img由模态输入/输出决定；不是S_verify","config=None；激活/累加类型未核验","未核验","逻辑轴顺序；物理format未核验","逻辑轴顺序；物理format未核验","未评估候选","未评估候选","未评估候选","未核验","未实测","未实测","未实测","未实测","未核验","配置确认 + 数学推导；未核验完整调用链","https://huggingface.co/openbmb/MiniCPM-RobotManip/resolve/29cb257541e9f96f493abe21174f8892e5dffe3f/config.json","logical [4304,1152]","未核验","未核验","未核验","https://huggingface.co/openbmb/MiniCPM-RobotManip/resolve/29cb257541e9f96f493abe21174f8892e5dffe3f/config.json","视觉编码，Q/K/V同L_img，无文本历史KV；","Y=X@W^T"
"vlm_config.vision_config/layer_6","FFN_activation_and_optional_gate","未核验","activation","[B,L_img,4304]","[B,L_img,4304]","B,L_img；模态独立长度","L_img由模态输入/输出决定；不是S_verify","config=None；激活/累加类型未核验","未核验","逻辑轴顺序；物理format未核验","逻辑轴顺序；物理format未核验","未评估候选","未评估候选","未评估候选","未核验","未实测","未实测","未实测","未实测","未核验","配置确认 + 数学推导；未核验完整调用链","https://huggingface.co/openbmb/MiniCPM-RobotManip/resolve/29cb257541e9f96f493abe21174f8892e5dffe3f/config.json","未核验","未核验","未核验","未核验","https://huggingface.co/openbmb/MiniCPM-RobotManip/resolve/29cb257541e9f96f493abe21174f8892e5dffe3f/config.json","视觉编码，Q/K/V同L_img，无文本历史KV；是否额外gate矩阵与门控分支维度需要实现；不能仅由silu推定完整SwiGLU","config.hidden_act=gelu_pytorch_tanh"
"vlm_config.vision_config/layer_6","FFN_down","未核验","GEMM","[B,L_img,4304]","[B,L_img,1152]","B,L_img；模态独立长度","L_img由模态输入/输出决定；不是S_verify","config=None；激活/累加类型未核验","未核验","逻辑轴顺序；物理format未核验","逻辑轴顺序；物理format未核验","未评估候选","未评估候选","未评估候选","未核验","未实测","未实测","未实测","未实测","未核验","配置确认 + 数学推导；未核验完整调用链","https://huggingface.co/openbmb/MiniCPM-RobotManip/resolve/29cb257541e9f96f493abe21174f8892e5dffe3f/config.json","logical [1152,4304]","未核验","未核验","未核验","https://huggingface.co/openbmb/MiniCPM-RobotManip/resolve/29cb257541e9f96f493abe21174f8892e5dffe3f/config.json","视觉编码，Q/K/V同L_img，无文本历史KV；","Y=X@W^T"
"vlm_config.vision_config/layer_6","FFN_residual","未核验","elementwise","[B,L_img,1152];[B,L_img,1152]","[B,L_img,1152]","B,L_img；模态独立长度","L_img由模态输入/输出决定；不是S_verify","config=None；激活/累加类型未核验","未核验","逻辑轴顺序；物理format未核验","逻辑轴顺序；物理format未核验","未评估候选","未评估候选","未评估候选","未核验","未实测","未实测","未实测","未实测","未核验","配置确认 + 数学推导；未核验完整调用链","https://huggingface.co/openbmb/MiniCPM-RobotManip/resolve/29cb257541e9f96f493abe21174f8892e5dffe3f/config.json","未核验","未核验","未核验","未核验","https://huggingface.co/openbmb/MiniCPM-RobotManip/resolve/29cb257541e9f96f493abe21174f8892e5dffe3f/config.json","视觉编码，Q/K/V同L_img，无文本历史KV；","Y=X+branch（参考，实际残差策略未核验）"
"vlm_config.vision_config/layer_7","input_normalization","未核验","norm","[B,L_img,1152]","[B,L_img,1152]","B,L_img；模态独立长度","L_img由模态输入/输出决定；不是S_verify","config=None；激活/累加类型未核验","未核验","逻辑轴顺序；物理format未核验","逻辑轴顺序；物理format未核验","未评估候选","未评估候选","未评估候选","未核验","未实测","未实测","未实测","未实测","未核验","配置确认 + 数学推导；未核验完整调用链","https://huggingface.co/openbmb/MiniCPM-RobotManip/resolve/29cb257541e9f96f493abe21174f8892e5dffe3f/config.json","未核验","未核验","未核验","未核验","https://huggingface.co/openbmb/MiniCPM-RobotManip/resolve/29cb257541e9f96f493abe21174f8892e5dffe3f/config.json","视觉编码，Q/K/V同L_img，无文本历史KV；","归一化类型/先后顺序待实现核验"
"vlm_config.vision_config/layer_7","q_projection","未核验","GEMM","[B,L_img,1152]","[B,L_img,1152]","B,L_img；模态独立长度","L_img由模态输入/输出决定；不是S_verify","config=None；激活/累加类型未核验","未核验","逻辑轴顺序；物理format未核验","逻辑轴顺序；物理format未核验","未评估候选","未评估候选","未评估候选","未核验","未实测","未实测","未实测","未实测","未核验","配置确认 + 数学推导；未核验完整调用链","https://huggingface.co/openbmb/MiniCPM-RobotManip/resolve/29cb257541e9f96f493abe21174f8892e5dffe3f/config.json","logical [1152,1152]","未核验","未核验","未核验","https://huggingface.co/openbmb/MiniCPM-RobotManip/resolve/29cb257541e9f96f493abe21174f8892e5dffe3f/config.json","视觉编码，Q/K/V同L_img，无文本历史KV；独立逻辑矩阵，不断言实际融合与存储","Y=X@W^T; width=heads*head_dim"
"vlm_config.vision_config/layer_7","k_projection","未核验","GEMM","[B,L_img,1152]","[B,L_img,1152]","B,L_img；模态独立长度","L_img由模态输入/输出决定；不是S_verify","config=None；激活/累加类型未核验","未核验","逻辑轴顺序；物理format未核验","逻辑轴顺序；物理format未核验","未评估候选","未评估候选","未评估候选","未核验","未实测","未实测","未实测","未实测","未核验","配置确认 + 数学推导；未核验完整调用链","https://huggingface.co/openbmb/MiniCPM-RobotManip/resolve/29cb257541e9f96f493abe21174f8892e5dffe3f/config.json","logical [1152,1152]","未核验","未核验","未核验","https://huggingface.co/openbmb/MiniCPM-RobotManip/resolve/29cb257541e9f96f493abe21174f8892e5dffe3f/config.json","视觉编码，Q/K/V同L_img，无文本历史KV；独立逻辑矩阵，不断言实际融合与存储","Y=X@W^T; width=heads*head_dim"
"vlm_config.vision_config/layer_7","v_projection","未核验","GEMM","[B,L_img,1152]","[B,L_img,1152]","B,L_img；模态独立长度","L_img由模态输入/输出决定；不是S_verify","config=None；激活/累加类型未核验","未核验","逻辑轴顺序；物理format未核验","逻辑轴顺序；物理format未核验","未评估候选","未评估候选","未评估候选","未核验","未实测","未实测","未实测","未实测","未核验","配置确认 + 数学推导；未核验完整调用链","https://huggingface.co/openbmb/MiniCPM-RobotManip/resolve/29cb257541e9f96f493abe21174f8892e5dffe3f/config.json","logical [1152,1152]","未核验","未核验","未核验","https://huggingface.co/openbmb/MiniCPM-RobotManip/resolve/29cb257541e9f96f493abe21174f8892e5dffe3f/config.json","视觉编码，Q/K/V同L_img，无文本历史KV；独立逻辑矩阵，不断言实际融合与存储","Y=X@W^T; width=heads*head_dim"
"vlm_config.vision_config/layer_7","position_and_layout","未核验","位置/布局","Q,K,V projected; B,L_img","Q:[B,16,L_img,72]; K,V:[B,16,L_img,72]","B,L_img；模态独立长度","L_img由模态输入/输出决定；不是S_verify","config=None；激活/累加类型未核验","未核验","逻辑轴顺序；物理format未核验","逻辑轴顺序；物理format未核验","未评估候选","未评估候选","未评估候选","未核验","未实测","未实测","未实测","未实测","未核验","配置确认 + 数学推导；未核验完整调用链","https://huggingface.co/openbmb/MiniCPM-RobotManip/resolve/29cb257541e9f96f493abe21174f8892e5dffe3f/config.json","未核验","未核验","未核验","未核验","https://huggingface.co/openbmb/MiniCPM-RobotManip/resolve/29cb257541e9f96f493abe21174f8892e5dffe3f/config.json","视觉编码，Q/K/V同L_img，无文本历史KV；","视觉编码，Q/K/V同L_img，无文本历史KV；位置编码与物理layout需实现核验"
"vlm_config.vision_config/layer_7","attention","未核验","attention","Q:[B,16,L_img,72];K,V:[B,16,L_img,72]","[B,16,L_img,72]","B,L_img；模态独立长度","L_img由模态输入/输出决定；不是S_verify","config=None；激活/累加类型未核验","未核验","逻辑轴顺序；物理format未核验","逻辑轴顺序；物理format未核验","未评估候选","未评估候选","未评估候选","未核验","未实测","未实测","未实测","未实测","未核验","配置确认 + 数学推导；未核验完整调用链","https://huggingface.co/openbmb/MiniCPM-RobotManip/resolve/29cb257541e9f96f493abe21174f8892e5dffe3f/config.json","未核验","未核验","未核验","未核验","https://huggingface.co/openbmb/MiniCPM-RobotManip/resolve/29cb257541e9f96f493abe21174f8892e5dffe3f/config.json","视觉编码，Q/K/V同L_img，无文本历史KV；稀疏选块/线性分支需按实现，不能据此声称稠密执行或峰值中间内存","softmax(QK^T / sqrt(head_dim) + mask)V（数学参考）"
"vlm_config.vision_config/layer_7","output_projection","未核验","GEMM","[B,L_img,1152]","[B,L_img,1152]","B,L_img；模态独立长度","L_img由模态输入/输出决定；不是S_verify","config=None；激活/累加类型未核验","未核验","逻辑轴顺序；物理format未核验","逻辑轴顺序；物理format未核验","未评估候选","未评估候选","未评估候选","未核验","未实测","未实测","未实测","未实测","未核验","配置确认 + 数学推导；未核验完整调用链","https://huggingface.co/openbmb/MiniCPM-RobotManip/resolve/29cb257541e9f96f493abe21174f8892e5dffe3f/config.json","logical [1152,1152]","未核验","未核验","未核验","https://huggingface.co/openbmb/MiniCPM-RobotManip/resolve/29cb257541e9f96f493abe21174f8892e5dffe3f/config.json","视觉编码，Q/K/V同L_img，无文本历史KV；","Y=X@W^T"
"vlm_config.vision_config/layer_7","attention_residual","未核验","elementwise","[B,L_img,1152];[B,L_img,1152]","[B,L_img,1152]","B,L_img；模态独立长度","L_img由模态输入/输出决定；不是S_verify","config=None；激活/累加类型未核验","未核验","逻辑轴顺序；物理format未核验","逻辑轴顺序；物理format未核验","未评估候选","未评估候选","未评估候选","未核验","未实测","未实测","未实测","未实测","未核验","配置确认 + 数学推导；未核验完整调用链","https://huggingface.co/openbmb/MiniCPM-RobotManip/resolve/29cb257541e9f96f493abe21174f8892e5dffe3f/config.json","未核验","未核验","未核验","未核验","https://huggingface.co/openbmb/MiniCPM-RobotManip/resolve/29cb257541e9f96f493abe21174f8892e5dffe3f/config.json","视觉编码，Q/K/V同L_img，无文本历史KV；","Y=X+branch（参考，实际残差策略未核验）"
"vlm_config.vision_config/layer_7","post_attention_normalization","未核验","norm","[B,L_img,1152]","[B,L_img,1152]","B,L_img；模态独立长度","L_img由模态输入/输出决定；不是S_verify","config=None；激活/累加类型未核验","未核验","逻辑轴顺序；物理format未核验","逻辑轴顺序；物理format未核验","未评估候选","未评估候选","未评估候选","未核验","未实测","未实测","未实测","未实测","未核验","配置确认 + 数学推导；未核验完整调用链","https://huggingface.co/openbmb/MiniCPM-RobotManip/resolve/29cb257541e9f96f493abe21174f8892e5dffe3f/config.json","未核验","未核验","未核验","未核验","https://huggingface.co/openbmb/MiniCPM-RobotManip/resolve/29cb257541e9f96f493abe21174f8892e5dffe3f/config.json","视觉编码，Q/K/V同L_img，无文本历史KV；","类型与位置待源码核验"
"vlm_config.vision_config/layer_7","FFN_up","未核验","GEMM","[B,L_img,1152]","[B,L_img,4304]","B,L_img；模态独立长度","L_img由模态输入/输出决定；不是S_verify","config=None；激活/累加类型未核验","未核验","逻辑轴顺序；物理format未核验","逻辑轴顺序；物理format未核验","未评估候选","未评估候选","未评估候选","未核验","未实测","未实测","未实测","未实测","未核验","配置确认 + 数学推导；未核验完整调用链","https://huggingface.co/openbmb/MiniCPM-RobotManip/resolve/29cb257541e9f96f493abe21174f8892e5dffe3f/config.json","logical [4304,1152]","未核验","未核验","未核验","https://huggingface.co/openbmb/MiniCPM-RobotManip/resolve/29cb257541e9f96f493abe21174f8892e5dffe3f/config.json","视觉编码，Q/K/V同L_img，无文本历史KV；","Y=X@W^T"
"vlm_config.vision_config/layer_7","FFN_activation_and_optional_gate","未核验","activation","[B,L_img,4304]","[B,L_img,4304]","B,L_img；模态独立长度","L_img由模态输入/输出决定；不是S_verify","config=None；激活/累加类型未核验","未核验","逻辑轴顺序；物理format未核验","逻辑轴顺序；物理format未核验","未评估候选","未评估候选","未评估候选","未核验","未实测","未实测","未实测","未实测","未核验","配置确认 + 数学推导；未核验完整调用链","https://huggingface.co/openbmb/MiniCPM-RobotManip/resolve/29cb257541e9f96f493abe21174f8892e5dffe3f/config.json","未核验","未核验","未核验","未核验","https://huggingface.co/openbmb/MiniCPM-RobotManip/resolve/29cb257541e9f96f493abe21174f8892e5dffe3f/config.json","视觉编码，Q/K/V同L_img，无文本历史KV；是否额外gate矩阵与门控分支维度需要实现；不能仅由silu推定完整SwiGLU","config.hidden_act=gelu_pytorch_tanh"
"vlm_config.vision_config/layer_7","FFN_down","未核验","GEMM","[B,L_img,4304]","[B,L_img,1152]","B,L_img；模态独立长度","L_img由模态输入/输出决定；不是S_verify","config=None；激活/累加类型未核验","未核验","逻辑轴顺序；物理format未核验","逻辑轴顺序；物理format未核验","未评估候选","未评估候选","未评估候选","未核验","未实测","未实测","未实测","未实测","未核验","配置确认 + 数学推导；未核验完整调用链","https://huggingface.co/openbmb/MiniCPM-RobotManip/resolve/29cb257541e9f96f493abe21174f8892e5dffe3f/config.json","logical [1152,4304]","未核验","未核验","未核验","https://huggingface.co/openbmb/MiniCPM-RobotManip/resolve/29cb257541e9f96f493abe21174f8892e5dffe3f/config.json","视觉编码，Q/K/V同L_img，无文本历史KV；","Y=X@W^T"
"vlm_config.vision_config/layer_7","FFN_residual","未核验","elementwise","[B,L_img,1152];[B,L_img,1152]","[B,L_img,1152]","B,L_img；模态独立长度","L_img由模态输入/输出决定；不是S_verify","config=None；激活/累加类型未核验","未核验","逻辑轴顺序；物理format未核验","逻辑轴顺序；物理format未核验","未评估候选","未评估候选","未评估候选","未核验","未实测","未实测","未实测","未实测","未核验","配置确认 + 数学推导；未核验完整调用链","https://huggingface.co/openbmb/MiniCPM-RobotManip/resolve/29cb257541e9f96f493abe21174f8892e5dffe3f/config.json","未核验","未核验","未核验","未核验","https://huggingface.co/openbmb/MiniCPM-RobotManip/resolve/29cb257541e9f96f493abe21174f8892e5dffe3f/config.json","视觉编码，Q/K/V同L_img，无文本历史KV；","Y=X+branch（参考，实际残差策略未核验）"
"vlm_config.vision_config/layer_8","input_normalization","未核验","norm","[B,L_img,1152]","[B,L_img,1152]","B,L_img；模态独立长度","L_img由模态输入/输出决定；不是S_verify","config=None；激活/累加类型未核验","未核验","逻辑轴顺序；物理format未核验","逻辑轴顺序；物理format未核验","未评估候选","未评估候选","未评估候选","未核验","未实测","未实测","未实测","未实测","未核验","配置确认 + 数学推导；未核验完整调用链","https://huggingface.co/openbmb/MiniCPM-RobotManip/resolve/29cb257541e9f96f493abe21174f8892e5dffe3f/config.json","未核验","未核验","未核验","未核验","https://huggingface.co/openbmb/MiniCPM-RobotManip/resolve/29cb257541e9f96f493abe21174f8892e5dffe3f/config.json","视觉编码，Q/K/V同L_img，无文本历史KV；","归一化类型/先后顺序待实现核验"
"vlm_config.vision_config/layer_8","q_projection","未核验","GEMM","[B,L_img,1152]","[B,L_img,1152]","B,L_img；模态独立长度","L_img由模态输入/输出决定；不是S_verify","config=None；激活/累加类型未核验","未核验","逻辑轴顺序；物理format未核验","逻辑轴顺序；物理format未核验","未评估候选","未评估候选","未评估候选","未核验","未实测","未实测","未实测","未实测","未核验","配置确认 + 数学推导；未核验完整调用链","https://huggingface.co/openbmb/MiniCPM-RobotManip/resolve/29cb257541e9f96f493abe21174f8892e5dffe3f/config.json","logical [1152,1152]","未核验","未核验","未核验","https://huggingface.co/openbmb/MiniCPM-RobotManip/resolve/29cb257541e9f96f493abe21174f8892e5dffe3f/config.json","视觉编码，Q/K/V同L_img，无文本历史KV；独立逻辑矩阵，不断言实际融合与存储","Y=X@W^T; width=heads*head_dim"
"vlm_config.vision_config/layer_8","k_projection","未核验","GEMM","[B,L_img,1152]","[B,L_img,1152]","B,L_img；模态独立长度","L_img由模态输入/输出决定；不是S_verify","config=None；激活/累加类型未核验","未核验","逻辑轴顺序；物理format未核验","逻辑轴顺序；物理format未核验","未评估候选","未评估候选","未评估候选","未核验","未实测","未实测","未实测","未实测","未核验","配置确认 + 数学推导；未核验完整调用链","https://huggingface.co/openbmb/MiniCPM-RobotManip/resolve/29cb257541e9f96f493abe21174f8892e5dffe3f/config.json","logical [1152,1152]","未核验","未核验","未核验","https://huggingface.co/openbmb/MiniCPM-RobotManip/resolve/29cb257541e9f96f493abe21174f8892e5dffe3f/config.json","视觉编码，Q/K/V同L_img，无文本历史KV；独立逻辑矩阵，不断言实际融合与存储","Y=X@W^T; width=heads*head_dim"
"vlm_config.vision_config/layer_8","v_projection","未核验","GEMM","[B,L_img,1152]","[B,L_img,1152]","B,L_img；模态独立长度","L_img由模态输入/输出决定；不是S_verify","config=None；激活/累加类型未核验","未核验","逻辑轴顺序；物理format未核验","逻辑轴顺序；物理format未核验","未评估候选","未评估候选","未评估候选","未核验","未实测","未实测","未实测","未实测","未核验","配置确认 + 数学推导；未核验完整调用链","https://huggingface.co/openbmb/MiniCPM-RobotManip/resolve/29cb257541e9f96f493abe21174f8892e5dffe3f/config.json","logical [1152,1152]","未核验","未核验","未核验","https://huggingface.co/openbmb/MiniCPM-RobotManip/resolve/29cb257541e9f96f493abe21174f8892e5dffe3f/config.json","视觉编码，Q/K/V同L_img，无文本历史KV；独立逻辑矩阵，不断言实际融合与存储","Y=X@W^T; width=heads*head_dim"
"vlm_config.vision_config/layer_8","position_and_layout","未核验","位置/布局","Q,K,V projected; B,L_img","Q:[B,16,L_img,72]; K,V:[B,16,L_img,72]","B,L_img；模态独立长度","L_img由模态输入/输出决定；不是S_verify","config=None；激活/累加类型未核验","未核验","逻辑轴顺序；物理format未核验","逻辑轴顺序；物理format未核验","未评估候选","未评估候选","未评估候选","未核验","未实测","未实测","未实测","未实测","未核验","配置确认 + 数学推导；未核验完整调用链","https://huggingface.co/openbmb/MiniCPM-RobotManip/resolve/29cb257541e9f96f493abe21174f8892e5dffe3f/config.json","未核验","未核验","未核验","未核验","https://huggingface.co/openbmb/MiniCPM-RobotManip/resolve/29cb257541e9f96f493abe21174f8892e5dffe3f/config.json","视觉编码，Q/K/V同L_img，无文本历史KV；","视觉编码，Q/K/V同L_img，无文本历史KV；位置编码与物理layout需实现核验"
"vlm_config.vision_config/layer_8","attention","未核验","attention","Q:[B,16,L_img,72];K,V:[B,16,L_img,72]","[B,16,L_img,72]","B,L_img；模态独立长度","L_img由模态输入/输出决定；不是S_verify","config=None；激活/累加类型未核验","未核验","逻辑轴顺序；物理format未核验","逻辑轴顺序；物理format未核验","未评估候选","未评估候选","未评估候选","未核验","未实测","未实测","未实测","未实测","未核验","配置确认 + 数学推导；未核验完整调用链","https://huggingface.co/openbmb/MiniCPM-RobotManip/resolve/29cb257541e9f96f493abe21174f8892e5dffe3f/config.json","未核验","未核验","未核验","未核验","https://huggingface.co/openbmb/MiniCPM-RobotManip/resolve/29cb257541e9f96f493abe21174f8892e5dffe3f/config.json","视觉编码，Q/K/V同L_img，无文本历史KV；稀疏选块/线性分支需按实现，不能据此声称稠密执行或峰值中间内存","softmax(QK^T / sqrt(head_dim) + mask)V（数学参考）"
"vlm_config.vision_config/layer_8","output_projection","未核验","GEMM","[B,L_img,1152]","[B,L_img,1152]","B,L_img；模态独立长度","L_img由模态输入/输出决定；不是S_verify","config=None；激活/累加类型未核验","未核验","逻辑轴顺序；物理format未核验","逻辑轴顺序；物理format未核验","未评估候选","未评估候选","未评估候选","未核验","未实测","未实测","未实测","未实测","未核验","配置确认 + 数学推导；未核验完整调用链","https://huggingface.co/openbmb/MiniCPM-RobotManip/resolve/29cb257541e9f96f493abe21174f8892e5dffe3f/config.json","logical [1152,1152]","未核验","未核验","未核验","https://huggingface.co/openbmb/MiniCPM-RobotManip/resolve/29cb257541e9f96f493abe21174f8892e5dffe3f/config.json","视觉编码，Q/K/V同L_img，无文本历史KV；","Y=X@W^T"
"vlm_config.vision_config/layer_8","attention_residual","未核验","elementwise","[B,L_img,1152];[B,L_img,1152]","[B,L_img,1152]","B,L_img；模态独立长度","L_img由模态输入/输出决定；不是S_verify","config=None；激活/累加类型未核验","未核验","逻辑轴顺序；物理format未核验","逻辑轴顺序；物理format未核验","未评估候选","未评估候选","未评估候选","未核验","未实测","未实测","未实测","未实测","未核验","配置确认 + 数学推导；未核验完整调用链","https://huggingface.co/openbmb/MiniCPM-RobotManip/resolve/29cb257541e9f96f493abe21174f8892e5dffe3f/config.json","未核验","未核验","未核验","未核验","https://huggingface.co/openbmb/MiniCPM-RobotManip/resolve/29cb257541e9f96f493abe21174f8892e5dffe3f/config.json","视觉编码，Q/K/V同L_img，无文本历史KV；","Y=X+branch（参考，实际残差策略未核验）"
"vlm_config.vision_config/layer_8","post_attention_normalization","未核验","norm","[B,L_img,1152]","[B,L_img,1152]","B,L_img；模态独立长度","L_img由模态输入/输出决定；不是S_verify","config=None；激活/累加类型未核验","未核验","逻辑轴顺序；物理format未核验","逻辑轴顺序；物理format未核验","未评估候选","未评估候选","未评估候选","未核验","未实测","未实测","未实测","未实测","未核验","配置确认 + 数学推导；未核验完整调用链","https://huggingface.co/openbmb/MiniCPM-RobotManip/resolve/29cb257541e9f96f493abe21174f8892e5dffe3f/config.json","未核验","未核验","未核验","未核验","https://huggingface.co/openbmb/MiniCPM-RobotManip/resolve/29cb257541e9f96f493abe21174f8892e5dffe3f/config.json","视觉编码，Q/K/V同L_img，无文本历史KV；","类型与位置待源码核验"
"vlm_config.vision_config/layer_8","FFN_up","未核验","GEMM","[B,L_img,1152]","[B,L_img,4304]","B,L_img；模态独立长度","L_img由模态输入/输出决定；不是S_verify","config=None；激活/累加类型未核验","未核验","逻辑轴顺序；物理format未核验","逻辑轴顺序；物理format未核验","未评估候选","未评估候选","未评估候选","未核验","未实测","未实测","未实测","未实测","未核验","配置确认 + 数学推导；未核验完整调用链","https://huggingface.co/openbmb/MiniCPM-RobotManip/resolve/29cb257541e9f96f493abe21174f8892e5dffe3f/config.json","logical [4304,1152]","未核验","未核验","未核验","https://huggingface.co/openbmb/MiniCPM-RobotManip/resolve/29cb257541e9f96f493abe21174f8892e5dffe3f/config.json","视觉编码，Q/K/V同L_img，无文本历史KV；","Y=X@W^T"
"vlm_config.vision_config/layer_8","FFN_activation_and_optional_gate","未核验","activation","[B,L_img,4304]","[B,L_img,4304]","B,L_img；模态独立长度","L_img由模态输入/输出决定；不是S_verify","config=None；激活/累加类型未核验","未核验","逻辑轴顺序；物理format未核验","逻辑轴顺序；物理format未核验","未评估候选","未评估候选","未评估候选","未核验","未实测","未实测","未实测","未实测","未核验","配置确认 + 数学推导；未核验完整调用链","https://huggingface.co/openbmb/MiniCPM-RobotManip/resolve/29cb257541e9f96f493abe21174f8892e5dffe3f/config.json","未核验","未核验","未核验","未核验","https://huggingface.co/openbmb/MiniCPM-RobotManip/resolve/29cb257541e9f96f493abe21174f8892e5dffe3f/config.json","视觉编码，Q/K/V同L_img，无文本历史KV；是否额外gate矩阵与门控分支维度需要实现；不能仅由silu推定完整SwiGLU","config.hidden_act=gelu_pytorch_tanh"
"vlm_config.vision_config/layer_8","FFN_down","未核验","GEMM","[B,L_img,4304]","[B,L_img,1152]","B,L_img；模态独立长度","L_img由模态输入/输出决定；不是S_verify","config=None；激活/累加类型未核验","未核验","逻辑轴顺序；物理format未核验","逻辑轴顺序；物理format未核验","未评估候选","未评估候选","未评估候选","未核验","未实测","未实测","未实测","未实测","未核验","配置确认 + 数学推导；未核验完整调用链","https://huggingface.co/openbmb/MiniCPM-RobotManip/resolve/29cb257541e9f96f493abe21174f8892e5dffe3f/config.json","logical [1152,4304]","未核验","未核验","未核验","https://huggingface.co/openbmb/MiniCPM-RobotManip/resolve/29cb257541e9f96f493abe21174f8892e5dffe3f/config.json","视觉编码，Q/K/V同L_img，无文本历史KV；","Y=X@W^T"
"vlm_config.vision_config/layer_8","FFN_residual","未核验","elementwise","[B,L_img,1152];[B,L_img,1152]","[B,L_img,1152]","B,L_img；模态独立长度","L_img由模态输入/输出决定；不是S_verify","config=None；激活/累加类型未核验","未核验","逻辑轴顺序；物理format未核验","逻辑轴顺序；物理format未核验","未评估候选","未评估候选","未评估候选","未核验","未实测","未实测","未实测","未实测","未核验","配置确认 + 数学推导；未核验完整调用链","https://huggingface.co/openbmb/MiniCPM-RobotManip/resolve/29cb257541e9f96f493abe21174f8892e5dffe3f/config.json","未核验","未核验","未核验","未核验","https://huggingface.co/openbmb/MiniCPM-RobotManip/resolve/29cb257541e9f96f493abe21174f8892e5dffe3f/config.json","视觉编码，Q/K/V同L_img，无文本历史KV；","Y=X+branch（参考，实际残差策略未核验）"
"vlm_config.vision_config/layer_9","input_normalization","未核验","norm","[B,L_img,1152]","[B,L_img,1152]","B,L_img；模态独立长度","L_img由模态输入/输出决定；不是S_verify","config=None；激活/累加类型未核验","未核验","逻辑轴顺序；物理format未核验","逻辑轴顺序；物理format未核验","未评估候选","未评估候选","未评估候选","未核验","未实测","未实测","未实测","未实测","未核验","配置确认 + 数学推导；未核验完整调用链","https://huggingface.co/openbmb/MiniCPM-RobotManip/resolve/29cb257541e9f96f493abe21174f8892e5dffe3f/config.json","未核验","未核验","未核验","未核验","https://huggingface.co/openbmb/MiniCPM-RobotManip/resolve/29cb257541e9f96f493abe21174f8892e5dffe3f/config.json","视觉编码，Q/K/V同L_img，无文本历史KV；","归一化类型/先后顺序待实现核验"
"vlm_config.vision_config/layer_9","q_projection","未核验","GEMM","[B,L_img,1152]","[B,L_img,1152]","B,L_img；模态独立长度","L_img由模态输入/输出决定；不是S_verify","config=None；激活/累加类型未核验","未核验","逻辑轴顺序；物理format未核验","逻辑轴顺序；物理format未核验","未评估候选","未评估候选","未评估候选","未核验","未实测","未实测","未实测","未实测","未核验","配置确认 + 数学推导；未核验完整调用链","https://huggingface.co/openbmb/MiniCPM-RobotManip/resolve/29cb257541e9f96f493abe21174f8892e5dffe3f/config.json","logical [1152,1152]","未核验","未核验","未核验","https://huggingface.co/openbmb/MiniCPM-RobotManip/resolve/29cb257541e9f96f493abe21174f8892e5dffe3f/config.json","视觉编码，Q/K/V同L_img，无文本历史KV；独立逻辑矩阵，不断言实际融合与存储","Y=X@W^T; width=heads*head_dim"
"vlm_config.vision_config/layer_9","k_projection","未核验","GEMM","[B,L_img,1152]","[B,L_img,1152]","B,L_img；模态独立长度","L_img由模态输入/输出决定；不是S_verify","config=None；激活/累加类型未核验","未核验","逻辑轴顺序；物理format未核验","逻辑轴顺序；物理format未核验","未评估候选","未评估候选","未评估候选","未核验","未实测","未实测","未实测","未实测","未核验","配置确认 + 数学推导；未核验完整调用链","https://huggingface.co/openbmb/MiniCPM-RobotManip/resolve/29cb257541e9f96f493abe21174f8892e5dffe3f/config.json","logical [1152,1152]","未核验","未核验","未核验","https://huggingface.co/openbmb/MiniCPM-RobotManip/resolve/29cb257541e9f96f493abe21174f8892e5dffe3f/config.json","视觉编码，Q/K/V同L_img，无文本历史KV；独立逻辑矩阵，不断言实际融合与存储","Y=X@W^T; width=heads*head_dim"
"vlm_config.vision_config/layer_9","v_projection","未核验","GEMM","[B,L_img,1152]","[B,L_img,1152]","B,L_img；模态独立长度","L_img由模态输入/输出决定；不是S_verify","config=None；激活/累加类型未核验","未核验","逻辑轴顺序；物理format未核验","逻辑轴顺序；物理format未核验","未评估候选","未评估候选","未评估候选","未核验","未实测","未实测","未实测","未实测","未核验","配置确认 + 数学推导；未核验完整调用链","https://huggingface.co/openbmb/MiniCPM-RobotManip/resolve/29cb257541e9f96f493abe21174f8892e5dffe3f/config.json","logical [1152,1152]","未核验","未核验","未核验","https://huggingface.co/openbmb/MiniCPM-RobotManip/resolve/29cb257541e9f96f493abe21174f8892e5dffe3f/config.json","视觉编码，Q/K/V同L_img，无文本历史KV；独立逻辑矩阵，不断言实际融合与存储","Y=X@W^T; width=heads*head_dim"
"vlm_config.vision_config/layer_9","position_and_layout","未核验","位置/布局","Q,K,V projected; B,L_img","Q:[B,16,L_img,72]; K,V:[B,16,L_img,72]","B,L_img；模态独立长度","L_img由模态输入/输出决定；不是S_verify","config=None；激活/累加类型未核验","未核验","逻辑轴顺序；物理format未核验","逻辑轴顺序；物理format未核验","未评估候选","未评估候选","未评估候选","未核验","未实测","未实测","未实测","未实测","未核验","配置确认 + 数学推导；未核验完整调用链","https://huggingface.co/openbmb/MiniCPM-RobotManip/resolve/29cb257541e9f96f493abe21174f8892e5dffe3f/config.json","未核验","未核验","未核验","未核验","https://huggingface.co/openbmb/MiniCPM-RobotManip/resolve/29cb257541e9f96f493abe21174f8892e5dffe3f/config.json","视觉编码，Q/K/V同L_img，无文本历史KV；","视觉编码，Q/K/V同L_img，无文本历史KV；位置编码与物理layout需实现核验"
"vlm_config.vision_config/layer_9","attention","未核验","attention","Q:[B,16,L_img,72];K,V:[B,16,L_img,72]","[B,16,L_img,72]","B,L_img；模态独立长度","L_img由模态输入/输出决定；不是S_verify","config=None；激活/累加类型未核验","未核验","逻辑轴顺序；物理format未核验","逻辑轴顺序；物理format未核验","未评估候选","未评估候选","未评估候选","未核验","未实测","未实测","未实测","未实测","未核验","配置确认 + 数学推导；未核验完整调用链","https://huggingface.co/openbmb/MiniCPM-RobotManip/resolve/29cb257541e9f96f493abe21174f8892e5dffe3f/config.json","未核验","未核验","未核验","未核验","https://huggingface.co/openbmb/MiniCPM-RobotManip/resolve/29cb257541e9f96f493abe21174f8892e5dffe3f/config.json","视觉编码，Q/K/V同L_img，无文本历史KV；稀疏选块/线性分支需按实现，不能据此声称稠密执行或峰值中间内存","softmax(QK^T / sqrt(head_dim) + mask)V（数学参考）"
"vlm_config.vision_config/layer_9","output_projection","未核验","GEMM","[B,L_img,1152]","[B,L_img,1152]","B,L_img；模态独立长度","L_img由模态输入/输出决定；不是S_verify","config=None；激活/累加类型未核验","未核验","逻辑轴顺序；物理format未核验","逻辑轴顺序；物理format未核验","未评估候选","未评估候选","未评估候选","未核验","未实测","未实测","未实测","未实测","未核验","配置确认 + 数学推导；未核验完整调用链","https://huggingface.co/openbmb/MiniCPM-RobotManip/resolve/29cb257541e9f96f493abe21174f8892e5dffe3f/config.json","logical [1152,1152]","未核验","未核验","未核验","https://huggingface.co/openbmb/MiniCPM-RobotManip/resolve/29cb257541e9f96f493abe21174f8892e5dffe3f/config.json","视觉编码，Q/K/V同L_img，无文本历史KV；","Y=X@W^T"
"vlm_config.vision_config/layer_9","attention_residual","未核验","elementwise","[B,L_img,1152];[B,L_img,1152]","[B,L_img,1152]","B,L_img；模态独立长度","L_img由模态输入/输出决定；不是S_verify","config=None；激活/累加类型未核验","未核验","逻辑轴顺序；物理format未核验","逻辑轴顺序；物理format未核验","未评估候选","未评估候选","未评估候选","未核验","未实测","未实测","未实测","未实测","未核验","配置确认 + 数学推导；未核验完整调用链","https://huggingface.co/openbmb/MiniCPM-RobotManip/resolve/29cb257541e9f96f493abe21174f8892e5dffe3f/config.json","未核验","未核验","未核验","未核验","https://huggingface.co/openbmb/MiniCPM-RobotManip/resolve/29cb257541e9f96f493abe21174f8892e5dffe3f/config.json","视觉编码，Q/K/V同L_img，无文本历史KV；","Y=X+branch（参考，实际残差策略未核验）"
"vlm_config.vision_config/layer_9","post_attention_normalization","未核验","norm","[B,L_img,1152]","[B,L_img,1152]","B,L_img；模态独立长度","L_img由模态输入/输出决定；不是S_verify","config=None；激活/累加类型未核验","未核验","逻辑轴顺序；物理format未核验","逻辑轴顺序；物理format未核验","未评估候选","未评估候选","未评估候选","未核验","未实测","未实测","未实测","未实测","未核验","配置确认 + 数学推导；未核验完整调用链","https://huggingface.co/openbmb/MiniCPM-RobotManip/resolve/29cb257541e9f96f493abe21174f8892e5dffe3f/config.json","未核验","未核验","未核验","未核验","https://huggingface.co/openbmb/MiniCPM-RobotManip/resolve/29cb257541e9f96f493abe21174f8892e5dffe3f/config.json","视觉编码，Q/K/V同L_img，无文本历史KV；","类型与位置待源码核验"
"vlm_config.vision_config/layer_9","FFN_up","未核验","GEMM","[B,L_img,1152]","[B,L_img,4304]","B,L_img；模态独立长度","L_img由模态输入/输出决定；不是S_verify","config=None；激活/累加类型未核验","未核验","逻辑轴顺序；物理format未核验","逻辑轴顺序；物理format未核验","未评估候选","未评估候选","未评估候选","未核验","未实测","未实测","未实测","未实测","未核验","配置确认 + 数学推导；未核验完整调用链","https://huggingface.co/openbmb/MiniCPM-RobotManip/resolve/29cb257541e9f96f493abe21174f8892e5dffe3f/config.json","logical [4304,1152]","未核验","未核验","未核验","https://huggingface.co/openbmb/MiniCPM-RobotManip/resolve/29cb257541e9f96f493abe21174f8892e5dffe3f/config.json","视觉编码，Q/K/V同L_img，无文本历史KV；","Y=X@W^T"
"vlm_config.vision_config/layer_9","FFN_activation_and_optional_gate","未核验","activation","[B,L_img,4304]","[B,L_img,4304]","B,L_img；模态独立长度","L_img由模态输入/输出决定；不是S_verify","config=None；激活/累加类型未核验","未核验","逻辑轴顺序；物理format未核验","逻辑轴顺序；物理format未核验","未评估候选","未评估候选","未评估候选","未核验","未实测","未实测","未实测","未实测","未核验","配置确认 + 数学推导；未核验完整调用链","https://huggingface.co/openbmb/MiniCPM-RobotManip/resolve/29cb257541e9f96f493abe21174f8892e5dffe3f/config.json","未核验","未核验","未核验","未核验","https://huggingface.co/openbmb/MiniCPM-RobotManip/resolve/29cb257541e9f96f493abe21174f8892e5dffe3f/config.json","视觉编码，Q/K/V同L_img，无文本历史KV；是否额外gate矩阵与门控分支维度需要实现；不能仅由silu推定完整SwiGLU","config.hidden_act=gelu_pytorch_tanh"
"vlm_config.vision_config/layer_9","FFN_down","未核验","GEMM","[B,L_img,4304]","[B,L_img,1152]","B,L_img；模态独立长度","L_img由模态输入/输出决定；不是S_verify","config=None；激活/累加类型未核验","未核验","逻辑轴顺序；物理format未核验","逻辑轴顺序；物理format未核验","未评估候选","未评估候选","未评估候选","未核验","未实测","未实测","未实测","未实测","未核验","配置确认 + 数学推导；未核验完整调用链","https://huggingface.co/openbmb/MiniCPM-RobotManip/resolve/29cb257541e9f96f493abe21174f8892e5dffe3f/config.json","logical [1152,4304]","未核验","未核验","未核验","https://huggingface.co/openbmb/MiniCPM-RobotManip/resolve/29cb257541e9f96f493abe21174f8892e5dffe3f/config.json","视觉编码，Q/K/V同L_img，无文本历史KV；","Y=X@W^T"
"vlm_config.vision_config/layer_9","FFN_residual","未核验","elementwise","[B,L_img,1152];[B,L_img,1152]","[B,L_img,1152]","B,L_img；模态独立长度","L_img由模态输入/输出决定；不是S_verify","config=None；激活/累加类型未核验","未核验","逻辑轴顺序；物理format未核验","逻辑轴顺序；物理format未核验","未评估候选","未评估候选","未评估候选","未核验","未实测","未实测","未实测","未实测","未核验","配置确认 + 数学推导；未核验完整调用链","https://huggingface.co/openbmb/MiniCPM-RobotManip/resolve/29cb257541e9f96f493abe21174f8892e5dffe3f/config.json","未核验","未核验","未核验","未核验","https://huggingface.co/openbmb/MiniCPM-RobotManip/resolve/29cb257541e9f96f493abe21174f8892e5dffe3f/config.json","视觉编码，Q/K/V同L_img，无文本历史KV；","Y=X+branch（参考，实际残差策略未核验）"
"vlm_config.vision_config/layer_10","input_normalization","未核验","norm","[B,L_img,1152]","[B,L_img,1152]","B,L_img；模态独立长度","L_img由模态输入/输出决定；不是S_verify","config=None；激活/累加类型未核验","未核验","逻辑轴顺序；物理format未核验","逻辑轴顺序；物理format未核验","未评估候选","未评估候选","未评估候选","未核验","未实测","未实测","未实测","未实测","未核验","配置确认 + 数学推导；未核验完整调用链","https://huggingface.co/openbmb/MiniCPM-RobotManip/resolve/29cb257541e9f96f493abe21174f8892e5dffe3f/config.json","未核验","未核验","未核验","未核验","https://huggingface.co/openbmb/MiniCPM-RobotManip/resolve/29cb257541e9f96f493abe21174f8892e5dffe3f/config.json","视觉编码，Q/K/V同L_img，无文本历史KV；","归一化类型/先后顺序待实现核验"
"vlm_config.vision_config/layer_10","q_projection","未核验","GEMM","[B,L_img,1152]","[B,L_img,1152]","B,L_img；模态独立长度","L_img由模态输入/输出决定；不是S_verify","config=None；激活/累加类型未核验","未核验","逻辑轴顺序；物理format未核验","逻辑轴顺序；物理format未核验","未评估候选","未评估候选","未评估候选","未核验","未实测","未实测","未实测","未实测","未核验","配置确认 + 数学推导；未核验完整调用链","https://huggingface.co/openbmb/MiniCPM-RobotManip/resolve/29cb257541e9f96f493abe21174f8892e5dffe3f/config.json","logical [1152,1152]","未核验","未核验","未核验","https://huggingface.co/openbmb/MiniCPM-RobotManip/resolve/29cb257541e9f96f493abe21174f8892e5dffe3f/config.json","视觉编码，Q/K/V同L_img，无文本历史KV；独立逻辑矩阵，不断言实际融合与存储","Y=X@W^T; width=heads*head_dim"
"vlm_config.vision_config/layer_10","k_projection","未核验","GEMM","[B,L_img,1152]","[B,L_img,1152]","B,L_img；模态独立长度","L_img由模态输入/输出决定；不是S_verify","config=None；激活/累加类型未核验","未核验","逻辑轴顺序；物理format未核验","逻辑轴顺序；物理format未核验","未评估候选","未评估候选","未评估候选","未核验","未实测","未实测","未实测","未实测","未核验","配置确认 + 数学推导；未核验完整调用链","https://huggingface.co/openbmb/MiniCPM-RobotManip/resolve/29cb257541e9f96f493abe21174f8892e5dffe3f/config.json","logical [1152,1152]","未核验","未核验","未核验","https://huggingface.co/openbmb/MiniCPM-RobotManip/resolve/29cb257541e9f96f493abe21174f8892e5dffe3f/config.json","视觉编码，Q/K/V同L_img，无文本历史KV；独立逻辑矩阵，不断言实际融合与存储","Y=X@W^T; width=heads*head_dim"
"vlm_config.vision_config/layer_10","v_projection","未核验","GEMM","[B,L_img,1152]","[B,L_img,1152]","B,L_img；模态独立长度","L_img由模态输入/输出决定；不是S_verify","config=None；激活/累加类型未核验","未核验","逻辑轴顺序；物理format未核验","逻辑轴顺序；物理format未核验","未评估候选","未评估候选","未评估候选","未核验","未实测","未实测","未实测","未实测","未核验","配置确认 + 数学推导；未核验完整调用链","https://huggingface.co/openbmb/MiniCPM-RobotManip/resolve/29cb257541e9f96f493abe21174f8892e5dffe3f/config.json","logical [1152,1152]","未核验","未核验","未核验","https://huggingface.co/openbmb/MiniCPM-RobotManip/resolve/29cb257541e9f96f493abe21174f8892e5dffe3f/config.json","视觉编码，Q/K/V同L_img，无文本历史KV；独立逻辑矩阵，不断言实际融合与存储","Y=X@W^T; width=heads*head_dim"
"vlm_config.vision_config/layer_10","position_and_layout","未核验","位置/布局","Q,K,V projected; B,L_img","Q:[B,16,L_img,72]; K,V:[B,16,L_img,72]","B,L_img；模态独立长度","L_img由模态输入/输出决定；不是S_verify","config=None；激活/累加类型未核验","未核验","逻辑轴顺序；物理format未核验","逻辑轴顺序；物理format未核验","未评估候选","未评估候选","未评估候选","未核验","未实测","未实测","未实测","未实测","未核验","配置确认 + 数学推导；未核验完整调用链","https://huggingface.co/openbmb/MiniCPM-RobotManip/resolve/29cb257541e9f96f493abe21174f8892e5dffe3f/config.json","未核验","未核验","未核验","未核验","https://huggingface.co/openbmb/MiniCPM-RobotManip/resolve/29cb257541e9f96f493abe21174f8892e5dffe3f/config.json","视觉编码，Q/K/V同L_img，无文本历史KV；","视觉编码，Q/K/V同L_img，无文本历史KV；位置编码与物理layout需实现核验"
"vlm_config.vision_config/layer_10","attention","未核验","attention","Q:[B,16,L_img,72];K,V:[B,16,L_img,72]","[B,16,L_img,72]","B,L_img；模态独立长度","L_img由模态输入/输出决定；不是S_verify","config=None；激活/累加类型未核验","未核验","逻辑轴顺序；物理format未核验","逻辑轴顺序；物理format未核验","未评估候选","未评估候选","未评估候选","未核验","未实测","未实测","未实测","未实测","未核验","配置确认 + 数学推导；未核验完整调用链","https://huggingface.co/openbmb/MiniCPM-RobotManip/resolve/29cb257541e9f96f493abe21174f8892e5dffe3f/config.json","未核验","未核验","未核验","未核验","https://huggingface.co/openbmb/MiniCPM-RobotManip/resolve/29cb257541e9f96f493abe21174f8892e5dffe3f/config.json","视觉编码，Q/K/V同L_img，无文本历史KV；稀疏选块/线性分支需按实现，不能据此声称稠密执行或峰值中间内存","softmax(QK^T / sqrt(head_dim) + mask)V（数学参考）"
"vlm_config.vision_config/layer_10","output_projection","未核验","GEMM","[B,L_img,1152]","[B,L_img,1152]","B,L_img；模态独立长度","L_img由模态输入/输出决定；不是S_verify","config=None；激活/累加类型未核验","未核验","逻辑轴顺序；物理format未核验","逻辑轴顺序；物理format未核验","未评估候选","未评估候选","未评估候选","未核验","未实测","未实测","未实测","未实测","未核验","配置确认 + 数学推导；未核验完整调用链","https://huggingface.co/openbmb/MiniCPM-RobotManip/resolve/29cb257541e9f96f493abe21174f8892e5dffe3f/config.json","logical [1152,1152]","未核验","未核验","未核验","https://huggingface.co/openbmb/MiniCPM-RobotManip/resolve/29cb257541e9f96f493abe21174f8892e5dffe3f/config.json","视觉编码，Q/K/V同L_img，无文本历史KV；","Y=X@W^T"
"vlm_config.vision_config/layer_10","attention_residual","未核验","elementwise","[B,L_img,1152];[B,L_img,1152]","[B,L_img,1152]","B,L_img；模态独立长度","L_img由模态输入/输出决定；不是S_verify","config=None；激活/累加类型未核验","未核验","逻辑轴顺序；物理format未核验","逻辑轴顺序；物理format未核验","未评估候选","未评估候选","未评估候选","未核验","未实测","未实测","未实测","未实测","未核验","配置确认 + 数学推导；未核验完整调用链","https://huggingface.co/openbmb/MiniCPM-RobotManip/resolve/29cb257541e9f96f493abe21174f8892e5dffe3f/config.json","未核验","未核验","未核验","未核验","https://huggingface.co/openbmb/MiniCPM-RobotManip/resolve/29cb257541e9f96f493abe21174f8892e5dffe3f/config.json","视觉编码，Q/K/V同L_img，无文本历史KV；","Y=X+branch（参考，实际残差策略未核验）"
"vlm_config.vision_config/layer_10","post_attention_normalization","未核验","norm","[B,L_img,1152]","[B,L_img,1152]","B,L_img；模态独立长度","L_img由模态输入/输出决定；不是S_verify","config=None；激活/累加类型未核验","未核验","逻辑轴顺序；物理format未核验","逻辑轴顺序；物理format未核验","未评估候选","未评估候选","未评估候选","未核验","未实测","未实测","未实测","未实测","未核验","配置确认 + 数学推导；未核验完整调用链","https://huggingface.co/openbmb/MiniCPM-RobotManip/resolve/29cb257541e9f96f493abe21174f8892e5dffe3f/config.json","未核验","未核验","未核验","未核验","https://huggingface.co/openbmb/MiniCPM-RobotManip/resolve/29cb257541e9f96f493abe21174f8892e5dffe3f/config.json","视觉编码，Q/K/V同L_img，无文本历史KV；","类型与位置待源码核验"
"vlm_config.vision_config/layer_10","FFN_up","未核验","GEMM","[B,L_img,1152]","[B,L_img,4304]","B,L_img；模态独立长度","L_img由模态输入/输出决定；不是S_verify","config=None；激活/累加类型未核验","未核验","逻辑轴顺序；物理format未核验","逻辑轴顺序；物理format未核验","未评估候选","未评估候选","未评估候选","未核验","未实测","未实测","未实测","未实测","未核验","配置确认 + 数学推导；未核验完整调用链","https://huggingface.co/openbmb/MiniCPM-RobotManip/resolve/29cb257541e9f96f493abe21174f8892e5dffe3f/config.json","logical [4304,1152]","未核验","未核验","未核验","https://huggingface.co/openbmb/MiniCPM-RobotManip/resolve/29cb257541e9f96f493abe21174f8892e5dffe3f/config.json","视觉编码，Q/K/V同L_img，无文本历史KV；","Y=X@W^T"
"vlm_config.vision_config/layer_10","FFN_activation_and_optional_gate","未核验","activation","[B,L_img,4304]","[B,L_img,4304]","B,L_img；模态独立长度","L_img由模态输入/输出决定；不是S_verify","config=None；激活/累加类型未核验","未核验","逻辑轴顺序；物理format未核验","逻辑轴顺序；物理format未核验","未评估候选","未评估候选","未评估候选","未核验","未实测","未实测","未实测","未实测","未核验","配置确认 + 数学推导；未核验完整调用链","https://huggingface.co/openbmb/MiniCPM-RobotManip/resolve/29cb257541e9f96f493abe21174f8892e5dffe3f/config.json","未核验","未核验","未核验","未核验","https://huggingface.co/openbmb/MiniCPM-RobotManip/resolve/29cb257541e9f96f493abe21174f8892e5dffe3f/config.json","视觉编码，Q/K/V同L_img，无文本历史KV；是否额外gate矩阵与门控分支维度需要实现；不能仅由silu推定完整SwiGLU","config.hidden_act=gelu_pytorch_tanh"
"vlm_config.vision_config/layer_10","FFN_down","未核验","GEMM","[B,L_img,4304]","[B,L_img,1152]","B,L_img；模态独立长度","L_img由模态输入/输出决定；不是S_verify","config=None；激活/累加类型未核验","未核验","逻辑轴顺序；物理format未核验","逻辑轴顺序；物理format未核验","未评估候选","未评估候选","未评估候选","未核验","未实测","未实测","未实测","未实测","未核验","配置确认 + 数学推导；未核验完整调用链","https://huggingface.co/openbmb/MiniCPM-RobotManip/resolve/29cb257541e9f96f493abe21174f8892e5dffe3f/config.json","logical [1152,4304]","未核验","未核验","未核验","https://huggingface.co/openbmb/MiniCPM-RobotManip/resolve/29cb257541e9f96f493abe21174f8892e5dffe3f/config.json","视觉编码，Q/K/V同L_img，无文本历史KV；","Y=X@W^T"
"vlm_config.vision_config/layer_10","FFN_residual","未核验","elementwise","[B,L_img,1152];[B,L_img,1152]","[B,L_img,1152]","B,L_img；模态独立长度","L_img由模态输入/输出决定；不是S_verify","config=None；激活/累加类型未核验","未核验","逻辑轴顺序；物理format未核验","逻辑轴顺序；物理format未核验","未评估候选","未评估候选","未评估候选","未核验","未实测","未实测","未实测","未实测","未核验","配置确认 + 数学推导；未核验完整调用链","https://huggingface.co/openbmb/MiniCPM-RobotManip/resolve/29cb257541e9f96f493abe21174f8892e5dffe3f/config.json","未核验","未核验","未核验","未核验","https://huggingface.co/openbmb/MiniCPM-RobotManip/resolve/29cb257541e9f96f493abe21174f8892e5dffe3f/config.json","视觉编码，Q/K/V同L_img，无文本历史KV；","Y=X+branch（参考，实际残差策略未核验）"
"vlm_config.vision_config/layer_11","input_normalization","未核验","norm","[B,L_img,1152]","[B,L_img,1152]","B,L_img；模态独立长度","L_img由模态输入/输出决定；不是S_verify","config=None；激活/累加类型未核验","未核验","逻辑轴顺序；物理format未核验","逻辑轴顺序；物理format未核验","未评估候选","未评估候选","未评估候选","未核验","未实测","未实测","未实测","未实测","未核验","配置确认 + 数学推导；未核验完整调用链","https://huggingface.co/openbmb/MiniCPM-RobotManip/resolve/29cb257541e9f96f493abe21174f8892e5dffe3f/config.json","未核验","未核验","未核验","未核验","https://huggingface.co/openbmb/MiniCPM-RobotManip/resolve/29cb257541e9f96f493abe21174f8892e5dffe3f/config.json","视觉编码，Q/K/V同L_img，无文本历史KV；","归一化类型/先后顺序待实现核验"
"vlm_config.vision_config/layer_11","q_projection","未核验","GEMM","[B,L_img,1152]","[B,L_img,1152]","B,L_img；模态独立长度","L_img由模态输入/输出决定；不是S_verify","config=None；激活/累加类型未核验","未核验","逻辑轴顺序；物理format未核验","逻辑轴顺序；物理format未核验","未评估候选","未评估候选","未评估候选","未核验","未实测","未实测","未实测","未实测","未核验","配置确认 + 数学推导；未核验完整调用链","https://huggingface.co/openbmb/MiniCPM-RobotManip/resolve/29cb257541e9f96f493abe21174f8892e5dffe3f/config.json","logical [1152,1152]","未核验","未核验","未核验","https://huggingface.co/openbmb/MiniCPM-RobotManip/resolve/29cb257541e9f96f493abe21174f8892e5dffe3f/config.json","视觉编码，Q/K/V同L_img，无文本历史KV；独立逻辑矩阵，不断言实际融合与存储","Y=X@W^T; width=heads*head_dim"
"vlm_config.vision_config/layer_11","k_projection","未核验","GEMM","[B,L_img,1152]","[B,L_img,1152]","B,L_img；模态独立长度","L_img由模态输入/输出决定；不是S_verify","config=None；激活/累加类型未核验","未核验","逻辑轴顺序；物理format未核验","逻辑轴顺序；物理format未核验","未评估候选","未评估候选","未评估候选","未核验","未实测","未实测","未实测","未实测","未核验","配置确认 + 数学推导；未核验完整调用链","https://huggingface.co/openbmb/MiniCPM-RobotManip/resolve/29cb257541e9f96f493abe21174f8892e5dffe3f/config.json","logical [1152,1152]","未核验","未核验","未核验","https://huggingface.co/openbmb/MiniCPM-RobotManip/resolve/29cb257541e9f96f493abe21174f8892e5dffe3f/config.json","视觉编码，Q/K/V同L_img，无文本历史KV；独立逻辑矩阵，不断言实际融合与存储","Y=X@W^T; width=heads*head_dim"
"vlm_config.vision_config/layer_11","v_projection","未核验","GEMM","[B,L_img,1152]","[B,L_img,1152]","B,L_img；模态独立长度","L_img由模态输入/输出决定；不是S_verify","config=None；激活/累加类型未核验","未核验","逻辑轴顺序；物理format未核验","逻辑轴顺序；物理format未核验","未评估候选","未评估候选","未评估候选","未核验","未实测","未实测","未实测","未实测","未核验","配置确认 + 数学推导；未核验完整调用链","https://huggingface.co/openbmb/MiniCPM-RobotManip/resolve/29cb257541e9f96f493abe21174f8892e5dffe3f/config.json","logical [1152,1152]","未核验","未核验","未核验","https://huggingface.co/openbmb/MiniCPM-RobotManip/resolve/29cb257541e9f96f493abe21174f8892e5dffe3f/config.json","视觉编码，Q/K/V同L_img，无文本历史KV；独立逻辑矩阵，不断言实际融合与存储","Y=X@W^T; width=heads*head_dim"
"vlm_config.vision_config/layer_11","position_and_layout","未核验","位置/布局","Q,K,V projected; B,L_img","Q:[B,16,L_img,72]; K,V:[B,16,L_img,72]","B,L_img；模态独立长度","L_img由模态输入/输出决定；不是S_verify","config=None；激活/累加类型未核验","未核验","逻辑轴顺序；物理format未核验","逻辑轴顺序；物理format未核验","未评估候选","未评估候选","未评估候选","未核验","未实测","未实测","未实测","未实测","未核验","配置确认 + 数学推导；未核验完整调用链","https://huggingface.co/openbmb/MiniCPM-RobotManip/resolve/29cb257541e9f96f493abe21174f8892e5dffe3f/config.json","未核验","未核验","未核验","未核验","https://huggingface.co/openbmb/MiniCPM-RobotManip/resolve/29cb257541e9f96f493abe21174f8892e5dffe3f/config.json","视觉编码，Q/K/V同L_img，无文本历史KV；","视觉编码，Q/K/V同L_img，无文本历史KV；位置编码与物理layout需实现核验"
"vlm_config.vision_config/layer_11","attention","未核验","attention","Q:[B,16,L_img,72];K,V:[B,16,L_img,72]","[B,16,L_img,72]","B,L_img；模态独立长度","L_img由模态输入/输出决定；不是S_verify","config=None；激活/累加类型未核验","未核验","逻辑轴顺序；物理format未核验","逻辑轴顺序；物理format未核验","未评估候选","未评估候选","未评估候选","未核验","未实测","未实测","未实测","未实测","未核验","配置确认 + 数学推导；未核验完整调用链","https://huggingface.co/openbmb/MiniCPM-RobotManip/resolve/29cb257541e9f96f493abe21174f8892e5dffe3f/config.json","未核验","未核验","未核验","未核验","https://huggingface.co/openbmb/MiniCPM-RobotManip/resolve/29cb257541e9f96f493abe21174f8892e5dffe3f/config.json","视觉编码，Q/K/V同L_img，无文本历史KV；稀疏选块/线性分支需按实现，不能据此声称稠密执行或峰值中间内存","softmax(QK^T / sqrt(head_dim) + mask)V（数学参考）"
"vlm_config.vision_config/layer_11","output_projection","未核验","GEMM","[B,L_img,1152]","[B,L_img,1152]","B,L_img；模态独立长度","L_img由模态输入/输出决定；不是S_verify","config=None；激活/累加类型未核验","未核验","逻辑轴顺序；物理format未核验","逻辑轴顺序；物理format未核验","未评估候选","未评估候选","未评估候选","未核验","未实测","未实测","未实测","未实测","未核验","配置确认 + 数学推导；未核验完整调用链","https://huggingface.co/openbmb/MiniCPM-RobotManip/resolve/29cb257541e9f96f493abe21174f8892e5dffe3f/config.json","logical [1152,1152]","未核验","未核验","未核验","https://huggingface.co/openbmb/MiniCPM-RobotManip/resolve/29cb257541e9f96f493abe21174f8892e5dffe3f/config.json","视觉编码，Q/K/V同L_img，无文本历史KV；","Y=X@W^T"
"vlm_config.vision_config/layer_11","attention_residual","未核验","elementwise","[B,L_img,1152];[B,L_img,1152]","[B,L_img,1152]","B,L_img；模态独立长度","L_img由模态输入/输出决定；不是S_verify","config=None；激活/累加类型未核验","未核验","逻辑轴顺序；物理format未核验","逻辑轴顺序；物理format未核验","未评估候选","未评估候选","未评估候选","未核验","未实测","未实测","未实测","未实测","未核验","配置确认 + 数学推导；未核验完整调用链","https://huggingface.co/openbmb/MiniCPM-RobotManip/resolve/29cb257541e9f96f493abe21174f8892e5dffe3f/config.json","未核验","未核验","未核验","未核验","https://huggingface.co/openbmb/MiniCPM-RobotManip/resolve/29cb257541e9f96f493abe21174f8892e5dffe3f/config.json","视觉编码，Q/K/V同L_img，无文本历史KV；","Y=X+branch（参考，实际残差策略未核验）"
"vlm_config.vision_config/layer_11","post_attention_normalization","未核验","norm","[B,L_img,1152]","[B,L_img,1152]","B,L_img；模态独立长度","L_img由模态输入/输出决定；不是S_verify","config=None；激活/累加类型未核验","未核验","逻辑轴顺序；物理format未核验","逻辑轴顺序；物理format未核验","未评估候选","未评估候选","未评估候选","未核验","未实测","未实测","未实测","未实测","未核验","配置确认 + 数学推导；未核验完整调用链","https://huggingface.co/openbmb/MiniCPM-RobotManip/resolve/29cb257541e9f96f493abe21174f8892e5dffe3f/config.json","未核验","未核验","未核验","未核验","https://huggingface.co/openbmb/MiniCPM-RobotManip/resolve/29cb257541e9f96f493abe21174f8892e5dffe3f/config.json","视觉编码，Q/K/V同L_img，无文本历史KV；","类型与位置待源码核验"
"vlm_config.vision_config/layer_11","FFN_up","未核验","GEMM","[B,L_img,1152]","[B,L_img,4304]","B,L_img；模态独立长度","L_img由模态输入/输出决定；不是S_verify","config=None；激活/累加类型未核验","未核验","逻辑轴顺序；物理format未核验","逻辑轴顺序；物理format未核验","未评估候选","未评估候选","未评估候选","未核验","未实测","未实测","未实测","未实测","未核验","配置确认 + 数学推导；未核验完整调用链","https://huggingface.co/openbmb/MiniCPM-RobotManip/resolve/29cb257541e9f96f493abe21174f8892e5dffe3f/config.json","logical [4304,1152]","未核验","未核验","未核验","https://huggingface.co/openbmb/MiniCPM-RobotManip/resolve/29cb257541e9f96f493abe21174f8892e5dffe3f/config.json","视觉编码，Q/K/V同L_img，无文本历史KV；","Y=X@W^T"
"vlm_config.vision_config/layer_11","FFN_activation_and_optional_gate","未核验","activation","[B,L_img,4304]","[B,L_img,4304]","B,L_img；模态独立长度","L_img由模态输入/输出决定；不是S_verify","config=None；激活/累加类型未核验","未核验","逻辑轴顺序；物理format未核验","逻辑轴顺序；物理format未核验","未评估候选","未评估候选","未评估候选","未核验","未实测","未实测","未实测","未实测","未核验","配置确认 + 数学推导；未核验完整调用链","https://huggingface.co/openbmb/MiniCPM-RobotManip/resolve/29cb257541e9f96f493abe21174f8892e5dffe3f/config.json","未核验","未核验","未核验","未核验","https://huggingface.co/openbmb/MiniCPM-RobotManip/resolve/29cb257541e9f96f493abe21174f8892e5dffe3f/config.json","视觉编码，Q/K/V同L_img，无文本历史KV；是否额外gate矩阵与门控分支维度需要实现；不能仅由silu推定完整SwiGLU","config.hidden_act=gelu_pytorch_tanh"
"vlm_config.vision_config/layer_11","FFN_down","未核验","GEMM","[B,L_img,4304]","[B,L_img,1152]","B,L_img；模态独立长度","L_img由模态输入/输出决定；不是S_verify","config=None；激活/累加类型未核验","未核验","逻辑轴顺序；物理format未核验","逻辑轴顺序；物理format未核验","未评估候选","未评估候选","未评估候选","未核验","未实测","未实测","未实测","未实测","未核验","配置确认 + 数学推导；未核验完整调用链","https://huggingface.co/openbmb/MiniCPM-RobotManip/resolve/29cb257541e9f96f493abe21174f8892e5dffe3f/config.json","logical [1152,4304]","未核验","未核验","未核验","https://huggingface.co/openbmb/MiniCPM-RobotManip/resolve/29cb257541e9f96f493abe21174f8892e5dffe3f/config.json","视觉编码，Q/K/V同L_img，无文本历史KV；","Y=X@W^T"
"vlm_config.vision_config/layer_11","FFN_residual","未核验","elementwise","[B,L_img,1152];[B,L_img,1152]","[B,L_img,1152]","B,L_img；模态独立长度","L_img由模态输入/输出决定；不是S_verify","config=None；激活/累加类型未核验","未核验","逻辑轴顺序；物理format未核验","逻辑轴顺序；物理format未核验","未评估候选","未评估候选","未评估候选","未核验","未实测","未实测","未实测","未实测","未核验","配置确认 + 数学推导；未核验完整调用链","https://huggingface.co/openbmb/MiniCPM-RobotManip/resolve/29cb257541e9f96f493abe21174f8892e5dffe3f/config.json","未核验","未核验","未核验","未核验","https://huggingface.co/openbmb/MiniCPM-RobotManip/resolve/29cb257541e9f96f493abe21174f8892e5dffe3f/config.json","视觉编码，Q/K/V同L_img，无文本历史KV；","Y=X+branch（参考，实际残差策略未核验）"
"vlm_config.vision_config/layer_12","input_normalization","未核验","norm","[B,L_img,1152]","[B,L_img,1152]","B,L_img；模态独立长度","L_img由模态输入/输出决定；不是S_verify","config=None；激活/累加类型未核验","未核验","逻辑轴顺序；物理format未核验","逻辑轴顺序；物理format未核验","未评估候选","未评估候选","未评估候选","未核验","未实测","未实测","未实测","未实测","未核验","配置确认 + 数学推导；未核验完整调用链","https://huggingface.co/openbmb/MiniCPM-RobotManip/resolve/29cb257541e9f96f493abe21174f8892e5dffe3f/config.json","未核验","未核验","未核验","未核验","https://huggingface.co/openbmb/MiniCPM-RobotManip/resolve/29cb257541e9f96f493abe21174f8892e5dffe3f/config.json","视觉编码，Q/K/V同L_img，无文本历史KV；","归一化类型/先后顺序待实现核验"
"vlm_config.vision_config/layer_12","q_projection","未核验","GEMM","[B,L_img,1152]","[B,L_img,1152]","B,L_img；模态独立长度","L_img由模态输入/输出决定；不是S_verify","config=None；激活/累加类型未核验","未核验","逻辑轴顺序；物理format未核验","逻辑轴顺序；物理format未核验","未评估候选","未评估候选","未评估候选","未核验","未实测","未实测","未实测","未实测","未核验","配置确认 + 数学推导；未核验完整调用链","https://huggingface.co/openbmb/MiniCPM-RobotManip/resolve/29cb257541e9f96f493abe21174f8892e5dffe3f/config.json","logical [1152,1152]","未核验","未核验","未核验","https://huggingface.co/openbmb/MiniCPM-RobotManip/resolve/29cb257541e9f96f493abe21174f8892e5dffe3f/config.json","视觉编码，Q/K/V同L_img，无文本历史KV；独立逻辑矩阵，不断言实际融合与存储","Y=X@W^T; width=heads*head_dim"
"vlm_config.vision_config/layer_12","k_projection","未核验","GEMM","[B,L_img,1152]","[B,L_img,1152]","B,L_img；模态独立长度","L_img由模态输入/输出决定；不是S_verify","config=None；激活/累加类型未核验","未核验","逻辑轴顺序；物理format未核验","逻辑轴顺序；物理format未核验","未评估候选","未评估候选","未评估候选","未核验","未实测","未实测","未实测","未实测","未核验","配置确认 + 数学推导；未核验完整调用链","https://huggingface.co/openbmb/MiniCPM-RobotManip/resolve/29cb257541e9f96f493abe21174f8892e5dffe3f/config.json","logical [1152,1152]","未核验","未核验","未核验","https://huggingface.co/openbmb/MiniCPM-RobotManip/resolve/29cb257541e9f96f493abe21174f8892e5dffe3f/config.json","视觉编码，Q/K/V同L_img，无文本历史KV；独立逻辑矩阵，不断言实际融合与存储","Y=X@W^T; width=heads*head_dim"
"vlm_config.vision_config/layer_12","v_projection","未核验","GEMM","[B,L_img,1152]","[B,L_img,1152]","B,L_img；模态独立长度","L_img由模态输入/输出决定；不是S_verify","config=None；激活/累加类型未核验","未核验","逻辑轴顺序；物理format未核验","逻辑轴顺序；物理format未核验","未评估候选","未评估候选","未评估候选","未核验","未实测","未实测","未实测","未实测","未核验","配置确认 + 数学推导；未核验完整调用链","https://huggingface.co/openbmb/MiniCPM-RobotManip/resolve/29cb257541e9f96f493abe21174f8892e5dffe3f/config.json","logical [1152,1152]","未核验","未核验","未核验","https://huggingface.co/openbmb/MiniCPM-RobotManip/resolve/29cb257541e9f96f493abe21174f8892e5dffe3f/config.json","视觉编码，Q/K/V同L_img，无文本历史KV；独立逻辑矩阵，不断言实际融合与存储","Y=X@W^T; width=heads*head_dim"
"vlm_config.vision_config/layer_12","position_and_layout","未核验","位置/布局","Q,K,V projected; B,L_img","Q:[B,16,L_img,72]; K,V:[B,16,L_img,72]","B,L_img；模态独立长度","L_img由模态输入/输出决定；不是S_verify","config=None；激活/累加类型未核验","未核验","逻辑轴顺序；物理format未核验","逻辑轴顺序；物理format未核验","未评估候选","未评估候选","未评估候选","未核验","未实测","未实测","未实测","未实测","未核验","配置确认 + 数学推导；未核验完整调用链","https://huggingface.co/openbmb/MiniCPM-RobotManip/resolve/29cb257541e9f96f493abe21174f8892e5dffe3f/config.json","未核验","未核验","未核验","未核验","https://huggingface.co/openbmb/MiniCPM-RobotManip/resolve/29cb257541e9f96f493abe21174f8892e5dffe3f/config.json","视觉编码，Q/K/V同L_img，无文本历史KV；","视觉编码，Q/K/V同L_img，无文本历史KV；位置编码与物理layout需实现核验"
"vlm_config.vision_config/layer_12","attention","未核验","attention","Q:[B,16,L_img,72];K,V:[B,16,L_img,72]","[B,16,L_img,72]","B,L_img；模态独立长度","L_img由模态输入/输出决定；不是S_verify","config=None；激活/累加类型未核验","未核验","逻辑轴顺序；物理format未核验","逻辑轴顺序；物理format未核验","未评估候选","未评估候选","未评估候选","未核验","未实测","未实测","未实测","未实测","未核验","配置确认 + 数学推导；未核验完整调用链","https://huggingface.co/openbmb/MiniCPM-RobotManip/resolve/29cb257541e9f96f493abe21174f8892e5dffe3f/config.json","未核验","未核验","未核验","未核验","https://huggingface.co/openbmb/MiniCPM-RobotManip/resolve/29cb257541e9f96f493abe21174f8892e5dffe3f/config.json","视觉编码，Q/K/V同L_img，无文本历史KV；稀疏选块/线性分支需按实现，不能据此声称稠密执行或峰值中间内存","softmax(QK^T / sqrt(head_dim) + mask)V（数学参考）"
"vlm_config.vision_config/layer_12","output_projection","未核验","GEMM","[B,L_img,1152]","[B,L_img,1152]","B,L_img；模态独立长度","L_img由模态输入/输出决定；不是S_verify","config=None；激活/累加类型未核验","未核验","逻辑轴顺序；物理format未核验","逻辑轴顺序；物理format未核验","未评估候选","未评估候选","未评估候选","未核验","未实测","未实测","未实测","未实测","未核验","配置确认 + 数学推导；未核验完整调用链","https://huggingface.co/openbmb/MiniCPM-RobotManip/resolve/29cb257541e9f96f493abe21174f8892e5dffe3f/config.json","logical [1152,1152]","未核验","未核验","未核验","https://huggingface.co/openbmb/MiniCPM-RobotManip/resolve/29cb257541e9f96f493abe21174f8892e5dffe3f/config.json","视觉编码，Q/K/V同L_img，无文本历史KV；","Y=X@W^T"
"vlm_config.vision_config/layer_12","attention_residual","未核验","elementwise","[B,L_img,1152];[B,L_img,1152]","[B,L_img,1152]","B,L_img；模态独立长度","L_img由模态输入/输出决定；不是S_verify","config=None；激活/累加类型未核验","未核验","逻辑轴顺序；物理format未核验","逻辑轴顺序；物理format未核验","未评估候选","未评估候选","未评估候选","未核验","未实测","未实测","未实测","未实测","未核验","配置确认 + 数学推导；未核验完整调用链","https://huggingface.co/openbmb/MiniCPM-RobotManip/resolve/29cb257541e9f96f493abe21174f8892e5dffe3f/config.json","未核验","未核验","未核验","未核验","https://huggingface.co/openbmb/MiniCPM-RobotManip/resolve/29cb257541e9f96f493abe21174f8892e5dffe3f/config.json","视觉编码，Q/K/V同L_img，无文本历史KV；","Y=X+branch（参考，实际残差策略未核验）"
"vlm_config.vision_config/layer_12","post_attention_normalization","未核验","norm","[B,L_img,1152]","[B,L_img,1152]","B,L_img；模态独立长度","L_img由模态输入/输出决定；不是S_verify","config=None；激活/累加类型未核验","未核验","逻辑轴顺序；物理format未核验","逻辑轴顺序；物理format未核验","未评估候选","未评估候选","未评估候选","未核验","未实测","未实测","未实测","未实测","未核验","配置确认 + 数学推导；未核验完整调用链","https://huggingface.co/openbmb/MiniCPM-RobotManip/resolve/29cb257541e9f96f493abe21174f8892e5dffe3f/config.json","未核验","未核验","未核验","未核验","https://huggingface.co/openbmb/MiniCPM-RobotManip/resolve/29cb257541e9f96f493abe21174f8892e5dffe3f/config.json","视觉编码，Q/K/V同L_img，无文本历史KV；","类型与位置待源码核验"
"vlm_config.vision_config/layer_12","FFN_up","未核验","GEMM","[B,L_img,1152]","[B,L_img,4304]","B,L_img；模态独立长度","L_img由模态输入/输出决定；不是S_verify","config=None；激活/累加类型未核验","未核验","逻辑轴顺序；物理format未核验","逻辑轴顺序；物理format未核验","未评估候选","未评估候选","未评估候选","未核验","未实测","未实测","未实测","未实测","未核验","配置确认 + 数学推导；未核验完整调用链","https://huggingface.co/openbmb/MiniCPM-RobotManip/resolve/29cb257541e9f96f493abe21174f8892e5dffe3f/config.json","logical [4304,1152]","未核验","未核验","未核验","https://huggingface.co/openbmb/MiniCPM-RobotManip/resolve/29cb257541e9f96f493abe21174f8892e5dffe3f/config.json","视觉编码，Q/K/V同L_img，无文本历史KV；","Y=X@W^T"
"vlm_config.vision_config/layer_12","FFN_activation_and_optional_gate","未核验","activation","[B,L_img,4304]","[B,L_img,4304]","B,L_img；模态独立长度","L_img由模态输入/输出决定；不是S_verify","config=None；激活/累加类型未核验","未核验","逻辑轴顺序；物理format未核验","逻辑轴顺序；物理format未核验","未评估候选","未评估候选","未评估候选","未核验","未实测","未实测","未实测","未实测","未核验","配置确认 + 数学推导；未核验完整调用链","https://huggingface.co/openbmb/MiniCPM-RobotManip/resolve/29cb257541e9f96f493abe21174f8892e5dffe3f/config.json","未核验","未核验","未核验","未核验","https://huggingface.co/openbmb/MiniCPM-RobotManip/resolve/29cb257541e9f96f493abe21174f8892e5dffe3f/config.json","视觉编码，Q/K/V同L_img，无文本历史KV；是否额外gate矩阵与门控分支维度需要实现；不能仅由silu推定完整SwiGLU","config.hidden_act=gelu_pytorch_tanh"
"vlm_config.vision_config/layer_12","FFN_down","未核验","GEMM","[B,L_img,4304]","[B,L_img,1152]","B,L_img；模态独立长度","L_img由模态输入/输出决定；不是S_verify","config=None；激活/累加类型未核验","未核验","逻辑轴顺序；物理format未核验","逻辑轴顺序；物理format未核验","未评估候选","未评估候选","未评估候选","未核验","未实测","未实测","未实测","未实测","未核验","配置确认 + 数学推导；未核验完整调用链","https://huggingface.co/openbmb/MiniCPM-RobotManip/resolve/29cb257541e9f96f493abe21174f8892e5dffe3f/config.json","logical [1152,4304]","未核验","未核验","未核验","https://huggingface.co/openbmb/MiniCPM-RobotManip/resolve/29cb257541e9f96f493abe21174f8892e5dffe3f/config.json","视觉编码，Q/K/V同L_img，无文本历史KV；","Y=X@W^T"
"vlm_config.vision_config/layer_12","FFN_residual","未核验","elementwise","[B,L_img,1152];[B,L_img,1152]","[B,L_img,1152]","B,L_img；模态独立长度","L_img由模态输入/输出决定；不是S_verify","config=None；激活/累加类型未核验","未核验","逻辑轴顺序；物理format未核验","逻辑轴顺序；物理format未核验","未评估候选","未评估候选","未评估候选","未核验","未实测","未实测","未实测","未实测","未核验","配置确认 + 数学推导；未核验完整调用链","https://huggingface.co/openbmb/MiniCPM-RobotManip/resolve/29cb257541e9f96f493abe21174f8892e5dffe3f/config.json","未核验","未核验","未核验","未核验","https://huggingface.co/openbmb/MiniCPM-RobotManip/resolve/29cb257541e9f96f493abe21174f8892e5dffe3f/config.json","视觉编码，Q/K/V同L_img，无文本历史KV；","Y=X+branch（参考，实际残差策略未核验）"
"vlm_config.vision_config/layer_13","input_normalization","未核验","norm","[B,L_img,1152]","[B,L_img,1152]","B,L_img；模态独立长度","L_img由模态输入/输出决定；不是S_verify","config=None；激活/累加类型未核验","未核验","逻辑轴顺序；物理format未核验","逻辑轴顺序；物理format未核验","未评估候选","未评估候选","未评估候选","未核验","未实测","未实测","未实测","未实测","未核验","配置确认 + 数学推导；未核验完整调用链","https://huggingface.co/openbmb/MiniCPM-RobotManip/resolve/29cb257541e9f96f493abe21174f8892e5dffe3f/config.json","未核验","未核验","未核验","未核验","https://huggingface.co/openbmb/MiniCPM-RobotManip/resolve/29cb257541e9f96f493abe21174f8892e5dffe3f/config.json","视觉编码，Q/K/V同L_img，无文本历史KV；","归一化类型/先后顺序待实现核验"
"vlm_config.vision_config/layer_13","q_projection","未核验","GEMM","[B,L_img,1152]","[B,L_img,1152]","B,L_img；模态独立长度","L_img由模态输入/输出决定；不是S_verify","config=None；激活/累加类型未核验","未核验","逻辑轴顺序；物理format未核验","逻辑轴顺序；物理format未核验","未评估候选","未评估候选","未评估候选","未核验","未实测","未实测","未实测","未实测","未核验","配置确认 + 数学推导；未核验完整调用链","https://huggingface.co/openbmb/MiniCPM-RobotManip/resolve/29cb257541e9f96f493abe21174f8892e5dffe3f/config.json","logical [1152,1152]","未核验","未核验","未核验","https://huggingface.co/openbmb/MiniCPM-RobotManip/resolve/29cb257541e9f96f493abe21174f8892e5dffe3f/config.json","视觉编码，Q/K/V同L_img，无文本历史KV；独立逻辑矩阵，不断言实际融合与存储","Y=X@W^T; width=heads*head_dim"
"vlm_config.vision_config/layer_13","k_projection","未核验","GEMM","[B,L_img,1152]","[B,L_img,1152]","B,L_img；模态独立长度","L_img由模态输入/输出决定；不是S_verify","config=None；激活/累加类型未核验","未核验","逻辑轴顺序；物理format未核验","逻辑轴顺序；物理format未核验","未评估候选","未评估候选","未评估候选","未核验","未实测","未实测","未实测","未实测","未核验","配置确认 + 数学推导；未核验完整调用链","https://huggingface.co/openbmb/MiniCPM-RobotManip/resolve/29cb257541e9f96f493abe21174f8892e5dffe3f/config.json","logical [1152,1152]","未核验","未核验","未核验","https://huggingface.co/openbmb/MiniCPM-RobotManip/resolve/29cb257541e9f96f493abe21174f8892e5dffe3f/config.json","视觉编码，Q/K/V同L_img，无文本历史KV；独立逻辑矩阵，不断言实际融合与存储","Y=X@W^T; width=heads*head_dim"
"vlm_config.vision_config/layer_13","v_projection","未核验","GEMM","[B,L_img,1152]","[B,L_img,1152]","B,L_img；模态独立长度","L_img由模态输入/输出决定；不是S_verify","config=None；激活/累加类型未核验","未核验","逻辑轴顺序；物理format未核验","逻辑轴顺序；物理format未核验","未评估候选","未评估候选","未评估候选","未核验","未实测","未实测","未实测","未实测","未核验","配置确认 + 数学推导；未核验完整调用链","https://huggingface.co/openbmb/MiniCPM-RobotManip/resolve/29cb257541e9f96f493abe21174f8892e5dffe3f/config.json","logical [1152,1152]","未核验","未核验","未核验","https://huggingface.co/openbmb/MiniCPM-RobotManip/resolve/29cb257541e9f96f493abe21174f8892e5dffe3f/config.json","视觉编码，Q/K/V同L_img，无文本历史KV；独立逻辑矩阵，不断言实际融合与存储","Y=X@W^T; width=heads*head_dim"
"vlm_config.vision_config/layer_13","position_and_layout","未核验","位置/布局","Q,K,V projected; B,L_img","Q:[B,16,L_img,72]; K,V:[B,16,L_img,72]","B,L_img；模态独立长度","L_img由模态输入/输出决定；不是S_verify","config=None；激活/累加类型未核验","未核验","逻辑轴顺序；物理format未核验","逻辑轴顺序；物理format未核验","未评估候选","未评估候选","未评估候选","未核验","未实测","未实测","未实测","未实测","未核验","配置确认 + 数学推导；未核验完整调用链","https://huggingface.co/openbmb/MiniCPM-RobotManip/resolve/29cb257541e9f96f493abe21174f8892e5dffe3f/config.json","未核验","未核验","未核验","未核验","https://huggingface.co/openbmb/MiniCPM-RobotManip/resolve/29cb257541e9f96f493abe21174f8892e5dffe3f/config.json","视觉编码，Q/K/V同L_img，无文本历史KV；","视觉编码，Q/K/V同L_img，无文本历史KV；位置编码与物理layout需实现核验"
"vlm_config.vision_config/layer_13","attention","未核验","attention","Q:[B,16,L_img,72];K,V:[B,16,L_img,72]","[B,16,L_img,72]","B,L_img；模态独立长度","L_img由模态输入/输出决定；不是S_verify","config=None；激活/累加类型未核验","未核验","逻辑轴顺序；物理format未核验","逻辑轴顺序；物理format未核验","未评估候选","未评估候选","未评估候选","未核验","未实测","未实测","未实测","未实测","未核验","配置确认 + 数学推导；未核验完整调用链","https://huggingface.co/openbmb/MiniCPM-RobotManip/resolve/29cb257541e9f96f493abe21174f8892e5dffe3f/config.json","未核验","未核验","未核验","未核验","https://huggingface.co/openbmb/MiniCPM-RobotManip/resolve/29cb257541e9f96f493abe21174f8892e5dffe3f/config.json","视觉编码，Q/K/V同L_img，无文本历史KV；稀疏选块/线性分支需按实现，不能据此声称稠密执行或峰值中间内存","softmax(QK^T / sqrt(head_dim) + mask)V（数学参考）"
"vlm_config.vision_config/layer_13","output_projection","未核验","GEMM","[B,L_img,1152]","[B,L_img,1152]","B,L_img；模态独立长度","L_img由模态输入/输出决定；不是S_verify","config=None；激活/累加类型未核验","未核验","逻辑轴顺序；物理format未核验","逻辑轴顺序；物理format未核验","未评估候选","未评估候选","未评估候选","未核验","未实测","未实测","未实测","未实测","未核验","配置确认 + 数学推导；未核验完整调用链","https://huggingface.co/openbmb/MiniCPM-RobotManip/resolve/29cb257541e9f96f493abe21174f8892e5dffe3f/config.json","logical [1152,1152]","未核验","未核验","未核验","https://huggingface.co/openbmb/MiniCPM-RobotManip/resolve/29cb257541e9f96f493abe21174f8892e5dffe3f/config.json","视觉编码，Q/K/V同L_img，无文本历史KV；","Y=X@W^T"
"vlm_config.vision_config/layer_13","attention_residual","未核验","elementwise","[B,L_img,1152];[B,L_img,1152]","[B,L_img,1152]","B,L_img；模态独立长度","L_img由模态输入/输出决定；不是S_verify","config=None；激活/累加类型未核验","未核验","逻辑轴顺序；物理format未核验","逻辑轴顺序；物理format未核验","未评估候选","未评估候选","未评估候选","未核验","未实测","未实测","未实测","未实测","未核验","配置确认 + 数学推导；未核验完整调用链","https://huggingface.co/openbmb/MiniCPM-RobotManip/resolve/29cb257541e9f96f493abe21174f8892e5dffe3f/config.json","未核验","未核验","未核验","未核验","https://huggingface.co/openbmb/MiniCPM-RobotManip/resolve/29cb257541e9f96f493abe21174f8892e5dffe3f/config.json","视觉编码，Q/K/V同L_img，无文本历史KV；","Y=X+branch（参考，实际残差策略未核验）"
"vlm_config.vision_config/layer_13","post_attention_normalization","未核验","norm","[B,L_img,1152]","[B,L_img,1152]","B,L_img；模态独立长度","L_img由模态输入/输出决定；不是S_verify","config=None；激活/累加类型未核验","未核验","逻辑轴顺序；物理format未核验","逻辑轴顺序；物理format未核验","未评估候选","未评估候选","未评估候选","未核验","未实测","未实测","未实测","未实测","未核验","配置确认 + 数学推导；未核验完整调用链","https://huggingface.co/openbmb/MiniCPM-RobotManip/resolve/29cb257541e9f96f493abe21174f8892e5dffe3f/config.json","未核验","未核验","未核验","未核验","https://huggingface.co/openbmb/MiniCPM-RobotManip/resolve/29cb257541e9f96f493abe21174f8892e5dffe3f/config.json","视觉编码，Q/K/V同L_img，无文本历史KV；","类型与位置待源码核验"
"vlm_config.vision_config/layer_13","FFN_up","未核验","GEMM","[B,L_img,1152]","[B,L_img,4304]","B,L_img；模态独立长度","L_img由模态输入/输出决定；不是S_verify","config=None；激活/累加类型未核验","未核验","逻辑轴顺序；物理format未核验","逻辑轴顺序；物理format未核验","未评估候选","未评估候选","未评估候选","未核验","未实测","未实测","未实测","未实测","未核验","配置确认 + 数学推导；未核验完整调用链","https://huggingface.co/openbmb/MiniCPM-RobotManip/resolve/29cb257541e9f96f493abe21174f8892e5dffe3f/config.json","logical [4304,1152]","未核验","未核验","未核验","https://huggingface.co/openbmb/MiniCPM-RobotManip/resolve/29cb257541e9f96f493abe21174f8892e5dffe3f/config.json","视觉编码，Q/K/V同L_img，无文本历史KV；","Y=X@W^T"
"vlm_config.vision_config/layer_13","FFN_activation_and_optional_gate","未核验","activation","[B,L_img,4304]","[B,L_img,4304]","B,L_img；模态独立长度","L_img由模态输入/输出决定；不是S_verify","config=None；激活/累加类型未核验","未核验","逻辑轴顺序；物理format未核验","逻辑轴顺序；物理format未核验","未评估候选","未评估候选","未评估候选","未核验","未实测","未实测","未实测","未实测","未核验","配置确认 + 数学推导；未核验完整调用链","https://huggingface.co/openbmb/MiniCPM-RobotManip/resolve/29cb257541e9f96f493abe21174f8892e5dffe3f/config.json","未核验","未核验","未核验","未核验","https://huggingface.co/openbmb/MiniCPM-RobotManip/resolve/29cb257541e9f96f493abe21174f8892e5dffe3f/config.json","视觉编码，Q/K/V同L_img，无文本历史KV；是否额外gate矩阵与门控分支维度需要实现；不能仅由silu推定完整SwiGLU","config.hidden_act=gelu_pytorch_tanh"
"vlm_config.vision_config/layer_13","FFN_down","未核验","GEMM","[B,L_img,4304]","[B,L_img,1152]","B,L_img；模态独立长度","L_img由模态输入/输出决定；不是S_verify","config=None；激活/累加类型未核验","未核验","逻辑轴顺序；物理format未核验","逻辑轴顺序；物理format未核验","未评估候选","未评估候选","未评估候选","未核验","未实测","未实测","未实测","未实测","未核验","配置确认 + 数学推导；未核验完整调用链","https://huggingface.co/openbmb/MiniCPM-RobotManip/resolve/29cb257541e9f96f493abe21174f8892e5dffe3f/config.json","logical [1152,4304]","未核验","未核验","未核验","https://huggingface.co/openbmb/MiniCPM-RobotManip/resolve/29cb257541e9f96f493abe21174f8892e5dffe3f/config.json","视觉编码，Q/K/V同L_img，无文本历史KV；","Y=X@W^T"
"vlm_config.vision_config/layer_13","FFN_residual","未核验","elementwise","[B,L_img,1152];[B,L_img,1152]","[B,L_img,1152]","B,L_img；模态独立长度","L_img由模态输入/输出决定；不是S_verify","config=None；激活/累加类型未核验","未核验","逻辑轴顺序；物理format未核验","逻辑轴顺序；物理format未核验","未评估候选","未评估候选","未评估候选","未核验","未实测","未实测","未实测","未实测","未核验","配置确认 + 数学推导；未核验完整调用链","https://huggingface.co/openbmb/MiniCPM-RobotManip/resolve/29cb257541e9f96f493abe21174f8892e5dffe3f/config.json","未核验","未核验","未核验","未核验","https://huggingface.co/openbmb/MiniCPM-RobotManip/resolve/29cb257541e9f96f493abe21174f8892e5dffe3f/config.json","视觉编码，Q/K/V同L_img，无文本历史KV；","Y=X+branch（参考，实际残差策略未核验）"
"vlm_config.vision_config/layer_14","input_normalization","未核验","norm","[B,L_img,1152]","[B,L_img,1152]","B,L_img；模态独立长度","L_img由模态输入/输出决定；不是S_verify","config=None；激活/累加类型未核验","未核验","逻辑轴顺序；物理format未核验","逻辑轴顺序；物理format未核验","未评估候选","未评估候选","未评估候选","未核验","未实测","未实测","未实测","未实测","未核验","配置确认 + 数学推导；未核验完整调用链","https://huggingface.co/openbmb/MiniCPM-RobotManip/resolve/29cb257541e9f96f493abe21174f8892e5dffe3f/config.json","未核验","未核验","未核验","未核验","https://huggingface.co/openbmb/MiniCPM-RobotManip/resolve/29cb257541e9f96f493abe21174f8892e5dffe3f/config.json","视觉编码，Q/K/V同L_img，无文本历史KV；","归一化类型/先后顺序待实现核验"
"vlm_config.vision_config/layer_14","q_projection","未核验","GEMM","[B,L_img,1152]","[B,L_img,1152]","B,L_img；模态独立长度","L_img由模态输入/输出决定；不是S_verify","config=None；激活/累加类型未核验","未核验","逻辑轴顺序；物理format未核验","逻辑轴顺序；物理format未核验","未评估候选","未评估候选","未评估候选","未核验","未实测","未实测","未实测","未实测","未核验","配置确认 + 数学推导；未核验完整调用链","https://huggingface.co/openbmb/MiniCPM-RobotManip/resolve/29cb257541e9f96f493abe21174f8892e5dffe3f/config.json","logical [1152,1152]","未核验","未核验","未核验","https://huggingface.co/openbmb/MiniCPM-RobotManip/resolve/29cb257541e9f96f493abe21174f8892e5dffe3f/config.json","视觉编码，Q/K/V同L_img，无文本历史KV；独立逻辑矩阵，不断言实际融合与存储","Y=X@W^T; width=heads*head_dim"
"vlm_config.vision_config/layer_14","k_projection","未核验","GEMM","[B,L_img,1152]","[B,L_img,1152]","B,L_img；模态独立长度","L_img由模态输入/输出决定；不是S_verify","config=None；激活/累加类型未核验","未核验","逻辑轴顺序；物理format未核验","逻辑轴顺序；物理format未核验","未评估候选","未评估候选","未评估候选","未核验","未实测","未实测","未实测","未实测","未核验","配置确认 + 数学推导；未核验完整调用链","https://huggingface.co/openbmb/MiniCPM-RobotManip/resolve/29cb257541e9f96f493abe21174f8892e5dffe3f/config.json","logical [1152,1152]","未核验","未核验","未核验","https://huggingface.co/openbmb/MiniCPM-RobotManip/resolve/29cb257541e9f96f493abe21174f8892e5dffe3f/config.json","视觉编码，Q/K/V同L_img，无文本历史KV；独立逻辑矩阵，不断言实际融合与存储","Y=X@W^T; width=heads*head_dim"
"vlm_config.vision_config/layer_14","v_projection","未核验","GEMM","[B,L_img,1152]","[B,L_img,1152]","B,L_img；模态独立长度","L_img由模态输入/输出决定；不是S_verify","config=None；激活/累加类型未核验","未核验","逻辑轴顺序；物理format未核验","逻辑轴顺序；物理format未核验","未评估候选","未评估候选","未评估候选","未核验","未实测","未实测","未实测","未实测","未核验","配置确认 + 数学推导；未核验完整调用链","https://huggingface.co/openbmb/MiniCPM-RobotManip/resolve/29cb257541e9f96f493abe21174f8892e5dffe3f/config.json","logical [1152,1152]","未核验","未核验","未核验","https://huggingface.co/openbmb/MiniCPM-RobotManip/resolve/29cb257541e9f96f493abe21174f8892e5dffe3f/config.json","视觉编码，Q/K/V同L_img，无文本历史KV；独立逻辑矩阵，不断言实际融合与存储","Y=X@W^T; width=heads*head_dim"
"vlm_config.vision_config/layer_14","position_and_layout","未核验","位置/布局","Q,K,V projected; B,L_img","Q:[B,16,L_img,72]; K,V:[B,16,L_img,72]","B,L_img；模态独立长度","L_img由模态输入/输出决定；不是S_verify","config=None；激活/累加类型未核验","未核验","逻辑轴顺序；物理format未核验","逻辑轴顺序；物理format未核验","未评估候选","未评估候选","未评估候选","未核验","未实测","未实测","未实测","未实测","未核验","配置确认 + 数学推导；未核验完整调用链","https://huggingface.co/openbmb/MiniCPM-RobotManip/resolve/29cb257541e9f96f493abe21174f8892e5dffe3f/config.json","未核验","未核验","未核验","未核验","https://huggingface.co/openbmb/MiniCPM-RobotManip/resolve/29cb257541e9f96f493abe21174f8892e5dffe3f/config.json","视觉编码，Q/K/V同L_img，无文本历史KV；","视觉编码，Q/K/V同L_img，无文本历史KV；位置编码与物理layout需实现核验"
"vlm_config.vision_config/layer_14","attention","未核验","attention","Q:[B,16,L_img,72];K,V:[B,16,L_img,72]","[B,16,L_img,72]","B,L_img；模态独立长度","L_img由模态输入/输出决定；不是S_verify","config=None；激活/累加类型未核验","未核验","逻辑轴顺序；物理format未核验","逻辑轴顺序；物理format未核验","未评估候选","未评估候选","未评估候选","未核验","未实测","未实测","未实测","未实测","未核验","配置确认 + 数学推导；未核验完整调用链","https://huggingface.co/openbmb/MiniCPM-RobotManip/resolve/29cb257541e9f96f493abe21174f8892e5dffe3f/config.json","未核验","未核验","未核验","未核验","https://huggingface.co/openbmb/MiniCPM-RobotManip/resolve/29cb257541e9f96f493abe21174f8892e5dffe3f/config.json","视觉编码，Q/K/V同L_img，无文本历史KV；稀疏选块/线性分支需按实现，不能据此声称稠密执行或峰值中间内存","softmax(QK^T / sqrt(head_dim) + mask)V（数学参考）"
"vlm_config.vision_config/layer_14","output_projection","未核验","GEMM","[B,L_img,1152]","[B,L_img,1152]","B,L_img；模态独立长度","L_img由模态输入/输出决定；不是S_verify","config=None；激活/累加类型未核验","未核验","逻辑轴顺序；物理format未核验","逻辑轴顺序；物理format未核验","未评估候选","未评估候选","未评估候选","未核验","未实测","未实测","未实测","未实测","未核验","配置确认 + 数学推导；未核验完整调用链","https://huggingface.co/openbmb/MiniCPM-RobotManip/resolve/29cb257541e9f96f493abe21174f8892e5dffe3f/config.json","logical [1152,1152]","未核验","未核验","未核验","https://huggingface.co/openbmb/MiniCPM-RobotManip/resolve/29cb257541e9f96f493abe21174f8892e5dffe3f/config.json","视觉编码，Q/K/V同L_img，无文本历史KV；","Y=X@W^T"
"vlm_config.vision_config/layer_14","attention_residual","未核验","elementwise","[B,L_img,1152];[B,L_img,1152]","[B,L_img,1152]","B,L_img；模态独立长度","L_img由模态输入/输出决定；不是S_verify","config=None；激活/累加类型未核验","未核验","逻辑轴顺序；物理format未核验","逻辑轴顺序；物理format未核验","未评估候选","未评估候选","未评估候选","未核验","未实测","未实测","未实测","未实测","未核验","配置确认 + 数学推导；未核验完整调用链","https://huggingface.co/openbmb/MiniCPM-RobotManip/resolve/29cb257541e9f96f493abe21174f8892e5dffe3f/config.json","未核验","未核验","未核验","未核验","https://huggingface.co/openbmb/MiniCPM-RobotManip/resolve/29cb257541e9f96f493abe21174f8892e5dffe3f/config.json","视觉编码，Q/K/V同L_img，无文本历史KV；","Y=X+branch（参考，实际残差策略未核验）"
"vlm_config.vision_config/layer_14","post_attention_normalization","未核验","norm","[B,L_img,1152]","[B,L_img,1152]","B,L_img；模态独立长度","L_img由模态输入/输出决定；不是S_verify","config=None；激活/累加类型未核验","未核验","逻辑轴顺序；物理format未核验","逻辑轴顺序；物理format未核验","未评估候选","未评估候选","未评估候选","未核验","未实测","未实测","未实测","未实测","未核验","配置确认 + 数学推导；未核验完整调用链","https://huggingface.co/openbmb/MiniCPM-RobotManip/resolve/29cb257541e9f96f493abe21174f8892e5dffe3f/config.json","未核验","未核验","未核验","未核验","https://huggingface.co/openbmb/MiniCPM-RobotManip/resolve/29cb257541e9f96f493abe21174f8892e5dffe3f/config.json","视觉编码，Q/K/V同L_img，无文本历史KV；","类型与位置待源码核验"
"vlm_config.vision_config/layer_14","FFN_up","未核验","GEMM","[B,L_img,1152]","[B,L_img,4304]","B,L_img；模态独立长度","L_img由模态输入/输出决定；不是S_verify","config=None；激活/累加类型未核验","未核验","逻辑轴顺序；物理format未核验","逻辑轴顺序；物理format未核验","未评估候选","未评估候选","未评估候选","未核验","未实测","未实测","未实测","未实测","未核验","配置确认 + 数学推导；未核验完整调用链","https://huggingface.co/openbmb/MiniCPM-RobotManip/resolve/29cb257541e9f96f493abe21174f8892e5dffe3f/config.json","logical [4304,1152]","未核验","未核验","未核验","https://huggingface.co/openbmb/MiniCPM-RobotManip/resolve/29cb257541e9f96f493abe21174f8892e5dffe3f/config.json","视觉编码，Q/K/V同L_img，无文本历史KV；","Y=X@W^T"
"vlm_config.vision_config/layer_14","FFN_activation_and_optional_gate","未核验","activation","[B,L_img,4304]","[B,L_img,4304]","B,L_img；模态独立长度","L_img由模态输入/输出决定；不是S_verify","config=None；激活/累加类型未核验","未核验","逻辑轴顺序；物理format未核验","逻辑轴顺序；物理format未核验","未评估候选","未评估候选","未评估候选","未核验","未实测","未实测","未实测","未实测","未核验","配置确认 + 数学推导；未核验完整调用链","https://huggingface.co/openbmb/MiniCPM-RobotManip/resolve/29cb257541e9f96f493abe21174f8892e5dffe3f/config.json","未核验","未核验","未核验","未核验","https://huggingface.co/openbmb/MiniCPM-RobotManip/resolve/29cb257541e9f96f493abe21174f8892e5dffe3f/config.json","视觉编码，Q/K/V同L_img，无文本历史KV；是否额外gate矩阵与门控分支维度需要实现；不能仅由silu推定完整SwiGLU","config.hidden_act=gelu_pytorch_tanh"
"vlm_config.vision_config/layer_14","FFN_down","未核验","GEMM","[B,L_img,4304]","[B,L_img,1152]","B,L_img；模态独立长度","L_img由模态输入/输出决定；不是S_verify","config=None；激活/累加类型未核验","未核验","逻辑轴顺序；物理format未核验","逻辑轴顺序；物理format未核验","未评估候选","未评估候选","未评估候选","未核验","未实测","未实测","未实测","未实测","未核验","配置确认 + 数学推导；未核验完整调用链","https://huggingface.co/openbmb/MiniCPM-RobotManip/resolve/29cb257541e9f96f493abe21174f8892e5dffe3f/config.json","logical [1152,4304]","未核验","未核验","未核验","https://huggingface.co/openbmb/MiniCPM-RobotManip/resolve/29cb257541e9f96f493abe21174f8892e5dffe3f/config.json","视觉编码，Q/K/V同L_img，无文本历史KV；","Y=X@W^T"
"vlm_config.vision_config/layer_14","FFN_residual","未核验","elementwise","[B,L_img,1152];[B,L_img,1152]","[B,L_img,1152]","B,L_img；模态独立长度","L_img由模态输入/输出决定；不是S_verify","config=None；激活/累加类型未核验","未核验","逻辑轴顺序；物理format未核验","逻辑轴顺序；物理format未核验","未评估候选","未评估候选","未评估候选","未核验","未实测","未实测","未实测","未实测","未核验","配置确认 + 数学推导；未核验完整调用链","https://huggingface.co/openbmb/MiniCPM-RobotManip/resolve/29cb257541e9f96f493abe21174f8892e5dffe3f/config.json","未核验","未核验","未核验","未核验","https://huggingface.co/openbmb/MiniCPM-RobotManip/resolve/29cb257541e9f96f493abe21174f8892e5dffe3f/config.json","视觉编码，Q/K/V同L_img，无文本历史KV；","Y=X+branch（参考，实际残差策略未核验）"
"vlm_config.vision_config/layer_15","input_normalization","未核验","norm","[B,L_img,1152]","[B,L_img,1152]","B,L_img；模态独立长度","L_img由模态输入/输出决定；不是S_verify","config=None；激活/累加类型未核验","未核验","逻辑轴顺序；物理format未核验","逻辑轴顺序；物理format未核验","未评估候选","未评估候选","未评估候选","未核验","未实测","未实测","未实测","未实测","未核验","配置确认 + 数学推导；未核验完整调用链","https://huggingface.co/openbmb/MiniCPM-RobotManip/resolve/29cb257541e9f96f493abe21174f8892e5dffe3f/config.json","未核验","未核验","未核验","未核验","https://huggingface.co/openbmb/MiniCPM-RobotManip/resolve/29cb257541e9f96f493abe21174f8892e5dffe3f/config.json","视觉编码，Q/K/V同L_img，无文本历史KV；","归一化类型/先后顺序待实现核验"
"vlm_config.vision_config/layer_15","q_projection","未核验","GEMM","[B,L_img,1152]","[B,L_img,1152]","B,L_img；模态独立长度","L_img由模态输入/输出决定；不是S_verify","config=None；激活/累加类型未核验","未核验","逻辑轴顺序；物理format未核验","逻辑轴顺序；物理format未核验","未评估候选","未评估候选","未评估候选","未核验","未实测","未实测","未实测","未实测","未核验","配置确认 + 数学推导；未核验完整调用链","https://huggingface.co/openbmb/MiniCPM-RobotManip/resolve/29cb257541e9f96f493abe21174f8892e5dffe3f/config.json","logical [1152,1152]","未核验","未核验","未核验","https://huggingface.co/openbmb/MiniCPM-RobotManip/resolve/29cb257541e9f96f493abe21174f8892e5dffe3f/config.json","视觉编码，Q/K/V同L_img，无文本历史KV；独立逻辑矩阵，不断言实际融合与存储","Y=X@W^T; width=heads*head_dim"
"vlm_config.vision_config/layer_15","k_projection","未核验","GEMM","[B,L_img,1152]","[B,L_img,1152]","B,L_img；模态独立长度","L_img由模态输入/输出决定；不是S_verify","config=None；激活/累加类型未核验","未核验","逻辑轴顺序；物理format未核验","逻辑轴顺序；物理format未核验","未评估候选","未评估候选","未评估候选","未核验","未实测","未实测","未实测","未实测","未核验","配置确认 + 数学推导；未核验完整调用链","https://huggingface.co/openbmb/MiniCPM-RobotManip/resolve/29cb257541e9f96f493abe21174f8892e5dffe3f/config.json","logical [1152,1152]","未核验","未核验","未核验","https://huggingface.co/openbmb/MiniCPM-RobotManip/resolve/29cb257541e9f96f493abe21174f8892e5dffe3f/config.json","视觉编码，Q/K/V同L_img，无文本历史KV；独立逻辑矩阵，不断言实际融合与存储","Y=X@W^T; width=heads*head_dim"
"vlm_config.vision_config/layer_15","v_projection","未核验","GEMM","[B,L_img,1152]","[B,L_img,1152]","B,L_img；模态独立长度","L_img由模态输入/输出决定；不是S_verify","config=None；激活/累加类型未核验","未核验","逻辑轴顺序；物理format未核验","逻辑轴顺序；物理format未核验","未评估候选","未评估候选","未评估候选","未核验","未实测","未实测","未实测","未实测","未核验","配置确认 + 数学推导；未核验完整调用链","https://huggingface.co/openbmb/MiniCPM-RobotManip/resolve/29cb257541e9f96f493abe21174f8892e5dffe3f/config.json","logical [1152,1152]","未核验","未核验","未核验","https://huggingface.co/openbmb/MiniCPM-RobotManip/resolve/29cb257541e9f96f493abe21174f8892e5dffe3f/config.json","视觉编码，Q/K/V同L_img，无文本历史KV；独立逻辑矩阵，不断言实际融合与存储","Y=X@W^T; width=heads*head_dim"
"vlm_config.vision_config/layer_15","position_and_layout","未核验","位置/布局","Q,K,V projected; B,L_img","Q:[B,16,L_img,72]; K,V:[B,16,L_img,72]","B,L_img；模态独立长度","L_img由模态输入/输出决定；不是S_verify","config=None；激活/累加类型未核验","未核验","逻辑轴顺序；物理format未核验","逻辑轴顺序；物理format未核验","未评估候选","未评估候选","未评估候选","未核验","未实测","未实测","未实测","未实测","未核验","配置确认 + 数学推导；未核验完整调用链","https://huggingface.co/openbmb/MiniCPM-RobotManip/resolve/29cb257541e9f96f493abe21174f8892e5dffe3f/config.json","未核验","未核验","未核验","未核验","https://huggingface.co/openbmb/MiniCPM-RobotManip/resolve/29cb257541e9f96f493abe21174f8892e5dffe3f/config.json","视觉编码，Q/K/V同L_img，无文本历史KV；","视觉编码，Q/K/V同L_img，无文本历史KV；位置编码与物理layout需实现核验"
"vlm_config.vision_config/layer_15","attention","未核验","attention","Q:[B,16,L_img,72];K,V:[B,16,L_img,72]","[B,16,L_img,72]","B,L_img；模态独立长度","L_img由模态输入/输出决定；不是S_verify","config=None；激活/累加类型未核验","未核验","逻辑轴顺序；物理format未核验","逻辑轴顺序；物理format未核验","未评估候选","未评估候选","未评估候选","未核验","未实测","未实测","未实测","未实测","未核验","配置确认 + 数学推导；未核验完整调用链","https://huggingface.co/openbmb/MiniCPM-RobotManip/resolve/29cb257541e9f96f493abe21174f8892e5dffe3f/config.json","未核验","未核验","未核验","未核验","https://huggingface.co/openbmb/MiniCPM-RobotManip/resolve/29cb257541e9f96f493abe21174f8892e5dffe3f/config.json","视觉编码，Q/K/V同L_img，无文本历史KV；稀疏选块/线性分支需按实现，不能据此声称稠密执行或峰值中间内存","softmax(QK^T / sqrt(head_dim) + mask)V（数学参考）"
"vlm_config.vision_config/layer_15","output_projection","未核验","GEMM","[B,L_img,1152]","[B,L_img,1152]","B,L_img；模态独立长度","L_img由模态输入/输出决定；不是S_verify","config=None；激活/累加类型未核验","未核验","逻辑轴顺序；物理format未核验","逻辑轴顺序；物理format未核验","未评估候选","未评估候选","未评估候选","未核验","未实测","未实测","未实测","未实测","未核验","配置确认 + 数学推导；未核验完整调用链","https://huggingface.co/openbmb/MiniCPM-RobotManip/resolve/29cb257541e9f96f493abe21174f8892e5dffe3f/config.json","logical [1152,1152]","未核验","未核验","未核验","https://huggingface.co/openbmb/MiniCPM-RobotManip/resolve/29cb257541e9f96f493abe21174f8892e5dffe3f/config.json","视觉编码，Q/K/V同L_img，无文本历史KV；","Y=X@W^T"
"vlm_config.vision_config/layer_15","attention_residual","未核验","elementwise","[B,L_img,1152];[B,L_img,1152]","[B,L_img,1152]","B,L_img；模态独立长度","L_img由模态输入/输出决定；不是S_verify","config=None；激活/累加类型未核验","未核验","逻辑轴顺序；物理format未核验","逻辑轴顺序；物理format未核验","未评估候选","未评估候选","未评估候选","未核验","未实测","未实测","未实测","未实测","未核验","配置确认 + 数学推导；未核验完整调用链","https://huggingface.co/openbmb/MiniCPM-RobotManip/resolve/29cb257541e9f96f493abe21174f8892e5dffe3f/config.json","未核验","未核验","未核验","未核验","https://huggingface.co/openbmb/MiniCPM-RobotManip/resolve/29cb257541e9f96f493abe21174f8892e5dffe3f/config.json","视觉编码，Q/K/V同L_img，无文本历史KV；","Y=X+branch（参考，实际残差策略未核验）"
"vlm_config.vision_config/layer_15","post_attention_normalization","未核验","norm","[B,L_img,1152]","[B,L_img,1152]","B,L_img；模态独立长度","L_img由模态输入/输出决定；不是S_verify","config=None；激活/累加类型未核验","未核验","逻辑轴顺序；物理format未核验","逻辑轴顺序；物理format未核验","未评估候选","未评估候选","未评估候选","未核验","未实测","未实测","未实测","未实测","未核验","配置确认 + 数学推导；未核验完整调用链","https://huggingface.co/openbmb/MiniCPM-RobotManip/resolve/29cb257541e9f96f493abe21174f8892e5dffe3f/config.json","未核验","未核验","未核验","未核验","https://huggingface.co/openbmb/MiniCPM-RobotManip/resolve/29cb257541e9f96f493abe21174f8892e5dffe3f/config.json","视觉编码，Q/K/V同L_img，无文本历史KV；","类型与位置待源码核验"
"vlm_config.vision_config/layer_15","FFN_up","未核验","GEMM","[B,L_img,1152]","[B,L_img,4304]","B,L_img；模态独立长度","L_img由模态输入/输出决定；不是S_verify","config=None；激活/累加类型未核验","未核验","逻辑轴顺序；物理format未核验","逻辑轴顺序；物理format未核验","未评估候选","未评估候选","未评估候选","未核验","未实测","未实测","未实测","未实测","未核验","配置确认 + 数学推导；未核验完整调用链","https://huggingface.co/openbmb/MiniCPM-RobotManip/resolve/29cb257541e9f96f493abe21174f8892e5dffe3f/config.json","logical [4304,1152]","未核验","未核验","未核验","https://huggingface.co/openbmb/MiniCPM-RobotManip/resolve/29cb257541e9f96f493abe21174f8892e5dffe3f/config.json","视觉编码，Q/K/V同L_img，无文本历史KV；","Y=X@W^T"
"vlm_config.vision_config/layer_15","FFN_activation_and_optional_gate","未核验","activation","[B,L_img,4304]","[B,L_img,4304]","B,L_img；模态独立长度","L_img由模态输入/输出决定；不是S_verify","config=None；激活/累加类型未核验","未核验","逻辑轴顺序；物理format未核验","逻辑轴顺序；物理format未核验","未评估候选","未评估候选","未评估候选","未核验","未实测","未实测","未实测","未实测","未核验","配置确认 + 数学推导；未核验完整调用链","https://huggingface.co/openbmb/MiniCPM-RobotManip/resolve/29cb257541e9f96f493abe21174f8892e5dffe3f/config.json","未核验","未核验","未核验","未核验","https://huggingface.co/openbmb/MiniCPM-RobotManip/resolve/29cb257541e9f96f493abe21174f8892e5dffe3f/config.json","视觉编码，Q/K/V同L_img，无文本历史KV；是否额外gate矩阵与门控分支维度需要实现；不能仅由silu推定完整SwiGLU","config.hidden_act=gelu_pytorch_tanh"
"vlm_config.vision_config/layer_15","FFN_down","未核验","GEMM","[B,L_img,4304]","[B,L_img,1152]","B,L_img；模态独立长度","L_img由模态输入/输出决定；不是S_verify","config=None；激活/累加类型未核验","未核验","逻辑轴顺序；物理format未核验","逻辑轴顺序；物理format未核验","未评估候选","未评估候选","未评估候选","未核验","未实测","未实测","未实测","未实测","未核验","配置确认 + 数学推导；未核验完整调用链","https://huggingface.co/openbmb/MiniCPM-RobotManip/resolve/29cb257541e9f96f493abe21174f8892e5dffe3f/config.json","logical [1152,4304]","未核验","未核验","未核验","https://huggingface.co/openbmb/MiniCPM-RobotManip/resolve/29cb257541e9f96f493abe21174f8892e5dffe3f/config.json","视觉编码，Q/K/V同L_img，无文本历史KV；","Y=X@W^T"
"vlm_config.vision_config/layer_15","FFN_residual","未核验","elementwise","[B,L_img,1152];[B,L_img,1152]","[B,L_img,1152]","B,L_img；模态独立长度","L_img由模态输入/输出决定；不是S_verify","config=None；激活/累加类型未核验","未核验","逻辑轴顺序；物理format未核验","逻辑轴顺序；物理format未核验","未评估候选","未评估候选","未评估候选","未核验","未实测","未实测","未实测","未实测","未核验","配置确认 + 数学推导；未核验完整调用链","https://huggingface.co/openbmb/MiniCPM-RobotManip/resolve/29cb257541e9f96f493abe21174f8892e5dffe3f/config.json","未核验","未核验","未核验","未核验","https://huggingface.co/openbmb/MiniCPM-RobotManip/resolve/29cb257541e9f96f493abe21174f8892e5dffe3f/config.json","视觉编码，Q/K/V同L_img，无文本历史KV；","Y=X+branch（参考，实际残差策略未核验）"
"vlm_config.vision_config/layer_16","input_normalization","未核验","norm","[B,L_img,1152]","[B,L_img,1152]","B,L_img；模态独立长度","L_img由模态输入/输出决定；不是S_verify","config=None；激活/累加类型未核验","未核验","逻辑轴顺序；物理format未核验","逻辑轴顺序；物理format未核验","未评估候选","未评估候选","未评估候选","未核验","未实测","未实测","未实测","未实测","未核验","配置确认 + 数学推导；未核验完整调用链","https://huggingface.co/openbmb/MiniCPM-RobotManip/resolve/29cb257541e9f96f493abe21174f8892e5dffe3f/config.json","未核验","未核验","未核验","未核验","https://huggingface.co/openbmb/MiniCPM-RobotManip/resolve/29cb257541e9f96f493abe21174f8892e5dffe3f/config.json","视觉编码，Q/K/V同L_img，无文本历史KV；","归一化类型/先后顺序待实现核验"
"vlm_config.vision_config/layer_16","q_projection","未核验","GEMM","[B,L_img,1152]","[B,L_img,1152]","B,L_img；模态独立长度","L_img由模态输入/输出决定；不是S_verify","config=None；激活/累加类型未核验","未核验","逻辑轴顺序；物理format未核验","逻辑轴顺序；物理format未核验","未评估候选","未评估候选","未评估候选","未核验","未实测","未实测","未实测","未实测","未核验","配置确认 + 数学推导；未核验完整调用链","https://huggingface.co/openbmb/MiniCPM-RobotManip/resolve/29cb257541e9f96f493abe21174f8892e5dffe3f/config.json","logical [1152,1152]","未核验","未核验","未核验","https://huggingface.co/openbmb/MiniCPM-RobotManip/resolve/29cb257541e9f96f493abe21174f8892e5dffe3f/config.json","视觉编码，Q/K/V同L_img，无文本历史KV；独立逻辑矩阵，不断言实际融合与存储","Y=X@W^T; width=heads*head_dim"
"vlm_config.vision_config/layer_16","k_projection","未核验","GEMM","[B,L_img,1152]","[B,L_img,1152]","B,L_img；模态独立长度","L_img由模态输入/输出决定；不是S_verify","config=None；激活/累加类型未核验","未核验","逻辑轴顺序；物理format未核验","逻辑轴顺序；物理format未核验","未评估候选","未评估候选","未评估候选","未核验","未实测","未实测","未实测","未实测","未核验","配置确认 + 数学推导；未核验完整调用链","https://huggingface.co/openbmb/MiniCPM-RobotManip/resolve/29cb257541e9f96f493abe21174f8892e5dffe3f/config.json","logical [1152,1152]","未核验","未核验","未核验","https://huggingface.co/openbmb/MiniCPM-RobotManip/resolve/29cb257541e9f96f493abe21174f8892e5dffe3f/config.json","视觉编码，Q/K/V同L_img，无文本历史KV；独立逻辑矩阵，不断言实际融合与存储","Y=X@W^T; width=heads*head_dim"
"vlm_config.vision_config/layer_16","v_projection","未核验","GEMM","[B,L_img,1152]","[B,L_img,1152]","B,L_img；模态独立长度","L_img由模态输入/输出决定；不是S_verify","config=None；激活/累加类型未核验","未核验","逻辑轴顺序；物理format未核验","逻辑轴顺序；物理format未核验","未评估候选","未评估候选","未评估候选","未核验","未实测","未实测","未实测","未实测","未核验","配置确认 + 数学推导；未核验完整调用链","https://huggingface.co/openbmb/MiniCPM-RobotManip/resolve/29cb257541e9f96f493abe21174f8892e5dffe3f/config.json","logical [1152,1152]","未核验","未核验","未核验","https://huggingface.co/openbmb/MiniCPM-RobotManip/resolve/29cb257541e9f96f493abe21174f8892e5dffe3f/config.json","视觉编码，Q/K/V同L_img，无文本历史KV；独立逻辑矩阵，不断言实际融合与存储","Y=X@W^T; width=heads*head_dim"
"vlm_config.vision_config/layer_16","position_and_layout","未核验","位置/布局","Q,K,V projected; B,L_img","Q:[B,16,L_img,72]; K,V:[B,16,L_img,72]","B,L_img；模态独立长度","L_img由模态输入/输出决定；不是S_verify","config=None；激活/累加类型未核验","未核验","逻辑轴顺序；物理format未核验","逻辑轴顺序；物理format未核验","未评估候选","未评估候选","未评估候选","未核验","未实测","未实测","未实测","未实测","未核验","配置确认 + 数学推导；未核验完整调用链","https://huggingface.co/openbmb/MiniCPM-RobotManip/resolve/29cb257541e9f96f493abe21174f8892e5dffe3f/config.json","未核验","未核验","未核验","未核验","https://huggingface.co/openbmb/MiniCPM-RobotManip/resolve/29cb257541e9f96f493abe21174f8892e5dffe3f/config.json","视觉编码，Q/K/V同L_img，无文本历史KV；","视觉编码，Q/K/V同L_img，无文本历史KV；位置编码与物理layout需实现核验"
"vlm_config.vision_config/layer_16","attention","未核验","attention","Q:[B,16,L_img,72];K,V:[B,16,L_img,72]","[B,16,L_img,72]","B,L_img；模态独立长度","L_img由模态输入/输出决定；不是S_verify","config=None；激活/累加类型未核验","未核验","逻辑轴顺序；物理format未核验","逻辑轴顺序；物理format未核验","未评估候选","未评估候选","未评估候选","未核验","未实测","未实测","未实测","未实测","未核验","配置确认 + 数学推导；未核验完整调用链","https://huggingface.co/openbmb/MiniCPM-RobotManip/resolve/29cb257541e9f96f493abe21174f8892e5dffe3f/config.json","未核验","未核验","未核验","未核验","https://huggingface.co/openbmb/MiniCPM-RobotManip/resolve/29cb257541e9f96f493abe21174f8892e5dffe3f/config.json","视觉编码，Q/K/V同L_img，无文本历史KV；稀疏选块/线性分支需按实现，不能据此声称稠密执行或峰值中间内存","softmax(QK^T / sqrt(head_dim) + mask)V（数学参考）"
"vlm_config.vision_config/layer_16","output_projection","未核验","GEMM","[B,L_img,1152]","[B,L_img,1152]","B,L_img；模态独立长度","L_img由模态输入/输出决定；不是S_verify","config=None；激活/累加类型未核验","未核验","逻辑轴顺序；物理format未核验","逻辑轴顺序；物理format未核验","未评估候选","未评估候选","未评估候选","未核验","未实测","未实测","未实测","未实测","未核验","配置确认 + 数学推导；未核验完整调用链","https://huggingface.co/openbmb/MiniCPM-RobotManip/resolve/29cb257541e9f96f493abe21174f8892e5dffe3f/config.json","logical [1152,1152]","未核验","未核验","未核验","https://huggingface.co/openbmb/MiniCPM-RobotManip/resolve/29cb257541e9f96f493abe21174f8892e5dffe3f/config.json","视觉编码，Q/K/V同L_img，无文本历史KV；","Y=X@W^T"
"vlm_config.vision_config/layer_16","attention_residual","未核验","elementwise","[B,L_img,1152];[B,L_img,1152]","[B,L_img,1152]","B,L_img；模态独立长度","L_img由模态输入/输出决定；不是S_verify","config=None；激活/累加类型未核验","未核验","逻辑轴顺序；物理format未核验","逻辑轴顺序；物理format未核验","未评估候选","未评估候选","未评估候选","未核验","未实测","未实测","未实测","未实测","未核验","配置确认 + 数学推导；未核验完整调用链","https://huggingface.co/openbmb/MiniCPM-RobotManip/resolve/29cb257541e9f96f493abe21174f8892e5dffe3f/config.json","未核验","未核验","未核验","未核验","https://huggingface.co/openbmb/MiniCPM-RobotManip/resolve/29cb257541e9f96f493abe21174f8892e5dffe3f/config.json","视觉编码，Q/K/V同L_img，无文本历史KV；","Y=X+branch（参考，实际残差策略未核验）"
"vlm_config.vision_config/layer_16","post_attention_normalization","未核验","norm","[B,L_img,1152]","[B,L_img,1152]","B,L_img；模态独立长度","L_img由模态输入/输出决定；不是S_verify","config=None；激活/累加类型未核验","未核验","逻辑轴顺序；物理format未核验","逻辑轴顺序；物理format未核验","未评估候选","未评估候选","未评估候选","未核验","未实测","未实测","未实测","未实测","未核验","配置确认 + 数学推导；未核验完整调用链","https://huggingface.co/openbmb/MiniCPM-RobotManip/resolve/29cb257541e9f96f493abe21174f8892e5dffe3f/config.json","未核验","未核验","未核验","未核验","https://huggingface.co/openbmb/MiniCPM-RobotManip/resolve/29cb257541e9f96f493abe21174f8892e5dffe3f/config.json","视觉编码，Q/K/V同L_img，无文本历史KV；","类型与位置待源码核验"
"vlm_config.vision_config/layer_16","FFN_up","未核验","GEMM","[B,L_img,1152]","[B,L_img,4304]","B,L_img；模态独立长度","L_img由模态输入/输出决定；不是S_verify","config=None；激活/累加类型未核验","未核验","逻辑轴顺序；物理format未核验","逻辑轴顺序；物理format未核验","未评估候选","未评估候选","未评估候选","未核验","未实测","未实测","未实测","未实测","未核验","配置确认 + 数学推导；未核验完整调用链","https://huggingface.co/openbmb/MiniCPM-RobotManip/resolve/29cb257541e9f96f493abe21174f8892e5dffe3f/config.json","logical [4304,1152]","未核验","未核验","未核验","https://huggingface.co/openbmb/MiniCPM-RobotManip/resolve/29cb257541e9f96f493abe21174f8892e5dffe3f/config.json","视觉编码，Q/K/V同L_img，无文本历史KV；","Y=X@W^T"
"vlm_config.vision_config/layer_16","FFN_activation_and_optional_gate","未核验","activation","[B,L_img,4304]","[B,L_img,4304]","B,L_img；模态独立长度","L_img由模态输入/输出决定；不是S_verify","config=None；激活/累加类型未核验","未核验","逻辑轴顺序；物理format未核验","逻辑轴顺序；物理format未核验","未评估候选","未评估候选","未评估候选","未核验","未实测","未实测","未实测","未实测","未核验","配置确认 + 数学推导；未核验完整调用链","https://huggingface.co/openbmb/MiniCPM-RobotManip/resolve/29cb257541e9f96f493abe21174f8892e5dffe3f/config.json","未核验","未核验","未核验","未核验","https://huggingface.co/openbmb/MiniCPM-RobotManip/resolve/29cb257541e9f96f493abe21174f8892e5dffe3f/config.json","视觉编码，Q/K/V同L_img，无文本历史KV；是否额外gate矩阵与门控分支维度需要实现；不能仅由silu推定完整SwiGLU","config.hidden_act=gelu_pytorch_tanh"
"vlm_config.vision_config/layer_16","FFN_down","未核验","GEMM","[B,L_img,4304]","[B,L_img,1152]","B,L_img；模态独立长度","L_img由模态输入/输出决定；不是S_verify","config=None；激活/累加类型未核验","未核验","逻辑轴顺序；物理format未核验","逻辑轴顺序；物理format未核验","未评估候选","未评估候选","未评估候选","未核验","未实测","未实测","未实测","未实测","未核验","配置确认 + 数学推导；未核验完整调用链","https://huggingface.co/openbmb/MiniCPM-RobotManip/resolve/29cb257541e9f96f493abe21174f8892e5dffe3f/config.json","logical [1152,4304]","未核验","未核验","未核验","https://huggingface.co/openbmb/MiniCPM-RobotManip/resolve/29cb257541e9f96f493abe21174f8892e5dffe3f/config.json","视觉编码，Q/K/V同L_img，无文本历史KV；","Y=X@W^T"
"vlm_config.vision_config/layer_16","FFN_residual","未核验","elementwise","[B,L_img,1152];[B,L_img,1152]","[B,L_img,1152]","B,L_img；模态独立长度","L_img由模态输入/输出决定；不是S_verify","config=None；激活/累加类型未核验","未核验","逻辑轴顺序；物理format未核验","逻辑轴顺序；物理format未核验","未评估候选","未评估候选","未评估候选","未核验","未实测","未实测","未实测","未实测","未核验","配置确认 + 数学推导；未核验完整调用链","https://huggingface.co/openbmb/MiniCPM-RobotManip/resolve/29cb257541e9f96f493abe21174f8892e5dffe3f/config.json","未核验","未核验","未核验","未核验","https://huggingface.co/openbmb/MiniCPM-RobotManip/resolve/29cb257541e9f96f493abe21174f8892e5dffe3f/config.json","视觉编码，Q/K/V同L_img，无文本历史KV；","Y=X+branch（参考，实际残差策略未核验）"
"vlm_config.vision_config/layer_17","input_normalization","未核验","norm","[B,L_img,1152]","[B,L_img,1152]","B,L_img；模态独立长度","L_img由模态输入/输出决定；不是S_verify","config=None；激活/累加类型未核验","未核验","逻辑轴顺序；物理format未核验","逻辑轴顺序；物理format未核验","未评估候选","未评估候选","未评估候选","未核验","未实测","未实测","未实测","未实测","未核验","配置确认 + 数学推导；未核验完整调用链","https://huggingface.co/openbmb/MiniCPM-RobotManip/resolve/29cb257541e9f96f493abe21174f8892e5dffe3f/config.json","未核验","未核验","未核验","未核验","https://huggingface.co/openbmb/MiniCPM-RobotManip/resolve/29cb257541e9f96f493abe21174f8892e5dffe3f/config.json","视觉编码，Q/K/V同L_img，无文本历史KV；","归一化类型/先后顺序待实现核验"
"vlm_config.vision_config/layer_17","q_projection","未核验","GEMM","[B,L_img,1152]","[B,L_img,1152]","B,L_img；模态独立长度","L_img由模态输入/输出决定；不是S_verify","config=None；激活/累加类型未核验","未核验","逻辑轴顺序；物理format未核验","逻辑轴顺序；物理format未核验","未评估候选","未评估候选","未评估候选","未核验","未实测","未实测","未实测","未实测","未核验","配置确认 + 数学推导；未核验完整调用链","https://huggingface.co/openbmb/MiniCPM-RobotManip/resolve/29cb257541e9f96f493abe21174f8892e5dffe3f/config.json","logical [1152,1152]","未核验","未核验","未核验","https://huggingface.co/openbmb/MiniCPM-RobotManip/resolve/29cb257541e9f96f493abe21174f8892e5dffe3f/config.json","视觉编码，Q/K/V同L_img，无文本历史KV；独立逻辑矩阵，不断言实际融合与存储","Y=X@W^T; width=heads*head_dim"
"vlm_config.vision_config/layer_17","k_projection","未核验","GEMM","[B,L_img,1152]","[B,L_img,1152]","B,L_img；模态独立长度","L_img由模态输入/输出决定；不是S_verify","config=None；激活/累加类型未核验","未核验","逻辑轴顺序；物理format未核验","逻辑轴顺序；物理format未核验","未评估候选","未评估候选","未评估候选","未核验","未实测","未实测","未实测","未实测","未核验","配置确认 + 数学推导；未核验完整调用链","https://huggingface.co/openbmb/MiniCPM-RobotManip/resolve/29cb257541e9f96f493abe21174f8892e5dffe3f/config.json","logical [1152,1152]","未核验","未核验","未核验","https://huggingface.co/openbmb/MiniCPM-RobotManip/resolve/29cb257541e9f96f493abe21174f8892e5dffe3f/config.json","视觉编码，Q/K/V同L_img，无文本历史KV；独立逻辑矩阵，不断言实际融合与存储","Y=X@W^T; width=heads*head_dim"
"vlm_config.vision_config/layer_17","v_projection","未核验","GEMM","[B,L_img,1152]","[B,L_img,1152]","B,L_img；模态独立长度","L_img由模态输入/输出决定；不是S_verify","config=None；激活/累加类型未核验","未核验","逻辑轴顺序；物理format未核验","逻辑轴顺序；物理format未核验","未评估候选","未评估候选","未评估候选","未核验","未实测","未实测","未实测","未实测","未核验","配置确认 + 数学推导；未核验完整调用链","https://huggingface.co/openbmb/MiniCPM-RobotManip/resolve/29cb257541e9f96f493abe21174f8892e5dffe3f/config.json","logical [1152,1152]","未核验","未核验","未核验","https://huggingface.co/openbmb/MiniCPM-RobotManip/resolve/29cb257541e9f96f493abe21174f8892e5dffe3f/config.json","视觉编码，Q/K/V同L_img，无文本历史KV；独立逻辑矩阵，不断言实际融合与存储","Y=X@W^T; width=heads*head_dim"
"vlm_config.vision_config/layer_17","position_and_layout","未核验","位置/布局","Q,K,V projected; B,L_img","Q:[B,16,L_img,72]; K,V:[B,16,L_img,72]","B,L_img；模态独立长度","L_img由模态输入/输出决定；不是S_verify","config=None；激活/累加类型未核验","未核验","逻辑轴顺序；物理format未核验","逻辑轴顺序；物理format未核验","未评估候选","未评估候选","未评估候选","未核验","未实测","未实测","未实测","未实测","未核验","配置确认 + 数学推导；未核验完整调用链","https://huggingface.co/openbmb/MiniCPM-RobotManip/resolve/29cb257541e9f96f493abe21174f8892e5dffe3f/config.json","未核验","未核验","未核验","未核验","https://huggingface.co/openbmb/MiniCPM-RobotManip/resolve/29cb257541e9f96f493abe21174f8892e5dffe3f/config.json","视觉编码，Q/K/V同L_img，无文本历史KV；","视觉编码，Q/K/V同L_img，无文本历史KV；位置编码与物理layout需实现核验"
"vlm_config.vision_config/layer_17","attention","未核验","attention","Q:[B,16,L_img,72];K,V:[B,16,L_img,72]","[B,16,L_img,72]","B,L_img；模态独立长度","L_img由模态输入/输出决定；不是S_verify","config=None；激活/累加类型未核验","未核验","逻辑轴顺序；物理format未核验","逻辑轴顺序；物理format未核验","未评估候选","未评估候选","未评估候选","未核验","未实测","未实测","未实测","未实测","未核验","配置确认 + 数学推导；未核验完整调用链","https://huggingface.co/openbmb/MiniCPM-RobotManip/resolve/29cb257541e9f96f493abe21174f8892e5dffe3f/config.json","未核验","未核验","未核验","未核验","https://huggingface.co/openbmb/MiniCPM-RobotManip/resolve/29cb257541e9f96f493abe21174f8892e5dffe3f/config.json","视觉编码，Q/K/V同L_img，无文本历史KV；稀疏选块/线性分支需按实现，不能据此声称稠密执行或峰值中间内存","softmax(QK^T / sqrt(head_dim) + mask)V（数学参考）"
"vlm_config.vision_config/layer_17","output_projection","未核验","GEMM","[B,L_img,1152]","[B,L_img,1152]","B,L_img；模态独立长度","L_img由模态输入/输出决定；不是S_verify","config=None；激活/累加类型未核验","未核验","逻辑轴顺序；物理format未核验","逻辑轴顺序；物理format未核验","未评估候选","未评估候选","未评估候选","未核验","未实测","未实测","未实测","未实测","未核验","配置确认 + 数学推导；未核验完整调用链","https://huggingface.co/openbmb/MiniCPM-RobotManip/resolve/29cb257541e9f96f493abe21174f8892e5dffe3f/config.json","logical [1152,1152]","未核验","未核验","未核验","https://huggingface.co/openbmb/MiniCPM-RobotManip/resolve/29cb257541e9f96f493abe21174f8892e5dffe3f/config.json","视觉编码，Q/K/V同L_img，无文本历史KV；","Y=X@W^T"
"vlm_config.vision_config/layer_17","attention_residual","未核验","elementwise","[B,L_img,1152];[B,L_img,1152]","[B,L_img,1152]","B,L_img；模态独立长度","L_img由模态输入/输出决定；不是S_verify","config=None；激活/累加类型未核验","未核验","逻辑轴顺序；物理format未核验","逻辑轴顺序；物理format未核验","未评估候选","未评估候选","未评估候选","未核验","未实测","未实测","未实测","未实测","未核验","配置确认 + 数学推导；未核验完整调用链","https://huggingface.co/openbmb/MiniCPM-RobotManip/resolve/29cb257541e9f96f493abe21174f8892e5dffe3f/config.json","未核验","未核验","未核验","未核验","https://huggingface.co/openbmb/MiniCPM-RobotManip/resolve/29cb257541e9f96f493abe21174f8892e5dffe3f/config.json","视觉编码，Q/K/V同L_img，无文本历史KV；","Y=X+branch（参考，实际残差策略未核验）"
"vlm_config.vision_config/layer_17","post_attention_normalization","未核验","norm","[B,L_img,1152]","[B,L_img,1152]","B,L_img；模态独立长度","L_img由模态输入/输出决定；不是S_verify","config=None；激活/累加类型未核验","未核验","逻辑轴顺序；物理format未核验","逻辑轴顺序；物理format未核验","未评估候选","未评估候选","未评估候选","未核验","未实测","未实测","未实测","未实测","未核验","配置确认 + 数学推导；未核验完整调用链","https://huggingface.co/openbmb/MiniCPM-RobotManip/resolve/29cb257541e9f96f493abe21174f8892e5dffe3f/config.json","未核验","未核验","未核验","未核验","https://huggingface.co/openbmb/MiniCPM-RobotManip/resolve/29cb257541e9f96f493abe21174f8892e5dffe3f/config.json","视觉编码，Q/K/V同L_img，无文本历史KV；","类型与位置待源码核验"
"vlm_config.vision_config/layer_17","FFN_up","未核验","GEMM","[B,L_img,1152]","[B,L_img,4304]","B,L_img；模态独立长度","L_img由模态输入/输出决定；不是S_verify","config=None；激活/累加类型未核验","未核验","逻辑轴顺序；物理format未核验","逻辑轴顺序；物理format未核验","未评估候选","未评估候选","未评估候选","未核验","未实测","未实测","未实测","未实测","未核验","配置确认 + 数学推导；未核验完整调用链","https://huggingface.co/openbmb/MiniCPM-RobotManip/resolve/29cb257541e9f96f493abe21174f8892e5dffe3f/config.json","logical [4304,1152]","未核验","未核验","未核验","https://huggingface.co/openbmb/MiniCPM-RobotManip/resolve/29cb257541e9f96f493abe21174f8892e5dffe3f/config.json","视觉编码，Q/K/V同L_img，无文本历史KV；","Y=X@W^T"
"vlm_config.vision_config/layer_17","FFN_activation_and_optional_gate","未核验","activation","[B,L_img,4304]","[B,L_img,4304]","B,L_img；模态独立长度","L_img由模态输入/输出决定；不是S_verify","config=None；激活/累加类型未核验","未核验","逻辑轴顺序；物理format未核验","逻辑轴顺序；物理format未核验","未评估候选","未评估候选","未评估候选","未核验","未实测","未实测","未实测","未实测","未核验","配置确认 + 数学推导；未核验完整调用链","https://huggingface.co/openbmb/MiniCPM-RobotManip/resolve/29cb257541e9f96f493abe21174f8892e5dffe3f/config.json","未核验","未核验","未核验","未核验","https://huggingface.co/openbmb/MiniCPM-RobotManip/resolve/29cb257541e9f96f493abe21174f8892e5dffe3f/config.json","视觉编码，Q/K/V同L_img，无文本历史KV；是否额外gate矩阵与门控分支维度需要实现；不能仅由silu推定完整SwiGLU","config.hidden_act=gelu_pytorch_tanh"
"vlm_config.vision_config/layer_17","FFN_down","未核验","GEMM","[B,L_img,4304]","[B,L_img,1152]","B,L_img；模态独立长度","L_img由模态输入/输出决定；不是S_verify","config=None；激活/累加类型未核验","未核验","逻辑轴顺序；物理format未核验","逻辑轴顺序；物理format未核验","未评估候选","未评估候选","未评估候选","未核验","未实测","未实测","未实测","未实测","未核验","配置确认 + 数学推导；未核验完整调用链","https://huggingface.co/openbmb/MiniCPM-RobotManip/resolve/29cb257541e9f96f493abe21174f8892e5dffe3f/config.json","logical [1152,4304]","未核验","未核验","未核验","https://huggingface.co/openbmb/MiniCPM-RobotManip/resolve/29cb257541e9f96f493abe21174f8892e5dffe3f/config.json","视觉编码，Q/K/V同L_img，无文本历史KV；","Y=X@W^T"
"vlm_config.vision_config/layer_17","FFN_residual","未核验","elementwise","[B,L_img,1152];[B,L_img,1152]","[B,L_img,1152]","B,L_img；模态独立长度","L_img由模态输入/输出决定；不是S_verify","config=None；激活/累加类型未核验","未核验","逻辑轴顺序；物理format未核验","逻辑轴顺序；物理format未核验","未评估候选","未评估候选","未评估候选","未核验","未实测","未实测","未实测","未实测","未核验","配置确认 + 数学推导；未核验完整调用链","https://huggingface.co/openbmb/MiniCPM-RobotManip/resolve/29cb257541e9f96f493abe21174f8892e5dffe3f/config.json","未核验","未核验","未核验","未核验","https://huggingface.co/openbmb/MiniCPM-RobotManip/resolve/29cb257541e9f96f493abe21174f8892e5dffe3f/config.json","视觉编码，Q/K/V同L_img，无文本历史KV；","Y=X+branch（参考，实际残差策略未核验）"
"vlm_config.vision_config/layer_18","input_normalization","未核验","norm","[B,L_img,1152]","[B,L_img,1152]","B,L_img；模态独立长度","L_img由模态输入/输出决定；不是S_verify","config=None；激活/累加类型未核验","未核验","逻辑轴顺序；物理format未核验","逻辑轴顺序；物理format未核验","未评估候选","未评估候选","未评估候选","未核验","未实测","未实测","未实测","未实测","未核验","配置确认 + 数学推导；未核验完整调用链","https://huggingface.co/openbmb/MiniCPM-RobotManip/resolve/29cb257541e9f96f493abe21174f8892e5dffe3f/config.json","未核验","未核验","未核验","未核验","https://huggingface.co/openbmb/MiniCPM-RobotManip/resolve/29cb257541e9f96f493abe21174f8892e5dffe3f/config.json","视觉编码，Q/K/V同L_img，无文本历史KV；","归一化类型/先后顺序待实现核验"
"vlm_config.vision_config/layer_18","q_projection","未核验","GEMM","[B,L_img,1152]","[B,L_img,1152]","B,L_img；模态独立长度","L_img由模态输入/输出决定；不是S_verify","config=None；激活/累加类型未核验","未核验","逻辑轴顺序；物理format未核验","逻辑轴顺序；物理format未核验","未评估候选","未评估候选","未评估候选","未核验","未实测","未实测","未实测","未实测","未核验","配置确认 + 数学推导；未核验完整调用链","https://huggingface.co/openbmb/MiniCPM-RobotManip/resolve/29cb257541e9f96f493abe21174f8892e5dffe3f/config.json","logical [1152,1152]","未核验","未核验","未核验","https://huggingface.co/openbmb/MiniCPM-RobotManip/resolve/29cb257541e9f96f493abe21174f8892e5dffe3f/config.json","视觉编码，Q/K/V同L_img，无文本历史KV；独立逻辑矩阵，不断言实际融合与存储","Y=X@W^T; width=heads*head_dim"
"vlm_config.vision_config/layer_18","k_projection","未核验","GEMM","[B,L_img,1152]","[B,L_img,1152]","B,L_img；模态独立长度","L_img由模态输入/输出决定；不是S_verify","config=None；激活/累加类型未核验","未核验","逻辑轴顺序；物理format未核验","逻辑轴顺序；物理format未核验","未评估候选","未评估候选","未评估候选","未核验","未实测","未实测","未实测","未实测","未核验","配置确认 + 数学推导；未核验完整调用链","https://huggingface.co/openbmb/MiniCPM-RobotManip/resolve/29cb257541e9f96f493abe21174f8892e5dffe3f/config.json","logical [1152,1152]","未核验","未核验","未核验","https://huggingface.co/openbmb/MiniCPM-RobotManip/resolve/29cb257541e9f96f493abe21174f8892e5dffe3f/config.json","视觉编码，Q/K/V同L_img，无文本历史KV；独立逻辑矩阵，不断言实际融合与存储","Y=X@W^T; width=heads*head_dim"
"vlm_config.vision_config/layer_18","v_projection","未核验","GEMM","[B,L_img,1152]","[B,L_img,1152]","B,L_img；模态独立长度","L_img由模态输入/输出决定；不是S_verify","config=None；激活/累加类型未核验","未核验","逻辑轴顺序；物理format未核验","逻辑轴顺序；物理format未核验","未评估候选","未评估候选","未评估候选","未核验","未实测","未实测","未实测","未实测","未核验","配置确认 + 数学推导；未核验完整调用链","https://huggingface.co/openbmb/MiniCPM-RobotManip/resolve/29cb257541e9f96f493abe21174f8892e5dffe3f/config.json","logical [1152,1152]","未核验","未核验","未核验","https://huggingface.co/openbmb/MiniCPM-RobotManip/resolve/29cb257541e9f96f493abe21174f8892e5dffe3f/config.json","视觉编码，Q/K/V同L_img，无文本历史KV；独立逻辑矩阵，不断言实际融合与存储","Y=X@W^T; width=heads*head_dim"
"vlm_config.vision_config/layer_18","position_and_layout","未核验","位置/布局","Q,K,V projected; B,L_img","Q:[B,16,L_img,72]; K,V:[B,16,L_img,72]","B,L_img；模态独立长度","L_img由模态输入/输出决定；不是S_verify","config=None；激活/累加类型未核验","未核验","逻辑轴顺序；物理format未核验","逻辑轴顺序；物理format未核验","未评估候选","未评估候选","未评估候选","未核验","未实测","未实测","未实测","未实测","未核验","配置确认 + 数学推导；未核验完整调用链","https://huggingface.co/openbmb/MiniCPM-RobotManip/resolve/29cb257541e9f96f493abe21174f8892e5dffe3f/config.json","未核验","未核验","未核验","未核验","https://huggingface.co/openbmb/MiniCPM-RobotManip/resolve/29cb257541e9f96f493abe21174f8892e5dffe3f/config.json","视觉编码，Q/K/V同L_img，无文本历史KV；","视觉编码，Q/K/V同L_img，无文本历史KV；位置编码与物理layout需实现核验"
"vlm_config.vision_config/layer_18","attention","未核验","attention","Q:[B,16,L_img,72];K,V:[B,16,L_img,72]","[B,16,L_img,72]","B,L_img；模态独立长度","L_img由模态输入/输出决定；不是S_verify","config=None；激活/累加类型未核验","未核验","逻辑轴顺序；物理format未核验","逻辑轴顺序；物理format未核验","未评估候选","未评估候选","未评估候选","未核验","未实测","未实测","未实测","未实测","未核验","配置确认 + 数学推导；未核验完整调用链","https://huggingface.co/openbmb/MiniCPM-RobotManip/resolve/29cb257541e9f96f493abe21174f8892e5dffe3f/config.json","未核验","未核验","未核验","未核验","https://huggingface.co/openbmb/MiniCPM-RobotManip/resolve/29cb257541e9f96f493abe21174f8892e5dffe3f/config.json","视觉编码，Q/K/V同L_img，无文本历史KV；稀疏选块/线性分支需按实现，不能据此声称稠密执行或峰值中间内存","softmax(QK^T / sqrt(head_dim) + mask)V（数学参考）"
"vlm_config.vision_config/layer_18","output_projection","未核验","GEMM","[B,L_img,1152]","[B,L_img,1152]","B,L_img；模态独立长度","L_img由模态输入/输出决定；不是S_verify","config=None；激活/累加类型未核验","未核验","逻辑轴顺序；物理format未核验","逻辑轴顺序；物理format未核验","未评估候选","未评估候选","未评估候选","未核验","未实测","未实测","未实测","未实测","未核验","配置确认 + 数学推导；未核验完整调用链","https://huggingface.co/openbmb/MiniCPM-RobotManip/resolve/29cb257541e9f96f493abe21174f8892e5dffe3f/config.json","logical [1152,1152]","未核验","未核验","未核验","https://huggingface.co/openbmb/MiniCPM-RobotManip/resolve/29cb257541e9f96f493abe21174f8892e5dffe3f/config.json","视觉编码，Q/K/V同L_img，无文本历史KV；","Y=X@W^T"
"vlm_config.vision_config/layer_18","attention_residual","未核验","elementwise","[B,L_img,1152];[B,L_img,1152]","[B,L_img,1152]","B,L_img；模态独立长度","L_img由模态输入/输出决定；不是S_verify","config=None；激活/累加类型未核验","未核验","逻辑轴顺序；物理format未核验","逻辑轴顺序；物理format未核验","未评估候选","未评估候选","未评估候选","未核验","未实测","未实测","未实测","未实测","未核验","配置确认 + 数学推导；未核验完整调用链","https://huggingface.co/openbmb/MiniCPM-RobotManip/resolve/29cb257541e9f96f493abe21174f8892e5dffe3f/config.json","未核验","未核验","未核验","未核验","https://huggingface.co/openbmb/MiniCPM-RobotManip/resolve/29cb257541e9f96f493abe21174f8892e5dffe3f/config.json","视觉编码，Q/K/V同L_img，无文本历史KV；","Y=X+branch（参考，实际残差策略未核验）"
"vlm_config.vision_config/layer_18","post_attention_normalization","未核验","norm","[B,L_img,1152]","[B,L_img,1152]","B,L_img；模态独立长度","L_img由模态输入/输出决定；不是S_verify","config=None；激活/累加类型未核验","未核验","逻辑轴顺序；物理format未核验","逻辑轴顺序；物理format未核验","未评估候选","未评估候选","未评估候选","未核验","未实测","未实测","未实测","未实测","未核验","配置确认 + 数学推导；未核验完整调用链","https://huggingface.co/openbmb/MiniCPM-RobotManip/resolve/29cb257541e9f96f493abe21174f8892e5dffe3f/config.json","未核验","未核验","未核验","未核验","https://huggingface.co/openbmb/MiniCPM-RobotManip/resolve/29cb257541e9f96f493abe21174f8892e5dffe3f/config.json","视觉编码，Q/K/V同L_img，无文本历史KV；","类型与位置待源码核验"
"vlm_config.vision_config/layer_18","FFN_up","未核验","GEMM","[B,L_img,1152]","[B,L_img,4304]","B,L_img；模态独立长度","L_img由模态输入/输出决定；不是S_verify","config=None；激活/累加类型未核验","未核验","逻辑轴顺序；物理format未核验","逻辑轴顺序；物理format未核验","未评估候选","未评估候选","未评估候选","未核验","未实测","未实测","未实测","未实测","未核验","配置确认 + 数学推导；未核验完整调用链","https://huggingface.co/openbmb/MiniCPM-RobotManip/resolve/29cb257541e9f96f493abe21174f8892e5dffe3f/config.json","logical [4304,1152]","未核验","未核验","未核验","https://huggingface.co/openbmb/MiniCPM-RobotManip/resolve/29cb257541e9f96f493abe21174f8892e5dffe3f/config.json","视觉编码，Q/K/V同L_img，无文本历史KV；","Y=X@W^T"
"vlm_config.vision_config/layer_18","FFN_activation_and_optional_gate","未核验","activation","[B,L_img,4304]","[B,L_img,4304]","B,L_img；模态独立长度","L_img由模态输入/输出决定；不是S_verify","config=None；激活/累加类型未核验","未核验","逻辑轴顺序；物理format未核验","逻辑轴顺序；物理format未核验","未评估候选","未评估候选","未评估候选","未核验","未实测","未实测","未实测","未实测","未核验","配置确认 + 数学推导；未核验完整调用链","https://huggingface.co/openbmb/MiniCPM-RobotManip/resolve/29cb257541e9f96f493abe21174f8892e5dffe3f/config.json","未核验","未核验","未核验","未核验","https://huggingface.co/openbmb/MiniCPM-RobotManip/resolve/29cb257541e9f96f493abe21174f8892e5dffe3f/config.json","视觉编码，Q/K/V同L_img，无文本历史KV；是否额外gate矩阵与门控分支维度需要实现；不能仅由silu推定完整SwiGLU","config.hidden_act=gelu_pytorch_tanh"
"vlm_config.vision_config/layer_18","FFN_down","未核验","GEMM","[B,L_img,4304]","[B,L_img,1152]","B,L_img；模态独立长度","L_img由模态输入/输出决定；不是S_verify","config=None；激活/累加类型未核验","未核验","逻辑轴顺序；物理format未核验","逻辑轴顺序；物理format未核验","未评估候选","未评估候选","未评估候选","未核验","未实测","未实测","未实测","未实测","未核验","配置确认 + 数学推导；未核验完整调用链","https://huggingface.co/openbmb/MiniCPM-RobotManip/resolve/29cb257541e9f96f493abe21174f8892e5dffe3f/config.json","logical [1152,4304]","未核验","未核验","未核验","https://huggingface.co/openbmb/MiniCPM-RobotManip/resolve/29cb257541e9f96f493abe21174f8892e5dffe3f/config.json","视觉编码，Q/K/V同L_img，无文本历史KV；","Y=X@W^T"
"vlm_config.vision_config/layer_18","FFN_residual","未核验","elementwise","[B,L_img,1152];[B,L_img,1152]","[B,L_img,1152]","B,L_img；模态独立长度","L_img由模态输入/输出决定；不是S_verify","config=None；激活/累加类型未核验","未核验","逻辑轴顺序；物理format未核验","逻辑轴顺序；物理format未核验","未评估候选","未评估候选","未评估候选","未核验","未实测","未实测","未实测","未实测","未核验","配置确认 + 数学推导；未核验完整调用链","https://huggingface.co/openbmb/MiniCPM-RobotManip/resolve/29cb257541e9f96f493abe21174f8892e5dffe3f/config.json","未核验","未核验","未核验","未核验","https://huggingface.co/openbmb/MiniCPM-RobotManip/resolve/29cb257541e9f96f493abe21174f8892e5dffe3f/config.json","视觉编码，Q/K/V同L_img，无文本历史KV；","Y=X+branch（参考，实际残差策略未核验）"
"vlm_config.vision_config/layer_19","input_normalization","未核验","norm","[B,L_img,1152]","[B,L_img,1152]","B,L_img；模态独立长度","L_img由模态输入/输出决定；不是S_verify","config=None；激活/累加类型未核验","未核验","逻辑轴顺序；物理format未核验","逻辑轴顺序；物理format未核验","未评估候选","未评估候选","未评估候选","未核验","未实测","未实测","未实测","未实测","未核验","配置确认 + 数学推导；未核验完整调用链","https://huggingface.co/openbmb/MiniCPM-RobotManip/resolve/29cb257541e9f96f493abe21174f8892e5dffe3f/config.json","未核验","未核验","未核验","未核验","https://huggingface.co/openbmb/MiniCPM-RobotManip/resolve/29cb257541e9f96f493abe21174f8892e5dffe3f/config.json","视觉编码，Q/K/V同L_img，无文本历史KV；","归一化类型/先后顺序待实现核验"
"vlm_config.vision_config/layer_19","q_projection","未核验","GEMM","[B,L_img,1152]","[B,L_img,1152]","B,L_img；模态独立长度","L_img由模态输入/输出决定；不是S_verify","config=None；激活/累加类型未核验","未核验","逻辑轴顺序；物理format未核验","逻辑轴顺序；物理format未核验","未评估候选","未评估候选","未评估候选","未核验","未实测","未实测","未实测","未实测","未核验","配置确认 + 数学推导；未核验完整调用链","https://huggingface.co/openbmb/MiniCPM-RobotManip/resolve/29cb257541e9f96f493abe21174f8892e5dffe3f/config.json","logical [1152,1152]","未核验","未核验","未核验","https://huggingface.co/openbmb/MiniCPM-RobotManip/resolve/29cb257541e9f96f493abe21174f8892e5dffe3f/config.json","视觉编码，Q/K/V同L_img，无文本历史KV；独立逻辑矩阵，不断言实际融合与存储","Y=X@W^T; width=heads*head_dim"
"vlm_config.vision_config/layer_19","k_projection","未核验","GEMM","[B,L_img,1152]","[B,L_img,1152]","B,L_img；模态独立长度","L_img由模态输入/输出决定；不是S_verify","config=None；激活/累加类型未核验","未核验","逻辑轴顺序；物理format未核验","逻辑轴顺序；物理format未核验","未评估候选","未评估候选","未评估候选","未核验","未实测","未实测","未实测","未实测","未核验","配置确认 + 数学推导；未核验完整调用链","https://huggingface.co/openbmb/MiniCPM-RobotManip/resolve/29cb257541e9f96f493abe21174f8892e5dffe3f/config.json","logical [1152,1152]","未核验","未核验","未核验","https://huggingface.co/openbmb/MiniCPM-RobotManip/resolve/29cb257541e9f96f493abe21174f8892e5dffe3f/config.json","视觉编码，Q/K/V同L_img，无文本历史KV；独立逻辑矩阵，不断言实际融合与存储","Y=X@W^T; width=heads*head_dim"
"vlm_config.vision_config/layer_19","v_projection","未核验","GEMM","[B,L_img,1152]","[B,L_img,1152]","B,L_img；模态独立长度","L_img由模态输入/输出决定；不是S_verify","config=None；激活/累加类型未核验","未核验","逻辑轴顺序；物理format未核验","逻辑轴顺序；物理format未核验","未评估候选","未评估候选","未评估候选","未核验","未实测","未实测","未实测","未实测","未核验","配置确认 + 数学推导；未核验完整调用链","https://huggingface.co/openbmb/MiniCPM-RobotManip/resolve/29cb257541e9f96f493abe21174f8892e5dffe3f/config.json","logical [1152,1152]","未核验","未核验","未核验","https://huggingface.co/openbmb/MiniCPM-RobotManip/resolve/29cb257541e9f96f493abe21174f8892e5dffe3f/config.json","视觉编码，Q/K/V同L_img，无文本历史KV；独立逻辑矩阵，不断言实际融合与存储","Y=X@W^T; width=heads*head_dim"
"vlm_config.vision_config/layer_19","position_and_layout","未核验","位置/布局","Q,K,V projected; B,L_img","Q:[B,16,L_img,72]; K,V:[B,16,L_img,72]","B,L_img；模态独立长度","L_img由模态输入/输出决定；不是S_verify","config=None；激活/累加类型未核验","未核验","逻辑轴顺序；物理format未核验","逻辑轴顺序；物理format未核验","未评估候选","未评估候选","未评估候选","未核验","未实测","未实测","未实测","未实测","未核验","配置确认 + 数学推导；未核验完整调用链","https://huggingface.co/openbmb/MiniCPM-RobotManip/resolve/29cb257541e9f96f493abe21174f8892e5dffe3f/config.json","未核验","未核验","未核验","未核验","https://huggingface.co/openbmb/MiniCPM-RobotManip/resolve/29cb257541e9f96f493abe21174f8892e5dffe3f/config.json","视觉编码，Q/K/V同L_img，无文本历史KV；","视觉编码，Q/K/V同L_img，无文本历史KV；位置编码与物理layout需实现核验"
"vlm_config.vision_config/layer_19","attention","未核验","attention","Q:[B,16,L_img,72];K,V:[B,16,L_img,72]","[B,16,L_img,72]","B,L_img；模态独立长度","L_img由模态输入/输出决定；不是S_verify","config=None；激活/累加类型未核验","未核验","逻辑轴顺序；物理format未核验","逻辑轴顺序；物理format未核验","未评估候选","未评估候选","未评估候选","未核验","未实测","未实测","未实测","未实测","未核验","配置确认 + 数学推导；未核验完整调用链","https://huggingface.co/openbmb/MiniCPM-RobotManip/resolve/29cb257541e9f96f493abe21174f8892e5dffe3f/config.json","未核验","未核验","未核验","未核验","https://huggingface.co/openbmb/MiniCPM-RobotManip/resolve/29cb257541e9f96f493abe21174f8892e5dffe3f/config.json","视觉编码，Q/K/V同L_img，无文本历史KV；稀疏选块/线性分支需按实现，不能据此声称稠密执行或峰值中间内存","softmax(QK^T / sqrt(head_dim) + mask)V（数学参考）"
"vlm_config.vision_config/layer_19","output_projection","未核验","GEMM","[B,L_img,1152]","[B,L_img,1152]","B,L_img；模态独立长度","L_img由模态输入/输出决定；不是S_verify","config=None；激活/累加类型未核验","未核验","逻辑轴顺序；物理format未核验","逻辑轴顺序；物理format未核验","未评估候选","未评估候选","未评估候选","未核验","未实测","未实测","未实测","未实测","未核验","配置确认 + 数学推导；未核验完整调用链","https://huggingface.co/openbmb/MiniCPM-RobotManip/resolve/29cb257541e9f96f493abe21174f8892e5dffe3f/config.json","logical [1152,1152]","未核验","未核验","未核验","https://huggingface.co/openbmb/MiniCPM-RobotManip/resolve/29cb257541e9f96f493abe21174f8892e5dffe3f/config.json","视觉编码，Q/K/V同L_img，无文本历史KV；","Y=X@W^T"
"vlm_config.vision_config/layer_19","attention_residual","未核验","elementwise","[B,L_img,1152];[B,L_img,1152]","[B,L_img,1152]","B,L_img；模态独立长度","L_img由模态输入/输出决定；不是S_verify","config=None；激活/累加类型未核验","未核验","逻辑轴顺序；物理format未核验","逻辑轴顺序；物理format未核验","未评估候选","未评估候选","未评估候选","未核验","未实测","未实测","未实测","未实测","未核验","配置确认 + 数学推导；未核验完整调用链","https://huggingface.co/openbmb/MiniCPM-RobotManip/resolve/29cb257541e9f96f493abe21174f8892e5dffe3f/config.json","未核验","未核验","未核验","未核验","https://huggingface.co/openbmb/MiniCPM-RobotManip/resolve/29cb257541e9f96f493abe21174f8892e5dffe3f/config.json","视觉编码，Q/K/V同L_img，无文本历史KV；","Y=X+branch（参考，实际残差策略未核验）"
"vlm_config.vision_config/layer_19","post_attention_normalization","未核验","norm","[B,L_img,1152]","[B,L_img,1152]","B,L_img；模态独立长度","L_img由模态输入/输出决定；不是S_verify","config=None；激活/累加类型未核验","未核验","逻辑轴顺序；物理format未核验","逻辑轴顺序；物理format未核验","未评估候选","未评估候选","未评估候选","未核验","未实测","未实测","未实测","未实测","未核验","配置确认 + 数学推导；未核验完整调用链","https://huggingface.co/openbmb/MiniCPM-RobotManip/resolve/29cb257541e9f96f493abe21174f8892e5dffe3f/config.json","未核验","未核验","未核验","未核验","https://huggingface.co/openbmb/MiniCPM-RobotManip/resolve/29cb257541e9f96f493abe21174f8892e5dffe3f/config.json","视觉编码，Q/K/V同L_img，无文本历史KV；","类型与位置待源码核验"
"vlm_config.vision_config/layer_19","FFN_up","未核验","GEMM","[B,L_img,1152]","[B,L_img,4304]","B,L_img；模态独立长度","L_img由模态输入/输出决定；不是S_verify","config=None；激活/累加类型未核验","未核验","逻辑轴顺序；物理format未核验","逻辑轴顺序；物理format未核验","未评估候选","未评估候选","未评估候选","未核验","未实测","未实测","未实测","未实测","未核验","配置确认 + 数学推导；未核验完整调用链","https://huggingface.co/openbmb/MiniCPM-RobotManip/resolve/29cb257541e9f96f493abe21174f8892e5dffe3f/config.json","logical [4304,1152]","未核验","未核验","未核验","https://huggingface.co/openbmb/MiniCPM-RobotManip/resolve/29cb257541e9f96f493abe21174f8892e5dffe3f/config.json","视觉编码，Q/K/V同L_img，无文本历史KV；","Y=X@W^T"
"vlm_config.vision_config/layer_19","FFN_activation_and_optional_gate","未核验","activation","[B,L_img,4304]","[B,L_img,4304]","B,L_img；模态独立长度","L_img由模态输入/输出决定；不是S_verify","config=None；激活/累加类型未核验","未核验","逻辑轴顺序；物理format未核验","逻辑轴顺序；物理format未核验","未评估候选","未评估候选","未评估候选","未核验","未实测","未实测","未实测","未实测","未核验","配置确认 + 数学推导；未核验完整调用链","https://huggingface.co/openbmb/MiniCPM-RobotManip/resolve/29cb257541e9f96f493abe21174f8892e5dffe3f/config.json","未核验","未核验","未核验","未核验","https://huggingface.co/openbmb/MiniCPM-RobotManip/resolve/29cb257541e9f96f493abe21174f8892e5dffe3f/config.json","视觉编码，Q/K/V同L_img，无文本历史KV；是否额外gate矩阵与门控分支维度需要实现；不能仅由silu推定完整SwiGLU","config.hidden_act=gelu_pytorch_tanh"
"vlm_config.vision_config/layer_19","FFN_down","未核验","GEMM","[B,L_img,4304]","[B,L_img,1152]","B,L_img；模态独立长度","L_img由模态输入/输出决定；不是S_verify","config=None；激活/累加类型未核验","未核验","逻辑轴顺序；物理format未核验","逻辑轴顺序；物理format未核验","未评估候选","未评估候选","未评估候选","未核验","未实测","未实测","未实测","未实测","未核验","配置确认 + 数学推导；未核验完整调用链","https://huggingface.co/openbmb/MiniCPM-RobotManip/resolve/29cb257541e9f96f493abe21174f8892e5dffe3f/config.json","logical [1152,4304]","未核验","未核验","未核验","https://huggingface.co/openbmb/MiniCPM-RobotManip/resolve/29cb257541e9f96f493abe21174f8892e5dffe3f/config.json","视觉编码，Q/K/V同L_img，无文本历史KV；","Y=X@W^T"
"vlm_config.vision_config/layer_19","FFN_residual","未核验","elementwise","[B,L_img,1152];[B,L_img,1152]","[B,L_img,1152]","B,L_img；模态独立长度","L_img由模态输入/输出决定；不是S_verify","config=None；激活/累加类型未核验","未核验","逻辑轴顺序；物理format未核验","逻辑轴顺序；物理format未核验","未评估候选","未评估候选","未评估候选","未核验","未实测","未实测","未实测","未实测","未核验","配置确认 + 数学推导；未核验完整调用链","https://huggingface.co/openbmb/MiniCPM-RobotManip/resolve/29cb257541e9f96f493abe21174f8892e5dffe3f/config.json","未核验","未核验","未核验","未核验","https://huggingface.co/openbmb/MiniCPM-RobotManip/resolve/29cb257541e9f96f493abe21174f8892e5dffe3f/config.json","视觉编码，Q/K/V同L_img，无文本历史KV；","Y=X+branch（参考，实际残差策略未核验）"
"vlm_config.vision_config/layer_20","input_normalization","未核验","norm","[B,L_img,1152]","[B,L_img,1152]","B,L_img；模态独立长度","L_img由模态输入/输出决定；不是S_verify","config=None；激活/累加类型未核验","未核验","逻辑轴顺序；物理format未核验","逻辑轴顺序；物理format未核验","未评估候选","未评估候选","未评估候选","未核验","未实测","未实测","未实测","未实测","未核验","配置确认 + 数学推导；未核验完整调用链","https://huggingface.co/openbmb/MiniCPM-RobotManip/resolve/29cb257541e9f96f493abe21174f8892e5dffe3f/config.json","未核验","未核验","未核验","未核验","https://huggingface.co/openbmb/MiniCPM-RobotManip/resolve/29cb257541e9f96f493abe21174f8892e5dffe3f/config.json","视觉编码，Q/K/V同L_img，无文本历史KV；","归一化类型/先后顺序待实现核验"
"vlm_config.vision_config/layer_20","q_projection","未核验","GEMM","[B,L_img,1152]","[B,L_img,1152]","B,L_img；模态独立长度","L_img由模态输入/输出决定；不是S_verify","config=None；激活/累加类型未核验","未核验","逻辑轴顺序；物理format未核验","逻辑轴顺序；物理format未核验","未评估候选","未评估候选","未评估候选","未核验","未实测","未实测","未实测","未实测","未核验","配置确认 + 数学推导；未核验完整调用链","https://huggingface.co/openbmb/MiniCPM-RobotManip/resolve/29cb257541e9f96f493abe21174f8892e5dffe3f/config.json","logical [1152,1152]","未核验","未核验","未核验","https://huggingface.co/openbmb/MiniCPM-RobotManip/resolve/29cb257541e9f96f493abe21174f8892e5dffe3f/config.json","视觉编码，Q/K/V同L_img，无文本历史KV；独立逻辑矩阵，不断言实际融合与存储","Y=X@W^T; width=heads*head_dim"
"vlm_config.vision_config/layer_20","k_projection","未核验","GEMM","[B,L_img,1152]","[B,L_img,1152]","B,L_img；模态独立长度","L_img由模态输入/输出决定；不是S_verify","config=None；激活/累加类型未核验","未核验","逻辑轴顺序；物理format未核验","逻辑轴顺序；物理format未核验","未评估候选","未评估候选","未评估候选","未核验","未实测","未实测","未实测","未实测","未核验","配置确认 + 数学推导；未核验完整调用链","https://huggingface.co/openbmb/MiniCPM-RobotManip/resolve/29cb257541e9f96f493abe21174f8892e5dffe3f/config.json","logical [1152,1152]","未核验","未核验","未核验","https://huggingface.co/openbmb/MiniCPM-RobotManip/resolve/29cb257541e9f96f493abe21174f8892e5dffe3f/config.json","视觉编码，Q/K/V同L_img，无文本历史KV；独立逻辑矩阵，不断言实际融合与存储","Y=X@W^T; width=heads*head_dim"
"vlm_config.vision_config/layer_20","v_projection","未核验","GEMM","[B,L_img,1152]","[B,L_img,1152]","B,L_img；模态独立长度","L_img由模态输入/输出决定；不是S_verify","config=None；激活/累加类型未核验","未核验","逻辑轴顺序；物理format未核验","逻辑轴顺序；物理format未核验","未评估候选","未评估候选","未评估候选","未核验","未实测","未实测","未实测","未实测","未核验","配置确认 + 数学推导；未核验完整调用链","https://huggingface.co/openbmb/MiniCPM-RobotManip/resolve/29cb257541e9f96f493abe21174f8892e5dffe3f/config.json","logical [1152,1152]","未核验","未核验","未核验","https://huggingface.co/openbmb/MiniCPM-RobotManip/resolve/29cb257541e9f96f493abe21174f8892e5dffe3f/config.json","视觉编码，Q/K/V同L_img，无文本历史KV；独立逻辑矩阵，不断言实际融合与存储","Y=X@W^T; width=heads*head_dim"
"vlm_config.vision_config/layer_20","position_and_layout","未核验","位置/布局","Q,K,V projected; B,L_img","Q:[B,16,L_img,72]; K,V:[B,16,L_img,72]","B,L_img；模态独立长度","L_img由模态输入/输出决定；不是S_verify","config=None；激活/累加类型未核验","未核验","逻辑轴顺序；物理format未核验","逻辑轴顺序；物理format未核验","未评估候选","未评估候选","未评估候选","未核验","未实测","未实测","未实测","未实测","未核验","配置确认 + 数学推导；未核验完整调用链","https://huggingface.co/openbmb/MiniCPM-RobotManip/resolve/29cb257541e9f96f493abe21174f8892e5dffe3f/config.json","未核验","未核验","未核验","未核验","https://huggingface.co/openbmb/MiniCPM-RobotManip/resolve/29cb257541e9f96f493abe21174f8892e5dffe3f/config.json","视觉编码，Q/K/V同L_img，无文本历史KV；","视觉编码，Q/K/V同L_img，无文本历史KV；位置编码与物理layout需实现核验"
"vlm_config.vision_config/layer_20","attention","未核验","attention","Q:[B,16,L_img,72];K,V:[B,16,L_img,72]","[B,16,L_img,72]","B,L_img；模态独立长度","L_img由模态输入/输出决定；不是S_verify","config=None；激活/累加类型未核验","未核验","逻辑轴顺序；物理format未核验","逻辑轴顺序；物理format未核验","未评估候选","未评估候选","未评估候选","未核验","未实测","未实测","未实测","未实测","未核验","配置确认 + 数学推导；未核验完整调用链","https://huggingface.co/openbmb/MiniCPM-RobotManip/resolve/29cb257541e9f96f493abe21174f8892e5dffe3f/config.json","未核验","未核验","未核验","未核验","https://huggingface.co/openbmb/MiniCPM-RobotManip/resolve/29cb257541e9f96f493abe21174f8892e5dffe3f/config.json","视觉编码，Q/K/V同L_img，无文本历史KV；稀疏选块/线性分支需按实现，不能据此声称稠密执行或峰值中间内存","softmax(QK^T / sqrt(head_dim) + mask)V（数学参考）"
"vlm_config.vision_config/layer_20","output_projection","未核验","GEMM","[B,L_img,1152]","[B,L_img,1152]","B,L_img；模态独立长度","L_img由模态输入/输出决定；不是S_verify","config=None；激活/累加类型未核验","未核验","逻辑轴顺序；物理format未核验","逻辑轴顺序；物理format未核验","未评估候选","未评估候选","未评估候选","未核验","未实测","未实测","未实测","未实测","未核验","配置确认 + 数学推导；未核验完整调用链","https://huggingface.co/openbmb/MiniCPM-RobotManip/resolve/29cb257541e9f96f493abe21174f8892e5dffe3f/config.json","logical [1152,1152]","未核验","未核验","未核验","https://huggingface.co/openbmb/MiniCPM-RobotManip/resolve/29cb257541e9f96f493abe21174f8892e5dffe3f/config.json","视觉编码，Q/K/V同L_img，无文本历史KV；","Y=X@W^T"
"vlm_config.vision_config/layer_20","attention_residual","未核验","elementwise","[B,L_img,1152];[B,L_img,1152]","[B,L_img,1152]","B,L_img；模态独立长度","L_img由模态输入/输出决定；不是S_verify","config=None；激活/累加类型未核验","未核验","逻辑轴顺序；物理format未核验","逻辑轴顺序；物理format未核验","未评估候选","未评估候选","未评估候选","未核验","未实测","未实测","未实测","未实测","未核验","配置确认 + 数学推导；未核验完整调用链","https://huggingface.co/openbmb/MiniCPM-RobotManip/resolve/29cb257541e9f96f493abe21174f8892e5dffe3f/config.json","未核验","未核验","未核验","未核验","https://huggingface.co/openbmb/MiniCPM-RobotManip/resolve/29cb257541e9f96f493abe21174f8892e5dffe3f/config.json","视觉编码，Q/K/V同L_img，无文本历史KV；","Y=X+branch（参考，实际残差策略未核验）"
"vlm_config.vision_config/layer_20","post_attention_normalization","未核验","norm","[B,L_img,1152]","[B,L_img,1152]","B,L_img；模态独立长度","L_img由模态输入/输出决定；不是S_verify","config=None；激活/累加类型未核验","未核验","逻辑轴顺序；物理format未核验","逻辑轴顺序；物理format未核验","未评估候选","未评估候选","未评估候选","未核验","未实测","未实测","未实测","未实测","未核验","配置确认 + 数学推导；未核验完整调用链","https://huggingface.co/openbmb/MiniCPM-RobotManip/resolve/29cb257541e9f96f493abe21174f8892e5dffe3f/config.json","未核验","未核验","未核验","未核验","https://huggingface.co/openbmb/MiniCPM-RobotManip/resolve/29cb257541e9f96f493abe21174f8892e5dffe3f/config.json","视觉编码，Q/K/V同L_img，无文本历史KV；","类型与位置待源码核验"
"vlm_config.vision_config/layer_20","FFN_up","未核验","GEMM","[B,L_img,1152]","[B,L_img,4304]","B,L_img；模态独立长度","L_img由模态输入/输出决定；不是S_verify","config=None；激活/累加类型未核验","未核验","逻辑轴顺序；物理format未核验","逻辑轴顺序；物理format未核验","未评估候选","未评估候选","未评估候选","未核验","未实测","未实测","未实测","未实测","未核验","配置确认 + 数学推导；未核验完整调用链","https://huggingface.co/openbmb/MiniCPM-RobotManip/resolve/29cb257541e9f96f493abe21174f8892e5dffe3f/config.json","logical [4304,1152]","未核验","未核验","未核验","https://huggingface.co/openbmb/MiniCPM-RobotManip/resolve/29cb257541e9f96f493abe21174f8892e5dffe3f/config.json","视觉编码，Q/K/V同L_img，无文本历史KV；","Y=X@W^T"
"vlm_config.vision_config/layer_20","FFN_activation_and_optional_gate","未核验","activation","[B,L_img,4304]","[B,L_img,4304]","B,L_img；模态独立长度","L_img由模态输入/输出决定；不是S_verify","config=None；激活/累加类型未核验","未核验","逻辑轴顺序；物理format未核验","逻辑轴顺序；物理format未核验","未评估候选","未评估候选","未评估候选","未核验","未实测","未实测","未实测","未实测","未核验","配置确认 + 数学推导；未核验完整调用链","https://huggingface.co/openbmb/MiniCPM-RobotManip/resolve/29cb257541e9f96f493abe21174f8892e5dffe3f/config.json","未核验","未核验","未核验","未核验","https://huggingface.co/openbmb/MiniCPM-RobotManip/resolve/29cb257541e9f96f493abe21174f8892e5dffe3f/config.json","视觉编码，Q/K/V同L_img，无文本历史KV；是否额外gate矩阵与门控分支维度需要实现；不能仅由silu推定完整SwiGLU","config.hidden_act=gelu_pytorch_tanh"
"vlm_config.vision_config/layer_20","FFN_down","未核验","GEMM","[B,L_img,4304]","[B,L_img,1152]","B,L_img；模态独立长度","L_img由模态输入/输出决定；不是S_verify","config=None；激活/累加类型未核验","未核验","逻辑轴顺序；物理format未核验","逻辑轴顺序；物理format未核验","未评估候选","未评估候选","未评估候选","未核验","未实测","未实测","未实测","未实测","未核验","配置确认 + 数学推导；未核验完整调用链","https://huggingface.co/openbmb/MiniCPM-RobotManip/resolve/29cb257541e9f96f493abe21174f8892e5dffe3f/config.json","logical [1152,4304]","未核验","未核验","未核验","https://huggingface.co/openbmb/MiniCPM-RobotManip/resolve/29cb257541e9f96f493abe21174f8892e5dffe3f/config.json","视觉编码，Q/K/V同L_img，无文本历史KV；","Y=X@W^T"
"vlm_config.vision_config/layer_20","FFN_residual","未核验","elementwise","[B,L_img,1152];[B,L_img,1152]","[B,L_img,1152]","B,L_img；模态独立长度","L_img由模态输入/输出决定；不是S_verify","config=None；激活/累加类型未核验","未核验","逻辑轴顺序；物理format未核验","逻辑轴顺序；物理format未核验","未评估候选","未评估候选","未评估候选","未核验","未实测","未实测","未实测","未实测","未核验","配置确认 + 数学推导；未核验完整调用链","https://huggingface.co/openbmb/MiniCPM-RobotManip/resolve/29cb257541e9f96f493abe21174f8892e5dffe3f/config.json","未核验","未核验","未核验","未核验","https://huggingface.co/openbmb/MiniCPM-RobotManip/resolve/29cb257541e9f96f493abe21174f8892e5dffe3f/config.json","视觉编码，Q/K/V同L_img，无文本历史KV；","Y=X+branch（参考，实际残差策略未核验）"
"vlm_config.vision_config/layer_21","input_normalization","未核验","norm","[B,L_img,1152]","[B,L_img,1152]","B,L_img；模态独立长度","L_img由模态输入/输出决定；不是S_verify","config=None；激活/累加类型未核验","未核验","逻辑轴顺序；物理format未核验","逻辑轴顺序；物理format未核验","未评估候选","未评估候选","未评估候选","未核验","未实测","未实测","未实测","未实测","未核验","配置确认 + 数学推导；未核验完整调用链","https://huggingface.co/openbmb/MiniCPM-RobotManip/resolve/29cb257541e9f96f493abe21174f8892e5dffe3f/config.json","未核验","未核验","未核验","未核验","https://huggingface.co/openbmb/MiniCPM-RobotManip/resolve/29cb257541e9f96f493abe21174f8892e5dffe3f/config.json","视觉编码，Q/K/V同L_img，无文本历史KV；","归一化类型/先后顺序待实现核验"
"vlm_config.vision_config/layer_21","q_projection","未核验","GEMM","[B,L_img,1152]","[B,L_img,1152]","B,L_img；模态独立长度","L_img由模态输入/输出决定；不是S_verify","config=None；激活/累加类型未核验","未核验","逻辑轴顺序；物理format未核验","逻辑轴顺序；物理format未核验","未评估候选","未评估候选","未评估候选","未核验","未实测","未实测","未实测","未实测","未核验","配置确认 + 数学推导；未核验完整调用链","https://huggingface.co/openbmb/MiniCPM-RobotManip/resolve/29cb257541e9f96f493abe21174f8892e5dffe3f/config.json","logical [1152,1152]","未核验","未核验","未核验","https://huggingface.co/openbmb/MiniCPM-RobotManip/resolve/29cb257541e9f96f493abe21174f8892e5dffe3f/config.json","视觉编码，Q/K/V同L_img，无文本历史KV；独立逻辑矩阵，不断言实际融合与存储","Y=X@W^T; width=heads*head_dim"
"vlm_config.vision_config/layer_21","k_projection","未核验","GEMM","[B,L_img,1152]","[B,L_img,1152]","B,L_img；模态独立长度","L_img由模态输入/输出决定；不是S_verify","config=None；激活/累加类型未核验","未核验","逻辑轴顺序；物理format未核验","逻辑轴顺序；物理format未核验","未评估候选","未评估候选","未评估候选","未核验","未实测","未实测","未实测","未实测","未核验","配置确认 + 数学推导；未核验完整调用链","https://huggingface.co/openbmb/MiniCPM-RobotManip/resolve/29cb257541e9f96f493abe21174f8892e5dffe3f/config.json","logical [1152,1152]","未核验","未核验","未核验","https://huggingface.co/openbmb/MiniCPM-RobotManip/resolve/29cb257541e9f96f493abe21174f8892e5dffe3f/config.json","视觉编码，Q/K/V同L_img，无文本历史KV；独立逻辑矩阵，不断言实际融合与存储","Y=X@W^T; width=heads*head_dim"
"vlm_config.vision_config/layer_21","v_projection","未核验","GEMM","[B,L_img,1152]","[B,L_img,1152]","B,L_img；模态独立长度","L_img由模态输入/输出决定；不是S_verify","config=None；激活/累加类型未核验","未核验","逻辑轴顺序；物理format未核验","逻辑轴顺序；物理format未核验","未评估候选","未评估候选","未评估候选","未核验","未实测","未实测","未实测","未实测","未核验","配置确认 + 数学推导；未核验完整调用链","https://huggingface.co/openbmb/MiniCPM-RobotManip/resolve/29cb257541e9f96f493abe21174f8892e5dffe3f/config.json","logical [1152,1152]","未核验","未核验","未核验","https://huggingface.co/openbmb/MiniCPM-RobotManip/resolve/29cb257541e9f96f493abe21174f8892e5dffe3f/config.json","视觉编码，Q/K/V同L_img，无文本历史KV；独立逻辑矩阵，不断言实际融合与存储","Y=X@W^T; width=heads*head_dim"
"vlm_config.vision_config/layer_21","position_and_layout","未核验","位置/布局","Q,K,V projected; B,L_img","Q:[B,16,L_img,72]; K,V:[B,16,L_img,72]","B,L_img；模态独立长度","L_img由模态输入/输出决定；不是S_verify","config=None；激活/累加类型未核验","未核验","逻辑轴顺序；物理format未核验","逻辑轴顺序；物理format未核验","未评估候选","未评估候选","未评估候选","未核验","未实测","未实测","未实测","未实测","未核验","配置确认 + 数学推导；未核验完整调用链","https://huggingface.co/openbmb/MiniCPM-RobotManip/resolve/29cb257541e9f96f493abe21174f8892e5dffe3f/config.json","未核验","未核验","未核验","未核验","https://huggingface.co/openbmb/MiniCPM-RobotManip/resolve/29cb257541e9f96f493abe21174f8892e5dffe3f/config.json","视觉编码，Q/K/V同L_img，无文本历史KV；","视觉编码，Q/K/V同L_img，无文本历史KV；位置编码与物理layout需实现核验"
"vlm_config.vision_config/layer_21","attention","未核验","attention","Q:[B,16,L_img,72];K,V:[B,16,L_img,72]","[B,16,L_img,72]","B,L_img；模态独立长度","L_img由模态输入/输出决定；不是S_verify","config=None；激活/累加类型未核验","未核验","逻辑轴顺序；物理format未核验","逻辑轴顺序；物理format未核验","未评估候选","未评估候选","未评估候选","未核验","未实测","未实测","未实测","未实测","未核验","配置确认 + 数学推导；未核验完整调用链","https://huggingface.co/openbmb/MiniCPM-RobotManip/resolve/29cb257541e9f96f493abe21174f8892e5dffe3f/config.json","未核验","未核验","未核验","未核验","https://huggingface.co/openbmb/MiniCPM-RobotManip/resolve/29cb257541e9f96f493abe21174f8892e5dffe3f/config.json","视觉编码，Q/K/V同L_img，无文本历史KV；稀疏选块/线性分支需按实现，不能据此声称稠密执行或峰值中间内存","softmax(QK^T / sqrt(head_dim) + mask)V（数学参考）"
"vlm_config.vision_config/layer_21","output_projection","未核验","GEMM","[B,L_img,1152]","[B,L_img,1152]","B,L_img；模态独立长度","L_img由模态输入/输出决定；不是S_verify","config=None；激活/累加类型未核验","未核验","逻辑轴顺序；物理format未核验","逻辑轴顺序；物理format未核验","未评估候选","未评估候选","未评估候选","未核验","未实测","未实测","未实测","未实测","未核验","配置确认 + 数学推导；未核验完整调用链","https://huggingface.co/openbmb/MiniCPM-RobotManip/resolve/29cb257541e9f96f493abe21174f8892e5dffe3f/config.json","logical [1152,1152]","未核验","未核验","未核验","https://huggingface.co/openbmb/MiniCPM-RobotManip/resolve/29cb257541e9f96f493abe21174f8892e5dffe3f/config.json","视觉编码，Q/K/V同L_img，无文本历史KV；","Y=X@W^T"
"vlm_config.vision_config/layer_21","attention_residual","未核验","elementwise","[B,L_img,1152];[B,L_img,1152]","[B,L_img,1152]","B,L_img；模态独立长度","L_img由模态输入/输出决定；不是S_verify","config=None；激活/累加类型未核验","未核验","逻辑轴顺序；物理format未核验","逻辑轴顺序；物理format未核验","未评估候选","未评估候选","未评估候选","未核验","未实测","未实测","未实测","未实测","未核验","配置确认 + 数学推导；未核验完整调用链","https://huggingface.co/openbmb/MiniCPM-RobotManip/resolve/29cb257541e9f96f493abe21174f8892e5dffe3f/config.json","未核验","未核验","未核验","未核验","https://huggingface.co/openbmb/MiniCPM-RobotManip/resolve/29cb257541e9f96f493abe21174f8892e5dffe3f/config.json","视觉编码，Q/K/V同L_img，无文本历史KV；","Y=X+branch（参考，实际残差策略未核验）"
"vlm_config.vision_config/layer_21","post_attention_normalization","未核验","norm","[B,L_img,1152]","[B,L_img,1152]","B,L_img；模态独立长度","L_img由模态输入/输出决定；不是S_verify","config=None；激活/累加类型未核验","未核验","逻辑轴顺序；物理format未核验","逻辑轴顺序；物理format未核验","未评估候选","未评估候选","未评估候选","未核验","未实测","未实测","未实测","未实测","未核验","配置确认 + 数学推导；未核验完整调用链","https://huggingface.co/openbmb/MiniCPM-RobotManip/resolve/29cb257541e9f96f493abe21174f8892e5dffe3f/config.json","未核验","未核验","未核验","未核验","https://huggingface.co/openbmb/MiniCPM-RobotManip/resolve/29cb257541e9f96f493abe21174f8892e5dffe3f/config.json","视觉编码，Q/K/V同L_img，无文本历史KV；","类型与位置待源码核验"
"vlm_config.vision_config/layer_21","FFN_up","未核验","GEMM","[B,L_img,1152]","[B,L_img,4304]","B,L_img；模态独立长度","L_img由模态输入/输出决定；不是S_verify","config=None；激活/累加类型未核验","未核验","逻辑轴顺序；物理format未核验","逻辑轴顺序；物理format未核验","未评估候选","未评估候选","未评估候选","未核验","未实测","未实测","未实测","未实测","未核验","配置确认 + 数学推导；未核验完整调用链","https://huggingface.co/openbmb/MiniCPM-RobotManip/resolve/29cb257541e9f96f493abe21174f8892e5dffe3f/config.json","logical [4304,1152]","未核验","未核验","未核验","https://huggingface.co/openbmb/MiniCPM-RobotManip/resolve/29cb257541e9f96f493abe21174f8892e5dffe3f/config.json","视觉编码，Q/K/V同L_img，无文本历史KV；","Y=X@W^T"
"vlm_config.vision_config/layer_21","FFN_activation_and_optional_gate","未核验","activation","[B,L_img,4304]","[B,L_img,4304]","B,L_img；模态独立长度","L_img由模态输入/输出决定；不是S_verify","config=None；激活/累加类型未核验","未核验","逻辑轴顺序；物理format未核验","逻辑轴顺序；物理format未核验","未评估候选","未评估候选","未评估候选","未核验","未实测","未实测","未实测","未实测","未核验","配置确认 + 数学推导；未核验完整调用链","https://huggingface.co/openbmb/MiniCPM-RobotManip/resolve/29cb257541e9f96f493abe21174f8892e5dffe3f/config.json","未核验","未核验","未核验","未核验","https://huggingface.co/openbmb/MiniCPM-RobotManip/resolve/29cb257541e9f96f493abe21174f8892e5dffe3f/config.json","视觉编码，Q/K/V同L_img，无文本历史KV；是否额外gate矩阵与门控分支维度需要实现；不能仅由silu推定完整SwiGLU","config.hidden_act=gelu_pytorch_tanh"
"vlm_config.vision_config/layer_21","FFN_down","未核验","GEMM","[B,L_img,4304]","[B,L_img,1152]","B,L_img；模态独立长度","L_img由模态输入/输出决定；不是S_verify","config=None；激活/累加类型未核验","未核验","逻辑轴顺序；物理format未核验","逻辑轴顺序；物理format未核验","未评估候选","未评估候选","未评估候选","未核验","未实测","未实测","未实测","未实测","未核验","配置确认 + 数学推导；未核验完整调用链","https://huggingface.co/openbmb/MiniCPM-RobotManip/resolve/29cb257541e9f96f493abe21174f8892e5dffe3f/config.json","logical [1152,4304]","未核验","未核验","未核验","https://huggingface.co/openbmb/MiniCPM-RobotManip/resolve/29cb257541e9f96f493abe21174f8892e5dffe3f/config.json","视觉编码，Q/K/V同L_img，无文本历史KV；","Y=X@W^T"
"vlm_config.vision_config/layer_21","FFN_residual","未核验","elementwise","[B,L_img,1152];[B,L_img,1152]","[B,L_img,1152]","B,L_img；模态独立长度","L_img由模态输入/输出决定；不是S_verify","config=None；激活/累加类型未核验","未核验","逻辑轴顺序；物理format未核验","逻辑轴顺序；物理format未核验","未评估候选","未评估候选","未评估候选","未核验","未实测","未实测","未实测","未实测","未核验","配置确认 + 数学推导；未核验完整调用链","https://huggingface.co/openbmb/MiniCPM-RobotManip/resolve/29cb257541e9f96f493abe21174f8892e5dffe3f/config.json","未核验","未核验","未核验","未核验","https://huggingface.co/openbmb/MiniCPM-RobotManip/resolve/29cb257541e9f96f493abe21174f8892e5dffe3f/config.json","视觉编码，Q/K/V同L_img，无文本历史KV；","Y=X+branch（参考，实际残差策略未核验）"
"vlm_config.vision_config/layer_22","input_normalization","未核验","norm","[B,L_img,1152]","[B,L_img,1152]","B,L_img；模态独立长度","L_img由模态输入/输出决定；不是S_verify","config=None；激活/累加类型未核验","未核验","逻辑轴顺序；物理format未核验","逻辑轴顺序；物理format未核验","未评估候选","未评估候选","未评估候选","未核验","未实测","未实测","未实测","未实测","未核验","配置确认 + 数学推导；未核验完整调用链","https://huggingface.co/openbmb/MiniCPM-RobotManip/resolve/29cb257541e9f96f493abe21174f8892e5dffe3f/config.json","未核验","未核验","未核验","未核验","https://huggingface.co/openbmb/MiniCPM-RobotManip/resolve/29cb257541e9f96f493abe21174f8892e5dffe3f/config.json","视觉编码，Q/K/V同L_img，无文本历史KV；","归一化类型/先后顺序待实现核验"
"vlm_config.vision_config/layer_22","q_projection","未核验","GEMM","[B,L_img,1152]","[B,L_img,1152]","B,L_img；模态独立长度","L_img由模态输入/输出决定；不是S_verify","config=None；激活/累加类型未核验","未核验","逻辑轴顺序；物理format未核验","逻辑轴顺序；物理format未核验","未评估候选","未评估候选","未评估候选","未核验","未实测","未实测","未实测","未实测","未核验","配置确认 + 数学推导；未核验完整调用链","https://huggingface.co/openbmb/MiniCPM-RobotManip/resolve/29cb257541e9f96f493abe21174f8892e5dffe3f/config.json","logical [1152,1152]","未核验","未核验","未核验","https://huggingface.co/openbmb/MiniCPM-RobotManip/resolve/29cb257541e9f96f493abe21174f8892e5dffe3f/config.json","视觉编码，Q/K/V同L_img，无文本历史KV；独立逻辑矩阵，不断言实际融合与存储","Y=X@W^T; width=heads*head_dim"
"vlm_config.vision_config/layer_22","k_projection","未核验","GEMM","[B,L_img,1152]","[B,L_img,1152]","B,L_img；模态独立长度","L_img由模态输入/输出决定；不是S_verify","config=None；激活/累加类型未核验","未核验","逻辑轴顺序；物理format未核验","逻辑轴顺序；物理format未核验","未评估候选","未评估候选","未评估候选","未核验","未实测","未实测","未实测","未实测","未核验","配置确认 + 数学推导；未核验完整调用链","https://huggingface.co/openbmb/MiniCPM-RobotManip/resolve/29cb257541e9f96f493abe21174f8892e5dffe3f/config.json","logical [1152,1152]","未核验","未核验","未核验","https://huggingface.co/openbmb/MiniCPM-RobotManip/resolve/29cb257541e9f96f493abe21174f8892e5dffe3f/config.json","视觉编码，Q/K/V同L_img，无文本历史KV；独立逻辑矩阵，不断言实际融合与存储","Y=X@W^T; width=heads*head_dim"
"vlm_config.vision_config/layer_22","v_projection","未核验","GEMM","[B,L_img,1152]","[B,L_img,1152]","B,L_img；模态独立长度","L_img由模态输入/输出决定；不是S_verify","config=None；激活/累加类型未核验","未核验","逻辑轴顺序；物理format未核验","逻辑轴顺序；物理format未核验","未评估候选","未评估候选","未评估候选","未核验","未实测","未实测","未实测","未实测","未核验","配置确认 + 数学推导；未核验完整调用链","https://huggingface.co/openbmb/MiniCPM-RobotManip/resolve/29cb257541e9f96f493abe21174f8892e5dffe3f/config.json","logical [1152,1152]","未核验","未核验","未核验","https://huggingface.co/openbmb/MiniCPM-RobotManip/resolve/29cb257541e9f96f493abe21174f8892e5dffe3f/config.json","视觉编码，Q/K/V同L_img，无文本历史KV；独立逻辑矩阵，不断言实际融合与存储","Y=X@W^T; width=heads*head_dim"
"vlm_config.vision_config/layer_22","position_and_layout","未核验","位置/布局","Q,K,V projected; B,L_img","Q:[B,16,L_img,72]; K,V:[B,16,L_img,72]","B,L_img；模态独立长度","L_img由模态输入/输出决定；不是S_verify","config=None；激活/累加类型未核验","未核验","逻辑轴顺序；物理format未核验","逻辑轴顺序；物理format未核验","未评估候选","未评估候选","未评估候选","未核验","未实测","未实测","未实测","未实测","未核验","配置确认 + 数学推导；未核验完整调用链","https://huggingface.co/openbmb/MiniCPM-RobotManip/resolve/29cb257541e9f96f493abe21174f8892e5dffe3f/config.json","未核验","未核验","未核验","未核验","https://huggingface.co/openbmb/MiniCPM-RobotManip/resolve/29cb257541e9f96f493abe21174f8892e5dffe3f/config.json","视觉编码，Q/K/V同L_img，无文本历史KV；","视觉编码，Q/K/V同L_img，无文本历史KV；位置编码与物理layout需实现核验"
"vlm_config.vision_config/layer_22","attention","未核验","attention","Q:[B,16,L_img,72];K,V:[B,16,L_img,72]","[B,16,L_img,72]","B,L_img；模态独立长度","L_img由模态输入/输出决定；不是S_verify","config=None；激活/累加类型未核验","未核验","逻辑轴顺序；物理format未核验","逻辑轴顺序；物理format未核验","未评估候选","未评估候选","未评估候选","未核验","未实测","未实测","未实测","未实测","未核验","配置确认 + 数学推导；未核验完整调用链","https://huggingface.co/openbmb/MiniCPM-RobotManip/resolve/29cb257541e9f96f493abe21174f8892e5dffe3f/config.json","未核验","未核验","未核验","未核验","https://huggingface.co/openbmb/MiniCPM-RobotManip/resolve/29cb257541e9f96f493abe21174f8892e5dffe3f/config.json","视觉编码，Q/K/V同L_img，无文本历史KV；稀疏选块/线性分支需按实现，不能据此声称稠密执行或峰值中间内存","softmax(QK^T / sqrt(head_dim) + mask)V（数学参考）"
"vlm_config.vision_config/layer_22","output_projection","未核验","GEMM","[B,L_img,1152]","[B,L_img,1152]","B,L_img；模态独立长度","L_img由模态输入/输出决定；不是S_verify","config=None；激活/累加类型未核验","未核验","逻辑轴顺序；物理format未核验","逻辑轴顺序；物理format未核验","未评估候选","未评估候选","未评估候选","未核验","未实测","未实测","未实测","未实测","未核验","配置确认 + 数学推导；未核验完整调用链","https://huggingface.co/openbmb/MiniCPM-RobotManip/resolve/29cb257541e9f96f493abe21174f8892e5dffe3f/config.json","logical [1152,1152]","未核验","未核验","未核验","https://huggingface.co/openbmb/MiniCPM-RobotManip/resolve/29cb257541e9f96f493abe21174f8892e5dffe3f/config.json","视觉编码，Q/K/V同L_img，无文本历史KV；","Y=X@W^T"
"vlm_config.vision_config/layer_22","attention_residual","未核验","elementwise","[B,L_img,1152];[B,L_img,1152]","[B,L_img,1152]","B,L_img；模态独立长度","L_img由模态输入/输出决定；不是S_verify","config=None；激活/累加类型未核验","未核验","逻辑轴顺序；物理format未核验","逻辑轴顺序；物理format未核验","未评估候选","未评估候选","未评估候选","未核验","未实测","未实测","未实测","未实测","未核验","配置确认 + 数学推导；未核验完整调用链","https://huggingface.co/openbmb/MiniCPM-RobotManip/resolve/29cb257541e9f96f493abe21174f8892e5dffe3f/config.json","未核验","未核验","未核验","未核验","https://huggingface.co/openbmb/MiniCPM-RobotManip/resolve/29cb257541e9f96f493abe21174f8892e5dffe3f/config.json","视觉编码，Q/K/V同L_img，无文本历史KV；","Y=X+branch（参考，实际残差策略未核验）"
"vlm_config.vision_config/layer_22","post_attention_normalization","未核验","norm","[B,L_img,1152]","[B,L_img,1152]","B,L_img；模态独立长度","L_img由模态输入/输出决定；不是S_verify","config=None；激活/累加类型未核验","未核验","逻辑轴顺序；物理format未核验","逻辑轴顺序；物理format未核验","未评估候选","未评估候选","未评估候选","未核验","未实测","未实测","未实测","未实测","未核验","配置确认 + 数学推导；未核验完整调用链","https://huggingface.co/openbmb/MiniCPM-RobotManip/resolve/29cb257541e9f96f493abe21174f8892e5dffe3f/config.json","未核验","未核验","未核验","未核验","https://huggingface.co/openbmb/MiniCPM-RobotManip/resolve/29cb257541e9f96f493abe21174f8892e5dffe3f/config.json","视觉编码，Q/K/V同L_img，无文本历史KV；","类型与位置待源码核验"
"vlm_config.vision_config/layer_22","FFN_up","未核验","GEMM","[B,L_img,1152]","[B,L_img,4304]","B,L_img；模态独立长度","L_img由模态输入/输出决定；不是S_verify","config=None；激活/累加类型未核验","未核验","逻辑轴顺序；物理format未核验","逻辑轴顺序；物理format未核验","未评估候选","未评估候选","未评估候选","未核验","未实测","未实测","未实测","未实测","未核验","配置确认 + 数学推导；未核验完整调用链","https://huggingface.co/openbmb/MiniCPM-RobotManip/resolve/29cb257541e9f96f493abe21174f8892e5dffe3f/config.json","logical [4304,1152]","未核验","未核验","未核验","https://huggingface.co/openbmb/MiniCPM-RobotManip/resolve/29cb257541e9f96f493abe21174f8892e5dffe3f/config.json","视觉编码，Q/K/V同L_img，无文本历史KV；","Y=X@W^T"
"vlm_config.vision_config/layer_22","FFN_activation_and_optional_gate","未核验","activation","[B,L_img,4304]","[B,L_img,4304]","B,L_img；模态独立长度","L_img由模态输入/输出决定；不是S_verify","config=None；激活/累加类型未核验","未核验","逻辑轴顺序；物理format未核验","逻辑轴顺序；物理format未核验","未评估候选","未评估候选","未评估候选","未核验","未实测","未实测","未实测","未实测","未核验","配置确认 + 数学推导；未核验完整调用链","https://huggingface.co/openbmb/MiniCPM-RobotManip/resolve/29cb257541e9f96f493abe21174f8892e5dffe3f/config.json","未核验","未核验","未核验","未核验","https://huggingface.co/openbmb/MiniCPM-RobotManip/resolve/29cb257541e9f96f493abe21174f8892e5dffe3f/config.json","视觉编码，Q/K/V同L_img，无文本历史KV；是否额外gate矩阵与门控分支维度需要实现；不能仅由silu推定完整SwiGLU","config.hidden_act=gelu_pytorch_tanh"
"vlm_config.vision_config/layer_22","FFN_down","未核验","GEMM","[B,L_img,4304]","[B,L_img,1152]","B,L_img；模态独立长度","L_img由模态输入/输出决定；不是S_verify","config=None；激活/累加类型未核验","未核验","逻辑轴顺序；物理format未核验","逻辑轴顺序；物理format未核验","未评估候选","未评估候选","未评估候选","未核验","未实测","未实测","未实测","未实测","未核验","配置确认 + 数学推导；未核验完整调用链","https://huggingface.co/openbmb/MiniCPM-RobotManip/resolve/29cb257541e9f96f493abe21174f8892e5dffe3f/config.json","logical [1152,4304]","未核验","未核验","未核验","https://huggingface.co/openbmb/MiniCPM-RobotManip/resolve/29cb257541e9f96f493abe21174f8892e5dffe3f/config.json","视觉编码，Q/K/V同L_img，无文本历史KV；","Y=X@W^T"
"vlm_config.vision_config/layer_22","FFN_residual","未核验","elementwise","[B,L_img,1152];[B,L_img,1152]","[B,L_img,1152]","B,L_img；模态独立长度","L_img由模态输入/输出决定；不是S_verify","config=None；激活/累加类型未核验","未核验","逻辑轴顺序；物理format未核验","逻辑轴顺序；物理format未核验","未评估候选","未评估候选","未评估候选","未核验","未实测","未实测","未实测","未实测","未核验","配置确认 + 数学推导；未核验完整调用链","https://huggingface.co/openbmb/MiniCPM-RobotManip/resolve/29cb257541e9f96f493abe21174f8892e5dffe3f/config.json","未核验","未核验","未核验","未核验","https://huggingface.co/openbmb/MiniCPM-RobotManip/resolve/29cb257541e9f96f493abe21174f8892e5dffe3f/config.json","视觉编码，Q/K/V同L_img，无文本历史KV；","Y=X+branch（参考，实际残差策略未核验）"
"vlm_config.vision_config/layer_23","input_normalization","未核验","norm","[B,L_img,1152]","[B,L_img,1152]","B,L_img；模态独立长度","L_img由模态输入/输出决定；不是S_verify","config=None；激活/累加类型未核验","未核验","逻辑轴顺序；物理format未核验","逻辑轴顺序；物理format未核验","未评估候选","未评估候选","未评估候选","未核验","未实测","未实测","未实测","未实测","未核验","配置确认 + 数学推导；未核验完整调用链","https://huggingface.co/openbmb/MiniCPM-RobotManip/resolve/29cb257541e9f96f493abe21174f8892e5dffe3f/config.json","未核验","未核验","未核验","未核验","https://huggingface.co/openbmb/MiniCPM-RobotManip/resolve/29cb257541e9f96f493abe21174f8892e5dffe3f/config.json","视觉编码，Q/K/V同L_img，无文本历史KV；","归一化类型/先后顺序待实现核验"
"vlm_config.vision_config/layer_23","q_projection","未核验","GEMM","[B,L_img,1152]","[B,L_img,1152]","B,L_img；模态独立长度","L_img由模态输入/输出决定；不是S_verify","config=None；激活/累加类型未核验","未核验","逻辑轴顺序；物理format未核验","逻辑轴顺序；物理format未核验","未评估候选","未评估候选","未评估候选","未核验","未实测","未实测","未实测","未实测","未核验","配置确认 + 数学推导；未核验完整调用链","https://huggingface.co/openbmb/MiniCPM-RobotManip/resolve/29cb257541e9f96f493abe21174f8892e5dffe3f/config.json","logical [1152,1152]","未核验","未核验","未核验","https://huggingface.co/openbmb/MiniCPM-RobotManip/resolve/29cb257541e9f96f493abe21174f8892e5dffe3f/config.json","视觉编码，Q/K/V同L_img，无文本历史KV；独立逻辑矩阵，不断言实际融合与存储","Y=X@W^T; width=heads*head_dim"
"vlm_config.vision_config/layer_23","k_projection","未核验","GEMM","[B,L_img,1152]","[B,L_img,1152]","B,L_img；模态独立长度","L_img由模态输入/输出决定；不是S_verify","config=None；激活/累加类型未核验","未核验","逻辑轴顺序；物理format未核验","逻辑轴顺序；物理format未核验","未评估候选","未评估候选","未评估候选","未核验","未实测","未实测","未实测","未实测","未核验","配置确认 + 数学推导；未核验完整调用链","https://huggingface.co/openbmb/MiniCPM-RobotManip/resolve/29cb257541e9f96f493abe21174f8892e5dffe3f/config.json","logical [1152,1152]","未核验","未核验","未核验","https://huggingface.co/openbmb/MiniCPM-RobotManip/resolve/29cb257541e9f96f493abe21174f8892e5dffe3f/config.json","视觉编码，Q/K/V同L_img，无文本历史KV；独立逻辑矩阵，不断言实际融合与存储","Y=X@W^T; width=heads*head_dim"
"vlm_config.vision_config/layer_23","v_projection","未核验","GEMM","[B,L_img,1152]","[B,L_img,1152]","B,L_img；模态独立长度","L_img由模态输入/输出决定；不是S_verify","config=None；激活/累加类型未核验","未核验","逻辑轴顺序；物理format未核验","逻辑轴顺序；物理format未核验","未评估候选","未评估候选","未评估候选","未核验","未实测","未实测","未实测","未实测","未核验","配置确认 + 数学推导；未核验完整调用链","https://huggingface.co/openbmb/MiniCPM-RobotManip/resolve/29cb257541e9f96f493abe21174f8892e5dffe3f/config.json","logical [1152,1152]","未核验","未核验","未核验","https://huggingface.co/openbmb/MiniCPM-RobotManip/resolve/29cb257541e9f96f493abe21174f8892e5dffe3f/config.json","视觉编码，Q/K/V同L_img，无文本历史KV；独立逻辑矩阵，不断言实际融合与存储","Y=X@W^T; width=heads*head_dim"
"vlm_config.vision_config/layer_23","position_and_layout","未核验","位置/布局","Q,K,V projected; B,L_img","Q:[B,16,L_img,72]; K,V:[B,16,L_img,72]","B,L_img；模态独立长度","L_img由模态输入/输出决定；不是S_verify","config=None；激活/累加类型未核验","未核验","逻辑轴顺序；物理format未核验","逻辑轴顺序；物理format未核验","未评估候选","未评估候选","未评估候选","未核验","未实测","未实测","未实测","未实测","未核验","配置确认 + 数学推导；未核验完整调用链","https://huggingface.co/openbmb/MiniCPM-RobotManip/resolve/29cb257541e9f96f493abe21174f8892e5dffe3f/config.json","未核验","未核验","未核验","未核验","https://huggingface.co/openbmb/MiniCPM-RobotManip/resolve/29cb257541e9f96f493abe21174f8892e5dffe3f/config.json","视觉编码，Q/K/V同L_img，无文本历史KV；","视觉编码，Q/K/V同L_img，无文本历史KV；位置编码与物理layout需实现核验"
"vlm_config.vision_config/layer_23","attention","未核验","attention","Q:[B,16,L_img,72];K,V:[B,16,L_img,72]","[B,16,L_img,72]","B,L_img；模态独立长度","L_img由模态输入/输出决定；不是S_verify","config=None；激活/累加类型未核验","未核验","逻辑轴顺序；物理format未核验","逻辑轴顺序；物理format未核验","未评估候选","未评估候选","未评估候选","未核验","未实测","未实测","未实测","未实测","未核验","配置确认 + 数学推导；未核验完整调用链","https://huggingface.co/openbmb/MiniCPM-RobotManip/resolve/29cb257541e9f96f493abe21174f8892e5dffe3f/config.json","未核验","未核验","未核验","未核验","https://huggingface.co/openbmb/MiniCPM-RobotManip/resolve/29cb257541e9f96f493abe21174f8892e5dffe3f/config.json","视觉编码，Q/K/V同L_img，无文本历史KV；稀疏选块/线性分支需按实现，不能据此声称稠密执行或峰值中间内存","softmax(QK^T / sqrt(head_dim) + mask)V（数学参考）"
"vlm_config.vision_config/layer_23","output_projection","未核验","GEMM","[B,L_img,1152]","[B,L_img,1152]","B,L_img；模态独立长度","L_img由模态输入/输出决定；不是S_verify","config=None；激活/累加类型未核验","未核验","逻辑轴顺序；物理format未核验","逻辑轴顺序；物理format未核验","未评估候选","未评估候选","未评估候选","未核验","未实测","未实测","未实测","未实测","未核验","配置确认 + 数学推导；未核验完整调用链","https://huggingface.co/openbmb/MiniCPM-RobotManip/resolve/29cb257541e9f96f493abe21174f8892e5dffe3f/config.json","logical [1152,1152]","未核验","未核验","未核验","https://huggingface.co/openbmb/MiniCPM-RobotManip/resolve/29cb257541e9f96f493abe21174f8892e5dffe3f/config.json","视觉编码，Q/K/V同L_img，无文本历史KV；","Y=X@W^T"
"vlm_config.vision_config/layer_23","attention_residual","未核验","elementwise","[B,L_img,1152];[B,L_img,1152]","[B,L_img,1152]","B,L_img；模态独立长度","L_img由模态输入/输出决定；不是S_verify","config=None；激活/累加类型未核验","未核验","逻辑轴顺序；物理format未核验","逻辑轴顺序；物理format未核验","未评估候选","未评估候选","未评估候选","未核验","未实测","未实测","未实测","未实测","未核验","配置确认 + 数学推导；未核验完整调用链","https://huggingface.co/openbmb/MiniCPM-RobotManip/resolve/29cb257541e9f96f493abe21174f8892e5dffe3f/config.json","未核验","未核验","未核验","未核验","https://huggingface.co/openbmb/MiniCPM-RobotManip/resolve/29cb257541e9f96f493abe21174f8892e5dffe3f/config.json","视觉编码，Q/K/V同L_img，无文本历史KV；","Y=X+branch（参考，实际残差策略未核验）"
"vlm_config.vision_config/layer_23","post_attention_normalization","未核验","norm","[B,L_img,1152]","[B,L_img,1152]","B,L_img；模态独立长度","L_img由模态输入/输出决定；不是S_verify","config=None；激活/累加类型未核验","未核验","逻辑轴顺序；物理format未核验","逻辑轴顺序；物理format未核验","未评估候选","未评估候选","未评估候选","未核验","未实测","未实测","未实测","未实测","未核验","配置确认 + 数学推导；未核验完整调用链","https://huggingface.co/openbmb/MiniCPM-RobotManip/resolve/29cb257541e9f96f493abe21174f8892e5dffe3f/config.json","未核验","未核验","未核验","未核验","https://huggingface.co/openbmb/MiniCPM-RobotManip/resolve/29cb257541e9f96f493abe21174f8892e5dffe3f/config.json","视觉编码，Q/K/V同L_img，无文本历史KV；","类型与位置待源码核验"
"vlm_config.vision_config/layer_23","FFN_up","未核验","GEMM","[B,L_img,1152]","[B,L_img,4304]","B,L_img；模态独立长度","L_img由模态输入/输出决定；不是S_verify","config=None；激活/累加类型未核验","未核验","逻辑轴顺序；物理format未核验","逻辑轴顺序；物理format未核验","未评估候选","未评估候选","未评估候选","未核验","未实测","未实测","未实测","未实测","未核验","配置确认 + 数学推导；未核验完整调用链","https://huggingface.co/openbmb/MiniCPM-RobotManip/resolve/29cb257541e9f96f493abe21174f8892e5dffe3f/config.json","logical [4304,1152]","未核验","未核验","未核验","https://huggingface.co/openbmb/MiniCPM-RobotManip/resolve/29cb257541e9f96f493abe21174f8892e5dffe3f/config.json","视觉编码，Q/K/V同L_img，无文本历史KV；","Y=X@W^T"
"vlm_config.vision_config/layer_23","FFN_activation_and_optional_gate","未核验","activation","[B,L_img,4304]","[B,L_img,4304]","B,L_img；模态独立长度","L_img由模态输入/输出决定；不是S_verify","config=None；激活/累加类型未核验","未核验","逻辑轴顺序；物理format未核验","逻辑轴顺序；物理format未核验","未评估候选","未评估候选","未评估候选","未核验","未实测","未实测","未实测","未实测","未核验","配置确认 + 数学推导；未核验完整调用链","https://huggingface.co/openbmb/MiniCPM-RobotManip/resolve/29cb257541e9f96f493abe21174f8892e5dffe3f/config.json","未核验","未核验","未核验","未核验","https://huggingface.co/openbmb/MiniCPM-RobotManip/resolve/29cb257541e9f96f493abe21174f8892e5dffe3f/config.json","视觉编码，Q/K/V同L_img，无文本历史KV；是否额外gate矩阵与门控分支维度需要实现；不能仅由silu推定完整SwiGLU","config.hidden_act=gelu_pytorch_tanh"
"vlm_config.vision_config/layer_23","FFN_down","未核验","GEMM","[B,L_img,4304]","[B,L_img,1152]","B,L_img；模态独立长度","L_img由模态输入/输出决定；不是S_verify","config=None；激活/累加类型未核验","未核验","逻辑轴顺序；物理format未核验","逻辑轴顺序；物理format未核验","未评估候选","未评估候选","未评估候选","未核验","未实测","未实测","未实测","未实测","未核验","配置确认 + 数学推导；未核验完整调用链","https://huggingface.co/openbmb/MiniCPM-RobotManip/resolve/29cb257541e9f96f493abe21174f8892e5dffe3f/config.json","logical [1152,4304]","未核验","未核验","未核验","https://huggingface.co/openbmb/MiniCPM-RobotManip/resolve/29cb257541e9f96f493abe21174f8892e5dffe3f/config.json","视觉编码，Q/K/V同L_img，无文本历史KV；","Y=X@W^T"
"vlm_config.vision_config/layer_23","FFN_residual","未核验","elementwise","[B,L_img,1152];[B,L_img,1152]","[B,L_img,1152]","B,L_img；模态独立长度","L_img由模态输入/输出决定；不是S_verify","config=None；激活/累加类型未核验","未核验","逻辑轴顺序；物理format未核验","逻辑轴顺序；物理format未核验","未评估候选","未评估候选","未评估候选","未核验","未实测","未实测","未实测","未实测","未核验","配置确认 + 数学推导；未核验完整调用链","https://huggingface.co/openbmb/MiniCPM-RobotManip/resolve/29cb257541e9f96f493abe21174f8892e5dffe3f/config.json","未核验","未核验","未核验","未核验","https://huggingface.co/openbmb/MiniCPM-RobotManip/resolve/29cb257541e9f96f493abe21174f8892e5dffe3f/config.json","视觉编码，Q/K/V同L_img，无文本历史KV；","Y=X+branch（参考，实际残差策略未核验）"
"vlm_config.vision_config/layer_24","input_normalization","未核验","norm","[B,L_img,1152]","[B,L_img,1152]","B,L_img；模态独立长度","L_img由模态输入/输出决定；不是S_verify","config=None；激活/累加类型未核验","未核验","逻辑轴顺序；物理format未核验","逻辑轴顺序；物理format未核验","未评估候选","未评估候选","未评估候选","未核验","未实测","未实测","未实测","未实测","未核验","配置确认 + 数学推导；未核验完整调用链","https://huggingface.co/openbmb/MiniCPM-RobotManip/resolve/29cb257541e9f96f493abe21174f8892e5dffe3f/config.json","未核验","未核验","未核验","未核验","https://huggingface.co/openbmb/MiniCPM-RobotManip/resolve/29cb257541e9f96f493abe21174f8892e5dffe3f/config.json","视觉编码，Q/K/V同L_img，无文本历史KV；","归一化类型/先后顺序待实现核验"
"vlm_config.vision_config/layer_24","q_projection","未核验","GEMM","[B,L_img,1152]","[B,L_img,1152]","B,L_img；模态独立长度","L_img由模态输入/输出决定；不是S_verify","config=None；激活/累加类型未核验","未核验","逻辑轴顺序；物理format未核验","逻辑轴顺序；物理format未核验","未评估候选","未评估候选","未评估候选","未核验","未实测","未实测","未实测","未实测","未核验","配置确认 + 数学推导；未核验完整调用链","https://huggingface.co/openbmb/MiniCPM-RobotManip/resolve/29cb257541e9f96f493abe21174f8892e5dffe3f/config.json","logical [1152,1152]","未核验","未核验","未核验","https://huggingface.co/openbmb/MiniCPM-RobotManip/resolve/29cb257541e9f96f493abe21174f8892e5dffe3f/config.json","视觉编码，Q/K/V同L_img，无文本历史KV；独立逻辑矩阵，不断言实际融合与存储","Y=X@W^T; width=heads*head_dim"
"vlm_config.vision_config/layer_24","k_projection","未核验","GEMM","[B,L_img,1152]","[B,L_img,1152]","B,L_img；模态独立长度","L_img由模态输入/输出决定；不是S_verify","config=None；激活/累加类型未核验","未核验","逻辑轴顺序；物理format未核验","逻辑轴顺序；物理format未核验","未评估候选","未评估候选","未评估候选","未核验","未实测","未实测","未实测","未实测","未核验","配置确认 + 数学推导；未核验完整调用链","https://huggingface.co/openbmb/MiniCPM-RobotManip/resolve/29cb257541e9f96f493abe21174f8892e5dffe3f/config.json","logical [1152,1152]","未核验","未核验","未核验","https://huggingface.co/openbmb/MiniCPM-RobotManip/resolve/29cb257541e9f96f493abe21174f8892e5dffe3f/config.json","视觉编码，Q/K/V同L_img，无文本历史KV；独立逻辑矩阵，不断言实际融合与存储","Y=X@W^T; width=heads*head_dim"
"vlm_config.vision_config/layer_24","v_projection","未核验","GEMM","[B,L_img,1152]","[B,L_img,1152]","B,L_img；模态独立长度","L_img由模态输入/输出决定；不是S_verify","config=None；激活/累加类型未核验","未核验","逻辑轴顺序；物理format未核验","逻辑轴顺序；物理format未核验","未评估候选","未评估候选","未评估候选","未核验","未实测","未实测","未实测","未实测","未核验","配置确认 + 数学推导；未核验完整调用链","https://huggingface.co/openbmb/MiniCPM-RobotManip/resolve/29cb257541e9f96f493abe21174f8892e5dffe3f/config.json","logical [1152,1152]","未核验","未核验","未核验","https://huggingface.co/openbmb/MiniCPM-RobotManip/resolve/29cb257541e9f96f493abe21174f8892e5dffe3f/config.json","视觉编码，Q/K/V同L_img，无文本历史KV；独立逻辑矩阵，不断言实际融合与存储","Y=X@W^T; width=heads*head_dim"
"vlm_config.vision_config/layer_24","position_and_layout","未核验","位置/布局","Q,K,V projected; B,L_img","Q:[B,16,L_img,72]; K,V:[B,16,L_img,72]","B,L_img；模态独立长度","L_img由模态输入/输出决定；不是S_verify","config=None；激活/累加类型未核验","未核验","逻辑轴顺序；物理format未核验","逻辑轴顺序；物理format未核验","未评估候选","未评估候选","未评估候选","未核验","未实测","未实测","未实测","未实测","未核验","配置确认 + 数学推导；未核验完整调用链","https://huggingface.co/openbmb/MiniCPM-RobotManip/resolve/29cb257541e9f96f493abe21174f8892e5dffe3f/config.json","未核验","未核验","未核验","未核验","https://huggingface.co/openbmb/MiniCPM-RobotManip/resolve/29cb257541e9f96f493abe21174f8892e5dffe3f/config.json","视觉编码，Q/K/V同L_img，无文本历史KV；","视觉编码，Q/K/V同L_img，无文本历史KV；位置编码与物理layout需实现核验"
"vlm_config.vision_config/layer_24","attention","未核验","attention","Q:[B,16,L_img,72];K,V:[B,16,L_img,72]","[B,16,L_img,72]","B,L_img；模态独立长度","L_img由模态输入/输出决定；不是S_verify","config=None；激活/累加类型未核验","未核验","逻辑轴顺序；物理format未核验","逻辑轴顺序；物理format未核验","未评估候选","未评估候选","未评估候选","未核验","未实测","未实测","未实测","未实测","未核验","配置确认 + 数学推导；未核验完整调用链","https://huggingface.co/openbmb/MiniCPM-RobotManip/resolve/29cb257541e9f96f493abe21174f8892e5dffe3f/config.json","未核验","未核验","未核验","未核验","https://huggingface.co/openbmb/MiniCPM-RobotManip/resolve/29cb257541e9f96f493abe21174f8892e5dffe3f/config.json","视觉编码，Q/K/V同L_img，无文本历史KV；稀疏选块/线性分支需按实现，不能据此声称稠密执行或峰值中间内存","softmax(QK^T / sqrt(head_dim) + mask)V（数学参考）"
"vlm_config.vision_config/layer_24","output_projection","未核验","GEMM","[B,L_img,1152]","[B,L_img,1152]","B,L_img；模态独立长度","L_img由模态输入/输出决定；不是S_verify","config=None；激活/累加类型未核验","未核验","逻辑轴顺序；物理format未核验","逻辑轴顺序；物理format未核验","未评估候选","未评估候选","未评估候选","未核验","未实测","未实测","未实测","未实测","未核验","配置确认 + 数学推导；未核验完整调用链","https://huggingface.co/openbmb/MiniCPM-RobotManip/resolve/29cb257541e9f96f493abe21174f8892e5dffe3f/config.json","logical [1152,1152]","未核验","未核验","未核验","https://huggingface.co/openbmb/MiniCPM-RobotManip/resolve/29cb257541e9f96f493abe21174f8892e5dffe3f/config.json","视觉编码，Q/K/V同L_img，无文本历史KV；","Y=X@W^T"
"vlm_config.vision_config/layer_24","attention_residual","未核验","elementwise","[B,L_img,1152];[B,L_img,1152]","[B,L_img,1152]","B,L_img；模态独立长度","L_img由模态输入/输出决定；不是S_verify","config=None；激活/累加类型未核验","未核验","逻辑轴顺序；物理format未核验","逻辑轴顺序；物理format未核验","未评估候选","未评估候选","未评估候选","未核验","未实测","未实测","未实测","未实测","未核验","配置确认 + 数学推导；未核验完整调用链","https://huggingface.co/openbmb/MiniCPM-RobotManip/resolve/29cb257541e9f96f493abe21174f8892e5dffe3f/config.json","未核验","未核验","未核验","未核验","https://huggingface.co/openbmb/MiniCPM-RobotManip/resolve/29cb257541e9f96f493abe21174f8892e5dffe3f/config.json","视觉编码，Q/K/V同L_img，无文本历史KV；","Y=X+branch（参考，实际残差策略未核验）"
"vlm_config.vision_config/layer_24","post_attention_normalization","未核验","norm","[B,L_img,1152]","[B,L_img,1152]","B,L_img；模态独立长度","L_img由模态输入/输出决定；不是S_verify","config=None；激活/累加类型未核验","未核验","逻辑轴顺序；物理format未核验","逻辑轴顺序；物理format未核验","未评估候选","未评估候选","未评估候选","未核验","未实测","未实测","未实测","未实测","未核验","配置确认 + 数学推导；未核验完整调用链","https://huggingface.co/openbmb/MiniCPM-RobotManip/resolve/29cb257541e9f96f493abe21174f8892e5dffe3f/config.json","未核验","未核验","未核验","未核验","https://huggingface.co/openbmb/MiniCPM-RobotManip/resolve/29cb257541e9f96f493abe21174f8892e5dffe3f/config.json","视觉编码，Q/K/V同L_img，无文本历史KV；","类型与位置待源码核验"
"vlm_config.vision_config/layer_24","FFN_up","未核验","GEMM","[B,L_img,1152]","[B,L_img,4304]","B,L_img；模态独立长度","L_img由模态输入/输出决定；不是S_verify","config=None；激活/累加类型未核验","未核验","逻辑轴顺序；物理format未核验","逻辑轴顺序；物理format未核验","未评估候选","未评估候选","未评估候选","未核验","未实测","未实测","未实测","未实测","未核验","配置确认 + 数学推导；未核验完整调用链","https://huggingface.co/openbmb/MiniCPM-RobotManip/resolve/29cb257541e9f96f493abe21174f8892e5dffe3f/config.json","logical [4304,1152]","未核验","未核验","未核验","https://huggingface.co/openbmb/MiniCPM-RobotManip/resolve/29cb257541e9f96f493abe21174f8892e5dffe3f/config.json","视觉编码，Q/K/V同L_img，无文本历史KV；","Y=X@W^T"
"vlm_config.vision_config/layer_24","FFN_activation_and_optional_gate","未核验","activation","[B,L_img,4304]","[B,L_img,4304]","B,L_img；模态独立长度","L_img由模态输入/输出决定；不是S_verify","config=None；激活/累加类型未核验","未核验","逻辑轴顺序；物理format未核验","逻辑轴顺序；物理format未核验","未评估候选","未评估候选","未评估候选","未核验","未实测","未实测","未实测","未实测","未核验","配置确认 + 数学推导；未核验完整调用链","https://huggingface.co/openbmb/MiniCPM-RobotManip/resolve/29cb257541e9f96f493abe21174f8892e5dffe3f/config.json","未核验","未核验","未核验","未核验","https://huggingface.co/openbmb/MiniCPM-RobotManip/resolve/29cb257541e9f96f493abe21174f8892e5dffe3f/config.json","视觉编码，Q/K/V同L_img，无文本历史KV；是否额外gate矩阵与门控分支维度需要实现；不能仅由silu推定完整SwiGLU","config.hidden_act=gelu_pytorch_tanh"
"vlm_config.vision_config/layer_24","FFN_down","未核验","GEMM","[B,L_img,4304]","[B,L_img,1152]","B,L_img；模态独立长度","L_img由模态输入/输出决定；不是S_verify","config=None；激活/累加类型未核验","未核验","逻辑轴顺序；物理format未核验","逻辑轴顺序；物理format未核验","未评估候选","未评估候选","未评估候选","未核验","未实测","未实测","未实测","未实测","未核验","配置确认 + 数学推导；未核验完整调用链","https://huggingface.co/openbmb/MiniCPM-RobotManip/resolve/29cb257541e9f96f493abe21174f8892e5dffe3f/config.json","logical [1152,4304]","未核验","未核验","未核验","https://huggingface.co/openbmb/MiniCPM-RobotManip/resolve/29cb257541e9f96f493abe21174f8892e5dffe3f/config.json","视觉编码，Q/K/V同L_img，无文本历史KV；","Y=X@W^T"
"vlm_config.vision_config/layer_24","FFN_residual","未核验","elementwise","[B,L_img,1152];[B,L_img,1152]","[B,L_img,1152]","B,L_img；模态独立长度","L_img由模态输入/输出决定；不是S_verify","config=None；激活/累加类型未核验","未核验","逻辑轴顺序；物理format未核验","逻辑轴顺序；物理format未核验","未评估候选","未评估候选","未评估候选","未核验","未实测","未实测","未实测","未实测","未核验","配置确认 + 数学推导；未核验完整调用链","https://huggingface.co/openbmb/MiniCPM-RobotManip/resolve/29cb257541e9f96f493abe21174f8892e5dffe3f/config.json","未核验","未核验","未核验","未核验","https://huggingface.co/openbmb/MiniCPM-RobotManip/resolve/29cb257541e9f96f493abe21174f8892e5dffe3f/config.json","视觉编码，Q/K/V同L_img，无文本历史KV；","Y=X+branch（参考，实际残差策略未核验）"
"vlm_config.vision_config/layer_25","input_normalization","未核验","norm","[B,L_img,1152]","[B,L_img,1152]","B,L_img；模态独立长度","L_img由模态输入/输出决定；不是S_verify","config=None；激活/累加类型未核验","未核验","逻辑轴顺序；物理format未核验","逻辑轴顺序；物理format未核验","未评估候选","未评估候选","未评估候选","未核验","未实测","未实测","未实测","未实测","未核验","配置确认 + 数学推导；未核验完整调用链","https://huggingface.co/openbmb/MiniCPM-RobotManip/resolve/29cb257541e9f96f493abe21174f8892e5dffe3f/config.json","未核验","未核验","未核验","未核验","https://huggingface.co/openbmb/MiniCPM-RobotManip/resolve/29cb257541e9f96f493abe21174f8892e5dffe3f/config.json","视觉编码，Q/K/V同L_img，无文本历史KV；","归一化类型/先后顺序待实现核验"
"vlm_config.vision_config/layer_25","q_projection","未核验","GEMM","[B,L_img,1152]","[B,L_img,1152]","B,L_img；模态独立长度","L_img由模态输入/输出决定；不是S_verify","config=None；激活/累加类型未核验","未核验","逻辑轴顺序；物理format未核验","逻辑轴顺序；物理format未核验","未评估候选","未评估候选","未评估候选","未核验","未实测","未实测","未实测","未实测","未核验","配置确认 + 数学推导；未核验完整调用链","https://huggingface.co/openbmb/MiniCPM-RobotManip/resolve/29cb257541e9f96f493abe21174f8892e5dffe3f/config.json","logical [1152,1152]","未核验","未核验","未核验","https://huggingface.co/openbmb/MiniCPM-RobotManip/resolve/29cb257541e9f96f493abe21174f8892e5dffe3f/config.json","视觉编码，Q/K/V同L_img，无文本历史KV；独立逻辑矩阵，不断言实际融合与存储","Y=X@W^T; width=heads*head_dim"
"vlm_config.vision_config/layer_25","k_projection","未核验","GEMM","[B,L_img,1152]","[B,L_img,1152]","B,L_img；模态独立长度","L_img由模态输入/输出决定；不是S_verify","config=None；激活/累加类型未核验","未核验","逻辑轴顺序；物理format未核验","逻辑轴顺序；物理format未核验","未评估候选","未评估候选","未评估候选","未核验","未实测","未实测","未实测","未实测","未核验","配置确认 + 数学推导；未核验完整调用链","https://huggingface.co/openbmb/MiniCPM-RobotManip/resolve/29cb257541e9f96f493abe21174f8892e5dffe3f/config.json","logical [1152,1152]","未核验","未核验","未核验","https://huggingface.co/openbmb/MiniCPM-RobotManip/resolve/29cb257541e9f96f493abe21174f8892e5dffe3f/config.json","视觉编码，Q/K/V同L_img，无文本历史KV；独立逻辑矩阵，不断言实际融合与存储","Y=X@W^T; width=heads*head_dim"
"vlm_config.vision_config/layer_25","v_projection","未核验","GEMM","[B,L_img,1152]","[B,L_img,1152]","B,L_img；模态独立长度","L_img由模态输入/输出决定；不是S_verify","config=None；激活/累加类型未核验","未核验","逻辑轴顺序；物理format未核验","逻辑轴顺序；物理format未核验","未评估候选","未评估候选","未评估候选","未核验","未实测","未实测","未实测","未实测","未核验","配置确认 + 数学推导；未核验完整调用链","https://huggingface.co/openbmb/MiniCPM-RobotManip/resolve/29cb257541e9f96f493abe21174f8892e5dffe3f/config.json","logical [1152,1152]","未核验","未核验","未核验","https://huggingface.co/openbmb/MiniCPM-RobotManip/resolve/29cb257541e9f96f493abe21174f8892e5dffe3f/config.json","视觉编码，Q/K/V同L_img，无文本历史KV；独立逻辑矩阵，不断言实际融合与存储","Y=X@W^T; width=heads*head_dim"
"vlm_config.vision_config/layer_25","position_and_layout","未核验","位置/布局","Q,K,V projected; B,L_img","Q:[B,16,L_img,72]; K,V:[B,16,L_img,72]","B,L_img；模态独立长度","L_img由模态输入/输出决定；不是S_verify","config=None；激活/累加类型未核验","未核验","逻辑轴顺序；物理format未核验","逻辑轴顺序；物理format未核验","未评估候选","未评估候选","未评估候选","未核验","未实测","未实测","未实测","未实测","未核验","配置确认 + 数学推导；未核验完整调用链","https://huggingface.co/openbmb/MiniCPM-RobotManip/resolve/29cb257541e9f96f493abe21174f8892e5dffe3f/config.json","未核验","未核验","未核验","未核验","https://huggingface.co/openbmb/MiniCPM-RobotManip/resolve/29cb257541e9f96f493abe21174f8892e5dffe3f/config.json","视觉编码，Q/K/V同L_img，无文本历史KV；","视觉编码，Q/K/V同L_img，无文本历史KV；位置编码与物理layout需实现核验"
"vlm_config.vision_config/layer_25","attention","未核验","attention","Q:[B,16,L_img,72];K,V:[B,16,L_img,72]","[B,16,L_img,72]","B,L_img；模态独立长度","L_img由模态输入/输出决定；不是S_verify","config=None；激活/累加类型未核验","未核验","逻辑轴顺序；物理format未核验","逻辑轴顺序；物理format未核验","未评估候选","未评估候选","未评估候选","未核验","未实测","未实测","未实测","未实测","未核验","配置确认 + 数学推导；未核验完整调用链","https://huggingface.co/openbmb/MiniCPM-RobotManip/resolve/29cb257541e9f96f493abe21174f8892e5dffe3f/config.json","未核验","未核验","未核验","未核验","https://huggingface.co/openbmb/MiniCPM-RobotManip/resolve/29cb257541e9f96f493abe21174f8892e5dffe3f/config.json","视觉编码，Q/K/V同L_img，无文本历史KV；稀疏选块/线性分支需按实现，不能据此声称稠密执行或峰值中间内存","softmax(QK^T / sqrt(head_dim) + mask)V（数学参考）"
"vlm_config.vision_config/layer_25","output_projection","未核验","GEMM","[B,L_img,1152]","[B,L_img,1152]","B,L_img；模态独立长度","L_img由模态输入/输出决定；不是S_verify","config=None；激活/累加类型未核验","未核验","逻辑轴顺序；物理format未核验","逻辑轴顺序；物理format未核验","未评估候选","未评估候选","未评估候选","未核验","未实测","未实测","未实测","未实测","未核验","配置确认 + 数学推导；未核验完整调用链","https://huggingface.co/openbmb/MiniCPM-RobotManip/resolve/29cb257541e9f96f493abe21174f8892e5dffe3f/config.json","logical [1152,1152]","未核验","未核验","未核验","https://huggingface.co/openbmb/MiniCPM-RobotManip/resolve/29cb257541e9f96f493abe21174f8892e5dffe3f/config.json","视觉编码，Q/K/V同L_img，无文本历史KV；","Y=X@W^T"
"vlm_config.vision_config/layer_25","attention_residual","未核验","elementwise","[B,L_img,1152];[B,L_img,1152]","[B,L_img,1152]","B,L_img；模态独立长度","L_img由模态输入/输出决定；不是S_verify","config=None；激活/累加类型未核验","未核验","逻辑轴顺序；物理format未核验","逻辑轴顺序；物理format未核验","未评估候选","未评估候选","未评估候选","未核验","未实测","未实测","未实测","未实测","未核验","配置确认 + 数学推导；未核验完整调用链","https://huggingface.co/openbmb/MiniCPM-RobotManip/resolve/29cb257541e9f96f493abe21174f8892e5dffe3f/config.json","未核验","未核验","未核验","未核验","https://huggingface.co/openbmb/MiniCPM-RobotManip/resolve/29cb257541e9f96f493abe21174f8892e5dffe3f/config.json","视觉编码，Q/K/V同L_img，无文本历史KV；","Y=X+branch（参考，实际残差策略未核验）"
"vlm_config.vision_config/layer_25","post_attention_normalization","未核验","norm","[B,L_img,1152]","[B,L_img,1152]","B,L_img；模态独立长度","L_img由模态输入/输出决定；不是S_verify","config=None；激活/累加类型未核验","未核验","逻辑轴顺序；物理format未核验","逻辑轴顺序；物理format未核验","未评估候选","未评估候选","未评估候选","未核验","未实测","未实测","未实测","未实测","未核验","配置确认 + 数学推导；未核验完整调用链","https://huggingface.co/openbmb/MiniCPM-RobotManip/resolve/29cb257541e9f96f493abe21174f8892e5dffe3f/config.json","未核验","未核验","未核验","未核验","https://huggingface.co/openbmb/MiniCPM-RobotManip/resolve/29cb257541e9f96f493abe21174f8892e5dffe3f/config.json","视觉编码，Q/K/V同L_img，无文本历史KV；","类型与位置待源码核验"
"vlm_config.vision_config/layer_25","FFN_up","未核验","GEMM","[B,L_img,1152]","[B,L_img,4304]","B,L_img；模态独立长度","L_img由模态输入/输出决定；不是S_verify","config=None；激活/累加类型未核验","未核验","逻辑轴顺序；物理format未核验","逻辑轴顺序；物理format未核验","未评估候选","未评估候选","未评估候选","未核验","未实测","未实测","未实测","未实测","未核验","配置确认 + 数学推导；未核验完整调用链","https://huggingface.co/openbmb/MiniCPM-RobotManip/resolve/29cb257541e9f96f493abe21174f8892e5dffe3f/config.json","logical [4304,1152]","未核验","未核验","未核验","https://huggingface.co/openbmb/MiniCPM-RobotManip/resolve/29cb257541e9f96f493abe21174f8892e5dffe3f/config.json","视觉编码，Q/K/V同L_img，无文本历史KV；","Y=X@W^T"
"vlm_config.vision_config/layer_25","FFN_activation_and_optional_gate","未核验","activation","[B,L_img,4304]","[B,L_img,4304]","B,L_img；模态独立长度","L_img由模态输入/输出决定；不是S_verify","config=None；激活/累加类型未核验","未核验","逻辑轴顺序；物理format未核验","逻辑轴顺序；物理format未核验","未评估候选","未评估候选","未评估候选","未核验","未实测","未实测","未实测","未实测","未核验","配置确认 + 数学推导；未核验完整调用链","https://huggingface.co/openbmb/MiniCPM-RobotManip/resolve/29cb257541e9f96f493abe21174f8892e5dffe3f/config.json","未核验","未核验","未核验","未核验","https://huggingface.co/openbmb/MiniCPM-RobotManip/resolve/29cb257541e9f96f493abe21174f8892e5dffe3f/config.json","视觉编码，Q/K/V同L_img，无文本历史KV；是否额外gate矩阵与门控分支维度需要实现；不能仅由silu推定完整SwiGLU","config.hidden_act=gelu_pytorch_tanh"
"vlm_config.vision_config/layer_25","FFN_down","未核验","GEMM","[B,L_img,4304]","[B,L_img,1152]","B,L_img；模态独立长度","L_img由模态输入/输出决定；不是S_verify","config=None；激活/累加类型未核验","未核验","逻辑轴顺序；物理format未核验","逻辑轴顺序；物理format未核验","未评估候选","未评估候选","未评估候选","未核验","未实测","未实测","未实测","未实测","未核验","配置确认 + 数学推导；未核验完整调用链","https://huggingface.co/openbmb/MiniCPM-RobotManip/resolve/29cb257541e9f96f493abe21174f8892e5dffe3f/config.json","logical [1152,4304]","未核验","未核验","未核验","https://huggingface.co/openbmb/MiniCPM-RobotManip/resolve/29cb257541e9f96f493abe21174f8892e5dffe3f/config.json","视觉编码，Q/K/V同L_img，无文本历史KV；","Y=X@W^T"
"vlm_config.vision_config/layer_25","FFN_residual","未核验","elementwise","[B,L_img,1152];[B,L_img,1152]","[B,L_img,1152]","B,L_img；模态独立长度","L_img由模态输入/输出决定；不是S_verify","config=None；激活/累加类型未核验","未核验","逻辑轴顺序；物理format未核验","逻辑轴顺序；物理format未核验","未评估候选","未评估候选","未评估候选","未核验","未实测","未实测","未实测","未实测","未核验","配置确认 + 数学推导；未核验完整调用链","https://huggingface.co/openbmb/MiniCPM-RobotManip/resolve/29cb257541e9f96f493abe21174f8892e5dffe3f/config.json","未核验","未核验","未核验","未核验","https://huggingface.co/openbmb/MiniCPM-RobotManip/resolve/29cb257541e9f96f493abe21174f8892e5dffe3f/config.json","视觉编码，Q/K/V同L_img，无文本历史KV；","Y=X+branch（参考，实际残差策略未核验）"
"vlm_config.vision_config/layer_26","input_normalization","未核验","norm","[B,L_img,1152]","[B,L_img,1152]","B,L_img；模态独立长度","L_img由模态输入/输出决定；不是S_verify","config=None；激活/累加类型未核验","未核验","逻辑轴顺序；物理format未核验","逻辑轴顺序；物理format未核验","未评估候选","未评估候选","未评估候选","未核验","未实测","未实测","未实测","未实测","未核验","配置确认 + 数学推导；未核验完整调用链","https://huggingface.co/openbmb/MiniCPM-RobotManip/resolve/29cb257541e9f96f493abe21174f8892e5dffe3f/config.json","未核验","未核验","未核验","未核验","https://huggingface.co/openbmb/MiniCPM-RobotManip/resolve/29cb257541e9f96f493abe21174f8892e5dffe3f/config.json","视觉编码，Q/K/V同L_img，无文本历史KV；","归一化类型/先后顺序待实现核验"
"vlm_config.vision_config/layer_26","q_projection","未核验","GEMM","[B,L_img,1152]","[B,L_img,1152]","B,L_img；模态独立长度","L_img由模态输入/输出决定；不是S_verify","config=None；激活/累加类型未核验","未核验","逻辑轴顺序；物理format未核验","逻辑轴顺序；物理format未核验","未评估候选","未评估候选","未评估候选","未核验","未实测","未实测","未实测","未实测","未核验","配置确认 + 数学推导；未核验完整调用链","https://huggingface.co/openbmb/MiniCPM-RobotManip/resolve/29cb257541e9f96f493abe21174f8892e5dffe3f/config.json","logical [1152,1152]","未核验","未核验","未核验","https://huggingface.co/openbmb/MiniCPM-RobotManip/resolve/29cb257541e9f96f493abe21174f8892e5dffe3f/config.json","视觉编码，Q/K/V同L_img，无文本历史KV；独立逻辑矩阵，不断言实际融合与存储","Y=X@W^T; width=heads*head_dim"
"vlm_config.vision_config/layer_26","k_projection","未核验","GEMM","[B,L_img,1152]","[B,L_img,1152]","B,L_img；模态独立长度","L_img由模态输入/输出决定；不是S_verify","config=None；激活/累加类型未核验","未核验","逻辑轴顺序；物理format未核验","逻辑轴顺序；物理format未核验","未评估候选","未评估候选","未评估候选","未核验","未实测","未实测","未实测","未实测","未核验","配置确认 + 数学推导；未核验完整调用链","https://huggingface.co/openbmb/MiniCPM-RobotManip/resolve/29cb257541e9f96f493abe21174f8892e5dffe3f/config.json","logical [1152,1152]","未核验","未核验","未核验","https://huggingface.co/openbmb/MiniCPM-RobotManip/resolve/29cb257541e9f96f493abe21174f8892e5dffe3f/config.json","视觉编码，Q/K/V同L_img，无文本历史KV；独立逻辑矩阵，不断言实际融合与存储","Y=X@W^T; width=heads*head_dim"
"vlm_config.vision_config/layer_26","v_projection","未核验","GEMM","[B,L_img,1152]","[B,L_img,1152]","B,L_img；模态独立长度","L_img由模态输入/输出决定；不是S_verify","config=None；激活/累加类型未核验","未核验","逻辑轴顺序；物理format未核验","逻辑轴顺序；物理format未核验","未评估候选","未评估候选","未评估候选","未核验","未实测","未实测","未实测","未实测","未核验","配置确认 + 数学推导；未核验完整调用链","https://huggingface.co/openbmb/MiniCPM-RobotManip/resolve/29cb257541e9f96f493abe21174f8892e5dffe3f/config.json","logical [1152,1152]","未核验","未核验","未核验","https://huggingface.co/openbmb/MiniCPM-RobotManip/resolve/29cb257541e9f96f493abe21174f8892e5dffe3f/config.json","视觉编码，Q/K/V同L_img，无文本历史KV；独立逻辑矩阵，不断言实际融合与存储","Y=X@W^T; width=heads*head_dim"
"vlm_config.vision_config/layer_26","position_and_layout","未核验","位置/布局","Q,K,V projected; B,L_img","Q:[B,16,L_img,72]; K,V:[B,16,L_img,72]","B,L_img；模态独立长度","L_img由模态输入/输出决定；不是S_verify","config=None；激活/累加类型未核验","未核验","逻辑轴顺序；物理format未核验","逻辑轴顺序；物理format未核验","未评估候选","未评估候选","未评估候选","未核验","未实测","未实测","未实测","未实测","未核验","配置确认 + 数学推导；未核验完整调用链","https://huggingface.co/openbmb/MiniCPM-RobotManip/resolve/29cb257541e9f96f493abe21174f8892e5dffe3f/config.json","未核验","未核验","未核验","未核验","https://huggingface.co/openbmb/MiniCPM-RobotManip/resolve/29cb257541e9f96f493abe21174f8892e5dffe3f/config.json","视觉编码，Q/K/V同L_img，无文本历史KV；","视觉编码，Q/K/V同L_img，无文本历史KV；位置编码与物理layout需实现核验"
"vlm_config.vision_config/layer_26","attention","未核验","attention","Q:[B,16,L_img,72];K,V:[B,16,L_img,72]","[B,16,L_img,72]","B,L_img；模态独立长度","L_img由模态输入/输出决定；不是S_verify","config=None；激活/累加类型未核验","未核验","逻辑轴顺序；物理format未核验","逻辑轴顺序；物理format未核验","未评估候选","未评估候选","未评估候选","未核验","未实测","未实测","未实测","未实测","未核验","配置确认 + 数学推导；未核验完整调用链","https://huggingface.co/openbmb/MiniCPM-RobotManip/resolve/29cb257541e9f96f493abe21174f8892e5dffe3f/config.json","未核验","未核验","未核验","未核验","https://huggingface.co/openbmb/MiniCPM-RobotManip/resolve/29cb257541e9f96f493abe21174f8892e5dffe3f/config.json","视觉编码，Q/K/V同L_img，无文本历史KV；稀疏选块/线性分支需按实现，不能据此声称稠密执行或峰值中间内存","softmax(QK^T / sqrt(head_dim) + mask)V（数学参考）"
"vlm_config.vision_config/layer_26","output_projection","未核验","GEMM","[B,L_img,1152]","[B,L_img,1152]","B,L_img；模态独立长度","L_img由模态输入/输出决定；不是S_verify","config=None；激活/累加类型未核验","未核验","逻辑轴顺序；物理format未核验","逻辑轴顺序；物理format未核验","未评估候选","未评估候选","未评估候选","未核验","未实测","未实测","未实测","未实测","未核验","配置确认 + 数学推导；未核验完整调用链","https://huggingface.co/openbmb/MiniCPM-RobotManip/resolve/29cb257541e9f96f493abe21174f8892e5dffe3f/config.json","logical [1152,1152]","未核验","未核验","未核验","https://huggingface.co/openbmb/MiniCPM-RobotManip/resolve/29cb257541e9f96f493abe21174f8892e5dffe3f/config.json","视觉编码，Q/K/V同L_img，无文本历史KV；","Y=X@W^T"
"vlm_config.vision_config/layer_26","attention_residual","未核验","elementwise","[B,L_img,1152];[B,L_img,1152]","[B,L_img,1152]","B,L_img；模态独立长度","L_img由模态输入/输出决定；不是S_verify","config=None；激活/累加类型未核验","未核验","逻辑轴顺序；物理format未核验","逻辑轴顺序；物理format未核验","未评估候选","未评估候选","未评估候选","未核验","未实测","未实测","未实测","未实测","未核验","配置确认 + 数学推导；未核验完整调用链","https://huggingface.co/openbmb/MiniCPM-RobotManip/resolve/29cb257541e9f96f493abe21174f8892e5dffe3f/config.json","未核验","未核验","未核验","未核验","https://huggingface.co/openbmb/MiniCPM-RobotManip/resolve/29cb257541e9f96f493abe21174f8892e5dffe3f/config.json","视觉编码，Q/K/V同L_img，无文本历史KV；","Y=X+branch（参考，实际残差策略未核验）"
"vlm_config.vision_config/layer_26","post_attention_normalization","未核验","norm","[B,L_img,1152]","[B,L_img,1152]","B,L_img；模态独立长度","L_img由模态输入/输出决定；不是S_verify","config=None；激活/累加类型未核验","未核验","逻辑轴顺序；物理format未核验","逻辑轴顺序；物理format未核验","未评估候选","未评估候选","未评估候选","未核验","未实测","未实测","未实测","未实测","未核验","配置确认 + 数学推导；未核验完整调用链","https://huggingface.co/openbmb/MiniCPM-RobotManip/resolve/29cb257541e9f96f493abe21174f8892e5dffe3f/config.json","未核验","未核验","未核验","未核验","https://huggingface.co/openbmb/MiniCPM-RobotManip/resolve/29cb257541e9f96f493abe21174f8892e5dffe3f/config.json","视觉编码，Q/K/V同L_img，无文本历史KV；","类型与位置待源码核验"
"vlm_config.vision_config/layer_26","FFN_up","未核验","GEMM","[B,L_img,1152]","[B,L_img,4304]","B,L_img；模态独立长度","L_img由模态输入/输出决定；不是S_verify","config=None；激活/累加类型未核验","未核验","逻辑轴顺序；物理format未核验","逻辑轴顺序；物理format未核验","未评估候选","未评估候选","未评估候选","未核验","未实测","未实测","未实测","未实测","未核验","配置确认 + 数学推导；未核验完整调用链","https://huggingface.co/openbmb/MiniCPM-RobotManip/resolve/29cb257541e9f96f493abe21174f8892e5dffe3f/config.json","logical [4304,1152]","未核验","未核验","未核验","https://huggingface.co/openbmb/MiniCPM-RobotManip/resolve/29cb257541e9f96f493abe21174f8892e5dffe3f/config.json","视觉编码，Q/K/V同L_img，无文本历史KV；","Y=X@W^T"
"vlm_config.vision_config/layer_26","FFN_activation_and_optional_gate","未核验","activation","[B,L_img,4304]","[B,L_img,4304]","B,L_img；模态独立长度","L_img由模态输入/输出决定；不是S_verify","config=None；激活/累加类型未核验","未核验","逻辑轴顺序；物理format未核验","逻辑轴顺序；物理format未核验","未评估候选","未评估候选","未评估候选","未核验","未实测","未实测","未实测","未实测","未核验","配置确认 + 数学推导；未核验完整调用链","https://huggingface.co/openbmb/MiniCPM-RobotManip/resolve/29cb257541e9f96f493abe21174f8892e5dffe3f/config.json","未核验","未核验","未核验","未核验","https://huggingface.co/openbmb/MiniCPM-RobotManip/resolve/29cb257541e9f96f493abe21174f8892e5dffe3f/config.json","视觉编码，Q/K/V同L_img，无文本历史KV；是否额外gate矩阵与门控分支维度需要实现；不能仅由silu推定完整SwiGLU","config.hidden_act=gelu_pytorch_tanh"
"vlm_config.vision_config/layer_26","FFN_down","未核验","GEMM","[B,L_img,4304]","[B,L_img,1152]","B,L_img；模态独立长度","L_img由模态输入/输出决定；不是S_verify","config=None；激活/累加类型未核验","未核验","逻辑轴顺序；物理format未核验","逻辑轴顺序；物理format未核验","未评估候选","未评估候选","未评估候选","未核验","未实测","未实测","未实测","未实测","未核验","配置确认 + 数学推导；未核验完整调用链","https://huggingface.co/openbmb/MiniCPM-RobotManip/resolve/29cb257541e9f96f493abe21174f8892e5dffe3f/config.json","logical [1152,4304]","未核验","未核验","未核验","https://huggingface.co/openbmb/MiniCPM-RobotManip/resolve/29cb257541e9f96f493abe21174f8892e5dffe3f/config.json","视觉编码，Q/K/V同L_img，无文本历史KV；","Y=X@W^T"
"vlm_config.vision_config/layer_26","FFN_residual","未核验","elementwise","[B,L_img,1152];[B,L_img,1152]","[B,L_img,1152]","B,L_img；模态独立长度","L_img由模态输入/输出决定；不是S_verify","config=None；激活/累加类型未核验","未核验","逻辑轴顺序；物理format未核验","逻辑轴顺序；物理format未核验","未评估候选","未评估候选","未评估候选","未核验","未实测","未实测","未实测","未实测","未核验","配置确认 + 数学推导；未核验完整调用链","https://huggingface.co/openbmb/MiniCPM-RobotManip/resolve/29cb257541e9f96f493abe21174f8892e5dffe3f/config.json","未核验","未核验","未核验","未核验","https://huggingface.co/openbmb/MiniCPM-RobotManip/resolve/29cb257541e9f96f493abe21174f8892e5dffe3f/config.json","视觉编码，Q/K/V同L_img，无文本历史KV；","Y=X+branch（参考，实际残差策略未核验）"
"global","embedding_output_heads_modal_connectors","未核验","全局/模态组件","未核验","未核验","B,S,T；其他轴见模型参数","B[1,16];S_verify[1,8];L_KV独立未知；TP=1","未核验","未核验","逻辑轴顺序；物理format未核验","逻辑轴顺序；物理format未核验","未评估候选","未评估候选","未评估候选","未核验","未实测","未实测","未实测","未实测","未核验","配置可见；专用/全局算子未完整核验","https://huggingface.co/openbmb/MiniCPM-RobotManip/resolve/29cb257541e9f96f493abe21174f8892e5dffe3f/config.json","未核验","未核验","未核验","未核验","https://huggingface.co/openbmb/MiniCPM-RobotManip/resolve/29cb257541e9f96f493abe21174f8892e5dffe3f/config.json","文本decode/verify；S=1..8，B=1..16；TP=1逻辑形状；embedding、lm_head、模态连接器、压缩器、AudioVAE、扩散/动作/检索头需独立源码；不因主干展开而声称全图已完成","未核验"