组件,阶段/子系统,层型,CSA2 模式,模块,逻辑张量名,逻辑形状,单份参数,份数,来源,存储/载荷范围
decoder-1,encoder,SWA,SWA,本层 Q、SWA KV 与分组输出投影,layers.0.attn.attn_sink,64,64,1,https://huggingface.co/deepseek-ai/DeepSeek-V4.1-Flash/blob/2cba9e42aa026125f3ed06c6d98c1db82f7ca027/inference/model.py#L622-L698,仅参考逻辑构造；stored shape/dtype/payload 未审计
decoder-1,encoder,SWA,SWA,本层 Q、SWA KV 与分组输出投影,layers.0.attn.wq_a.weight,1280 × 5120,6553600,1,https://huggingface.co/deepseek-ai/DeepSeek-V4.1-Flash/blob/2cba9e42aa026125f3ed06c6d98c1db82f7ca027/inference/model.py#L622-L698,仅参考逻辑构造；stored shape/dtype/payload 未审计
decoder-1,encoder,SWA,SWA,本层 Q、SWA KV 与分组输出投影,layers.0.attn.q_norm.weight,1280,1280,1,https://huggingface.co/deepseek-ai/DeepSeek-V4.1-Flash/blob/2cba9e42aa026125f3ed06c6d98c1db82f7ca027/inference/model.py#L622-L698,仅参考逻辑构造；stored shape/dtype/payload 未审计
decoder-1,encoder,SWA,SWA,本层 Q、SWA KV 与分组输出投影,layers.0.attn.wq_b.weight,32768 × 1280,41943040,1,https://huggingface.co/deepseek-ai/DeepSeek-V4.1-Flash/blob/2cba9e42aa026125f3ed06c6d98c1db82f7ca027/inference/model.py#L622-L698,仅参考逻辑构造；stored shape/dtype/payload 未审计
decoder-1,encoder,SWA,SWA,本层 Q、SWA KV 与分组输出投影,layers.0.attn.wkv.weight,512 × 5120,2621440,1,https://huggingface.co/deepseek-ai/DeepSeek-V4.1-Flash/blob/2cba9e42aa026125f3ed06c6d98c1db82f7ca027/inference/model.py#L622-L698,仅参考逻辑构造；stored shape/dtype/payload 未审计
decoder-1,encoder,SWA,SWA,本层 Q、SWA KV 与分组输出投影,layers.0.attn.kv_norm.weight,512,512,1,https://huggingface.co/deepseek-ai/DeepSeek-V4.1-Flash/blob/2cba9e42aa026125f3ed06c6d98c1db82f7ca027/inference/model.py#L622-L698,仅参考逻辑构造；stored shape/dtype/payload 未审计
decoder-1,encoder,SWA,SWA,本层 Q、SWA KV 与分组输出投影,layers.0.attn.wo_a.weight,8192 × 4096,33554432,1,https://huggingface.co/deepseek-ai/DeepSeek-V4.1-Flash/blob/2cba9e42aa026125f3ed06c6d98c1db82f7ca027/inference/model.py#L622-L698,仅参考逻辑构造；stored shape/dtype/payload 未审计
decoder-1,encoder,SWA,SWA,本层 Q、SWA KV 与分组输出投影,layers.0.attn.wo_b.weight,5120 × 8192,41943040,1,https://huggingface.co/deepseek-ai/DeepSeek-V4.1-Flash/blob/2cba9e42aa026125f3ed06c6d98c1db82f7ca027/inference/model.py#L622-L698,仅参考逻辑构造；stored shape/dtype/payload 未审计
decoder-1,encoder,SWA,SWA,文本/视觉分开的路由校正 bias,layers.0.ffn.gate.weight,384 × 5120,1966080,1,https://huggingface.co/deepseek-ai/DeepSeek-V4.1-Flash/blob/2cba9e42aa026125f3ed06c6d98c1db82f7ca027/inference/model.py#L796-L807,仅参考逻辑构造；stored shape/dtype/payload 未审计
decoder-1,encoder,SWA,SWA,文本/视觉分开的路由校正 bias,layers.0.ffn.gate.bias,384,384,1,https://huggingface.co/deepseek-ai/DeepSeek-V4.1-Flash/blob/2cba9e42aa026125f3ed06c6d98c1db82f7ca027/inference/model.py#L796-L807,仅参考逻辑构造；stored shape/dtype/payload 未审计
decoder-1,encoder,SWA,SWA,文本/视觉分开的路由校正 bias,layers.0.ffn.gate.bias_vl,384,384,1,https://huggingface.co/deepseek-ai/DeepSeek-V4.1-Flash/blob/2cba9e42aa026125f3ed06c6d98c1db82f7ca027/inference/model.py#L796-L807,仅参考逻辑构造；stored shape/dtype/payload 未审计
decoder-1,encoder,SWA,SWA,384 个路由专家 / 选 6,layers.0.ffn.experts.{e}.w1.weight,2304 × 5120,11796480,384,https://huggingface.co/deepseek-ai/DeepSeek-V4.1-Flash/blob/2cba9e42aa026125f3ed06c6d98c1db82f7ca027/inference/model.py#L834-L839,仅参考逻辑构造；stored shape/dtype/payload 未审计
decoder-1,encoder,SWA,SWA,384 个路由专家 / 选 6,layers.0.ffn.experts.{e}.w3.weight,2304 × 5120,11796480,384,https://huggingface.co/deepseek-ai/DeepSeek-V4.1-Flash/blob/2cba9e42aa026125f3ed06c6d98c1db82f7ca027/inference/model.py#L834-L839,仅参考逻辑构造；stored shape/dtype/payload 未审计
decoder-1,encoder,SWA,SWA,384 个路由专家 / 选 6,layers.0.ffn.experts.{e}.w2.weight,5120 × 2304,11796480,384,https://huggingface.co/deepseek-ai/DeepSeek-V4.1-Flash/blob/2cba9e42aa026125f3ed06c6d98c1db82f7ca027/inference/model.py#L834-L839,仅参考逻辑构造；stored shape/dtype/payload 未审计
decoder-1,encoder,SWA,SWA,一个共享 SwiGLU 专家,layers.0.ffn.shared_experts.w1.weight,2304 × 5120,11796480,1,https://huggingface.co/deepseek-ai/DeepSeek-V4.1-Flash/blob/2cba9e42aa026125f3ed06c6d98c1db82f7ca027/inference/model.py#L834-L839,仅参考逻辑构造；stored shape/dtype/payload 未审计
decoder-1,encoder,SWA,SWA,一个共享 SwiGLU 专家,layers.0.ffn.shared_experts.w3.weight,2304 × 5120,11796480,1,https://huggingface.co/deepseek-ai/DeepSeek-V4.1-Flash/blob/2cba9e42aa026125f3ed06c6d98c1db82f7ca027/inference/model.py#L834-L839,仅参考逻辑构造；stored shape/dtype/payload 未审计
decoder-1,encoder,SWA,SWA,一个共享 SwiGLU 专家,layers.0.ffn.shared_experts.w2.weight,5120 × 2304,11796480,1,https://huggingface.co/deepseek-ai/DeepSeek-V4.1-Flash/blob/2cba9e42aa026125f3ed06c6d98c1db82f7ca027/inference/model.py#L834-L839,仅参考逻辑构造；stored shape/dtype/payload 未审计
decoder-1,encoder,SWA,SWA,Single-Pass mHC：使用上一子层的 pre_mix,layers.0.attn_norm.weight,5120,5120,1,https://huggingface.co/deepseek-ai/DeepSeek-V4.1-Flash/blob/2cba9e42aa026125f3ed06c6d98c1db82f7ca027/inference/model.py#L919-L946,仅参考逻辑构造；stored shape/dtype/payload 未审计
decoder-1,encoder,SWA,SWA,Single-Pass mHC：使用上一子层的 pre_mix,layers.0.ffn_norm.weight,5120,5120,1,https://huggingface.co/deepseek-ai/DeepSeek-V4.1-Flash/blob/2cba9e42aa026125f3ed06c6d98c1db82f7ca027/inference/model.py#L919-L946,仅参考逻辑构造；stored shape/dtype/payload 未审计
decoder-1,encoder,SWA,SWA,Single-Pass mHC：使用上一子层的 pre_mix,layers.0.hc_attn_fn,24 × 20480,491520,1,https://huggingface.co/deepseek-ai/DeepSeek-V4.1-Flash/blob/2cba9e42aa026125f3ed06c6d98c1db82f7ca027/inference/model.py#L919-L946,仅参考逻辑构造；stored shape/dtype/payload 未审计
decoder-1,encoder,SWA,SWA,Single-Pass mHC：使用上一子层的 pre_mix,layers.0.hc_ffn_fn,24 × 20480,491520,1,https://huggingface.co/deepseek-ai/DeepSeek-V4.1-Flash/blob/2cba9e42aa026125f3ed06c6d98c1db82f7ca027/inference/model.py#L919-L946,仅参考逻辑构造；stored shape/dtype/payload 未审计
decoder-1,encoder,SWA,SWA,Single-Pass mHC：使用上一子层的 pre_mix,layers.0.hc_attn_base,24,24,1,https://huggingface.co/deepseek-ai/DeepSeek-V4.1-Flash/blob/2cba9e42aa026125f3ed06c6d98c1db82f7ca027/inference/model.py#L919-L946,仅参考逻辑构造；stored shape/dtype/payload 未审计
decoder-1,encoder,SWA,SWA,Single-Pass mHC：使用上一子层的 pre_mix,layers.0.hc_ffn_base,24,24,1,https://huggingface.co/deepseek-ai/DeepSeek-V4.1-Flash/blob/2cba9e42aa026125f3ed06c6d98c1db82f7ca027/inference/model.py#L919-L946,仅参考逻辑构造；stored shape/dtype/payload 未审计
decoder-1,encoder,SWA,SWA,Single-Pass mHC：使用上一子层的 pre_mix,layers.0.hc_attn_scale,3,3,1,https://huggingface.co/deepseek-ai/DeepSeek-V4.1-Flash/blob/2cba9e42aa026125f3ed06c6d98c1db82f7ca027/inference/model.py#L919-L946,仅参考逻辑构造；stored shape/dtype/payload 未审计
decoder-1,encoder,SWA,SWA,Single-Pass mHC：使用上一子层的 pre_mix,layers.0.hc_ffn_scale,3,3,1,https://huggingface.co/deepseek-ai/DeepSeek-V4.1-Flash/blob/2cba9e42aa026125f3ed06c6d98c1db82f7ca027/inference/model.py#L919-L946,仅参考逻辑构造；stored shape/dtype/payload 未审计
decoder-2,encoder,SWA,SWA,本层 Q、SWA KV 与分组输出投影,layers.1.attn.attn_sink,64,64,1,https://huggingface.co/deepseek-ai/DeepSeek-V4.1-Flash/blob/2cba9e42aa026125f3ed06c6d98c1db82f7ca027/inference/model.py#L622-L698,仅参考逻辑构造；stored shape/dtype/payload 未审计
decoder-2,encoder,SWA,SWA,本层 Q、SWA KV 与分组输出投影,layers.1.attn.wq_a.weight,1280 × 5120,6553600,1,https://huggingface.co/deepseek-ai/DeepSeek-V4.1-Flash/blob/2cba9e42aa026125f3ed06c6d98c1db82f7ca027/inference/model.py#L622-L698,仅参考逻辑构造；stored shape/dtype/payload 未审计
decoder-2,encoder,SWA,SWA,本层 Q、SWA KV 与分组输出投影,layers.1.attn.q_norm.weight,1280,1280,1,https://huggingface.co/deepseek-ai/DeepSeek-V4.1-Flash/blob/2cba9e42aa026125f3ed06c6d98c1db82f7ca027/inference/model.py#L622-L698,仅参考逻辑构造；stored shape/dtype/payload 未审计
decoder-2,encoder,SWA,SWA,本层 Q、SWA KV 与分组输出投影,layers.1.attn.wq_b.weight,32768 × 1280,41943040,1,https://huggingface.co/deepseek-ai/DeepSeek-V4.1-Flash/blob/2cba9e42aa026125f3ed06c6d98c1db82f7ca027/inference/model.py#L622-L698,仅参考逻辑构造；stored shape/dtype/payload 未审计
decoder-2,encoder,SWA,SWA,本层 Q、SWA KV 与分组输出投影,layers.1.attn.wkv.weight,512 × 5120,2621440,1,https://huggingface.co/deepseek-ai/DeepSeek-V4.1-Flash/blob/2cba9e42aa026125f3ed06c6d98c1db82f7ca027/inference/model.py#L622-L698,仅参考逻辑构造；stored shape/dtype/payload 未审计
decoder-2,encoder,SWA,SWA,本层 Q、SWA KV 与分组输出投影,layers.1.attn.kv_norm.weight,512,512,1,https://huggingface.co/deepseek-ai/DeepSeek-V4.1-Flash/blob/2cba9e42aa026125f3ed06c6d98c1db82f7ca027/inference/model.py#L622-L698,仅参考逻辑构造；stored shape/dtype/payload 未审计
decoder-2,encoder,SWA,SWA,本层 Q、SWA KV 与分组输出投影,layers.1.attn.wo_a.weight,8192 × 4096,33554432,1,https://huggingface.co/deepseek-ai/DeepSeek-V4.1-Flash/blob/2cba9e42aa026125f3ed06c6d98c1db82f7ca027/inference/model.py#L622-L698,仅参考逻辑构造；stored shape/dtype/payload 未审计
decoder-2,encoder,SWA,SWA,本层 Q、SWA KV 与分组输出投影,layers.1.attn.wo_b.weight,5120 × 8192,41943040,1,https://huggingface.co/deepseek-ai/DeepSeek-V4.1-Flash/blob/2cba9e42aa026125f3ed06c6d98c1db82f7ca027/inference/model.py#L622-L698,仅参考逻辑构造；stored shape/dtype/payload 未审计
decoder-2,encoder,SWA,SWA,文本/视觉分开的路由校正 bias,layers.1.ffn.gate.weight,384 × 5120,1966080,1,https://huggingface.co/deepseek-ai/DeepSeek-V4.1-Flash/blob/2cba9e42aa026125f3ed06c6d98c1db82f7ca027/inference/model.py#L796-L807,仅参考逻辑构造；stored shape/dtype/payload 未审计
decoder-2,encoder,SWA,SWA,文本/视觉分开的路由校正 bias,layers.1.ffn.gate.bias,384,384,1,https://huggingface.co/deepseek-ai/DeepSeek-V4.1-Flash/blob/2cba9e42aa026125f3ed06c6d98c1db82f7ca027/inference/model.py#L796-L807,仅参考逻辑构造；stored shape/dtype/payload 未审计
decoder-2,encoder,SWA,SWA,文本/视觉分开的路由校正 bias,layers.1.ffn.gate.bias_vl,384,384,1,https://huggingface.co/deepseek-ai/DeepSeek-V4.1-Flash/blob/2cba9e42aa026125f3ed06c6d98c1db82f7ca027/inference/model.py#L796-L807,仅参考逻辑构造；stored shape/dtype/payload 未审计
decoder-2,encoder,SWA,SWA,384 个路由专家 / 选 6,layers.1.ffn.experts.{e}.w1.weight,2304 × 5120,11796480,384,https://huggingface.co/deepseek-ai/DeepSeek-V4.1-Flash/blob/2cba9e42aa026125f3ed06c6d98c1db82f7ca027/inference/model.py#L834-L839,仅参考逻辑构造；stored shape/dtype/payload 未审计
decoder-2,encoder,SWA,SWA,384 个路由专家 / 选 6,layers.1.ffn.experts.{e}.w3.weight,2304 × 5120,11796480,384,https://huggingface.co/deepseek-ai/DeepSeek-V4.1-Flash/blob/2cba9e42aa026125f3ed06c6d98c1db82f7ca027/inference/model.py#L834-L839,仅参考逻辑构造；stored shape/dtype/payload 未审计
decoder-2,encoder,SWA,SWA,384 个路由专家 / 选 6,layers.1.ffn.experts.{e}.w2.weight,5120 × 2304,11796480,384,https://huggingface.co/deepseek-ai/DeepSeek-V4.1-Flash/blob/2cba9e42aa026125f3ed06c6d98c1db82f7ca027/inference/model.py#L834-L839,仅参考逻辑构造；stored shape/dtype/payload 未审计
decoder-2,encoder,SWA,SWA,一个共享 SwiGLU 专家,layers.1.ffn.shared_experts.w1.weight,2304 × 5120,11796480,1,https://huggingface.co/deepseek-ai/DeepSeek-V4.1-Flash/blob/2cba9e42aa026125f3ed06c6d98c1db82f7ca027/inference/model.py#L834-L839,仅参考逻辑构造；stored shape/dtype/payload 未审计
decoder-2,encoder,SWA,SWA,一个共享 SwiGLU 专家,layers.1.ffn.shared_experts.w3.weight,2304 × 5120,11796480,1,https://huggingface.co/deepseek-ai/DeepSeek-V4.1-Flash/blob/2cba9e42aa026125f3ed06c6d98c1db82f7ca027/inference/model.py#L834-L839,仅参考逻辑构造；stored shape/dtype/payload 未审计
decoder-2,encoder,SWA,SWA,一个共享 SwiGLU 专家,layers.1.ffn.shared_experts.w2.weight,5120 × 2304,11796480,1,https://huggingface.co/deepseek-ai/DeepSeek-V4.1-Flash/blob/2cba9e42aa026125f3ed06c6d98c1db82f7ca027/inference/model.py#L834-L839,仅参考逻辑构造；stored shape/dtype/payload 未审计
decoder-2,encoder,SWA,SWA,Single-Pass mHC：使用上一子层的 pre_mix,layers.1.attn_norm.weight,5120,5120,1,https://huggingface.co/deepseek-ai/DeepSeek-V4.1-Flash/blob/2cba9e42aa026125f3ed06c6d98c1db82f7ca027/inference/model.py#L919-L946,仅参考逻辑构造；stored shape/dtype/payload 未审计
decoder-2,encoder,SWA,SWA,Single-Pass mHC：使用上一子层的 pre_mix,layers.1.ffn_norm.weight,5120,5120,1,https://huggingface.co/deepseek-ai/DeepSeek-V4.1-Flash/blob/2cba9e42aa026125f3ed06c6d98c1db82f7ca027/inference/model.py#L919-L946,仅参考逻辑构造；stored shape/dtype/payload 未审计
decoder-2,encoder,SWA,SWA,Single-Pass mHC：使用上一子层的 pre_mix,layers.1.hc_attn_fn,24 × 20480,491520,1,https://huggingface.co/deepseek-ai/DeepSeek-V4.1-Flash/blob/2cba9e42aa026125f3ed06c6d98c1db82f7ca027/inference/model.py#L919-L946,仅参考逻辑构造；stored shape/dtype/payload 未审计
decoder-2,encoder,SWA,SWA,Single-Pass mHC：使用上一子层的 pre_mix,layers.1.hc_ffn_fn,24 × 20480,491520,1,https://huggingface.co/deepseek-ai/DeepSeek-V4.1-Flash/blob/2cba9e42aa026125f3ed06c6d98c1db82f7ca027/inference/model.py#L919-L946,仅参考逻辑构造；stored shape/dtype/payload 未审计
decoder-2,encoder,SWA,SWA,Single-Pass mHC：使用上一子层的 pre_mix,layers.1.hc_attn_base,24,24,1,https://huggingface.co/deepseek-ai/DeepSeek-V4.1-Flash/blob/2cba9e42aa026125f3ed06c6d98c1db82f7ca027/inference/model.py#L919-L946,仅参考逻辑构造；stored shape/dtype/payload 未审计
decoder-2,encoder,SWA,SWA,Single-Pass mHC：使用上一子层的 pre_mix,layers.1.hc_ffn_base,24,24,1,https://huggingface.co/deepseek-ai/DeepSeek-V4.1-Flash/blob/2cba9e42aa026125f3ed06c6d98c1db82f7ca027/inference/model.py#L919-L946,仅参考逻辑构造；stored shape/dtype/payload 未审计
decoder-2,encoder,SWA,SWA,Single-Pass mHC：使用上一子层的 pre_mix,layers.1.hc_attn_scale,3,3,1,https://huggingface.co/deepseek-ai/DeepSeek-V4.1-Flash/blob/2cba9e42aa026125f3ed06c6d98c1db82f7ca027/inference/model.py#L919-L946,仅参考逻辑构造；stored shape/dtype/payload 未审计
decoder-2,encoder,SWA,SWA,Single-Pass mHC：使用上一子层的 pre_mix,layers.1.hc_ffn_scale,3,3,1,https://huggingface.co/deepseek-ai/DeepSeek-V4.1-Flash/blob/2cba9e42aa026125f3ed06c6d98c1db82f7ca027/inference/model.py#L919-L946,仅参考逻辑构造；stored shape/dtype/payload 未审计
decoder-2,encoder,SWA,SWA,条件内存：n-gram 哈希查表与上下文门控,layers.1.engram.embed.weight,384006168 × 256,98305579008,1,https://huggingface.co/deepseek-ai/DeepSeek-V4.1-Flash/blob/2cba9e42aa026125f3ed06c6d98c1db82f7ca027/inference/model.py#L299-L310,仅参考逻辑构造；stored shape/dtype/payload 未审计
decoder-2,encoder,SWA,SWA,条件内存：n-gram 哈希查表与上下文门控,layers.1.engram.wkv.weight,25600 × 6144,157286400,1,https://huggingface.co/deepseek-ai/DeepSeek-V4.1-Flash/blob/2cba9e42aa026125f3ed06c6d98c1db82f7ca027/inference/model.py#L335-L348,仅参考逻辑构造；stored shape/dtype/payload 未审计
decoder-2,encoder,SWA,SWA,条件内存：n-gram 哈希查表与上下文门控,layers.1.engram.q_weight,4 × 5120,20480,1,https://huggingface.co/deepseek-ai/DeepSeek-V4.1-Flash/blob/2cba9e42aa026125f3ed06c6d98c1db82f7ca027/inference/model.py#L335-L348,仅参考逻辑构造；stored shape/dtype/payload 未审计
decoder-2,encoder,SWA,SWA,条件内存：n-gram 哈希查表与上下文门控,layers.1.engram.k_weight,4 × 5120,20480,1,https://huggingface.co/deepseek-ai/DeepSeek-V4.1-Flash/blob/2cba9e42aa026125f3ed06c6d98c1db82f7ca027/inference/model.py#L335-L348,仅参考逻辑构造；stored shape/dtype/payload 未审计
decoder-3,encoder,CSA2,Full,本层 Q、SWA KV 与分组输出投影,layers.2.attn.attn_sink,64,64,1,https://huggingface.co/deepseek-ai/DeepSeek-V4.1-Flash/blob/2cba9e42aa026125f3ed06c6d98c1db82f7ca027/inference/model.py#L622-L698,仅参考逻辑构造；stored shape/dtype/payload 未审计
decoder-3,encoder,CSA2,Full,本层 Q、SWA KV 与分组输出投影,layers.2.attn.wq_a.weight,1280 × 5120,6553600,1,https://huggingface.co/deepseek-ai/DeepSeek-V4.1-Flash/blob/2cba9e42aa026125f3ed06c6d98c1db82f7ca027/inference/model.py#L622-L698,仅参考逻辑构造；stored shape/dtype/payload 未审计
decoder-3,encoder,CSA2,Full,本层 Q、SWA KV 与分组输出投影,layers.2.attn.q_norm.weight,1280,1280,1,https://huggingface.co/deepseek-ai/DeepSeek-V4.1-Flash/blob/2cba9e42aa026125f3ed06c6d98c1db82f7ca027/inference/model.py#L622-L698,仅参考逻辑构造；stored shape/dtype/payload 未审计
decoder-3,encoder,CSA2,Full,本层 Q、SWA KV 与分组输出投影,layers.2.attn.wq_b.weight,32768 × 1280,41943040,1,https://huggingface.co/deepseek-ai/DeepSeek-V4.1-Flash/blob/2cba9e42aa026125f3ed06c6d98c1db82f7ca027/inference/model.py#L622-L698,仅参考逻辑构造；stored shape/dtype/payload 未审计
decoder-3,encoder,CSA2,Full,本层 Q、SWA KV 与分组输出投影,layers.2.attn.wkv.weight,512 × 5120,2621440,1,https://huggingface.co/deepseek-ai/DeepSeek-V4.1-Flash/blob/2cba9e42aa026125f3ed06c6d98c1db82f7ca027/inference/model.py#L622-L698,仅参考逻辑构造；stored shape/dtype/payload 未审计
decoder-3,encoder,CSA2,Full,本层 Q、SWA KV 与分组输出投影,layers.2.attn.kv_norm.weight,512,512,1,https://huggingface.co/deepseek-ai/DeepSeek-V4.1-Flash/blob/2cba9e42aa026125f3ed06c6d98c1db82f7ca027/inference/model.py#L622-L698,仅参考逻辑构造；stored shape/dtype/payload 未审计
decoder-3,encoder,CSA2,Full,本层 Q、SWA KV 与分组输出投影,layers.2.attn.wo_a.weight,8192 × 4096,33554432,1,https://huggingface.co/deepseek-ai/DeepSeek-V4.1-Flash/blob/2cba9e42aa026125f3ed06c6d98c1db82f7ca027/inference/model.py#L622-L698,仅参考逻辑构造；stored shape/dtype/payload 未审计
decoder-3,encoder,CSA2,Full,本层 Q、SWA KV 与分组输出投影,layers.2.attn.wo_b.weight,5120 × 8192,41943040,1,https://huggingface.co/deepseek-ai/DeepSeek-V4.1-Flash/blob/2cba9e42aa026125f3ed06c6d98c1db82f7ca027/inference/model.py#L622-L698,仅参考逻辑构造；stored shape/dtype/payload 未审计
decoder-3,encoder,CSA2,Full,本 Full 层拥有的全局 KV,layers.2.attn.compressor.wkv.weight,512 × 5120,2621440,1,https://huggingface.co/deepseek-ai/DeepSeek-V4.1-Flash/blob/2cba9e42aa026125f3ed06c6d98c1db82f7ca027/inference/model.py#L437-L456,仅参考逻辑构造；stored shape/dtype/payload 未审计
decoder-3,encoder,CSA2,Full,本 Full 层拥有的全局 KV,layers.2.attn.compressor.norm.weight,512,512,1,https://huggingface.co/deepseek-ai/DeepSeek-V4.1-Flash/blob/2cba9e42aa026125f3ed06c6d98c1db82f7ca027/inference/model.py#L437-L456,仅参考逻辑构造；stored shape/dtype/payload 未审计
decoder-3,encoder,CSA2,Full,本 Full 层拥有的全局 KV,layers.2.attn.compressor.wgate.weight,512 × 5120,2621440,1,https://huggingface.co/deepseek-ai/DeepSeek-V4.1-Flash/blob/2cba9e42aa026125f3ed06c6d98c1db82f7ca027/inference/model.py#L437-L456,仅参考逻辑构造；stored shape/dtype/payload 未审计
decoder-3,encoder,CSA2,Full,本层重算 Top-K；K 只由 Full 层持有,layers.2.attn.indexer.wq_b.weight,4096 × 1280,5242880,1,https://huggingface.co/deepseek-ai/DeepSeek-V4.1-Flash/blob/2cba9e42aa026125f3ed06c6d98c1db82f7ca027/inference/model.py#L496-L525,仅参考逻辑构造；stored shape/dtype/payload 未审计
decoder-3,encoder,CSA2,Full,本层重算 Top-K；K 只由 Full 层持有,layers.2.attn.indexer.weights_proj.weight,32 × 5120,163840,1,https://huggingface.co/deepseek-ai/DeepSeek-V4.1-Flash/blob/2cba9e42aa026125f3ed06c6d98c1db82f7ca027/inference/model.py#L496-L525,仅参考逻辑构造；stored shape/dtype/payload 未审计
decoder-3,encoder,CSA2,Full,本层重算 Top-K；K 只由 Full 层持有,layers.2.attn.indexer.wk.weight,128 × 512,65536,1,https://huggingface.co/deepseek-ai/DeepSeek-V4.1-Flash/blob/2cba9e42aa026125f3ed06c6d98c1db82f7ca027/inference/model.py#L496-L525,仅参考逻辑构造；stored shape/dtype/payload 未审计
decoder-3,encoder,CSA2,Full,本层重算 Top-K；K 只由 Full 层持有,layers.2.attn.indexer.k_norm.weight,128,128,1,https://huggingface.co/deepseek-ai/DeepSeek-V4.1-Flash/blob/2cba9e42aa026125f3ed06c6d98c1db82f7ca027/inference/model.py#L496-L525,仅参考逻辑构造；stored shape/dtype/payload 未审计
decoder-3,encoder,CSA2,Full,文本/视觉分开的路由校正 bias,layers.2.ffn.gate.weight,384 × 5120,1966080,1,https://huggingface.co/deepseek-ai/DeepSeek-V4.1-Flash/blob/2cba9e42aa026125f3ed06c6d98c1db82f7ca027/inference/model.py#L796-L807,仅参考逻辑构造；stored shape/dtype/payload 未审计
decoder-3,encoder,CSA2,Full,文本/视觉分开的路由校正 bias,layers.2.ffn.gate.bias,384,384,1,https://huggingface.co/deepseek-ai/DeepSeek-V4.1-Flash/blob/2cba9e42aa026125f3ed06c6d98c1db82f7ca027/inference/model.py#L796-L807,仅参考逻辑构造；stored shape/dtype/payload 未审计
decoder-3,encoder,CSA2,Full,文本/视觉分开的路由校正 bias,layers.2.ffn.gate.bias_vl,384,384,1,https://huggingface.co/deepseek-ai/DeepSeek-V4.1-Flash/blob/2cba9e42aa026125f3ed06c6d98c1db82f7ca027/inference/model.py#L796-L807,仅参考逻辑构造；stored shape/dtype/payload 未审计
decoder-3,encoder,CSA2,Full,384 个路由专家 / 选 6,layers.2.ffn.experts.{e}.w1.weight,2304 × 5120,11796480,384,https://huggingface.co/deepseek-ai/DeepSeek-V4.1-Flash/blob/2cba9e42aa026125f3ed06c6d98c1db82f7ca027/inference/model.py#L834-L839,仅参考逻辑构造；stored shape/dtype/payload 未审计
decoder-3,encoder,CSA2,Full,384 个路由专家 / 选 6,layers.2.ffn.experts.{e}.w3.weight,2304 × 5120,11796480,384,https://huggingface.co/deepseek-ai/DeepSeek-V4.1-Flash/blob/2cba9e42aa026125f3ed06c6d98c1db82f7ca027/inference/model.py#L834-L839,仅参考逻辑构造；stored shape/dtype/payload 未审计
decoder-3,encoder,CSA2,Full,384 个路由专家 / 选 6,layers.2.ffn.experts.{e}.w2.weight,5120 × 2304,11796480,384,https://huggingface.co/deepseek-ai/DeepSeek-V4.1-Flash/blob/2cba9e42aa026125f3ed06c6d98c1db82f7ca027/inference/model.py#L834-L839,仅参考逻辑构造；stored shape/dtype/payload 未审计
decoder-3,encoder,CSA2,Full,一个共享 SwiGLU 专家,layers.2.ffn.shared_experts.w1.weight,2304 × 5120,11796480,1,https://huggingface.co/deepseek-ai/DeepSeek-V4.1-Flash/blob/2cba9e42aa026125f3ed06c6d98c1db82f7ca027/inference/model.py#L834-L839,仅参考逻辑构造；stored shape/dtype/payload 未审计
decoder-3,encoder,CSA2,Full,一个共享 SwiGLU 专家,layers.2.ffn.shared_experts.w3.weight,2304 × 5120,11796480,1,https://huggingface.co/deepseek-ai/DeepSeek-V4.1-Flash/blob/2cba9e42aa026125f3ed06c6d98c1db82f7ca027/inference/model.py#L834-L839,仅参考逻辑构造；stored shape/dtype/payload 未审计
decoder-3,encoder,CSA2,Full,一个共享 SwiGLU 专家,layers.2.ffn.shared_experts.w2.weight,5120 × 2304,11796480,1,https://huggingface.co/deepseek-ai/DeepSeek-V4.1-Flash/blob/2cba9e42aa026125f3ed06c6d98c1db82f7ca027/inference/model.py#L834-L839,仅参考逻辑构造；stored shape/dtype/payload 未审计
decoder-3,encoder,CSA2,Full,Single-Pass mHC：使用上一子层的 pre_mix,layers.2.attn_norm.weight,5120,5120,1,https://huggingface.co/deepseek-ai/DeepSeek-V4.1-Flash/blob/2cba9e42aa026125f3ed06c6d98c1db82f7ca027/inference/model.py#L919-L946,仅参考逻辑构造；stored shape/dtype/payload 未审计
decoder-3,encoder,CSA2,Full,Single-Pass mHC：使用上一子层的 pre_mix,layers.2.ffn_norm.weight,5120,5120,1,https://huggingface.co/deepseek-ai/DeepSeek-V4.1-Flash/blob/2cba9e42aa026125f3ed06c6d98c1db82f7ca027/inference/model.py#L919-L946,仅参考逻辑构造；stored shape/dtype/payload 未审计
decoder-3,encoder,CSA2,Full,Single-Pass mHC：使用上一子层的 pre_mix,layers.2.hc_attn_fn,24 × 20480,491520,1,https://huggingface.co/deepseek-ai/DeepSeek-V4.1-Flash/blob/2cba9e42aa026125f3ed06c6d98c1db82f7ca027/inference/model.py#L919-L946,仅参考逻辑构造；stored shape/dtype/payload 未审计
decoder-3,encoder,CSA2,Full,Single-Pass mHC：使用上一子层的 pre_mix,layers.2.hc_ffn_fn,24 × 20480,491520,1,https://huggingface.co/deepseek-ai/DeepSeek-V4.1-Flash/blob/2cba9e42aa026125f3ed06c6d98c1db82f7ca027/inference/model.py#L919-L946,仅参考逻辑构造；stored shape/dtype/payload 未审计
decoder-3,encoder,CSA2,Full,Single-Pass mHC：使用上一子层的 pre_mix,layers.2.hc_attn_base,24,24,1,https://huggingface.co/deepseek-ai/DeepSeek-V4.1-Flash/blob/2cba9e42aa026125f3ed06c6d98c1db82f7ca027/inference/model.py#L919-L946,仅参考逻辑构造；stored shape/dtype/payload 未审计
decoder-3,encoder,CSA2,Full,Single-Pass mHC：使用上一子层的 pre_mix,layers.2.hc_ffn_base,24,24,1,https://huggingface.co/deepseek-ai/DeepSeek-V4.1-Flash/blob/2cba9e42aa026125f3ed06c6d98c1db82f7ca027/inference/model.py#L919-L946,仅参考逻辑构造；stored shape/dtype/payload 未审计
decoder-3,encoder,CSA2,Full,Single-Pass mHC：使用上一子层的 pre_mix,layers.2.hc_attn_scale,3,3,1,https://huggingface.co/deepseek-ai/DeepSeek-V4.1-Flash/blob/2cba9e42aa026125f3ed06c6d98c1db82f7ca027/inference/model.py#L919-L946,仅参考逻辑构造；stored shape/dtype/payload 未审计
decoder-3,encoder,CSA2,Full,Single-Pass mHC：使用上一子层的 pre_mix,layers.2.hc_ffn_scale,3,3,1,https://huggingface.co/deepseek-ai/DeepSeek-V4.1-Flash/blob/2cba9e42aa026125f3ed06c6d98c1db82f7ca027/inference/model.py#L919-L946,仅参考逻辑构造；stored shape/dtype/payload 未审计
decoder-4,encoder,CSA2,Reuse,本层 Q、SWA KV 与分组输出投影,layers.3.attn.attn_sink,64,64,1,https://huggingface.co/deepseek-ai/DeepSeek-V4.1-Flash/blob/2cba9e42aa026125f3ed06c6d98c1db82f7ca027/inference/model.py#L622-L698,仅参考逻辑构造；stored shape/dtype/payload 未审计
decoder-4,encoder,CSA2,Reuse,本层 Q、SWA KV 与分组输出投影,layers.3.attn.wq_a.weight,1280 × 5120,6553600,1,https://huggingface.co/deepseek-ai/DeepSeek-V4.1-Flash/blob/2cba9e42aa026125f3ed06c6d98c1db82f7ca027/inference/model.py#L622-L698,仅参考逻辑构造；stored shape/dtype/payload 未审计
decoder-4,encoder,CSA2,Reuse,本层 Q、SWA KV 与分组输出投影,layers.3.attn.q_norm.weight,1280,1280,1,https://huggingface.co/deepseek-ai/DeepSeek-V4.1-Flash/blob/2cba9e42aa026125f3ed06c6d98c1db82f7ca027/inference/model.py#L622-L698,仅参考逻辑构造；stored shape/dtype/payload 未审计
decoder-4,encoder,CSA2,Reuse,本层 Q、SWA KV 与分组输出投影,layers.3.attn.wq_b.weight,32768 × 1280,41943040,1,https://huggingface.co/deepseek-ai/DeepSeek-V4.1-Flash/blob/2cba9e42aa026125f3ed06c6d98c1db82f7ca027/inference/model.py#L622-L698,仅参考逻辑构造；stored shape/dtype/payload 未审计
decoder-4,encoder,CSA2,Reuse,本层 Q、SWA KV 与分组输出投影,layers.3.attn.wkv.weight,512 × 5120,2621440,1,https://huggingface.co/deepseek-ai/DeepSeek-V4.1-Flash/blob/2cba9e42aa026125f3ed06c6d98c1db82f7ca027/inference/model.py#L622-L698,仅参考逻辑构造；stored shape/dtype/payload 未审计
decoder-4,encoder,CSA2,Reuse,本层 Q、SWA KV 与分组输出投影,layers.3.attn.kv_norm.weight,512,512,1,https://huggingface.co/deepseek-ai/DeepSeek-V4.1-Flash/blob/2cba9e42aa026125f3ed06c6d98c1db82f7ca027/inference/model.py#L622-L698,仅参考逻辑构造；stored shape/dtype/payload 未审计
decoder-4,encoder,CSA2,Reuse,本层 Q、SWA KV 与分组输出投影,layers.3.attn.wo_a.weight,8192 × 4096,33554432,1,https://huggingface.co/deepseek-ai/DeepSeek-V4.1-Flash/blob/2cba9e42aa026125f3ed06c6d98c1db82f7ca027/inference/model.py#L622-L698,仅参考逻辑构造；stored shape/dtype/payload 未审计
decoder-4,encoder,CSA2,Reuse,本层 Q、SWA KV 与分组输出投影,layers.3.attn.wo_b.weight,5120 × 8192,41943040,1,https://huggingface.co/deepseek-ai/DeepSeek-V4.1-Flash/blob/2cba9e42aa026125f3ed06c6d98c1db82f7ca027/inference/model.py#L622-L698,仅参考逻辑构造；stored shape/dtype/payload 未审计
decoder-4,encoder,CSA2,Reuse,文本/视觉分开的路由校正 bias,layers.3.ffn.gate.weight,384 × 5120,1966080,1,https://huggingface.co/deepseek-ai/DeepSeek-V4.1-Flash/blob/2cba9e42aa026125f3ed06c6d98c1db82f7ca027/inference/model.py#L796-L807,仅参考逻辑构造；stored shape/dtype/payload 未审计
decoder-4,encoder,CSA2,Reuse,文本/视觉分开的路由校正 bias,layers.3.ffn.gate.bias,384,384,1,https://huggingface.co/deepseek-ai/DeepSeek-V4.1-Flash/blob/2cba9e42aa026125f3ed06c6d98c1db82f7ca027/inference/model.py#L796-L807,仅参考逻辑构造；stored shape/dtype/payload 未审计
decoder-4,encoder,CSA2,Reuse,文本/视觉分开的路由校正 bias,layers.3.ffn.gate.bias_vl,384,384,1,https://huggingface.co/deepseek-ai/DeepSeek-V4.1-Flash/blob/2cba9e42aa026125f3ed06c6d98c1db82f7ca027/inference/model.py#L796-L807,仅参考逻辑构造；stored shape/dtype/payload 未审计
decoder-4,encoder,CSA2,Reuse,384 个路由专家 / 选 6,layers.3.ffn.experts.{e}.w1.weight,2304 × 5120,11796480,384,https://huggingface.co/deepseek-ai/DeepSeek-V4.1-Flash/blob/2cba9e42aa026125f3ed06c6d98c1db82f7ca027/inference/model.py#L834-L839,仅参考逻辑构造；stored shape/dtype/payload 未审计
decoder-4,encoder,CSA2,Reuse,384 个路由专家 / 选 6,layers.3.ffn.experts.{e}.w3.weight,2304 × 5120,11796480,384,https://huggingface.co/deepseek-ai/DeepSeek-V4.1-Flash/blob/2cba9e42aa026125f3ed06c6d98c1db82f7ca027/inference/model.py#L834-L839,仅参考逻辑构造；stored shape/dtype/payload 未审计
decoder-4,encoder,CSA2,Reuse,384 个路由专家 / 选 6,layers.3.ffn.experts.{e}.w2.weight,5120 × 2304,11796480,384,https://huggingface.co/deepseek-ai/DeepSeek-V4.1-Flash/blob/2cba9e42aa026125f3ed06c6d98c1db82f7ca027/inference/model.py#L834-L839,仅参考逻辑构造；stored shape/dtype/payload 未审计
decoder-4,encoder,CSA2,Reuse,一个共享 SwiGLU 专家,layers.3.ffn.shared_experts.w1.weight,2304 × 5120,11796480,1,https://huggingface.co/deepseek-ai/DeepSeek-V4.1-Flash/blob/2cba9e42aa026125f3ed06c6d98c1db82f7ca027/inference/model.py#L834-L839,仅参考逻辑构造；stored shape/dtype/payload 未审计
decoder-4,encoder,CSA2,Reuse,一个共享 SwiGLU 专家,layers.3.ffn.shared_experts.w3.weight,2304 × 5120,11796480,1,https://huggingface.co/deepseek-ai/DeepSeek-V4.1-Flash/blob/2cba9e42aa026125f3ed06c6d98c1db82f7ca027/inference/model.py#L834-L839,仅参考逻辑构造；stored shape/dtype/payload 未审计
decoder-4,encoder,CSA2,Reuse,一个共享 SwiGLU 专家,layers.3.ffn.shared_experts.w2.weight,5120 × 2304,11796480,1,https://huggingface.co/deepseek-ai/DeepSeek-V4.1-Flash/blob/2cba9e42aa026125f3ed06c6d98c1db82f7ca027/inference/model.py#L834-L839,仅参考逻辑构造；stored shape/dtype/payload 未审计
decoder-4,encoder,CSA2,Reuse,Single-Pass mHC：使用上一子层的 pre_mix,layers.3.attn_norm.weight,5120,5120,1,https://huggingface.co/deepseek-ai/DeepSeek-V4.1-Flash/blob/2cba9e42aa026125f3ed06c6d98c1db82f7ca027/inference/model.py#L919-L946,仅参考逻辑构造；stored shape/dtype/payload 未审计
decoder-4,encoder,CSA2,Reuse,Single-Pass mHC：使用上一子层的 pre_mix,layers.3.ffn_norm.weight,5120,5120,1,https://huggingface.co/deepseek-ai/DeepSeek-V4.1-Flash/blob/2cba9e42aa026125f3ed06c6d98c1db82f7ca027/inference/model.py#L919-L946,仅参考逻辑构造；stored shape/dtype/payload 未审计
decoder-4,encoder,CSA2,Reuse,Single-Pass mHC：使用上一子层的 pre_mix,layers.3.hc_attn_fn,24 × 20480,491520,1,https://huggingface.co/deepseek-ai/DeepSeek-V4.1-Flash/blob/2cba9e42aa026125f3ed06c6d98c1db82f7ca027/inference/model.py#L919-L946,仅参考逻辑构造；stored shape/dtype/payload 未审计
decoder-4,encoder,CSA2,Reuse,Single-Pass mHC：使用上一子层的 pre_mix,layers.3.hc_ffn_fn,24 × 20480,491520,1,https://huggingface.co/deepseek-ai/DeepSeek-V4.1-Flash/blob/2cba9e42aa026125f3ed06c6d98c1db82f7ca027/inference/model.py#L919-L946,仅参考逻辑构造；stored shape/dtype/payload 未审计
decoder-4,encoder,CSA2,Reuse,Single-Pass mHC：使用上一子层的 pre_mix,layers.3.hc_attn_base,24,24,1,https://huggingface.co/deepseek-ai/DeepSeek-V4.1-Flash/blob/2cba9e42aa026125f3ed06c6d98c1db82f7ca027/inference/model.py#L919-L946,仅参考逻辑构造；stored shape/dtype/payload 未审计
decoder-4,encoder,CSA2,Reuse,Single-Pass mHC：使用上一子层的 pre_mix,layers.3.hc_ffn_base,24,24,1,https://huggingface.co/deepseek-ai/DeepSeek-V4.1-Flash/blob/2cba9e42aa026125f3ed06c6d98c1db82f7ca027/inference/model.py#L919-L946,仅参考逻辑构造；stored shape/dtype/payload 未审计
decoder-4,encoder,CSA2,Reuse,Single-Pass mHC：使用上一子层的 pre_mix,layers.3.hc_attn_scale,3,3,1,https://huggingface.co/deepseek-ai/DeepSeek-V4.1-Flash/blob/2cba9e42aa026125f3ed06c6d98c1db82f7ca027/inference/model.py#L919-L946,仅参考逻辑构造；stored shape/dtype/payload 未审计
decoder-4,encoder,CSA2,Reuse,Single-Pass mHC：使用上一子层的 pre_mix,layers.3.hc_ffn_scale,3,3,1,https://huggingface.co/deepseek-ai/DeepSeek-V4.1-Flash/blob/2cba9e42aa026125f3ed06c6d98c1db82f7ca027/inference/model.py#L919-L946,仅参考逻辑构造；stored shape/dtype/payload 未审计
decoder-5,encoder,CSA2,Reuse,本层 Q、SWA KV 与分组输出投影,layers.4.attn.attn_sink,64,64,1,https://huggingface.co/deepseek-ai/DeepSeek-V4.1-Flash/blob/2cba9e42aa026125f3ed06c6d98c1db82f7ca027/inference/model.py#L622-L698,仅参考逻辑构造；stored shape/dtype/payload 未审计
decoder-5,encoder,CSA2,Reuse,本层 Q、SWA KV 与分组输出投影,layers.4.attn.wq_a.weight,1280 × 5120,6553600,1,https://huggingface.co/deepseek-ai/DeepSeek-V4.1-Flash/blob/2cba9e42aa026125f3ed06c6d98c1db82f7ca027/inference/model.py#L622-L698,仅参考逻辑构造；stored shape/dtype/payload 未审计
decoder-5,encoder,CSA2,Reuse,本层 Q、SWA KV 与分组输出投影,layers.4.attn.q_norm.weight,1280,1280,1,https://huggingface.co/deepseek-ai/DeepSeek-V4.1-Flash/blob/2cba9e42aa026125f3ed06c6d98c1db82f7ca027/inference/model.py#L622-L698,仅参考逻辑构造；stored shape/dtype/payload 未审计
decoder-5,encoder,CSA2,Reuse,本层 Q、SWA KV 与分组输出投影,layers.4.attn.wq_b.weight,32768 × 1280,41943040,1,https://huggingface.co/deepseek-ai/DeepSeek-V4.1-Flash/blob/2cba9e42aa026125f3ed06c6d98c1db82f7ca027/inference/model.py#L622-L698,仅参考逻辑构造；stored shape/dtype/payload 未审计
decoder-5,encoder,CSA2,Reuse,本层 Q、SWA KV 与分组输出投影,layers.4.attn.wkv.weight,512 × 5120,2621440,1,https://huggingface.co/deepseek-ai/DeepSeek-V4.1-Flash/blob/2cba9e42aa026125f3ed06c6d98c1db82f7ca027/inference/model.py#L622-L698,仅参考逻辑构造；stored shape/dtype/payload 未审计
decoder-5,encoder,CSA2,Reuse,本层 Q、SWA KV 与分组输出投影,layers.4.attn.kv_norm.weight,512,512,1,https://huggingface.co/deepseek-ai/DeepSeek-V4.1-Flash/blob/2cba9e42aa026125f3ed06c6d98c1db82f7ca027/inference/model.py#L622-L698,仅参考逻辑构造；stored shape/dtype/payload 未审计
decoder-5,encoder,CSA2,Reuse,本层 Q、SWA KV 与分组输出投影,layers.4.attn.wo_a.weight,8192 × 4096,33554432,1,https://huggingface.co/deepseek-ai/DeepSeek-V4.1-Flash/blob/2cba9e42aa026125f3ed06c6d98c1db82f7ca027/inference/model.py#L622-L698,仅参考逻辑构造；stored shape/dtype/payload 未审计
decoder-5,encoder,CSA2,Reuse,本层 Q、SWA KV 与分组输出投影,layers.4.attn.wo_b.weight,5120 × 8192,41943040,1,https://huggingface.co/deepseek-ai/DeepSeek-V4.1-Flash/blob/2cba9e42aa026125f3ed06c6d98c1db82f7ca027/inference/model.py#L622-L698,仅参考逻辑构造；stored shape/dtype/payload 未审计
decoder-5,encoder,CSA2,Reuse,文本/视觉分开的路由校正 bias,layers.4.ffn.gate.weight,384 × 5120,1966080,1,https://huggingface.co/deepseek-ai/DeepSeek-V4.1-Flash/blob/2cba9e42aa026125f3ed06c6d98c1db82f7ca027/inference/model.py#L796-L807,仅参考逻辑构造；stored shape/dtype/payload 未审计
decoder-5,encoder,CSA2,Reuse,文本/视觉分开的路由校正 bias,layers.4.ffn.gate.bias,384,384,1,https://huggingface.co/deepseek-ai/DeepSeek-V4.1-Flash/blob/2cba9e42aa026125f3ed06c6d98c1db82f7ca027/inference/model.py#L796-L807,仅参考逻辑构造；stored shape/dtype/payload 未审计
decoder-5,encoder,CSA2,Reuse,文本/视觉分开的路由校正 bias,layers.4.ffn.gate.bias_vl,384,384,1,https://huggingface.co/deepseek-ai/DeepSeek-V4.1-Flash/blob/2cba9e42aa026125f3ed06c6d98c1db82f7ca027/inference/model.py#L796-L807,仅参考逻辑构造；stored shape/dtype/payload 未审计
decoder-5,encoder,CSA2,Reuse,384 个路由专家 / 选 6,layers.4.ffn.experts.{e}.w1.weight,2304 × 5120,11796480,384,https://huggingface.co/deepseek-ai/DeepSeek-V4.1-Flash/blob/2cba9e42aa026125f3ed06c6d98c1db82f7ca027/inference/model.py#L834-L839,仅参考逻辑构造；stored shape/dtype/payload 未审计
decoder-5,encoder,CSA2,Reuse,384 个路由专家 / 选 6,layers.4.ffn.experts.{e}.w3.weight,2304 × 5120,11796480,384,https://huggingface.co/deepseek-ai/DeepSeek-V4.1-Flash/blob/2cba9e42aa026125f3ed06c6d98c1db82f7ca027/inference/model.py#L834-L839,仅参考逻辑构造；stored shape/dtype/payload 未审计
decoder-5,encoder,CSA2,Reuse,384 个路由专家 / 选 6,layers.4.ffn.experts.{e}.w2.weight,5120 × 2304,11796480,384,https://huggingface.co/deepseek-ai/DeepSeek-V4.1-Flash/blob/2cba9e42aa026125f3ed06c6d98c1db82f7ca027/inference/model.py#L834-L839,仅参考逻辑构造；stored shape/dtype/payload 未审计
decoder-5,encoder,CSA2,Reuse,一个共享 SwiGLU 专家,layers.4.ffn.shared_experts.w1.weight,2304 × 5120,11796480,1,https://huggingface.co/deepseek-ai/DeepSeek-V4.1-Flash/blob/2cba9e42aa026125f3ed06c6d98c1db82f7ca027/inference/model.py#L834-L839,仅参考逻辑构造；stored shape/dtype/payload 未审计
decoder-5,encoder,CSA2,Reuse,一个共享 SwiGLU 专家,layers.4.ffn.shared_experts.w3.weight,2304 × 5120,11796480,1,https://huggingface.co/deepseek-ai/DeepSeek-V4.1-Flash/blob/2cba9e42aa026125f3ed06c6d98c1db82f7ca027/inference/model.py#L834-L839,仅参考逻辑构造；stored shape/dtype/payload 未审计
decoder-5,encoder,CSA2,Reuse,一个共享 SwiGLU 专家,layers.4.ffn.shared_experts.w2.weight,5120 × 2304,11796480,1,https://huggingface.co/deepseek-ai/DeepSeek-V4.1-Flash/blob/2cba9e42aa026125f3ed06c6d98c1db82f7ca027/inference/model.py#L834-L839,仅参考逻辑构造；stored shape/dtype/payload 未审计
decoder-5,encoder,CSA2,Reuse,Single-Pass mHC：使用上一子层的 pre_mix,layers.4.attn_norm.weight,5120,5120,1,https://huggingface.co/deepseek-ai/DeepSeek-V4.1-Flash/blob/2cba9e42aa026125f3ed06c6d98c1db82f7ca027/inference/model.py#L919-L946,仅参考逻辑构造；stored shape/dtype/payload 未审计
decoder-5,encoder,CSA2,Reuse,Single-Pass mHC：使用上一子层的 pre_mix,layers.4.ffn_norm.weight,5120,5120,1,https://huggingface.co/deepseek-ai/DeepSeek-V4.1-Flash/blob/2cba9e42aa026125f3ed06c6d98c1db82f7ca027/inference/model.py#L919-L946,仅参考逻辑构造；stored shape/dtype/payload 未审计
decoder-5,encoder,CSA2,Reuse,Single-Pass mHC：使用上一子层的 pre_mix,layers.4.hc_attn_fn,24 × 20480,491520,1,https://huggingface.co/deepseek-ai/DeepSeek-V4.1-Flash/blob/2cba9e42aa026125f3ed06c6d98c1db82f7ca027/inference/model.py#L919-L946,仅参考逻辑构造；stored shape/dtype/payload 未审计
decoder-5,encoder,CSA2,Reuse,Single-Pass mHC：使用上一子层的 pre_mix,layers.4.hc_ffn_fn,24 × 20480,491520,1,https://huggingface.co/deepseek-ai/DeepSeek-V4.1-Flash/blob/2cba9e42aa026125f3ed06c6d98c1db82f7ca027/inference/model.py#L919-L946,仅参考逻辑构造；stored shape/dtype/payload 未审计
decoder-5,encoder,CSA2,Reuse,Single-Pass mHC：使用上一子层的 pre_mix,layers.4.hc_attn_base,24,24,1,https://huggingface.co/deepseek-ai/DeepSeek-V4.1-Flash/blob/2cba9e42aa026125f3ed06c6d98c1db82f7ca027/inference/model.py#L919-L946,仅参考逻辑构造；stored shape/dtype/payload 未审计
decoder-5,encoder,CSA2,Reuse,Single-Pass mHC：使用上一子层的 pre_mix,layers.4.hc_ffn_base,24,24,1,https://huggingface.co/deepseek-ai/DeepSeek-V4.1-Flash/blob/2cba9e42aa026125f3ed06c6d98c1db82f7ca027/inference/model.py#L919-L946,仅参考逻辑构造；stored shape/dtype/payload 未审计
decoder-5,encoder,CSA2,Reuse,Single-Pass mHC：使用上一子层的 pre_mix,layers.4.hc_attn_scale,3,3,1,https://huggingface.co/deepseek-ai/DeepSeek-V4.1-Flash/blob/2cba9e42aa026125f3ed06c6d98c1db82f7ca027/inference/model.py#L919-L946,仅参考逻辑构造；stored shape/dtype/payload 未审计
decoder-5,encoder,CSA2,Reuse,Single-Pass mHC：使用上一子层的 pre_mix,layers.4.hc_ffn_scale,3,3,1,https://huggingface.co/deepseek-ai/DeepSeek-V4.1-Flash/blob/2cba9e42aa026125f3ed06c6d98c1db82f7ca027/inference/model.py#L919-L946,仅参考逻辑构造；stored shape/dtype/payload 未审计
decoder-6,encoder,CSA2,Reuse,本层 Q、SWA KV 与分组输出投影,layers.5.attn.attn_sink,64,64,1,https://huggingface.co/deepseek-ai/DeepSeek-V4.1-Flash/blob/2cba9e42aa026125f3ed06c6d98c1db82f7ca027/inference/model.py#L622-L698,仅参考逻辑构造；stored shape/dtype/payload 未审计
decoder-6,encoder,CSA2,Reuse,本层 Q、SWA KV 与分组输出投影,layers.5.attn.wq_a.weight,1280 × 5120,6553600,1,https://huggingface.co/deepseek-ai/DeepSeek-V4.1-Flash/blob/2cba9e42aa026125f3ed06c6d98c1db82f7ca027/inference/model.py#L622-L698,仅参考逻辑构造；stored shape/dtype/payload 未审计
decoder-6,encoder,CSA2,Reuse,本层 Q、SWA KV 与分组输出投影,layers.5.attn.q_norm.weight,1280,1280,1,https://huggingface.co/deepseek-ai/DeepSeek-V4.1-Flash/blob/2cba9e42aa026125f3ed06c6d98c1db82f7ca027/inference/model.py#L622-L698,仅参考逻辑构造；stored shape/dtype/payload 未审计
decoder-6,encoder,CSA2,Reuse,本层 Q、SWA KV 与分组输出投影,layers.5.attn.wq_b.weight,32768 × 1280,41943040,1,https://huggingface.co/deepseek-ai/DeepSeek-V4.1-Flash/blob/2cba9e42aa026125f3ed06c6d98c1db82f7ca027/inference/model.py#L622-L698,仅参考逻辑构造；stored shape/dtype/payload 未审计
decoder-6,encoder,CSA2,Reuse,本层 Q、SWA KV 与分组输出投影,layers.5.attn.wkv.weight,512 × 5120,2621440,1,https://huggingface.co/deepseek-ai/DeepSeek-V4.1-Flash/blob/2cba9e42aa026125f3ed06c6d98c1db82f7ca027/inference/model.py#L622-L698,仅参考逻辑构造；stored shape/dtype/payload 未审计
decoder-6,encoder,CSA2,Reuse,本层 Q、SWA KV 与分组输出投影,layers.5.attn.kv_norm.weight,512,512,1,https://huggingface.co/deepseek-ai/DeepSeek-V4.1-Flash/blob/2cba9e42aa026125f3ed06c6d98c1db82f7ca027/inference/model.py#L622-L698,仅参考逻辑构造；stored shape/dtype/payload 未审计
decoder-6,encoder,CSA2,Reuse,本层 Q、SWA KV 与分组输出投影,layers.5.attn.wo_a.weight,8192 × 4096,33554432,1,https://huggingface.co/deepseek-ai/DeepSeek-V4.1-Flash/blob/2cba9e42aa026125f3ed06c6d98c1db82f7ca027/inference/model.py#L622-L698,仅参考逻辑构造；stored shape/dtype/payload 未审计
decoder-6,encoder,CSA2,Reuse,本层 Q、SWA KV 与分组输出投影,layers.5.attn.wo_b.weight,5120 × 8192,41943040,1,https://huggingface.co/deepseek-ai/DeepSeek-V4.1-Flash/blob/2cba9e42aa026125f3ed06c6d98c1db82f7ca027/inference/model.py#L622-L698,仅参考逻辑构造；stored shape/dtype/payload 未审计
decoder-6,encoder,CSA2,Reuse,文本/视觉分开的路由校正 bias,layers.5.ffn.gate.weight,384 × 5120,1966080,1,https://huggingface.co/deepseek-ai/DeepSeek-V4.1-Flash/blob/2cba9e42aa026125f3ed06c6d98c1db82f7ca027/inference/model.py#L796-L807,仅参考逻辑构造；stored shape/dtype/payload 未审计
decoder-6,encoder,CSA2,Reuse,文本/视觉分开的路由校正 bias,layers.5.ffn.gate.bias,384,384,1,https://huggingface.co/deepseek-ai/DeepSeek-V4.1-Flash/blob/2cba9e42aa026125f3ed06c6d98c1db82f7ca027/inference/model.py#L796-L807,仅参考逻辑构造；stored shape/dtype/payload 未审计
decoder-6,encoder,CSA2,Reuse,文本/视觉分开的路由校正 bias,layers.5.ffn.gate.bias_vl,384,384,1,https://huggingface.co/deepseek-ai/DeepSeek-V4.1-Flash/blob/2cba9e42aa026125f3ed06c6d98c1db82f7ca027/inference/model.py#L796-L807,仅参考逻辑构造；stored shape/dtype/payload 未审计
decoder-6,encoder,CSA2,Reuse,384 个路由专家 / 选 6,layers.5.ffn.experts.{e}.w1.weight,2304 × 5120,11796480,384,https://huggingface.co/deepseek-ai/DeepSeek-V4.1-Flash/blob/2cba9e42aa026125f3ed06c6d98c1db82f7ca027/inference/model.py#L834-L839,仅参考逻辑构造；stored shape/dtype/payload 未审计
decoder-6,encoder,CSA2,Reuse,384 个路由专家 / 选 6,layers.5.ffn.experts.{e}.w3.weight,2304 × 5120,11796480,384,https://huggingface.co/deepseek-ai/DeepSeek-V4.1-Flash/blob/2cba9e42aa026125f3ed06c6d98c1db82f7ca027/inference/model.py#L834-L839,仅参考逻辑构造；stored shape/dtype/payload 未审计
decoder-6,encoder,CSA2,Reuse,384 个路由专家 / 选 6,layers.5.ffn.experts.{e}.w2.weight,5120 × 2304,11796480,384,https://huggingface.co/deepseek-ai/DeepSeek-V4.1-Flash/blob/2cba9e42aa026125f3ed06c6d98c1db82f7ca027/inference/model.py#L834-L839,仅参考逻辑构造；stored shape/dtype/payload 未审计
decoder-6,encoder,CSA2,Reuse,一个共享 SwiGLU 专家,layers.5.ffn.shared_experts.w1.weight,2304 × 5120,11796480,1,https://huggingface.co/deepseek-ai/DeepSeek-V4.1-Flash/blob/2cba9e42aa026125f3ed06c6d98c1db82f7ca027/inference/model.py#L834-L839,仅参考逻辑构造；stored shape/dtype/payload 未审计
decoder-6,encoder,CSA2,Reuse,一个共享 SwiGLU 专家,layers.5.ffn.shared_experts.w3.weight,2304 × 5120,11796480,1,https://huggingface.co/deepseek-ai/DeepSeek-V4.1-Flash/blob/2cba9e42aa026125f3ed06c6d98c1db82f7ca027/inference/model.py#L834-L839,仅参考逻辑构造；stored shape/dtype/payload 未审计
decoder-6,encoder,CSA2,Reuse,一个共享 SwiGLU 专家,layers.5.ffn.shared_experts.w2.weight,5120 × 2304,11796480,1,https://huggingface.co/deepseek-ai/DeepSeek-V4.1-Flash/blob/2cba9e42aa026125f3ed06c6d98c1db82f7ca027/inference/model.py#L834-L839,仅参考逻辑构造；stored shape/dtype/payload 未审计
decoder-6,encoder,CSA2,Reuse,Single-Pass mHC：使用上一子层的 pre_mix,layers.5.attn_norm.weight,5120,5120,1,https://huggingface.co/deepseek-ai/DeepSeek-V4.1-Flash/blob/2cba9e42aa026125f3ed06c6d98c1db82f7ca027/inference/model.py#L919-L946,仅参考逻辑构造；stored shape/dtype/payload 未审计
decoder-6,encoder,CSA2,Reuse,Single-Pass mHC：使用上一子层的 pre_mix,layers.5.ffn_norm.weight,5120,5120,1,https://huggingface.co/deepseek-ai/DeepSeek-V4.1-Flash/blob/2cba9e42aa026125f3ed06c6d98c1db82f7ca027/inference/model.py#L919-L946,仅参考逻辑构造；stored shape/dtype/payload 未审计
decoder-6,encoder,CSA2,Reuse,Single-Pass mHC：使用上一子层的 pre_mix,layers.5.hc_attn_fn,24 × 20480,491520,1,https://huggingface.co/deepseek-ai/DeepSeek-V4.1-Flash/blob/2cba9e42aa026125f3ed06c6d98c1db82f7ca027/inference/model.py#L919-L946,仅参考逻辑构造；stored shape/dtype/payload 未审计
decoder-6,encoder,CSA2,Reuse,Single-Pass mHC：使用上一子层的 pre_mix,layers.5.hc_ffn_fn,24 × 20480,491520,1,https://huggingface.co/deepseek-ai/DeepSeek-V4.1-Flash/blob/2cba9e42aa026125f3ed06c6d98c1db82f7ca027/inference/model.py#L919-L946,仅参考逻辑构造；stored shape/dtype/payload 未审计
decoder-6,encoder,CSA2,Reuse,Single-Pass mHC：使用上一子层的 pre_mix,layers.5.hc_attn_base,24,24,1,https://huggingface.co/deepseek-ai/DeepSeek-V4.1-Flash/blob/2cba9e42aa026125f3ed06c6d98c1db82f7ca027/inference/model.py#L919-L946,仅参考逻辑构造；stored shape/dtype/payload 未审计
decoder-6,encoder,CSA2,Reuse,Single-Pass mHC：使用上一子层的 pre_mix,layers.5.hc_ffn_base,24,24,1,https://huggingface.co/deepseek-ai/DeepSeek-V4.1-Flash/blob/2cba9e42aa026125f3ed06c6d98c1db82f7ca027/inference/model.py#L919-L946,仅参考逻辑构造；stored shape/dtype/payload 未审计
decoder-6,encoder,CSA2,Reuse,Single-Pass mHC：使用上一子层的 pre_mix,layers.5.hc_attn_scale,3,3,1,https://huggingface.co/deepseek-ai/DeepSeek-V4.1-Flash/blob/2cba9e42aa026125f3ed06c6d98c1db82f7ca027/inference/model.py#L919-L946,仅参考逻辑构造；stored shape/dtype/payload 未审计
decoder-6,encoder,CSA2,Reuse,Single-Pass mHC：使用上一子层的 pre_mix,layers.5.hc_ffn_scale,3,3,1,https://huggingface.co/deepseek-ai/DeepSeek-V4.1-Flash/blob/2cba9e42aa026125f3ed06c6d98c1db82f7ca027/inference/model.py#L919-L946,仅参考逻辑构造；stored shape/dtype/payload 未审计
decoder-7,encoder,CSA2,Reuse,本层 Q、SWA KV 与分组输出投影,layers.6.attn.attn_sink,64,64,1,https://huggingface.co/deepseek-ai/DeepSeek-V4.1-Flash/blob/2cba9e42aa026125f3ed06c6d98c1db82f7ca027/inference/model.py#L622-L698,仅参考逻辑构造；stored shape/dtype/payload 未审计
decoder-7,encoder,CSA2,Reuse,本层 Q、SWA KV 与分组输出投影,layers.6.attn.wq_a.weight,1280 × 5120,6553600,1,https://huggingface.co/deepseek-ai/DeepSeek-V4.1-Flash/blob/2cba9e42aa026125f3ed06c6d98c1db82f7ca027/inference/model.py#L622-L698,仅参考逻辑构造；stored shape/dtype/payload 未审计
decoder-7,encoder,CSA2,Reuse,本层 Q、SWA KV 与分组输出投影,layers.6.attn.q_norm.weight,1280,1280,1,https://huggingface.co/deepseek-ai/DeepSeek-V4.1-Flash/blob/2cba9e42aa026125f3ed06c6d98c1db82f7ca027/inference/model.py#L622-L698,仅参考逻辑构造；stored shape/dtype/payload 未审计
decoder-7,encoder,CSA2,Reuse,本层 Q、SWA KV 与分组输出投影,layers.6.attn.wq_b.weight,32768 × 1280,41943040,1,https://huggingface.co/deepseek-ai/DeepSeek-V4.1-Flash/blob/2cba9e42aa026125f3ed06c6d98c1db82f7ca027/inference/model.py#L622-L698,仅参考逻辑构造；stored shape/dtype/payload 未审计
decoder-7,encoder,CSA2,Reuse,本层 Q、SWA KV 与分组输出投影,layers.6.attn.wkv.weight,512 × 5120,2621440,1,https://huggingface.co/deepseek-ai/DeepSeek-V4.1-Flash/blob/2cba9e42aa026125f3ed06c6d98c1db82f7ca027/inference/model.py#L622-L698,仅参考逻辑构造；stored shape/dtype/payload 未审计
decoder-7,encoder,CSA2,Reuse,本层 Q、SWA KV 与分组输出投影,layers.6.attn.kv_norm.weight,512,512,1,https://huggingface.co/deepseek-ai/DeepSeek-V4.1-Flash/blob/2cba9e42aa026125f3ed06c6d98c1db82f7ca027/inference/model.py#L622-L698,仅参考逻辑构造；stored shape/dtype/payload 未审计
decoder-7,encoder,CSA2,Reuse,本层 Q、SWA KV 与分组输出投影,layers.6.attn.wo_a.weight,8192 × 4096,33554432,1,https://huggingface.co/deepseek-ai/DeepSeek-V4.1-Flash/blob/2cba9e42aa026125f3ed06c6d98c1db82f7ca027/inference/model.py#L622-L698,仅参考逻辑构造；stored shape/dtype/payload 未审计
decoder-7,encoder,CSA2,Reuse,本层 Q、SWA KV 与分组输出投影,layers.6.attn.wo_b.weight,5120 × 8192,41943040,1,https://huggingface.co/deepseek-ai/DeepSeek-V4.1-Flash/blob/2cba9e42aa026125f3ed06c6d98c1db82f7ca027/inference/model.py#L622-L698,仅参考逻辑构造；stored shape/dtype/payload 未审计
decoder-7,encoder,CSA2,Reuse,文本/视觉分开的路由校正 bias,layers.6.ffn.gate.weight,384 × 5120,1966080,1,https://huggingface.co/deepseek-ai/DeepSeek-V4.1-Flash/blob/2cba9e42aa026125f3ed06c6d98c1db82f7ca027/inference/model.py#L796-L807,仅参考逻辑构造；stored shape/dtype/payload 未审计
decoder-7,encoder,CSA2,Reuse,文本/视觉分开的路由校正 bias,layers.6.ffn.gate.bias,384,384,1,https://huggingface.co/deepseek-ai/DeepSeek-V4.1-Flash/blob/2cba9e42aa026125f3ed06c6d98c1db82f7ca027/inference/model.py#L796-L807,仅参考逻辑构造；stored shape/dtype/payload 未审计
decoder-7,encoder,CSA2,Reuse,文本/视觉分开的路由校正 bias,layers.6.ffn.gate.bias_vl,384,384,1,https://huggingface.co/deepseek-ai/DeepSeek-V4.1-Flash/blob/2cba9e42aa026125f3ed06c6d98c1db82f7ca027/inference/model.py#L796-L807,仅参考逻辑构造；stored shape/dtype/payload 未审计
decoder-7,encoder,CSA2,Reuse,384 个路由专家 / 选 6,layers.6.ffn.experts.{e}.w1.weight,2304 × 5120,11796480,384,https://huggingface.co/deepseek-ai/DeepSeek-V4.1-Flash/blob/2cba9e42aa026125f3ed06c6d98c1db82f7ca027/inference/model.py#L834-L839,仅参考逻辑构造；stored shape/dtype/payload 未审计
decoder-7,encoder,CSA2,Reuse,384 个路由专家 / 选 6,layers.6.ffn.experts.{e}.w3.weight,2304 × 5120,11796480,384,https://huggingface.co/deepseek-ai/DeepSeek-V4.1-Flash/blob/2cba9e42aa026125f3ed06c6d98c1db82f7ca027/inference/model.py#L834-L839,仅参考逻辑构造；stored shape/dtype/payload 未审计
decoder-7,encoder,CSA2,Reuse,384 个路由专家 / 选 6,layers.6.ffn.experts.{e}.w2.weight,5120 × 2304,11796480,384,https://huggingface.co/deepseek-ai/DeepSeek-V4.1-Flash/blob/2cba9e42aa026125f3ed06c6d98c1db82f7ca027/inference/model.py#L834-L839,仅参考逻辑构造；stored shape/dtype/payload 未审计
decoder-7,encoder,CSA2,Reuse,一个共享 SwiGLU 专家,layers.6.ffn.shared_experts.w1.weight,2304 × 5120,11796480,1,https://huggingface.co/deepseek-ai/DeepSeek-V4.1-Flash/blob/2cba9e42aa026125f3ed06c6d98c1db82f7ca027/inference/model.py#L834-L839,仅参考逻辑构造；stored shape/dtype/payload 未审计
decoder-7,encoder,CSA2,Reuse,一个共享 SwiGLU 专家,layers.6.ffn.shared_experts.w3.weight,2304 × 5120,11796480,1,https://huggingface.co/deepseek-ai/DeepSeek-V4.1-Flash/blob/2cba9e42aa026125f3ed06c6d98c1db82f7ca027/inference/model.py#L834-L839,仅参考逻辑构造；stored shape/dtype/payload 未审计
decoder-7,encoder,CSA2,Reuse,一个共享 SwiGLU 专家,layers.6.ffn.shared_experts.w2.weight,5120 × 2304,11796480,1,https://huggingface.co/deepseek-ai/DeepSeek-V4.1-Flash/blob/2cba9e42aa026125f3ed06c6d98c1db82f7ca027/inference/model.py#L834-L839,仅参考逻辑构造；stored shape/dtype/payload 未审计
decoder-7,encoder,CSA2,Reuse,Single-Pass mHC：使用上一子层的 pre_mix,layers.6.attn_norm.weight,5120,5120,1,https://huggingface.co/deepseek-ai/DeepSeek-V4.1-Flash/blob/2cba9e42aa026125f3ed06c6d98c1db82f7ca027/inference/model.py#L919-L946,仅参考逻辑构造；stored shape/dtype/payload 未审计
decoder-7,encoder,CSA2,Reuse,Single-Pass mHC：使用上一子层的 pre_mix,layers.6.ffn_norm.weight,5120,5120,1,https://huggingface.co/deepseek-ai/DeepSeek-V4.1-Flash/blob/2cba9e42aa026125f3ed06c6d98c1db82f7ca027/inference/model.py#L919-L946,仅参考逻辑构造；stored shape/dtype/payload 未审计
decoder-7,encoder,CSA2,Reuse,Single-Pass mHC：使用上一子层的 pre_mix,layers.6.hc_attn_fn,24 × 20480,491520,1,https://huggingface.co/deepseek-ai/DeepSeek-V4.1-Flash/blob/2cba9e42aa026125f3ed06c6d98c1db82f7ca027/inference/model.py#L919-L946,仅参考逻辑构造；stored shape/dtype/payload 未审计
decoder-7,encoder,CSA2,Reuse,Single-Pass mHC：使用上一子层的 pre_mix,layers.6.hc_ffn_fn,24 × 20480,491520,1,https://huggingface.co/deepseek-ai/DeepSeek-V4.1-Flash/blob/2cba9e42aa026125f3ed06c6d98c1db82f7ca027/inference/model.py#L919-L946,仅参考逻辑构造；stored shape/dtype/payload 未审计
decoder-7,encoder,CSA2,Reuse,Single-Pass mHC：使用上一子层的 pre_mix,layers.6.hc_attn_base,24,24,1,https://huggingface.co/deepseek-ai/DeepSeek-V4.1-Flash/blob/2cba9e42aa026125f3ed06c6d98c1db82f7ca027/inference/model.py#L919-L946,仅参考逻辑构造；stored shape/dtype/payload 未审计
decoder-7,encoder,CSA2,Reuse,Single-Pass mHC：使用上一子层的 pre_mix,layers.6.hc_ffn_base,24,24,1,https://huggingface.co/deepseek-ai/DeepSeek-V4.1-Flash/blob/2cba9e42aa026125f3ed06c6d98c1db82f7ca027/inference/model.py#L919-L946,仅参考逻辑构造；stored shape/dtype/payload 未审计
decoder-7,encoder,CSA2,Reuse,Single-Pass mHC：使用上一子层的 pre_mix,layers.6.hc_attn_scale,3,3,1,https://huggingface.co/deepseek-ai/DeepSeek-V4.1-Flash/blob/2cba9e42aa026125f3ed06c6d98c1db82f7ca027/inference/model.py#L919-L946,仅参考逻辑构造；stored shape/dtype/payload 未审计
decoder-7,encoder,CSA2,Reuse,Single-Pass mHC：使用上一子层的 pre_mix,layers.6.hc_ffn_scale,3,3,1,https://huggingface.co/deepseek-ai/DeepSeek-V4.1-Flash/blob/2cba9e42aa026125f3ed06c6d98c1db82f7ca027/inference/model.py#L919-L946,仅参考逻辑构造；stored shape/dtype/payload 未审计
decoder-8,encoder,CSA2,Reuse,本层 Q、SWA KV 与分组输出投影,layers.7.attn.attn_sink,64,64,1,https://huggingface.co/deepseek-ai/DeepSeek-V4.1-Flash/blob/2cba9e42aa026125f3ed06c6d98c1db82f7ca027/inference/model.py#L622-L698,仅参考逻辑构造；stored shape/dtype/payload 未审计
decoder-8,encoder,CSA2,Reuse,本层 Q、SWA KV 与分组输出投影,layers.7.attn.wq_a.weight,1280 × 5120,6553600,1,https://huggingface.co/deepseek-ai/DeepSeek-V4.1-Flash/blob/2cba9e42aa026125f3ed06c6d98c1db82f7ca027/inference/model.py#L622-L698,仅参考逻辑构造；stored shape/dtype/payload 未审计
decoder-8,encoder,CSA2,Reuse,本层 Q、SWA KV 与分组输出投影,layers.7.attn.q_norm.weight,1280,1280,1,https://huggingface.co/deepseek-ai/DeepSeek-V4.1-Flash/blob/2cba9e42aa026125f3ed06c6d98c1db82f7ca027/inference/model.py#L622-L698,仅参考逻辑构造；stored shape/dtype/payload 未审计
decoder-8,encoder,CSA2,Reuse,本层 Q、SWA KV 与分组输出投影,layers.7.attn.wq_b.weight,32768 × 1280,41943040,1,https://huggingface.co/deepseek-ai/DeepSeek-V4.1-Flash/blob/2cba9e42aa026125f3ed06c6d98c1db82f7ca027/inference/model.py#L622-L698,仅参考逻辑构造；stored shape/dtype/payload 未审计
decoder-8,encoder,CSA2,Reuse,本层 Q、SWA KV 与分组输出投影,layers.7.attn.wkv.weight,512 × 5120,2621440,1,https://huggingface.co/deepseek-ai/DeepSeek-V4.1-Flash/blob/2cba9e42aa026125f3ed06c6d98c1db82f7ca027/inference/model.py#L622-L698,仅参考逻辑构造；stored shape/dtype/payload 未审计
decoder-8,encoder,CSA2,Reuse,本层 Q、SWA KV 与分组输出投影,layers.7.attn.kv_norm.weight,512,512,1,https://huggingface.co/deepseek-ai/DeepSeek-V4.1-Flash/blob/2cba9e42aa026125f3ed06c6d98c1db82f7ca027/inference/model.py#L622-L698,仅参考逻辑构造；stored shape/dtype/payload 未审计
decoder-8,encoder,CSA2,Reuse,本层 Q、SWA KV 与分组输出投影,layers.7.attn.wo_a.weight,8192 × 4096,33554432,1,https://huggingface.co/deepseek-ai/DeepSeek-V4.1-Flash/blob/2cba9e42aa026125f3ed06c6d98c1db82f7ca027/inference/model.py#L622-L698,仅参考逻辑构造；stored shape/dtype/payload 未审计
decoder-8,encoder,CSA2,Reuse,本层 Q、SWA KV 与分组输出投影,layers.7.attn.wo_b.weight,5120 × 8192,41943040,1,https://huggingface.co/deepseek-ai/DeepSeek-V4.1-Flash/blob/2cba9e42aa026125f3ed06c6d98c1db82f7ca027/inference/model.py#L622-L698,仅参考逻辑构造；stored shape/dtype/payload 未审计
decoder-8,encoder,CSA2,Reuse,文本/视觉分开的路由校正 bias,layers.7.ffn.gate.weight,384 × 5120,1966080,1,https://huggingface.co/deepseek-ai/DeepSeek-V4.1-Flash/blob/2cba9e42aa026125f3ed06c6d98c1db82f7ca027/inference/model.py#L796-L807,仅参考逻辑构造；stored shape/dtype/payload 未审计
decoder-8,encoder,CSA2,Reuse,文本/视觉分开的路由校正 bias,layers.7.ffn.gate.bias,384,384,1,https://huggingface.co/deepseek-ai/DeepSeek-V4.1-Flash/blob/2cba9e42aa026125f3ed06c6d98c1db82f7ca027/inference/model.py#L796-L807,仅参考逻辑构造；stored shape/dtype/payload 未审计
decoder-8,encoder,CSA2,Reuse,文本/视觉分开的路由校正 bias,layers.7.ffn.gate.bias_vl,384,384,1,https://huggingface.co/deepseek-ai/DeepSeek-V4.1-Flash/blob/2cba9e42aa026125f3ed06c6d98c1db82f7ca027/inference/model.py#L796-L807,仅参考逻辑构造；stored shape/dtype/payload 未审计
decoder-8,encoder,CSA2,Reuse,384 个路由专家 / 选 6,layers.7.ffn.experts.{e}.w1.weight,2304 × 5120,11796480,384,https://huggingface.co/deepseek-ai/DeepSeek-V4.1-Flash/blob/2cba9e42aa026125f3ed06c6d98c1db82f7ca027/inference/model.py#L834-L839,仅参考逻辑构造；stored shape/dtype/payload 未审计
decoder-8,encoder,CSA2,Reuse,384 个路由专家 / 选 6,layers.7.ffn.experts.{e}.w3.weight,2304 × 5120,11796480,384,https://huggingface.co/deepseek-ai/DeepSeek-V4.1-Flash/blob/2cba9e42aa026125f3ed06c6d98c1db82f7ca027/inference/model.py#L834-L839,仅参考逻辑构造；stored shape/dtype/payload 未审计
decoder-8,encoder,CSA2,Reuse,384 个路由专家 / 选 6,layers.7.ffn.experts.{e}.w2.weight,5120 × 2304,11796480,384,https://huggingface.co/deepseek-ai/DeepSeek-V4.1-Flash/blob/2cba9e42aa026125f3ed06c6d98c1db82f7ca027/inference/model.py#L834-L839,仅参考逻辑构造；stored shape/dtype/payload 未审计
decoder-8,encoder,CSA2,Reuse,一个共享 SwiGLU 专家,layers.7.ffn.shared_experts.w1.weight,2304 × 5120,11796480,1,https://huggingface.co/deepseek-ai/DeepSeek-V4.1-Flash/blob/2cba9e42aa026125f3ed06c6d98c1db82f7ca027/inference/model.py#L834-L839,仅参考逻辑构造；stored shape/dtype/payload 未审计
decoder-8,encoder,CSA2,Reuse,一个共享 SwiGLU 专家,layers.7.ffn.shared_experts.w3.weight,2304 × 5120,11796480,1,https://huggingface.co/deepseek-ai/DeepSeek-V4.1-Flash/blob/2cba9e42aa026125f3ed06c6d98c1db82f7ca027/inference/model.py#L834-L839,仅参考逻辑构造；stored shape/dtype/payload 未审计
decoder-8,encoder,CSA2,Reuse,一个共享 SwiGLU 专家,layers.7.ffn.shared_experts.w2.weight,5120 × 2304,11796480,1,https://huggingface.co/deepseek-ai/DeepSeek-V4.1-Flash/blob/2cba9e42aa026125f3ed06c6d98c1db82f7ca027/inference/model.py#L834-L839,仅参考逻辑构造；stored shape/dtype/payload 未审计
decoder-8,encoder,CSA2,Reuse,Single-Pass mHC：使用上一子层的 pre_mix,layers.7.attn_norm.weight,5120,5120,1,https://huggingface.co/deepseek-ai/DeepSeek-V4.1-Flash/blob/2cba9e42aa026125f3ed06c6d98c1db82f7ca027/inference/model.py#L919-L946,仅参考逻辑构造；stored shape/dtype/payload 未审计
decoder-8,encoder,CSA2,Reuse,Single-Pass mHC：使用上一子层的 pre_mix,layers.7.ffn_norm.weight,5120,5120,1,https://huggingface.co/deepseek-ai/DeepSeek-V4.1-Flash/blob/2cba9e42aa026125f3ed06c6d98c1db82f7ca027/inference/model.py#L919-L946,仅参考逻辑构造；stored shape/dtype/payload 未审计
decoder-8,encoder,CSA2,Reuse,Single-Pass mHC：使用上一子层的 pre_mix,layers.7.hc_attn_fn,24 × 20480,491520,1,https://huggingface.co/deepseek-ai/DeepSeek-V4.1-Flash/blob/2cba9e42aa026125f3ed06c6d98c1db82f7ca027/inference/model.py#L919-L946,仅参考逻辑构造；stored shape/dtype/payload 未审计
decoder-8,encoder,CSA2,Reuse,Single-Pass mHC：使用上一子层的 pre_mix,layers.7.hc_ffn_fn,24 × 20480,491520,1,https://huggingface.co/deepseek-ai/DeepSeek-V4.1-Flash/blob/2cba9e42aa026125f3ed06c6d98c1db82f7ca027/inference/model.py#L919-L946,仅参考逻辑构造；stored shape/dtype/payload 未审计
decoder-8,encoder,CSA2,Reuse,Single-Pass mHC：使用上一子层的 pre_mix,layers.7.hc_attn_base,24,24,1,https://huggingface.co/deepseek-ai/DeepSeek-V4.1-Flash/blob/2cba9e42aa026125f3ed06c6d98c1db82f7ca027/inference/model.py#L919-L946,仅参考逻辑构造；stored shape/dtype/payload 未审计
decoder-8,encoder,CSA2,Reuse,Single-Pass mHC：使用上一子层的 pre_mix,layers.7.hc_ffn_base,24,24,1,https://huggingface.co/deepseek-ai/DeepSeek-V4.1-Flash/blob/2cba9e42aa026125f3ed06c6d98c1db82f7ca027/inference/model.py#L919-L946,仅参考逻辑构造；stored shape/dtype/payload 未审计
decoder-8,encoder,CSA2,Reuse,Single-Pass mHC：使用上一子层的 pre_mix,layers.7.hc_attn_scale,3,3,1,https://huggingface.co/deepseek-ai/DeepSeek-V4.1-Flash/blob/2cba9e42aa026125f3ed06c6d98c1db82f7ca027/inference/model.py#L919-L946,仅参考逻辑构造；stored shape/dtype/payload 未审计
decoder-8,encoder,CSA2,Reuse,Single-Pass mHC：使用上一子层的 pre_mix,layers.7.hc_ffn_scale,3,3,1,https://huggingface.co/deepseek-ai/DeepSeek-V4.1-Flash/blob/2cba9e42aa026125f3ed06c6d98c1db82f7ca027/inference/model.py#L919-L946,仅参考逻辑构造；stored shape/dtype/payload 未审计
decoder-9,encoder,CSA2,Full,本层 Q、SWA KV 与分组输出投影,layers.8.attn.attn_sink,64,64,1,https://huggingface.co/deepseek-ai/DeepSeek-V4.1-Flash/blob/2cba9e42aa026125f3ed06c6d98c1db82f7ca027/inference/model.py#L622-L698,仅参考逻辑构造；stored shape/dtype/payload 未审计
decoder-9,encoder,CSA2,Full,本层 Q、SWA KV 与分组输出投影,layers.8.attn.wq_a.weight,1280 × 5120,6553600,1,https://huggingface.co/deepseek-ai/DeepSeek-V4.1-Flash/blob/2cba9e42aa026125f3ed06c6d98c1db82f7ca027/inference/model.py#L622-L698,仅参考逻辑构造；stored shape/dtype/payload 未审计
decoder-9,encoder,CSA2,Full,本层 Q、SWA KV 与分组输出投影,layers.8.attn.q_norm.weight,1280,1280,1,https://huggingface.co/deepseek-ai/DeepSeek-V4.1-Flash/blob/2cba9e42aa026125f3ed06c6d98c1db82f7ca027/inference/model.py#L622-L698,仅参考逻辑构造；stored shape/dtype/payload 未审计
decoder-9,encoder,CSA2,Full,本层 Q、SWA KV 与分组输出投影,layers.8.attn.wq_b.weight,32768 × 1280,41943040,1,https://huggingface.co/deepseek-ai/DeepSeek-V4.1-Flash/blob/2cba9e42aa026125f3ed06c6d98c1db82f7ca027/inference/model.py#L622-L698,仅参考逻辑构造；stored shape/dtype/payload 未审计
decoder-9,encoder,CSA2,Full,本层 Q、SWA KV 与分组输出投影,layers.8.attn.wkv.weight,512 × 5120,2621440,1,https://huggingface.co/deepseek-ai/DeepSeek-V4.1-Flash/blob/2cba9e42aa026125f3ed06c6d98c1db82f7ca027/inference/model.py#L622-L698,仅参考逻辑构造；stored shape/dtype/payload 未审计
decoder-9,encoder,CSA2,Full,本层 Q、SWA KV 与分组输出投影,layers.8.attn.kv_norm.weight,512,512,1,https://huggingface.co/deepseek-ai/DeepSeek-V4.1-Flash/blob/2cba9e42aa026125f3ed06c6d98c1db82f7ca027/inference/model.py#L622-L698,仅参考逻辑构造；stored shape/dtype/payload 未审计
decoder-9,encoder,CSA2,Full,本层 Q、SWA KV 与分组输出投影,layers.8.attn.wo_a.weight,8192 × 4096,33554432,1,https://huggingface.co/deepseek-ai/DeepSeek-V4.1-Flash/blob/2cba9e42aa026125f3ed06c6d98c1db82f7ca027/inference/model.py#L622-L698,仅参考逻辑构造；stored shape/dtype/payload 未审计
decoder-9,encoder,CSA2,Full,本层 Q、SWA KV 与分组输出投影,layers.8.attn.wo_b.weight,5120 × 8192,41943040,1,https://huggingface.co/deepseek-ai/DeepSeek-V4.1-Flash/blob/2cba9e42aa026125f3ed06c6d98c1db82f7ca027/inference/model.py#L622-L698,仅参考逻辑构造；stored shape/dtype/payload 未审计
decoder-9,encoder,CSA2,Full,本 Full 层拥有的全局 KV,layers.8.attn.compressor.wkv.weight,512 × 5120,2621440,1,https://huggingface.co/deepseek-ai/DeepSeek-V4.1-Flash/blob/2cba9e42aa026125f3ed06c6d98c1db82f7ca027/inference/model.py#L437-L456,仅参考逻辑构造；stored shape/dtype/payload 未审计
decoder-9,encoder,CSA2,Full,本 Full 层拥有的全局 KV,layers.8.attn.compressor.norm.weight,512,512,1,https://huggingface.co/deepseek-ai/DeepSeek-V4.1-Flash/blob/2cba9e42aa026125f3ed06c6d98c1db82f7ca027/inference/model.py#L437-L456,仅参考逻辑构造；stored shape/dtype/payload 未审计
decoder-9,encoder,CSA2,Full,本 Full 层拥有的全局 KV,layers.8.attn.compressor.wgate.weight,512 × 5120,2621440,1,https://huggingface.co/deepseek-ai/DeepSeek-V4.1-Flash/blob/2cba9e42aa026125f3ed06c6d98c1db82f7ca027/inference/model.py#L437-L456,仅参考逻辑构造；stored shape/dtype/payload 未审计
decoder-9,encoder,CSA2,Full,本层重算 Top-K；K 只由 Full 层持有,layers.8.attn.indexer.wq_b.weight,4096 × 1280,5242880,1,https://huggingface.co/deepseek-ai/DeepSeek-V4.1-Flash/blob/2cba9e42aa026125f3ed06c6d98c1db82f7ca027/inference/model.py#L496-L525,仅参考逻辑构造；stored shape/dtype/payload 未审计
decoder-9,encoder,CSA2,Full,本层重算 Top-K；K 只由 Full 层持有,layers.8.attn.indexer.weights_proj.weight,32 × 5120,163840,1,https://huggingface.co/deepseek-ai/DeepSeek-V4.1-Flash/blob/2cba9e42aa026125f3ed06c6d98c1db82f7ca027/inference/model.py#L496-L525,仅参考逻辑构造；stored shape/dtype/payload 未审计
decoder-9,encoder,CSA2,Full,本层重算 Top-K；K 只由 Full 层持有,layers.8.attn.indexer.wk.weight,128 × 512,65536,1,https://huggingface.co/deepseek-ai/DeepSeek-V4.1-Flash/blob/2cba9e42aa026125f3ed06c6d98c1db82f7ca027/inference/model.py#L496-L525,仅参考逻辑构造；stored shape/dtype/payload 未审计
decoder-9,encoder,CSA2,Full,本层重算 Top-K；K 只由 Full 层持有,layers.8.attn.indexer.k_norm.weight,128,128,1,https://huggingface.co/deepseek-ai/DeepSeek-V4.1-Flash/blob/2cba9e42aa026125f3ed06c6d98c1db82f7ca027/inference/model.py#L496-L525,仅参考逻辑构造；stored shape/dtype/payload 未审计
decoder-9,encoder,CSA2,Full,文本/视觉分开的路由校正 bias,layers.8.ffn.gate.weight,384 × 5120,1966080,1,https://huggingface.co/deepseek-ai/DeepSeek-V4.1-Flash/blob/2cba9e42aa026125f3ed06c6d98c1db82f7ca027/inference/model.py#L796-L807,仅参考逻辑构造；stored shape/dtype/payload 未审计
decoder-9,encoder,CSA2,Full,文本/视觉分开的路由校正 bias,layers.8.ffn.gate.bias,384,384,1,https://huggingface.co/deepseek-ai/DeepSeek-V4.1-Flash/blob/2cba9e42aa026125f3ed06c6d98c1db82f7ca027/inference/model.py#L796-L807,仅参考逻辑构造；stored shape/dtype/payload 未审计
decoder-9,encoder,CSA2,Full,文本/视觉分开的路由校正 bias,layers.8.ffn.gate.bias_vl,384,384,1,https://huggingface.co/deepseek-ai/DeepSeek-V4.1-Flash/blob/2cba9e42aa026125f3ed06c6d98c1db82f7ca027/inference/model.py#L796-L807,仅参考逻辑构造；stored shape/dtype/payload 未审计
decoder-9,encoder,CSA2,Full,384 个路由专家 / 选 6,layers.8.ffn.experts.{e}.w1.weight,2304 × 5120,11796480,384,https://huggingface.co/deepseek-ai/DeepSeek-V4.1-Flash/blob/2cba9e42aa026125f3ed06c6d98c1db82f7ca027/inference/model.py#L834-L839,仅参考逻辑构造；stored shape/dtype/payload 未审计
decoder-9,encoder,CSA2,Full,384 个路由专家 / 选 6,layers.8.ffn.experts.{e}.w3.weight,2304 × 5120,11796480,384,https://huggingface.co/deepseek-ai/DeepSeek-V4.1-Flash/blob/2cba9e42aa026125f3ed06c6d98c1db82f7ca027/inference/model.py#L834-L839,仅参考逻辑构造；stored shape/dtype/payload 未审计
decoder-9,encoder,CSA2,Full,384 个路由专家 / 选 6,layers.8.ffn.experts.{e}.w2.weight,5120 × 2304,11796480,384,https://huggingface.co/deepseek-ai/DeepSeek-V4.1-Flash/blob/2cba9e42aa026125f3ed06c6d98c1db82f7ca027/inference/model.py#L834-L839,仅参考逻辑构造；stored shape/dtype/payload 未审计
decoder-9,encoder,CSA2,Full,一个共享 SwiGLU 专家,layers.8.ffn.shared_experts.w1.weight,2304 × 5120,11796480,1,https://huggingface.co/deepseek-ai/DeepSeek-V4.1-Flash/blob/2cba9e42aa026125f3ed06c6d98c1db82f7ca027/inference/model.py#L834-L839,仅参考逻辑构造；stored shape/dtype/payload 未审计
decoder-9,encoder,CSA2,Full,一个共享 SwiGLU 专家,layers.8.ffn.shared_experts.w3.weight,2304 × 5120,11796480,1,https://huggingface.co/deepseek-ai/DeepSeek-V4.1-Flash/blob/2cba9e42aa026125f3ed06c6d98c1db82f7ca027/inference/model.py#L834-L839,仅参考逻辑构造；stored shape/dtype/payload 未审计
decoder-9,encoder,CSA2,Full,一个共享 SwiGLU 专家,layers.8.ffn.shared_experts.w2.weight,5120 × 2304,11796480,1,https://huggingface.co/deepseek-ai/DeepSeek-V4.1-Flash/blob/2cba9e42aa026125f3ed06c6d98c1db82f7ca027/inference/model.py#L834-L839,仅参考逻辑构造；stored shape/dtype/payload 未审计
decoder-9,encoder,CSA2,Full,Single-Pass mHC：使用上一子层的 pre_mix,layers.8.attn_norm.weight,5120,5120,1,https://huggingface.co/deepseek-ai/DeepSeek-V4.1-Flash/blob/2cba9e42aa026125f3ed06c6d98c1db82f7ca027/inference/model.py#L919-L946,仅参考逻辑构造；stored shape/dtype/payload 未审计
decoder-9,encoder,CSA2,Full,Single-Pass mHC：使用上一子层的 pre_mix,layers.8.ffn_norm.weight,5120,5120,1,https://huggingface.co/deepseek-ai/DeepSeek-V4.1-Flash/blob/2cba9e42aa026125f3ed06c6d98c1db82f7ca027/inference/model.py#L919-L946,仅参考逻辑构造；stored shape/dtype/payload 未审计
decoder-9,encoder,CSA2,Full,Single-Pass mHC：使用上一子层的 pre_mix,layers.8.hc_attn_fn,24 × 20480,491520,1,https://huggingface.co/deepseek-ai/DeepSeek-V4.1-Flash/blob/2cba9e42aa026125f3ed06c6d98c1db82f7ca027/inference/model.py#L919-L946,仅参考逻辑构造；stored shape/dtype/payload 未审计
decoder-9,encoder,CSA2,Full,Single-Pass mHC：使用上一子层的 pre_mix,layers.8.hc_ffn_fn,24 × 20480,491520,1,https://huggingface.co/deepseek-ai/DeepSeek-V4.1-Flash/blob/2cba9e42aa026125f3ed06c6d98c1db82f7ca027/inference/model.py#L919-L946,仅参考逻辑构造；stored shape/dtype/payload 未审计
decoder-9,encoder,CSA2,Full,Single-Pass mHC：使用上一子层的 pre_mix,layers.8.hc_attn_base,24,24,1,https://huggingface.co/deepseek-ai/DeepSeek-V4.1-Flash/blob/2cba9e42aa026125f3ed06c6d98c1db82f7ca027/inference/model.py#L919-L946,仅参考逻辑构造；stored shape/dtype/payload 未审计
decoder-9,encoder,CSA2,Full,Single-Pass mHC：使用上一子层的 pre_mix,layers.8.hc_ffn_base,24,24,1,https://huggingface.co/deepseek-ai/DeepSeek-V4.1-Flash/blob/2cba9e42aa026125f3ed06c6d98c1db82f7ca027/inference/model.py#L919-L946,仅参考逻辑构造；stored shape/dtype/payload 未审计
decoder-9,encoder,CSA2,Full,Single-Pass mHC：使用上一子层的 pre_mix,layers.8.hc_attn_scale,3,3,1,https://huggingface.co/deepseek-ai/DeepSeek-V4.1-Flash/blob/2cba9e42aa026125f3ed06c6d98c1db82f7ca027/inference/model.py#L919-L946,仅参考逻辑构造；stored shape/dtype/payload 未审计
decoder-9,encoder,CSA2,Full,Single-Pass mHC：使用上一子层的 pre_mix,layers.8.hc_ffn_scale,3,3,1,https://huggingface.co/deepseek-ai/DeepSeek-V4.1-Flash/blob/2cba9e42aa026125f3ed06c6d98c1db82f7ca027/inference/model.py#L919-L946,仅参考逻辑构造；stored shape/dtype/payload 未审计
decoder-10,encoder,CSA2,Reuse,本层 Q、SWA KV 与分组输出投影,layers.9.attn.attn_sink,64,64,1,https://huggingface.co/deepseek-ai/DeepSeek-V4.1-Flash/blob/2cba9e42aa026125f3ed06c6d98c1db82f7ca027/inference/model.py#L622-L698,仅参考逻辑构造；stored shape/dtype/payload 未审计
decoder-10,encoder,CSA2,Reuse,本层 Q、SWA KV 与分组输出投影,layers.9.attn.wq_a.weight,1280 × 5120,6553600,1,https://huggingface.co/deepseek-ai/DeepSeek-V4.1-Flash/blob/2cba9e42aa026125f3ed06c6d98c1db82f7ca027/inference/model.py#L622-L698,仅参考逻辑构造；stored shape/dtype/payload 未审计
decoder-10,encoder,CSA2,Reuse,本层 Q、SWA KV 与分组输出投影,layers.9.attn.q_norm.weight,1280,1280,1,https://huggingface.co/deepseek-ai/DeepSeek-V4.1-Flash/blob/2cba9e42aa026125f3ed06c6d98c1db82f7ca027/inference/model.py#L622-L698,仅参考逻辑构造；stored shape/dtype/payload 未审计
decoder-10,encoder,CSA2,Reuse,本层 Q、SWA KV 与分组输出投影,layers.9.attn.wq_b.weight,32768 × 1280,41943040,1,https://huggingface.co/deepseek-ai/DeepSeek-V4.1-Flash/blob/2cba9e42aa026125f3ed06c6d98c1db82f7ca027/inference/model.py#L622-L698,仅参考逻辑构造；stored shape/dtype/payload 未审计
decoder-10,encoder,CSA2,Reuse,本层 Q、SWA KV 与分组输出投影,layers.9.attn.wkv.weight,512 × 5120,2621440,1,https://huggingface.co/deepseek-ai/DeepSeek-V4.1-Flash/blob/2cba9e42aa026125f3ed06c6d98c1db82f7ca027/inference/model.py#L622-L698,仅参考逻辑构造；stored shape/dtype/payload 未审计
decoder-10,encoder,CSA2,Reuse,本层 Q、SWA KV 与分组输出投影,layers.9.attn.kv_norm.weight,512,512,1,https://huggingface.co/deepseek-ai/DeepSeek-V4.1-Flash/blob/2cba9e42aa026125f3ed06c6d98c1db82f7ca027/inference/model.py#L622-L698,仅参考逻辑构造；stored shape/dtype/payload 未审计
decoder-10,encoder,CSA2,Reuse,本层 Q、SWA KV 与分组输出投影,layers.9.attn.wo_a.weight,8192 × 4096,33554432,1,https://huggingface.co/deepseek-ai/DeepSeek-V4.1-Flash/blob/2cba9e42aa026125f3ed06c6d98c1db82f7ca027/inference/model.py#L622-L698,仅参考逻辑构造；stored shape/dtype/payload 未审计
decoder-10,encoder,CSA2,Reuse,本层 Q、SWA KV 与分组输出投影,layers.9.attn.wo_b.weight,5120 × 8192,41943040,1,https://huggingface.co/deepseek-ai/DeepSeek-V4.1-Flash/blob/2cba9e42aa026125f3ed06c6d98c1db82f7ca027/inference/model.py#L622-L698,仅参考逻辑构造；stored shape/dtype/payload 未审计
decoder-10,encoder,CSA2,Reuse,文本/视觉分开的路由校正 bias,layers.9.ffn.gate.weight,384 × 5120,1966080,1,https://huggingface.co/deepseek-ai/DeepSeek-V4.1-Flash/blob/2cba9e42aa026125f3ed06c6d98c1db82f7ca027/inference/model.py#L796-L807,仅参考逻辑构造；stored shape/dtype/payload 未审计
decoder-10,encoder,CSA2,Reuse,文本/视觉分开的路由校正 bias,layers.9.ffn.gate.bias,384,384,1,https://huggingface.co/deepseek-ai/DeepSeek-V4.1-Flash/blob/2cba9e42aa026125f3ed06c6d98c1db82f7ca027/inference/model.py#L796-L807,仅参考逻辑构造；stored shape/dtype/payload 未审计
decoder-10,encoder,CSA2,Reuse,文本/视觉分开的路由校正 bias,layers.9.ffn.gate.bias_vl,384,384,1,https://huggingface.co/deepseek-ai/DeepSeek-V4.1-Flash/blob/2cba9e42aa026125f3ed06c6d98c1db82f7ca027/inference/model.py#L796-L807,仅参考逻辑构造；stored shape/dtype/payload 未审计
decoder-10,encoder,CSA2,Reuse,384 个路由专家 / 选 6,layers.9.ffn.experts.{e}.w1.weight,2304 × 5120,11796480,384,https://huggingface.co/deepseek-ai/DeepSeek-V4.1-Flash/blob/2cba9e42aa026125f3ed06c6d98c1db82f7ca027/inference/model.py#L834-L839,仅参考逻辑构造；stored shape/dtype/payload 未审计
decoder-10,encoder,CSA2,Reuse,384 个路由专家 / 选 6,layers.9.ffn.experts.{e}.w3.weight,2304 × 5120,11796480,384,https://huggingface.co/deepseek-ai/DeepSeek-V4.1-Flash/blob/2cba9e42aa026125f3ed06c6d98c1db82f7ca027/inference/model.py#L834-L839,仅参考逻辑构造；stored shape/dtype/payload 未审计
decoder-10,encoder,CSA2,Reuse,384 个路由专家 / 选 6,layers.9.ffn.experts.{e}.w2.weight,5120 × 2304,11796480,384,https://huggingface.co/deepseek-ai/DeepSeek-V4.1-Flash/blob/2cba9e42aa026125f3ed06c6d98c1db82f7ca027/inference/model.py#L834-L839,仅参考逻辑构造；stored shape/dtype/payload 未审计
decoder-10,encoder,CSA2,Reuse,一个共享 SwiGLU 专家,layers.9.ffn.shared_experts.w1.weight,2304 × 5120,11796480,1,https://huggingface.co/deepseek-ai/DeepSeek-V4.1-Flash/blob/2cba9e42aa026125f3ed06c6d98c1db82f7ca027/inference/model.py#L834-L839,仅参考逻辑构造；stored shape/dtype/payload 未审计
decoder-10,encoder,CSA2,Reuse,一个共享 SwiGLU 专家,layers.9.ffn.shared_experts.w3.weight,2304 × 5120,11796480,1,https://huggingface.co/deepseek-ai/DeepSeek-V4.1-Flash/blob/2cba9e42aa026125f3ed06c6d98c1db82f7ca027/inference/model.py#L834-L839,仅参考逻辑构造；stored shape/dtype/payload 未审计
decoder-10,encoder,CSA2,Reuse,一个共享 SwiGLU 专家,layers.9.ffn.shared_experts.w2.weight,5120 × 2304,11796480,1,https://huggingface.co/deepseek-ai/DeepSeek-V4.1-Flash/blob/2cba9e42aa026125f3ed06c6d98c1db82f7ca027/inference/model.py#L834-L839,仅参考逻辑构造；stored shape/dtype/payload 未审计
decoder-10,encoder,CSA2,Reuse,Single-Pass mHC：使用上一子层的 pre_mix,layers.9.attn_norm.weight,5120,5120,1,https://huggingface.co/deepseek-ai/DeepSeek-V4.1-Flash/blob/2cba9e42aa026125f3ed06c6d98c1db82f7ca027/inference/model.py#L919-L946,仅参考逻辑构造；stored shape/dtype/payload 未审计
decoder-10,encoder,CSA2,Reuse,Single-Pass mHC：使用上一子层的 pre_mix,layers.9.ffn_norm.weight,5120,5120,1,https://huggingface.co/deepseek-ai/DeepSeek-V4.1-Flash/blob/2cba9e42aa026125f3ed06c6d98c1db82f7ca027/inference/model.py#L919-L946,仅参考逻辑构造；stored shape/dtype/payload 未审计
decoder-10,encoder,CSA2,Reuse,Single-Pass mHC：使用上一子层的 pre_mix,layers.9.hc_attn_fn,24 × 20480,491520,1,https://huggingface.co/deepseek-ai/DeepSeek-V4.1-Flash/blob/2cba9e42aa026125f3ed06c6d98c1db82f7ca027/inference/model.py#L919-L946,仅参考逻辑构造；stored shape/dtype/payload 未审计
decoder-10,encoder,CSA2,Reuse,Single-Pass mHC：使用上一子层的 pre_mix,layers.9.hc_ffn_fn,24 × 20480,491520,1,https://huggingface.co/deepseek-ai/DeepSeek-V4.1-Flash/blob/2cba9e42aa026125f3ed06c6d98c1db82f7ca027/inference/model.py#L919-L946,仅参考逻辑构造；stored shape/dtype/payload 未审计
decoder-10,encoder,CSA2,Reuse,Single-Pass mHC：使用上一子层的 pre_mix,layers.9.hc_attn_base,24,24,1,https://huggingface.co/deepseek-ai/DeepSeek-V4.1-Flash/blob/2cba9e42aa026125f3ed06c6d98c1db82f7ca027/inference/model.py#L919-L946,仅参考逻辑构造；stored shape/dtype/payload 未审计
decoder-10,encoder,CSA2,Reuse,Single-Pass mHC：使用上一子层的 pre_mix,layers.9.hc_ffn_base,24,24,1,https://huggingface.co/deepseek-ai/DeepSeek-V4.1-Flash/blob/2cba9e42aa026125f3ed06c6d98c1db82f7ca027/inference/model.py#L919-L946,仅参考逻辑构造；stored shape/dtype/payload 未审计
decoder-10,encoder,CSA2,Reuse,Single-Pass mHC：使用上一子层的 pre_mix,layers.9.hc_attn_scale,3,3,1,https://huggingface.co/deepseek-ai/DeepSeek-V4.1-Flash/blob/2cba9e42aa026125f3ed06c6d98c1db82f7ca027/inference/model.py#L919-L946,仅参考逻辑构造；stored shape/dtype/payload 未审计
decoder-10,encoder,CSA2,Reuse,Single-Pass mHC：使用上一子层的 pre_mix,layers.9.hc_ffn_scale,3,3,1,https://huggingface.co/deepseek-ai/DeepSeek-V4.1-Flash/blob/2cba9e42aa026125f3ed06c6d98c1db82f7ca027/inference/model.py#L919-L946,仅参考逻辑构造；stored shape/dtype/payload 未审计
decoder-11,encoder,CSA2,Reuse,本层 Q、SWA KV 与分组输出投影,layers.10.attn.attn_sink,64,64,1,https://huggingface.co/deepseek-ai/DeepSeek-V4.1-Flash/blob/2cba9e42aa026125f3ed06c6d98c1db82f7ca027/inference/model.py#L622-L698,仅参考逻辑构造；stored shape/dtype/payload 未审计
decoder-11,encoder,CSA2,Reuse,本层 Q、SWA KV 与分组输出投影,layers.10.attn.wq_a.weight,1280 × 5120,6553600,1,https://huggingface.co/deepseek-ai/DeepSeek-V4.1-Flash/blob/2cba9e42aa026125f3ed06c6d98c1db82f7ca027/inference/model.py#L622-L698,仅参考逻辑构造；stored shape/dtype/payload 未审计
decoder-11,encoder,CSA2,Reuse,本层 Q、SWA KV 与分组输出投影,layers.10.attn.q_norm.weight,1280,1280,1,https://huggingface.co/deepseek-ai/DeepSeek-V4.1-Flash/blob/2cba9e42aa026125f3ed06c6d98c1db82f7ca027/inference/model.py#L622-L698,仅参考逻辑构造；stored shape/dtype/payload 未审计
decoder-11,encoder,CSA2,Reuse,本层 Q、SWA KV 与分组输出投影,layers.10.attn.wq_b.weight,32768 × 1280,41943040,1,https://huggingface.co/deepseek-ai/DeepSeek-V4.1-Flash/blob/2cba9e42aa026125f3ed06c6d98c1db82f7ca027/inference/model.py#L622-L698,仅参考逻辑构造；stored shape/dtype/payload 未审计
decoder-11,encoder,CSA2,Reuse,本层 Q、SWA KV 与分组输出投影,layers.10.attn.wkv.weight,512 × 5120,2621440,1,https://huggingface.co/deepseek-ai/DeepSeek-V4.1-Flash/blob/2cba9e42aa026125f3ed06c6d98c1db82f7ca027/inference/model.py#L622-L698,仅参考逻辑构造；stored shape/dtype/payload 未审计
decoder-11,encoder,CSA2,Reuse,本层 Q、SWA KV 与分组输出投影,layers.10.attn.kv_norm.weight,512,512,1,https://huggingface.co/deepseek-ai/DeepSeek-V4.1-Flash/blob/2cba9e42aa026125f3ed06c6d98c1db82f7ca027/inference/model.py#L622-L698,仅参考逻辑构造；stored shape/dtype/payload 未审计
decoder-11,encoder,CSA2,Reuse,本层 Q、SWA KV 与分组输出投影,layers.10.attn.wo_a.weight,8192 × 4096,33554432,1,https://huggingface.co/deepseek-ai/DeepSeek-V4.1-Flash/blob/2cba9e42aa026125f3ed06c6d98c1db82f7ca027/inference/model.py#L622-L698,仅参考逻辑构造；stored shape/dtype/payload 未审计
decoder-11,encoder,CSA2,Reuse,本层 Q、SWA KV 与分组输出投影,layers.10.attn.wo_b.weight,5120 × 8192,41943040,1,https://huggingface.co/deepseek-ai/DeepSeek-V4.1-Flash/blob/2cba9e42aa026125f3ed06c6d98c1db82f7ca027/inference/model.py#L622-L698,仅参考逻辑构造；stored shape/dtype/payload 未审计
decoder-11,encoder,CSA2,Reuse,文本/视觉分开的路由校正 bias,layers.10.ffn.gate.weight,384 × 5120,1966080,1,https://huggingface.co/deepseek-ai/DeepSeek-V4.1-Flash/blob/2cba9e42aa026125f3ed06c6d98c1db82f7ca027/inference/model.py#L796-L807,仅参考逻辑构造；stored shape/dtype/payload 未审计
decoder-11,encoder,CSA2,Reuse,文本/视觉分开的路由校正 bias,layers.10.ffn.gate.bias,384,384,1,https://huggingface.co/deepseek-ai/DeepSeek-V4.1-Flash/blob/2cba9e42aa026125f3ed06c6d98c1db82f7ca027/inference/model.py#L796-L807,仅参考逻辑构造；stored shape/dtype/payload 未审计
decoder-11,encoder,CSA2,Reuse,文本/视觉分开的路由校正 bias,layers.10.ffn.gate.bias_vl,384,384,1,https://huggingface.co/deepseek-ai/DeepSeek-V4.1-Flash/blob/2cba9e42aa026125f3ed06c6d98c1db82f7ca027/inference/model.py#L796-L807,仅参考逻辑构造；stored shape/dtype/payload 未审计
decoder-11,encoder,CSA2,Reuse,384 个路由专家 / 选 6,layers.10.ffn.experts.{e}.w1.weight,2304 × 5120,11796480,384,https://huggingface.co/deepseek-ai/DeepSeek-V4.1-Flash/blob/2cba9e42aa026125f3ed06c6d98c1db82f7ca027/inference/model.py#L834-L839,仅参考逻辑构造；stored shape/dtype/payload 未审计
decoder-11,encoder,CSA2,Reuse,384 个路由专家 / 选 6,layers.10.ffn.experts.{e}.w3.weight,2304 × 5120,11796480,384,https://huggingface.co/deepseek-ai/DeepSeek-V4.1-Flash/blob/2cba9e42aa026125f3ed06c6d98c1db82f7ca027/inference/model.py#L834-L839,仅参考逻辑构造；stored shape/dtype/payload 未审计
decoder-11,encoder,CSA2,Reuse,384 个路由专家 / 选 6,layers.10.ffn.experts.{e}.w2.weight,5120 × 2304,11796480,384,https://huggingface.co/deepseek-ai/DeepSeek-V4.1-Flash/blob/2cba9e42aa026125f3ed06c6d98c1db82f7ca027/inference/model.py#L834-L839,仅参考逻辑构造；stored shape/dtype/payload 未审计
decoder-11,encoder,CSA2,Reuse,一个共享 SwiGLU 专家,layers.10.ffn.shared_experts.w1.weight,2304 × 5120,11796480,1,https://huggingface.co/deepseek-ai/DeepSeek-V4.1-Flash/blob/2cba9e42aa026125f3ed06c6d98c1db82f7ca027/inference/model.py#L834-L839,仅参考逻辑构造；stored shape/dtype/payload 未审计
decoder-11,encoder,CSA2,Reuse,一个共享 SwiGLU 专家,layers.10.ffn.shared_experts.w3.weight,2304 × 5120,11796480,1,https://huggingface.co/deepseek-ai/DeepSeek-V4.1-Flash/blob/2cba9e42aa026125f3ed06c6d98c1db82f7ca027/inference/model.py#L834-L839,仅参考逻辑构造；stored shape/dtype/payload 未审计
decoder-11,encoder,CSA2,Reuse,一个共享 SwiGLU 专家,layers.10.ffn.shared_experts.w2.weight,5120 × 2304,11796480,1,https://huggingface.co/deepseek-ai/DeepSeek-V4.1-Flash/blob/2cba9e42aa026125f3ed06c6d98c1db82f7ca027/inference/model.py#L834-L839,仅参考逻辑构造；stored shape/dtype/payload 未审计
decoder-11,encoder,CSA2,Reuse,Single-Pass mHC：使用上一子层的 pre_mix,layers.10.attn_norm.weight,5120,5120,1,https://huggingface.co/deepseek-ai/DeepSeek-V4.1-Flash/blob/2cba9e42aa026125f3ed06c6d98c1db82f7ca027/inference/model.py#L919-L946,仅参考逻辑构造；stored shape/dtype/payload 未审计
decoder-11,encoder,CSA2,Reuse,Single-Pass mHC：使用上一子层的 pre_mix,layers.10.ffn_norm.weight,5120,5120,1,https://huggingface.co/deepseek-ai/DeepSeek-V4.1-Flash/blob/2cba9e42aa026125f3ed06c6d98c1db82f7ca027/inference/model.py#L919-L946,仅参考逻辑构造；stored shape/dtype/payload 未审计
decoder-11,encoder,CSA2,Reuse,Single-Pass mHC：使用上一子层的 pre_mix,layers.10.hc_attn_fn,24 × 20480,491520,1,https://huggingface.co/deepseek-ai/DeepSeek-V4.1-Flash/blob/2cba9e42aa026125f3ed06c6d98c1db82f7ca027/inference/model.py#L919-L946,仅参考逻辑构造；stored shape/dtype/payload 未审计
decoder-11,encoder,CSA2,Reuse,Single-Pass mHC：使用上一子层的 pre_mix,layers.10.hc_ffn_fn,24 × 20480,491520,1,https://huggingface.co/deepseek-ai/DeepSeek-V4.1-Flash/blob/2cba9e42aa026125f3ed06c6d98c1db82f7ca027/inference/model.py#L919-L946,仅参考逻辑构造；stored shape/dtype/payload 未审计
decoder-11,encoder,CSA2,Reuse,Single-Pass mHC：使用上一子层的 pre_mix,layers.10.hc_attn_base,24,24,1,https://huggingface.co/deepseek-ai/DeepSeek-V4.1-Flash/blob/2cba9e42aa026125f3ed06c6d98c1db82f7ca027/inference/model.py#L919-L946,仅参考逻辑构造；stored shape/dtype/payload 未审计
decoder-11,encoder,CSA2,Reuse,Single-Pass mHC：使用上一子层的 pre_mix,layers.10.hc_ffn_base,24,24,1,https://huggingface.co/deepseek-ai/DeepSeek-V4.1-Flash/blob/2cba9e42aa026125f3ed06c6d98c1db82f7ca027/inference/model.py#L919-L946,仅参考逻辑构造；stored shape/dtype/payload 未审计
decoder-11,encoder,CSA2,Reuse,Single-Pass mHC：使用上一子层的 pre_mix,layers.10.hc_attn_scale,3,3,1,https://huggingface.co/deepseek-ai/DeepSeek-V4.1-Flash/blob/2cba9e42aa026125f3ed06c6d98c1db82f7ca027/inference/model.py#L919-L946,仅参考逻辑构造；stored shape/dtype/payload 未审计
decoder-11,encoder,CSA2,Reuse,Single-Pass mHC：使用上一子层的 pre_mix,layers.10.hc_ffn_scale,3,3,1,https://huggingface.co/deepseek-ai/DeepSeek-V4.1-Flash/blob/2cba9e42aa026125f3ed06c6d98c1db82f7ca027/inference/model.py#L919-L946,仅参考逻辑构造；stored shape/dtype/payload 未审计
decoder-12,encoder,CSA2,Reuse,本层 Q、SWA KV 与分组输出投影,layers.11.attn.attn_sink,64,64,1,https://huggingface.co/deepseek-ai/DeepSeek-V4.1-Flash/blob/2cba9e42aa026125f3ed06c6d98c1db82f7ca027/inference/model.py#L622-L698,仅参考逻辑构造；stored shape/dtype/payload 未审计
decoder-12,encoder,CSA2,Reuse,本层 Q、SWA KV 与分组输出投影,layers.11.attn.wq_a.weight,1280 × 5120,6553600,1,https://huggingface.co/deepseek-ai/DeepSeek-V4.1-Flash/blob/2cba9e42aa026125f3ed06c6d98c1db82f7ca027/inference/model.py#L622-L698,仅参考逻辑构造；stored shape/dtype/payload 未审计
decoder-12,encoder,CSA2,Reuse,本层 Q、SWA KV 与分组输出投影,layers.11.attn.q_norm.weight,1280,1280,1,https://huggingface.co/deepseek-ai/DeepSeek-V4.1-Flash/blob/2cba9e42aa026125f3ed06c6d98c1db82f7ca027/inference/model.py#L622-L698,仅参考逻辑构造；stored shape/dtype/payload 未审计
decoder-12,encoder,CSA2,Reuse,本层 Q、SWA KV 与分组输出投影,layers.11.attn.wq_b.weight,32768 × 1280,41943040,1,https://huggingface.co/deepseek-ai/DeepSeek-V4.1-Flash/blob/2cba9e42aa026125f3ed06c6d98c1db82f7ca027/inference/model.py#L622-L698,仅参考逻辑构造；stored shape/dtype/payload 未审计
decoder-12,encoder,CSA2,Reuse,本层 Q、SWA KV 与分组输出投影,layers.11.attn.wkv.weight,512 × 5120,2621440,1,https://huggingface.co/deepseek-ai/DeepSeek-V4.1-Flash/blob/2cba9e42aa026125f3ed06c6d98c1db82f7ca027/inference/model.py#L622-L698,仅参考逻辑构造；stored shape/dtype/payload 未审计
decoder-12,encoder,CSA2,Reuse,本层 Q、SWA KV 与分组输出投影,layers.11.attn.kv_norm.weight,512,512,1,https://huggingface.co/deepseek-ai/DeepSeek-V4.1-Flash/blob/2cba9e42aa026125f3ed06c6d98c1db82f7ca027/inference/model.py#L622-L698,仅参考逻辑构造；stored shape/dtype/payload 未审计
decoder-12,encoder,CSA2,Reuse,本层 Q、SWA KV 与分组输出投影,layers.11.attn.wo_a.weight,8192 × 4096,33554432,1,https://huggingface.co/deepseek-ai/DeepSeek-V4.1-Flash/blob/2cba9e42aa026125f3ed06c6d98c1db82f7ca027/inference/model.py#L622-L698,仅参考逻辑构造；stored shape/dtype/payload 未审计
decoder-12,encoder,CSA2,Reuse,本层 Q、SWA KV 与分组输出投影,layers.11.attn.wo_b.weight,5120 × 8192,41943040,1,https://huggingface.co/deepseek-ai/DeepSeek-V4.1-Flash/blob/2cba9e42aa026125f3ed06c6d98c1db82f7ca027/inference/model.py#L622-L698,仅参考逻辑构造；stored shape/dtype/payload 未审计
decoder-12,encoder,CSA2,Reuse,文本/视觉分开的路由校正 bias,layers.11.ffn.gate.weight,384 × 5120,1966080,1,https://huggingface.co/deepseek-ai/DeepSeek-V4.1-Flash/blob/2cba9e42aa026125f3ed06c6d98c1db82f7ca027/inference/model.py#L796-L807,仅参考逻辑构造；stored shape/dtype/payload 未审计
decoder-12,encoder,CSA2,Reuse,文本/视觉分开的路由校正 bias,layers.11.ffn.gate.bias,384,384,1,https://huggingface.co/deepseek-ai/DeepSeek-V4.1-Flash/blob/2cba9e42aa026125f3ed06c6d98c1db82f7ca027/inference/model.py#L796-L807,仅参考逻辑构造；stored shape/dtype/payload 未审计
decoder-12,encoder,CSA2,Reuse,文本/视觉分开的路由校正 bias,layers.11.ffn.gate.bias_vl,384,384,1,https://huggingface.co/deepseek-ai/DeepSeek-V4.1-Flash/blob/2cba9e42aa026125f3ed06c6d98c1db82f7ca027/inference/model.py#L796-L807,仅参考逻辑构造；stored shape/dtype/payload 未审计
decoder-12,encoder,CSA2,Reuse,384 个路由专家 / 选 6,layers.11.ffn.experts.{e}.w1.weight,2304 × 5120,11796480,384,https://huggingface.co/deepseek-ai/DeepSeek-V4.1-Flash/blob/2cba9e42aa026125f3ed06c6d98c1db82f7ca027/inference/model.py#L834-L839,仅参考逻辑构造；stored shape/dtype/payload 未审计
decoder-12,encoder,CSA2,Reuse,384 个路由专家 / 选 6,layers.11.ffn.experts.{e}.w3.weight,2304 × 5120,11796480,384,https://huggingface.co/deepseek-ai/DeepSeek-V4.1-Flash/blob/2cba9e42aa026125f3ed06c6d98c1db82f7ca027/inference/model.py#L834-L839,仅参考逻辑构造；stored shape/dtype/payload 未审计
decoder-12,encoder,CSA2,Reuse,384 个路由专家 / 选 6,layers.11.ffn.experts.{e}.w2.weight,5120 × 2304,11796480,384,https://huggingface.co/deepseek-ai/DeepSeek-V4.1-Flash/blob/2cba9e42aa026125f3ed06c6d98c1db82f7ca027/inference/model.py#L834-L839,仅参考逻辑构造；stored shape/dtype/payload 未审计
decoder-12,encoder,CSA2,Reuse,一个共享 SwiGLU 专家,layers.11.ffn.shared_experts.w1.weight,2304 × 5120,11796480,1,https://huggingface.co/deepseek-ai/DeepSeek-V4.1-Flash/blob/2cba9e42aa026125f3ed06c6d98c1db82f7ca027/inference/model.py#L834-L839,仅参考逻辑构造；stored shape/dtype/payload 未审计
decoder-12,encoder,CSA2,Reuse,一个共享 SwiGLU 专家,layers.11.ffn.shared_experts.w3.weight,2304 × 5120,11796480,1,https://huggingface.co/deepseek-ai/DeepSeek-V4.1-Flash/blob/2cba9e42aa026125f3ed06c6d98c1db82f7ca027/inference/model.py#L834-L839,仅参考逻辑构造；stored shape/dtype/payload 未审计
decoder-12,encoder,CSA2,Reuse,一个共享 SwiGLU 专家,layers.11.ffn.shared_experts.w2.weight,5120 × 2304,11796480,1,https://huggingface.co/deepseek-ai/DeepSeek-V4.1-Flash/blob/2cba9e42aa026125f3ed06c6d98c1db82f7ca027/inference/model.py#L834-L839,仅参考逻辑构造；stored shape/dtype/payload 未审计
decoder-12,encoder,CSA2,Reuse,Single-Pass mHC：使用上一子层的 pre_mix,layers.11.attn_norm.weight,5120,5120,1,https://huggingface.co/deepseek-ai/DeepSeek-V4.1-Flash/blob/2cba9e42aa026125f3ed06c6d98c1db82f7ca027/inference/model.py#L919-L946,仅参考逻辑构造；stored shape/dtype/payload 未审计
decoder-12,encoder,CSA2,Reuse,Single-Pass mHC：使用上一子层的 pre_mix,layers.11.ffn_norm.weight,5120,5120,1,https://huggingface.co/deepseek-ai/DeepSeek-V4.1-Flash/blob/2cba9e42aa026125f3ed06c6d98c1db82f7ca027/inference/model.py#L919-L946,仅参考逻辑构造；stored shape/dtype/payload 未审计
decoder-12,encoder,CSA2,Reuse,Single-Pass mHC：使用上一子层的 pre_mix,layers.11.hc_attn_fn,24 × 20480,491520,1,https://huggingface.co/deepseek-ai/DeepSeek-V4.1-Flash/blob/2cba9e42aa026125f3ed06c6d98c1db82f7ca027/inference/model.py#L919-L946,仅参考逻辑构造；stored shape/dtype/payload 未审计
decoder-12,encoder,CSA2,Reuse,Single-Pass mHC：使用上一子层的 pre_mix,layers.11.hc_ffn_fn,24 × 20480,491520,1,https://huggingface.co/deepseek-ai/DeepSeek-V4.1-Flash/blob/2cba9e42aa026125f3ed06c6d98c1db82f7ca027/inference/model.py#L919-L946,仅参考逻辑构造；stored shape/dtype/payload 未审计
decoder-12,encoder,CSA2,Reuse,Single-Pass mHC：使用上一子层的 pre_mix,layers.11.hc_attn_base,24,24,1,https://huggingface.co/deepseek-ai/DeepSeek-V4.1-Flash/blob/2cba9e42aa026125f3ed06c6d98c1db82f7ca027/inference/model.py#L919-L946,仅参考逻辑构造；stored shape/dtype/payload 未审计
decoder-12,encoder,CSA2,Reuse,Single-Pass mHC：使用上一子层的 pre_mix,layers.11.hc_ffn_base,24,24,1,https://huggingface.co/deepseek-ai/DeepSeek-V4.1-Flash/blob/2cba9e42aa026125f3ed06c6d98c1db82f7ca027/inference/model.py#L919-L946,仅参考逻辑构造；stored shape/dtype/payload 未审计
decoder-12,encoder,CSA2,Reuse,Single-Pass mHC：使用上一子层的 pre_mix,layers.11.hc_attn_scale,3,3,1,https://huggingface.co/deepseek-ai/DeepSeek-V4.1-Flash/blob/2cba9e42aa026125f3ed06c6d98c1db82f7ca027/inference/model.py#L919-L946,仅参考逻辑构造；stored shape/dtype/payload 未审计
decoder-12,encoder,CSA2,Reuse,Single-Pass mHC：使用上一子层的 pre_mix,layers.11.hc_ffn_scale,3,3,1,https://huggingface.co/deepseek-ai/DeepSeek-V4.1-Flash/blob/2cba9e42aa026125f3ed06c6d98c1db82f7ca027/inference/model.py#L919-L946,仅参考逻辑构造；stored shape/dtype/payload 未审计
decoder-13,encoder,CSA2,Reuse,本层 Q、SWA KV 与分组输出投影,layers.12.attn.attn_sink,64,64,1,https://huggingface.co/deepseek-ai/DeepSeek-V4.1-Flash/blob/2cba9e42aa026125f3ed06c6d98c1db82f7ca027/inference/model.py#L622-L698,仅参考逻辑构造；stored shape/dtype/payload 未审计
decoder-13,encoder,CSA2,Reuse,本层 Q、SWA KV 与分组输出投影,layers.12.attn.wq_a.weight,1280 × 5120,6553600,1,https://huggingface.co/deepseek-ai/DeepSeek-V4.1-Flash/blob/2cba9e42aa026125f3ed06c6d98c1db82f7ca027/inference/model.py#L622-L698,仅参考逻辑构造；stored shape/dtype/payload 未审计
decoder-13,encoder,CSA2,Reuse,本层 Q、SWA KV 与分组输出投影,layers.12.attn.q_norm.weight,1280,1280,1,https://huggingface.co/deepseek-ai/DeepSeek-V4.1-Flash/blob/2cba9e42aa026125f3ed06c6d98c1db82f7ca027/inference/model.py#L622-L698,仅参考逻辑构造；stored shape/dtype/payload 未审计
decoder-13,encoder,CSA2,Reuse,本层 Q、SWA KV 与分组输出投影,layers.12.attn.wq_b.weight,32768 × 1280,41943040,1,https://huggingface.co/deepseek-ai/DeepSeek-V4.1-Flash/blob/2cba9e42aa026125f3ed06c6d98c1db82f7ca027/inference/model.py#L622-L698,仅参考逻辑构造；stored shape/dtype/payload 未审计
decoder-13,encoder,CSA2,Reuse,本层 Q、SWA KV 与分组输出投影,layers.12.attn.wkv.weight,512 × 5120,2621440,1,https://huggingface.co/deepseek-ai/DeepSeek-V4.1-Flash/blob/2cba9e42aa026125f3ed06c6d98c1db82f7ca027/inference/model.py#L622-L698,仅参考逻辑构造；stored shape/dtype/payload 未审计
decoder-13,encoder,CSA2,Reuse,本层 Q、SWA KV 与分组输出投影,layers.12.attn.kv_norm.weight,512,512,1,https://huggingface.co/deepseek-ai/DeepSeek-V4.1-Flash/blob/2cba9e42aa026125f3ed06c6d98c1db82f7ca027/inference/model.py#L622-L698,仅参考逻辑构造；stored shape/dtype/payload 未审计
decoder-13,encoder,CSA2,Reuse,本层 Q、SWA KV 与分组输出投影,layers.12.attn.wo_a.weight,8192 × 4096,33554432,1,https://huggingface.co/deepseek-ai/DeepSeek-V4.1-Flash/blob/2cba9e42aa026125f3ed06c6d98c1db82f7ca027/inference/model.py#L622-L698,仅参考逻辑构造；stored shape/dtype/payload 未审计
decoder-13,encoder,CSA2,Reuse,本层 Q、SWA KV 与分组输出投影,layers.12.attn.wo_b.weight,5120 × 8192,41943040,1,https://huggingface.co/deepseek-ai/DeepSeek-V4.1-Flash/blob/2cba9e42aa026125f3ed06c6d98c1db82f7ca027/inference/model.py#L622-L698,仅参考逻辑构造；stored shape/dtype/payload 未审计
decoder-13,encoder,CSA2,Reuse,文本/视觉分开的路由校正 bias,layers.12.ffn.gate.weight,384 × 5120,1966080,1,https://huggingface.co/deepseek-ai/DeepSeek-V4.1-Flash/blob/2cba9e42aa026125f3ed06c6d98c1db82f7ca027/inference/model.py#L796-L807,仅参考逻辑构造；stored shape/dtype/payload 未审计
decoder-13,encoder,CSA2,Reuse,文本/视觉分开的路由校正 bias,layers.12.ffn.gate.bias,384,384,1,https://huggingface.co/deepseek-ai/DeepSeek-V4.1-Flash/blob/2cba9e42aa026125f3ed06c6d98c1db82f7ca027/inference/model.py#L796-L807,仅参考逻辑构造；stored shape/dtype/payload 未审计
decoder-13,encoder,CSA2,Reuse,文本/视觉分开的路由校正 bias,layers.12.ffn.gate.bias_vl,384,384,1,https://huggingface.co/deepseek-ai/DeepSeek-V4.1-Flash/blob/2cba9e42aa026125f3ed06c6d98c1db82f7ca027/inference/model.py#L796-L807,仅参考逻辑构造；stored shape/dtype/payload 未审计
decoder-13,encoder,CSA2,Reuse,384 个路由专家 / 选 6,layers.12.ffn.experts.{e}.w1.weight,2304 × 5120,11796480,384,https://huggingface.co/deepseek-ai/DeepSeek-V4.1-Flash/blob/2cba9e42aa026125f3ed06c6d98c1db82f7ca027/inference/model.py#L834-L839,仅参考逻辑构造；stored shape/dtype/payload 未审计
decoder-13,encoder,CSA2,Reuse,384 个路由专家 / 选 6,layers.12.ffn.experts.{e}.w3.weight,2304 × 5120,11796480,384,https://huggingface.co/deepseek-ai/DeepSeek-V4.1-Flash/blob/2cba9e42aa026125f3ed06c6d98c1db82f7ca027/inference/model.py#L834-L839,仅参考逻辑构造；stored shape/dtype/payload 未审计
decoder-13,encoder,CSA2,Reuse,384 个路由专家 / 选 6,layers.12.ffn.experts.{e}.w2.weight,5120 × 2304,11796480,384,https://huggingface.co/deepseek-ai/DeepSeek-V4.1-Flash/blob/2cba9e42aa026125f3ed06c6d98c1db82f7ca027/inference/model.py#L834-L839,仅参考逻辑构造；stored shape/dtype/payload 未审计
decoder-13,encoder,CSA2,Reuse,一个共享 SwiGLU 专家,layers.12.ffn.shared_experts.w1.weight,2304 × 5120,11796480,1,https://huggingface.co/deepseek-ai/DeepSeek-V4.1-Flash/blob/2cba9e42aa026125f3ed06c6d98c1db82f7ca027/inference/model.py#L834-L839,仅参考逻辑构造；stored shape/dtype/payload 未审计
decoder-13,encoder,CSA2,Reuse,一个共享 SwiGLU 专家,layers.12.ffn.shared_experts.w3.weight,2304 × 5120,11796480,1,https://huggingface.co/deepseek-ai/DeepSeek-V4.1-Flash/blob/2cba9e42aa026125f3ed06c6d98c1db82f7ca027/inference/model.py#L834-L839,仅参考逻辑构造；stored shape/dtype/payload 未审计
decoder-13,encoder,CSA2,Reuse,一个共享 SwiGLU 专家,layers.12.ffn.shared_experts.w2.weight,5120 × 2304,11796480,1,https://huggingface.co/deepseek-ai/DeepSeek-V4.1-Flash/blob/2cba9e42aa026125f3ed06c6d98c1db82f7ca027/inference/model.py#L834-L839,仅参考逻辑构造；stored shape/dtype/payload 未审计
decoder-13,encoder,CSA2,Reuse,Single-Pass mHC：使用上一子层的 pre_mix,layers.12.attn_norm.weight,5120,5120,1,https://huggingface.co/deepseek-ai/DeepSeek-V4.1-Flash/blob/2cba9e42aa026125f3ed06c6d98c1db82f7ca027/inference/model.py#L919-L946,仅参考逻辑构造；stored shape/dtype/payload 未审计
decoder-13,encoder,CSA2,Reuse,Single-Pass mHC：使用上一子层的 pre_mix,layers.12.ffn_norm.weight,5120,5120,1,https://huggingface.co/deepseek-ai/DeepSeek-V4.1-Flash/blob/2cba9e42aa026125f3ed06c6d98c1db82f7ca027/inference/model.py#L919-L946,仅参考逻辑构造；stored shape/dtype/payload 未审计
decoder-13,encoder,CSA2,Reuse,Single-Pass mHC：使用上一子层的 pre_mix,layers.12.hc_attn_fn,24 × 20480,491520,1,https://huggingface.co/deepseek-ai/DeepSeek-V4.1-Flash/blob/2cba9e42aa026125f3ed06c6d98c1db82f7ca027/inference/model.py#L919-L946,仅参考逻辑构造；stored shape/dtype/payload 未审计
decoder-13,encoder,CSA2,Reuse,Single-Pass mHC：使用上一子层的 pre_mix,layers.12.hc_ffn_fn,24 × 20480,491520,1,https://huggingface.co/deepseek-ai/DeepSeek-V4.1-Flash/blob/2cba9e42aa026125f3ed06c6d98c1db82f7ca027/inference/model.py#L919-L946,仅参考逻辑构造；stored shape/dtype/payload 未审计
decoder-13,encoder,CSA2,Reuse,Single-Pass mHC：使用上一子层的 pre_mix,layers.12.hc_attn_base,24,24,1,https://huggingface.co/deepseek-ai/DeepSeek-V4.1-Flash/blob/2cba9e42aa026125f3ed06c6d98c1db82f7ca027/inference/model.py#L919-L946,仅参考逻辑构造；stored shape/dtype/payload 未审计
decoder-13,encoder,CSA2,Reuse,Single-Pass mHC：使用上一子层的 pre_mix,layers.12.hc_ffn_base,24,24,1,https://huggingface.co/deepseek-ai/DeepSeek-V4.1-Flash/blob/2cba9e42aa026125f3ed06c6d98c1db82f7ca027/inference/model.py#L919-L946,仅参考逻辑构造；stored shape/dtype/payload 未审计
decoder-13,encoder,CSA2,Reuse,Single-Pass mHC：使用上一子层的 pre_mix,layers.12.hc_attn_scale,3,3,1,https://huggingface.co/deepseek-ai/DeepSeek-V4.1-Flash/blob/2cba9e42aa026125f3ed06c6d98c1db82f7ca027/inference/model.py#L919-L946,仅参考逻辑构造；stored shape/dtype/payload 未审计
decoder-13,encoder,CSA2,Reuse,Single-Pass mHC：使用上一子层的 pre_mix,layers.12.hc_ffn_scale,3,3,1,https://huggingface.co/deepseek-ai/DeepSeek-V4.1-Flash/blob/2cba9e42aa026125f3ed06c6d98c1db82f7ca027/inference/model.py#L919-L946,仅参考逻辑构造；stored shape/dtype/payload 未审计
decoder-14,encoder,CSA2,Reuse,本层 Q、SWA KV 与分组输出投影,layers.13.attn.attn_sink,64,64,1,https://huggingface.co/deepseek-ai/DeepSeek-V4.1-Flash/blob/2cba9e42aa026125f3ed06c6d98c1db82f7ca027/inference/model.py#L622-L698,仅参考逻辑构造；stored shape/dtype/payload 未审计
decoder-14,encoder,CSA2,Reuse,本层 Q、SWA KV 与分组输出投影,layers.13.attn.wq_a.weight,1280 × 5120,6553600,1,https://huggingface.co/deepseek-ai/DeepSeek-V4.1-Flash/blob/2cba9e42aa026125f3ed06c6d98c1db82f7ca027/inference/model.py#L622-L698,仅参考逻辑构造；stored shape/dtype/payload 未审计
decoder-14,encoder,CSA2,Reuse,本层 Q、SWA KV 与分组输出投影,layers.13.attn.q_norm.weight,1280,1280,1,https://huggingface.co/deepseek-ai/DeepSeek-V4.1-Flash/blob/2cba9e42aa026125f3ed06c6d98c1db82f7ca027/inference/model.py#L622-L698,仅参考逻辑构造；stored shape/dtype/payload 未审计
decoder-14,encoder,CSA2,Reuse,本层 Q、SWA KV 与分组输出投影,layers.13.attn.wq_b.weight,32768 × 1280,41943040,1,https://huggingface.co/deepseek-ai/DeepSeek-V4.1-Flash/blob/2cba9e42aa026125f3ed06c6d98c1db82f7ca027/inference/model.py#L622-L698,仅参考逻辑构造；stored shape/dtype/payload 未审计
decoder-14,encoder,CSA2,Reuse,本层 Q、SWA KV 与分组输出投影,layers.13.attn.wkv.weight,512 × 5120,2621440,1,https://huggingface.co/deepseek-ai/DeepSeek-V4.1-Flash/blob/2cba9e42aa026125f3ed06c6d98c1db82f7ca027/inference/model.py#L622-L698,仅参考逻辑构造；stored shape/dtype/payload 未审计
decoder-14,encoder,CSA2,Reuse,本层 Q、SWA KV 与分组输出投影,layers.13.attn.kv_norm.weight,512,512,1,https://huggingface.co/deepseek-ai/DeepSeek-V4.1-Flash/blob/2cba9e42aa026125f3ed06c6d98c1db82f7ca027/inference/model.py#L622-L698,仅参考逻辑构造；stored shape/dtype/payload 未审计
decoder-14,encoder,CSA2,Reuse,本层 Q、SWA KV 与分组输出投影,layers.13.attn.wo_a.weight,8192 × 4096,33554432,1,https://huggingface.co/deepseek-ai/DeepSeek-V4.1-Flash/blob/2cba9e42aa026125f3ed06c6d98c1db82f7ca027/inference/model.py#L622-L698,仅参考逻辑构造；stored shape/dtype/payload 未审计
decoder-14,encoder,CSA2,Reuse,本层 Q、SWA KV 与分组输出投影,layers.13.attn.wo_b.weight,5120 × 8192,41943040,1,https://huggingface.co/deepseek-ai/DeepSeek-V4.1-Flash/blob/2cba9e42aa026125f3ed06c6d98c1db82f7ca027/inference/model.py#L622-L698,仅参考逻辑构造；stored shape/dtype/payload 未审计
decoder-14,encoder,CSA2,Reuse,文本/视觉分开的路由校正 bias,layers.13.ffn.gate.weight,384 × 5120,1966080,1,https://huggingface.co/deepseek-ai/DeepSeek-V4.1-Flash/blob/2cba9e42aa026125f3ed06c6d98c1db82f7ca027/inference/model.py#L796-L807,仅参考逻辑构造；stored shape/dtype/payload 未审计
decoder-14,encoder,CSA2,Reuse,文本/视觉分开的路由校正 bias,layers.13.ffn.gate.bias,384,384,1,https://huggingface.co/deepseek-ai/DeepSeek-V4.1-Flash/blob/2cba9e42aa026125f3ed06c6d98c1db82f7ca027/inference/model.py#L796-L807,仅参考逻辑构造；stored shape/dtype/payload 未审计
decoder-14,encoder,CSA2,Reuse,文本/视觉分开的路由校正 bias,layers.13.ffn.gate.bias_vl,384,384,1,https://huggingface.co/deepseek-ai/DeepSeek-V4.1-Flash/blob/2cba9e42aa026125f3ed06c6d98c1db82f7ca027/inference/model.py#L796-L807,仅参考逻辑构造；stored shape/dtype/payload 未审计
decoder-14,encoder,CSA2,Reuse,384 个路由专家 / 选 6,layers.13.ffn.experts.{e}.w1.weight,2304 × 5120,11796480,384,https://huggingface.co/deepseek-ai/DeepSeek-V4.1-Flash/blob/2cba9e42aa026125f3ed06c6d98c1db82f7ca027/inference/model.py#L834-L839,仅参考逻辑构造；stored shape/dtype/payload 未审计
decoder-14,encoder,CSA2,Reuse,384 个路由专家 / 选 6,layers.13.ffn.experts.{e}.w3.weight,2304 × 5120,11796480,384,https://huggingface.co/deepseek-ai/DeepSeek-V4.1-Flash/blob/2cba9e42aa026125f3ed06c6d98c1db82f7ca027/inference/model.py#L834-L839,仅参考逻辑构造；stored shape/dtype/payload 未审计
decoder-14,encoder,CSA2,Reuse,384 个路由专家 / 选 6,layers.13.ffn.experts.{e}.w2.weight,5120 × 2304,11796480,384,https://huggingface.co/deepseek-ai/DeepSeek-V4.1-Flash/blob/2cba9e42aa026125f3ed06c6d98c1db82f7ca027/inference/model.py#L834-L839,仅参考逻辑构造；stored shape/dtype/payload 未审计
decoder-14,encoder,CSA2,Reuse,一个共享 SwiGLU 专家,layers.13.ffn.shared_experts.w1.weight,2304 × 5120,11796480,1,https://huggingface.co/deepseek-ai/DeepSeek-V4.1-Flash/blob/2cba9e42aa026125f3ed06c6d98c1db82f7ca027/inference/model.py#L834-L839,仅参考逻辑构造；stored shape/dtype/payload 未审计
decoder-14,encoder,CSA2,Reuse,一个共享 SwiGLU 专家,layers.13.ffn.shared_experts.w3.weight,2304 × 5120,11796480,1,https://huggingface.co/deepseek-ai/DeepSeek-V4.1-Flash/blob/2cba9e42aa026125f3ed06c6d98c1db82f7ca027/inference/model.py#L834-L839,仅参考逻辑构造；stored shape/dtype/payload 未审计
decoder-14,encoder,CSA2,Reuse,一个共享 SwiGLU 专家,layers.13.ffn.shared_experts.w2.weight,5120 × 2304,11796480,1,https://huggingface.co/deepseek-ai/DeepSeek-V4.1-Flash/blob/2cba9e42aa026125f3ed06c6d98c1db82f7ca027/inference/model.py#L834-L839,仅参考逻辑构造；stored shape/dtype/payload 未审计
decoder-14,encoder,CSA2,Reuse,Single-Pass mHC：使用上一子层的 pre_mix,layers.13.attn_norm.weight,5120,5120,1,https://huggingface.co/deepseek-ai/DeepSeek-V4.1-Flash/blob/2cba9e42aa026125f3ed06c6d98c1db82f7ca027/inference/model.py#L919-L946,仅参考逻辑构造；stored shape/dtype/payload 未审计
decoder-14,encoder,CSA2,Reuse,Single-Pass mHC：使用上一子层的 pre_mix,layers.13.ffn_norm.weight,5120,5120,1,https://huggingface.co/deepseek-ai/DeepSeek-V4.1-Flash/blob/2cba9e42aa026125f3ed06c6d98c1db82f7ca027/inference/model.py#L919-L946,仅参考逻辑构造；stored shape/dtype/payload 未审计
decoder-14,encoder,CSA2,Reuse,Single-Pass mHC：使用上一子层的 pre_mix,layers.13.hc_attn_fn,24 × 20480,491520,1,https://huggingface.co/deepseek-ai/DeepSeek-V4.1-Flash/blob/2cba9e42aa026125f3ed06c6d98c1db82f7ca027/inference/model.py#L919-L946,仅参考逻辑构造；stored shape/dtype/payload 未审计
decoder-14,encoder,CSA2,Reuse,Single-Pass mHC：使用上一子层的 pre_mix,layers.13.hc_ffn_fn,24 × 20480,491520,1,https://huggingface.co/deepseek-ai/DeepSeek-V4.1-Flash/blob/2cba9e42aa026125f3ed06c6d98c1db82f7ca027/inference/model.py#L919-L946,仅参考逻辑构造；stored shape/dtype/payload 未审计
decoder-14,encoder,CSA2,Reuse,Single-Pass mHC：使用上一子层的 pre_mix,layers.13.hc_attn_base,24,24,1,https://huggingface.co/deepseek-ai/DeepSeek-V4.1-Flash/blob/2cba9e42aa026125f3ed06c6d98c1db82f7ca027/inference/model.py#L919-L946,仅参考逻辑构造；stored shape/dtype/payload 未审计
decoder-14,encoder,CSA2,Reuse,Single-Pass mHC：使用上一子层的 pre_mix,layers.13.hc_ffn_base,24,24,1,https://huggingface.co/deepseek-ai/DeepSeek-V4.1-Flash/blob/2cba9e42aa026125f3ed06c6d98c1db82f7ca027/inference/model.py#L919-L946,仅参考逻辑构造；stored shape/dtype/payload 未审计
decoder-14,encoder,CSA2,Reuse,Single-Pass mHC：使用上一子层的 pre_mix,layers.13.hc_attn_scale,3,3,1,https://huggingface.co/deepseek-ai/DeepSeek-V4.1-Flash/blob/2cba9e42aa026125f3ed06c6d98c1db82f7ca027/inference/model.py#L919-L946,仅参考逻辑构造；stored shape/dtype/payload 未审计
decoder-14,encoder,CSA2,Reuse,Single-Pass mHC：使用上一子层的 pre_mix,layers.13.hc_ffn_scale,3,3,1,https://huggingface.co/deepseek-ai/DeepSeek-V4.1-Flash/blob/2cba9e42aa026125f3ed06c6d98c1db82f7ca027/inference/model.py#L919-L946,仅参考逻辑构造；stored shape/dtype/payload 未审计
decoder-15,encoder,CSA2,Full,本层 Q、SWA KV 与分组输出投影,layers.14.attn.attn_sink,64,64,1,https://huggingface.co/deepseek-ai/DeepSeek-V4.1-Flash/blob/2cba9e42aa026125f3ed06c6d98c1db82f7ca027/inference/model.py#L622-L698,仅参考逻辑构造；stored shape/dtype/payload 未审计
decoder-15,encoder,CSA2,Full,本层 Q、SWA KV 与分组输出投影,layers.14.attn.wq_a.weight,1280 × 5120,6553600,1,https://huggingface.co/deepseek-ai/DeepSeek-V4.1-Flash/blob/2cba9e42aa026125f3ed06c6d98c1db82f7ca027/inference/model.py#L622-L698,仅参考逻辑构造；stored shape/dtype/payload 未审计
decoder-15,encoder,CSA2,Full,本层 Q、SWA KV 与分组输出投影,layers.14.attn.q_norm.weight,1280,1280,1,https://huggingface.co/deepseek-ai/DeepSeek-V4.1-Flash/blob/2cba9e42aa026125f3ed06c6d98c1db82f7ca027/inference/model.py#L622-L698,仅参考逻辑构造；stored shape/dtype/payload 未审计
decoder-15,encoder,CSA2,Full,本层 Q、SWA KV 与分组输出投影,layers.14.attn.wq_b.weight,32768 × 1280,41943040,1,https://huggingface.co/deepseek-ai/DeepSeek-V4.1-Flash/blob/2cba9e42aa026125f3ed06c6d98c1db82f7ca027/inference/model.py#L622-L698,仅参考逻辑构造；stored shape/dtype/payload 未审计
decoder-15,encoder,CSA2,Full,本层 Q、SWA KV 与分组输出投影,layers.14.attn.wkv.weight,512 × 5120,2621440,1,https://huggingface.co/deepseek-ai/DeepSeek-V4.1-Flash/blob/2cba9e42aa026125f3ed06c6d98c1db82f7ca027/inference/model.py#L622-L698,仅参考逻辑构造；stored shape/dtype/payload 未审计
decoder-15,encoder,CSA2,Full,本层 Q、SWA KV 与分组输出投影,layers.14.attn.kv_norm.weight,512,512,1,https://huggingface.co/deepseek-ai/DeepSeek-V4.1-Flash/blob/2cba9e42aa026125f3ed06c6d98c1db82f7ca027/inference/model.py#L622-L698,仅参考逻辑构造；stored shape/dtype/payload 未审计
decoder-15,encoder,CSA2,Full,本层 Q、SWA KV 与分组输出投影,layers.14.attn.wo_a.weight,8192 × 4096,33554432,1,https://huggingface.co/deepseek-ai/DeepSeek-V4.1-Flash/blob/2cba9e42aa026125f3ed06c6d98c1db82f7ca027/inference/model.py#L622-L698,仅参考逻辑构造；stored shape/dtype/payload 未审计
decoder-15,encoder,CSA2,Full,本层 Q、SWA KV 与分组输出投影,layers.14.attn.wo_b.weight,5120 × 8192,41943040,1,https://huggingface.co/deepseek-ai/DeepSeek-V4.1-Flash/blob/2cba9e42aa026125f3ed06c6d98c1db82f7ca027/inference/model.py#L622-L698,仅参考逻辑构造；stored shape/dtype/payload 未审计
decoder-15,encoder,CSA2,Full,本 Full 层拥有的全局 KV,layers.14.attn.compressor.wkv.weight,512 × 5120,2621440,1,https://huggingface.co/deepseek-ai/DeepSeek-V4.1-Flash/blob/2cba9e42aa026125f3ed06c6d98c1db82f7ca027/inference/model.py#L437-L456,仅参考逻辑构造；stored shape/dtype/payload 未审计
decoder-15,encoder,CSA2,Full,本 Full 层拥有的全局 KV,layers.14.attn.compressor.norm.weight,512,512,1,https://huggingface.co/deepseek-ai/DeepSeek-V4.1-Flash/blob/2cba9e42aa026125f3ed06c6d98c1db82f7ca027/inference/model.py#L437-L456,仅参考逻辑构造；stored shape/dtype/payload 未审计
decoder-15,encoder,CSA2,Full,本 Full 层拥有的全局 KV,layers.14.attn.compressor.wgate.weight,512 × 5120,2621440,1,https://huggingface.co/deepseek-ai/DeepSeek-V4.1-Flash/blob/2cba9e42aa026125f3ed06c6d98c1db82f7ca027/inference/model.py#L437-L456,仅参考逻辑构造；stored shape/dtype/payload 未审计
decoder-15,encoder,CSA2,Full,本层重算 Top-K；K 只由 Full 层持有,layers.14.attn.indexer.wq_b.weight,4096 × 1280,5242880,1,https://huggingface.co/deepseek-ai/DeepSeek-V4.1-Flash/blob/2cba9e42aa026125f3ed06c6d98c1db82f7ca027/inference/model.py#L496-L525,仅参考逻辑构造；stored shape/dtype/payload 未审计
decoder-15,encoder,CSA2,Full,本层重算 Top-K；K 只由 Full 层持有,layers.14.attn.indexer.weights_proj.weight,32 × 5120,163840,1,https://huggingface.co/deepseek-ai/DeepSeek-V4.1-Flash/blob/2cba9e42aa026125f3ed06c6d98c1db82f7ca027/inference/model.py#L496-L525,仅参考逻辑构造；stored shape/dtype/payload 未审计
decoder-15,encoder,CSA2,Full,本层重算 Top-K；K 只由 Full 层持有,layers.14.attn.indexer.wk.weight,128 × 512,65536,1,https://huggingface.co/deepseek-ai/DeepSeek-V4.1-Flash/blob/2cba9e42aa026125f3ed06c6d98c1db82f7ca027/inference/model.py#L496-L525,仅参考逻辑构造；stored shape/dtype/payload 未审计
decoder-15,encoder,CSA2,Full,本层重算 Top-K；K 只由 Full 层持有,layers.14.attn.indexer.k_norm.weight,128,128,1,https://huggingface.co/deepseek-ai/DeepSeek-V4.1-Flash/blob/2cba9e42aa026125f3ed06c6d98c1db82f7ca027/inference/model.py#L496-L525,仅参考逻辑构造；stored shape/dtype/payload 未审计
decoder-15,encoder,CSA2,Full,文本/视觉分开的路由校正 bias,layers.14.ffn.gate.weight,384 × 5120,1966080,1,https://huggingface.co/deepseek-ai/DeepSeek-V4.1-Flash/blob/2cba9e42aa026125f3ed06c6d98c1db82f7ca027/inference/model.py#L796-L807,仅参考逻辑构造；stored shape/dtype/payload 未审计
decoder-15,encoder,CSA2,Full,文本/视觉分开的路由校正 bias,layers.14.ffn.gate.bias,384,384,1,https://huggingface.co/deepseek-ai/DeepSeek-V4.1-Flash/blob/2cba9e42aa026125f3ed06c6d98c1db82f7ca027/inference/model.py#L796-L807,仅参考逻辑构造；stored shape/dtype/payload 未审计
decoder-15,encoder,CSA2,Full,文本/视觉分开的路由校正 bias,layers.14.ffn.gate.bias_vl,384,384,1,https://huggingface.co/deepseek-ai/DeepSeek-V4.1-Flash/blob/2cba9e42aa026125f3ed06c6d98c1db82f7ca027/inference/model.py#L796-L807,仅参考逻辑构造；stored shape/dtype/payload 未审计
decoder-15,encoder,CSA2,Full,384 个路由专家 / 选 6,layers.14.ffn.experts.{e}.w1.weight,2304 × 5120,11796480,384,https://huggingface.co/deepseek-ai/DeepSeek-V4.1-Flash/blob/2cba9e42aa026125f3ed06c6d98c1db82f7ca027/inference/model.py#L834-L839,仅参考逻辑构造；stored shape/dtype/payload 未审计
decoder-15,encoder,CSA2,Full,384 个路由专家 / 选 6,layers.14.ffn.experts.{e}.w3.weight,2304 × 5120,11796480,384,https://huggingface.co/deepseek-ai/DeepSeek-V4.1-Flash/blob/2cba9e42aa026125f3ed06c6d98c1db82f7ca027/inference/model.py#L834-L839,仅参考逻辑构造；stored shape/dtype/payload 未审计
decoder-15,encoder,CSA2,Full,384 个路由专家 / 选 6,layers.14.ffn.experts.{e}.w2.weight,5120 × 2304,11796480,384,https://huggingface.co/deepseek-ai/DeepSeek-V4.1-Flash/blob/2cba9e42aa026125f3ed06c6d98c1db82f7ca027/inference/model.py#L834-L839,仅参考逻辑构造；stored shape/dtype/payload 未审计
decoder-15,encoder,CSA2,Full,一个共享 SwiGLU 专家,layers.14.ffn.shared_experts.w1.weight,2304 × 5120,11796480,1,https://huggingface.co/deepseek-ai/DeepSeek-V4.1-Flash/blob/2cba9e42aa026125f3ed06c6d98c1db82f7ca027/inference/model.py#L834-L839,仅参考逻辑构造；stored shape/dtype/payload 未审计
decoder-15,encoder,CSA2,Full,一个共享 SwiGLU 专家,layers.14.ffn.shared_experts.w3.weight,2304 × 5120,11796480,1,https://huggingface.co/deepseek-ai/DeepSeek-V4.1-Flash/blob/2cba9e42aa026125f3ed06c6d98c1db82f7ca027/inference/model.py#L834-L839,仅参考逻辑构造；stored shape/dtype/payload 未审计
decoder-15,encoder,CSA2,Full,一个共享 SwiGLU 专家,layers.14.ffn.shared_experts.w2.weight,5120 × 2304,11796480,1,https://huggingface.co/deepseek-ai/DeepSeek-V4.1-Flash/blob/2cba9e42aa026125f3ed06c6d98c1db82f7ca027/inference/model.py#L834-L839,仅参考逻辑构造；stored shape/dtype/payload 未审计
decoder-15,encoder,CSA2,Full,Single-Pass mHC：使用上一子层的 pre_mix,layers.14.attn_norm.weight,5120,5120,1,https://huggingface.co/deepseek-ai/DeepSeek-V4.1-Flash/blob/2cba9e42aa026125f3ed06c6d98c1db82f7ca027/inference/model.py#L919-L946,仅参考逻辑构造；stored shape/dtype/payload 未审计
decoder-15,encoder,CSA2,Full,Single-Pass mHC：使用上一子层的 pre_mix,layers.14.ffn_norm.weight,5120,5120,1,https://huggingface.co/deepseek-ai/DeepSeek-V4.1-Flash/blob/2cba9e42aa026125f3ed06c6d98c1db82f7ca027/inference/model.py#L919-L946,仅参考逻辑构造；stored shape/dtype/payload 未审计
decoder-15,encoder,CSA2,Full,Single-Pass mHC：使用上一子层的 pre_mix,layers.14.hc_attn_fn,24 × 20480,491520,1,https://huggingface.co/deepseek-ai/DeepSeek-V4.1-Flash/blob/2cba9e42aa026125f3ed06c6d98c1db82f7ca027/inference/model.py#L919-L946,仅参考逻辑构造；stored shape/dtype/payload 未审计
decoder-15,encoder,CSA2,Full,Single-Pass mHC：使用上一子层的 pre_mix,layers.14.hc_ffn_fn,24 × 20480,491520,1,https://huggingface.co/deepseek-ai/DeepSeek-V4.1-Flash/blob/2cba9e42aa026125f3ed06c6d98c1db82f7ca027/inference/model.py#L919-L946,仅参考逻辑构造；stored shape/dtype/payload 未审计
decoder-15,encoder,CSA2,Full,Single-Pass mHC：使用上一子层的 pre_mix,layers.14.hc_attn_base,24,24,1,https://huggingface.co/deepseek-ai/DeepSeek-V4.1-Flash/blob/2cba9e42aa026125f3ed06c6d98c1db82f7ca027/inference/model.py#L919-L946,仅参考逻辑构造；stored shape/dtype/payload 未审计
decoder-15,encoder,CSA2,Full,Single-Pass mHC：使用上一子层的 pre_mix,layers.14.hc_ffn_base,24,24,1,https://huggingface.co/deepseek-ai/DeepSeek-V4.1-Flash/blob/2cba9e42aa026125f3ed06c6d98c1db82f7ca027/inference/model.py#L919-L946,仅参考逻辑构造；stored shape/dtype/payload 未审计
decoder-15,encoder,CSA2,Full,Single-Pass mHC：使用上一子层的 pre_mix,layers.14.hc_attn_scale,3,3,1,https://huggingface.co/deepseek-ai/DeepSeek-V4.1-Flash/blob/2cba9e42aa026125f3ed06c6d98c1db82f7ca027/inference/model.py#L919-L946,仅参考逻辑构造；stored shape/dtype/payload 未审计
decoder-15,encoder,CSA2,Full,Single-Pass mHC：使用上一子层的 pre_mix,layers.14.hc_ffn_scale,3,3,1,https://huggingface.co/deepseek-ai/DeepSeek-V4.1-Flash/blob/2cba9e42aa026125f3ed06c6d98c1db82f7ca027/inference/model.py#L919-L946,仅参考逻辑构造；stored shape/dtype/payload 未审计
decoder-15,encoder,CSA2,Full,条件内存：n-gram 哈希查表与上下文门控,layers.14.engram.embed.weight,384016682 × 256,98308270592,1,https://huggingface.co/deepseek-ai/DeepSeek-V4.1-Flash/blob/2cba9e42aa026125f3ed06c6d98c1db82f7ca027/inference/model.py#L299-L310,仅参考逻辑构造；stored shape/dtype/payload 未审计
decoder-15,encoder,CSA2,Full,条件内存：n-gram 哈希查表与上下文门控,layers.14.engram.wkv.weight,25600 × 6144,157286400,1,https://huggingface.co/deepseek-ai/DeepSeek-V4.1-Flash/blob/2cba9e42aa026125f3ed06c6d98c1db82f7ca027/inference/model.py#L335-L348,仅参考逻辑构造；stored shape/dtype/payload 未审计
decoder-15,encoder,CSA2,Full,条件内存：n-gram 哈希查表与上下文门控,layers.14.engram.q_weight,4 × 5120,20480,1,https://huggingface.co/deepseek-ai/DeepSeek-V4.1-Flash/blob/2cba9e42aa026125f3ed06c6d98c1db82f7ca027/inference/model.py#L335-L348,仅参考逻辑构造；stored shape/dtype/payload 未审计
decoder-15,encoder,CSA2,Full,条件内存：n-gram 哈希查表与上下文门控,layers.14.engram.k_weight,4 × 5120,20480,1,https://huggingface.co/deepseek-ai/DeepSeek-V4.1-Flash/blob/2cba9e42aa026125f3ed06c6d98c1db82f7ca027/inference/model.py#L335-L348,仅参考逻辑构造；stored shape/dtype/payload 未审计
decoder-16,encoder,CSA2,Reuse,本层 Q、SWA KV 与分组输出投影,layers.15.attn.attn_sink,64,64,1,https://huggingface.co/deepseek-ai/DeepSeek-V4.1-Flash/blob/2cba9e42aa026125f3ed06c6d98c1db82f7ca027/inference/model.py#L622-L698,仅参考逻辑构造；stored shape/dtype/payload 未审计
decoder-16,encoder,CSA2,Reuse,本层 Q、SWA KV 与分组输出投影,layers.15.attn.wq_a.weight,1280 × 5120,6553600,1,https://huggingface.co/deepseek-ai/DeepSeek-V4.1-Flash/blob/2cba9e42aa026125f3ed06c6d98c1db82f7ca027/inference/model.py#L622-L698,仅参考逻辑构造；stored shape/dtype/payload 未审计
decoder-16,encoder,CSA2,Reuse,本层 Q、SWA KV 与分组输出投影,layers.15.attn.q_norm.weight,1280,1280,1,https://huggingface.co/deepseek-ai/DeepSeek-V4.1-Flash/blob/2cba9e42aa026125f3ed06c6d98c1db82f7ca027/inference/model.py#L622-L698,仅参考逻辑构造；stored shape/dtype/payload 未审计
decoder-16,encoder,CSA2,Reuse,本层 Q、SWA KV 与分组输出投影,layers.15.attn.wq_b.weight,32768 × 1280,41943040,1,https://huggingface.co/deepseek-ai/DeepSeek-V4.1-Flash/blob/2cba9e42aa026125f3ed06c6d98c1db82f7ca027/inference/model.py#L622-L698,仅参考逻辑构造；stored shape/dtype/payload 未审计
decoder-16,encoder,CSA2,Reuse,本层 Q、SWA KV 与分组输出投影,layers.15.attn.wkv.weight,512 × 5120,2621440,1,https://huggingface.co/deepseek-ai/DeepSeek-V4.1-Flash/blob/2cba9e42aa026125f3ed06c6d98c1db82f7ca027/inference/model.py#L622-L698,仅参考逻辑构造；stored shape/dtype/payload 未审计
decoder-16,encoder,CSA2,Reuse,本层 Q、SWA KV 与分组输出投影,layers.15.attn.kv_norm.weight,512,512,1,https://huggingface.co/deepseek-ai/DeepSeek-V4.1-Flash/blob/2cba9e42aa026125f3ed06c6d98c1db82f7ca027/inference/model.py#L622-L698,仅参考逻辑构造；stored shape/dtype/payload 未审计
decoder-16,encoder,CSA2,Reuse,本层 Q、SWA KV 与分组输出投影,layers.15.attn.wo_a.weight,8192 × 4096,33554432,1,https://huggingface.co/deepseek-ai/DeepSeek-V4.1-Flash/blob/2cba9e42aa026125f3ed06c6d98c1db82f7ca027/inference/model.py#L622-L698,仅参考逻辑构造；stored shape/dtype/payload 未审计
decoder-16,encoder,CSA2,Reuse,本层 Q、SWA KV 与分组输出投影,layers.15.attn.wo_b.weight,5120 × 8192,41943040,1,https://huggingface.co/deepseek-ai/DeepSeek-V4.1-Flash/blob/2cba9e42aa026125f3ed06c6d98c1db82f7ca027/inference/model.py#L622-L698,仅参考逻辑构造；stored shape/dtype/payload 未审计
decoder-16,encoder,CSA2,Reuse,文本/视觉分开的路由校正 bias,layers.15.ffn.gate.weight,384 × 5120,1966080,1,https://huggingface.co/deepseek-ai/DeepSeek-V4.1-Flash/blob/2cba9e42aa026125f3ed06c6d98c1db82f7ca027/inference/model.py#L796-L807,仅参考逻辑构造；stored shape/dtype/payload 未审计
decoder-16,encoder,CSA2,Reuse,文本/视觉分开的路由校正 bias,layers.15.ffn.gate.bias,384,384,1,https://huggingface.co/deepseek-ai/DeepSeek-V4.1-Flash/blob/2cba9e42aa026125f3ed06c6d98c1db82f7ca027/inference/model.py#L796-L807,仅参考逻辑构造；stored shape/dtype/payload 未审计
decoder-16,encoder,CSA2,Reuse,文本/视觉分开的路由校正 bias,layers.15.ffn.gate.bias_vl,384,384,1,https://huggingface.co/deepseek-ai/DeepSeek-V4.1-Flash/blob/2cba9e42aa026125f3ed06c6d98c1db82f7ca027/inference/model.py#L796-L807,仅参考逻辑构造；stored shape/dtype/payload 未审计
decoder-16,encoder,CSA2,Reuse,384 个路由专家 / 选 6,layers.15.ffn.experts.{e}.w1.weight,2304 × 5120,11796480,384,https://huggingface.co/deepseek-ai/DeepSeek-V4.1-Flash/blob/2cba9e42aa026125f3ed06c6d98c1db82f7ca027/inference/model.py#L834-L839,仅参考逻辑构造；stored shape/dtype/payload 未审计
decoder-16,encoder,CSA2,Reuse,384 个路由专家 / 选 6,layers.15.ffn.experts.{e}.w3.weight,2304 × 5120,11796480,384,https://huggingface.co/deepseek-ai/DeepSeek-V4.1-Flash/blob/2cba9e42aa026125f3ed06c6d98c1db82f7ca027/inference/model.py#L834-L839,仅参考逻辑构造；stored shape/dtype/payload 未审计
decoder-16,encoder,CSA2,Reuse,384 个路由专家 / 选 6,layers.15.ffn.experts.{e}.w2.weight,5120 × 2304,11796480,384,https://huggingface.co/deepseek-ai/DeepSeek-V4.1-Flash/blob/2cba9e42aa026125f3ed06c6d98c1db82f7ca027/inference/model.py#L834-L839,仅参考逻辑构造；stored shape/dtype/payload 未审计
decoder-16,encoder,CSA2,Reuse,一个共享 SwiGLU 专家,layers.15.ffn.shared_experts.w1.weight,2304 × 5120,11796480,1,https://huggingface.co/deepseek-ai/DeepSeek-V4.1-Flash/blob/2cba9e42aa026125f3ed06c6d98c1db82f7ca027/inference/model.py#L834-L839,仅参考逻辑构造；stored shape/dtype/payload 未审计
decoder-16,encoder,CSA2,Reuse,一个共享 SwiGLU 专家,layers.15.ffn.shared_experts.w3.weight,2304 × 5120,11796480,1,https://huggingface.co/deepseek-ai/DeepSeek-V4.1-Flash/blob/2cba9e42aa026125f3ed06c6d98c1db82f7ca027/inference/model.py#L834-L839,仅参考逻辑构造；stored shape/dtype/payload 未审计
decoder-16,encoder,CSA2,Reuse,一个共享 SwiGLU 专家,layers.15.ffn.shared_experts.w2.weight,5120 × 2304,11796480,1,https://huggingface.co/deepseek-ai/DeepSeek-V4.1-Flash/blob/2cba9e42aa026125f3ed06c6d98c1db82f7ca027/inference/model.py#L834-L839,仅参考逻辑构造；stored shape/dtype/payload 未审计
decoder-16,encoder,CSA2,Reuse,Single-Pass mHC：使用上一子层的 pre_mix,layers.15.attn_norm.weight,5120,5120,1,https://huggingface.co/deepseek-ai/DeepSeek-V4.1-Flash/blob/2cba9e42aa026125f3ed06c6d98c1db82f7ca027/inference/model.py#L919-L946,仅参考逻辑构造；stored shape/dtype/payload 未审计
decoder-16,encoder,CSA2,Reuse,Single-Pass mHC：使用上一子层的 pre_mix,layers.15.ffn_norm.weight,5120,5120,1,https://huggingface.co/deepseek-ai/DeepSeek-V4.1-Flash/blob/2cba9e42aa026125f3ed06c6d98c1db82f7ca027/inference/model.py#L919-L946,仅参考逻辑构造；stored shape/dtype/payload 未审计
decoder-16,encoder,CSA2,Reuse,Single-Pass mHC：使用上一子层的 pre_mix,layers.15.hc_attn_fn,24 × 20480,491520,1,https://huggingface.co/deepseek-ai/DeepSeek-V4.1-Flash/blob/2cba9e42aa026125f3ed06c6d98c1db82f7ca027/inference/model.py#L919-L946,仅参考逻辑构造；stored shape/dtype/payload 未审计
decoder-16,encoder,CSA2,Reuse,Single-Pass mHC：使用上一子层的 pre_mix,layers.15.hc_ffn_fn,24 × 20480,491520,1,https://huggingface.co/deepseek-ai/DeepSeek-V4.1-Flash/blob/2cba9e42aa026125f3ed06c6d98c1db82f7ca027/inference/model.py#L919-L946,仅参考逻辑构造；stored shape/dtype/payload 未审计
decoder-16,encoder,CSA2,Reuse,Single-Pass mHC：使用上一子层的 pre_mix,layers.15.hc_attn_base,24,24,1,https://huggingface.co/deepseek-ai/DeepSeek-V4.1-Flash/blob/2cba9e42aa026125f3ed06c6d98c1db82f7ca027/inference/model.py#L919-L946,仅参考逻辑构造；stored shape/dtype/payload 未审计
decoder-16,encoder,CSA2,Reuse,Single-Pass mHC：使用上一子层的 pre_mix,layers.15.hc_ffn_base,24,24,1,https://huggingface.co/deepseek-ai/DeepSeek-V4.1-Flash/blob/2cba9e42aa026125f3ed06c6d98c1db82f7ca027/inference/model.py#L919-L946,仅参考逻辑构造；stored shape/dtype/payload 未审计
decoder-16,encoder,CSA2,Reuse,Single-Pass mHC：使用上一子层的 pre_mix,layers.15.hc_attn_scale,3,3,1,https://huggingface.co/deepseek-ai/DeepSeek-V4.1-Flash/blob/2cba9e42aa026125f3ed06c6d98c1db82f7ca027/inference/model.py#L919-L946,仅参考逻辑构造；stored shape/dtype/payload 未审计
decoder-16,encoder,CSA2,Reuse,Single-Pass mHC：使用上一子层的 pre_mix,layers.15.hc_ffn_scale,3,3,1,https://huggingface.co/deepseek-ai/DeepSeek-V4.1-Flash/blob/2cba9e42aa026125f3ed06c6d98c1db82f7ca027/inference/model.py#L919-L946,仅参考逻辑构造；stored shape/dtype/payload 未审计
decoder-17,encoder,CSA2,Reuse,本层 Q、SWA KV 与分组输出投影,layers.16.attn.attn_sink,64,64,1,https://huggingface.co/deepseek-ai/DeepSeek-V4.1-Flash/blob/2cba9e42aa026125f3ed06c6d98c1db82f7ca027/inference/model.py#L622-L698,仅参考逻辑构造；stored shape/dtype/payload 未审计
decoder-17,encoder,CSA2,Reuse,本层 Q、SWA KV 与分组输出投影,layers.16.attn.wq_a.weight,1280 × 5120,6553600,1,https://huggingface.co/deepseek-ai/DeepSeek-V4.1-Flash/blob/2cba9e42aa026125f3ed06c6d98c1db82f7ca027/inference/model.py#L622-L698,仅参考逻辑构造；stored shape/dtype/payload 未审计
decoder-17,encoder,CSA2,Reuse,本层 Q、SWA KV 与分组输出投影,layers.16.attn.q_norm.weight,1280,1280,1,https://huggingface.co/deepseek-ai/DeepSeek-V4.1-Flash/blob/2cba9e42aa026125f3ed06c6d98c1db82f7ca027/inference/model.py#L622-L698,仅参考逻辑构造；stored shape/dtype/payload 未审计
decoder-17,encoder,CSA2,Reuse,本层 Q、SWA KV 与分组输出投影,layers.16.attn.wq_b.weight,32768 × 1280,41943040,1,https://huggingface.co/deepseek-ai/DeepSeek-V4.1-Flash/blob/2cba9e42aa026125f3ed06c6d98c1db82f7ca027/inference/model.py#L622-L698,仅参考逻辑构造；stored shape/dtype/payload 未审计
decoder-17,encoder,CSA2,Reuse,本层 Q、SWA KV 与分组输出投影,layers.16.attn.wkv.weight,512 × 5120,2621440,1,https://huggingface.co/deepseek-ai/DeepSeek-V4.1-Flash/blob/2cba9e42aa026125f3ed06c6d98c1db82f7ca027/inference/model.py#L622-L698,仅参考逻辑构造；stored shape/dtype/payload 未审计
decoder-17,encoder,CSA2,Reuse,本层 Q、SWA KV 与分组输出投影,layers.16.attn.kv_norm.weight,512,512,1,https://huggingface.co/deepseek-ai/DeepSeek-V4.1-Flash/blob/2cba9e42aa026125f3ed06c6d98c1db82f7ca027/inference/model.py#L622-L698,仅参考逻辑构造；stored shape/dtype/payload 未审计
decoder-17,encoder,CSA2,Reuse,本层 Q、SWA KV 与分组输出投影,layers.16.attn.wo_a.weight,8192 × 4096,33554432,1,https://huggingface.co/deepseek-ai/DeepSeek-V4.1-Flash/blob/2cba9e42aa026125f3ed06c6d98c1db82f7ca027/inference/model.py#L622-L698,仅参考逻辑构造；stored shape/dtype/payload 未审计
decoder-17,encoder,CSA2,Reuse,本层 Q、SWA KV 与分组输出投影,layers.16.attn.wo_b.weight,5120 × 8192,41943040,1,https://huggingface.co/deepseek-ai/DeepSeek-V4.1-Flash/blob/2cba9e42aa026125f3ed06c6d98c1db82f7ca027/inference/model.py#L622-L698,仅参考逻辑构造；stored shape/dtype/payload 未审计
decoder-17,encoder,CSA2,Reuse,文本/视觉分开的路由校正 bias,layers.16.ffn.gate.weight,384 × 5120,1966080,1,https://huggingface.co/deepseek-ai/DeepSeek-V4.1-Flash/blob/2cba9e42aa026125f3ed06c6d98c1db82f7ca027/inference/model.py#L796-L807,仅参考逻辑构造；stored shape/dtype/payload 未审计
decoder-17,encoder,CSA2,Reuse,文本/视觉分开的路由校正 bias,layers.16.ffn.gate.bias,384,384,1,https://huggingface.co/deepseek-ai/DeepSeek-V4.1-Flash/blob/2cba9e42aa026125f3ed06c6d98c1db82f7ca027/inference/model.py#L796-L807,仅参考逻辑构造；stored shape/dtype/payload 未审计
decoder-17,encoder,CSA2,Reuse,文本/视觉分开的路由校正 bias,layers.16.ffn.gate.bias_vl,384,384,1,https://huggingface.co/deepseek-ai/DeepSeek-V4.1-Flash/blob/2cba9e42aa026125f3ed06c6d98c1db82f7ca027/inference/model.py#L796-L807,仅参考逻辑构造；stored shape/dtype/payload 未审计
decoder-17,encoder,CSA2,Reuse,384 个路由专家 / 选 6,layers.16.ffn.experts.{e}.w1.weight,2304 × 5120,11796480,384,https://huggingface.co/deepseek-ai/DeepSeek-V4.1-Flash/blob/2cba9e42aa026125f3ed06c6d98c1db82f7ca027/inference/model.py#L834-L839,仅参考逻辑构造；stored shape/dtype/payload 未审计
decoder-17,encoder,CSA2,Reuse,384 个路由专家 / 选 6,layers.16.ffn.experts.{e}.w3.weight,2304 × 5120,11796480,384,https://huggingface.co/deepseek-ai/DeepSeek-V4.1-Flash/blob/2cba9e42aa026125f3ed06c6d98c1db82f7ca027/inference/model.py#L834-L839,仅参考逻辑构造；stored shape/dtype/payload 未审计
decoder-17,encoder,CSA2,Reuse,384 个路由专家 / 选 6,layers.16.ffn.experts.{e}.w2.weight,5120 × 2304,11796480,384,https://huggingface.co/deepseek-ai/DeepSeek-V4.1-Flash/blob/2cba9e42aa026125f3ed06c6d98c1db82f7ca027/inference/model.py#L834-L839,仅参考逻辑构造；stored shape/dtype/payload 未审计
decoder-17,encoder,CSA2,Reuse,一个共享 SwiGLU 专家,layers.16.ffn.shared_experts.w1.weight,2304 × 5120,11796480,1,https://huggingface.co/deepseek-ai/DeepSeek-V4.1-Flash/blob/2cba9e42aa026125f3ed06c6d98c1db82f7ca027/inference/model.py#L834-L839,仅参考逻辑构造；stored shape/dtype/payload 未审计
decoder-17,encoder,CSA2,Reuse,一个共享 SwiGLU 专家,layers.16.ffn.shared_experts.w3.weight,2304 × 5120,11796480,1,https://huggingface.co/deepseek-ai/DeepSeek-V4.1-Flash/blob/2cba9e42aa026125f3ed06c6d98c1db82f7ca027/inference/model.py#L834-L839,仅参考逻辑构造；stored shape/dtype/payload 未审计
decoder-17,encoder,CSA2,Reuse,一个共享 SwiGLU 专家,layers.16.ffn.shared_experts.w2.weight,5120 × 2304,11796480,1,https://huggingface.co/deepseek-ai/DeepSeek-V4.1-Flash/blob/2cba9e42aa026125f3ed06c6d98c1db82f7ca027/inference/model.py#L834-L839,仅参考逻辑构造；stored shape/dtype/payload 未审计
decoder-17,encoder,CSA2,Reuse,Single-Pass mHC：使用上一子层的 pre_mix,layers.16.attn_norm.weight,5120,5120,1,https://huggingface.co/deepseek-ai/DeepSeek-V4.1-Flash/blob/2cba9e42aa026125f3ed06c6d98c1db82f7ca027/inference/model.py#L919-L946,仅参考逻辑构造；stored shape/dtype/payload 未审计
decoder-17,encoder,CSA2,Reuse,Single-Pass mHC：使用上一子层的 pre_mix,layers.16.ffn_norm.weight,5120,5120,1,https://huggingface.co/deepseek-ai/DeepSeek-V4.1-Flash/blob/2cba9e42aa026125f3ed06c6d98c1db82f7ca027/inference/model.py#L919-L946,仅参考逻辑构造；stored shape/dtype/payload 未审计
decoder-17,encoder,CSA2,Reuse,Single-Pass mHC：使用上一子层的 pre_mix,layers.16.hc_attn_fn,24 × 20480,491520,1,https://huggingface.co/deepseek-ai/DeepSeek-V4.1-Flash/blob/2cba9e42aa026125f3ed06c6d98c1db82f7ca027/inference/model.py#L919-L946,仅参考逻辑构造；stored shape/dtype/payload 未审计
decoder-17,encoder,CSA2,Reuse,Single-Pass mHC：使用上一子层的 pre_mix,layers.16.hc_ffn_fn,24 × 20480,491520,1,https://huggingface.co/deepseek-ai/DeepSeek-V4.1-Flash/blob/2cba9e42aa026125f3ed06c6d98c1db82f7ca027/inference/model.py#L919-L946,仅参考逻辑构造；stored shape/dtype/payload 未审计
decoder-17,encoder,CSA2,Reuse,Single-Pass mHC：使用上一子层的 pre_mix,layers.16.hc_attn_base,24,24,1,https://huggingface.co/deepseek-ai/DeepSeek-V4.1-Flash/blob/2cba9e42aa026125f3ed06c6d98c1db82f7ca027/inference/model.py#L919-L946,仅参考逻辑构造；stored shape/dtype/payload 未审计
decoder-17,encoder,CSA2,Reuse,Single-Pass mHC：使用上一子层的 pre_mix,layers.16.hc_ffn_base,24,24,1,https://huggingface.co/deepseek-ai/DeepSeek-V4.1-Flash/blob/2cba9e42aa026125f3ed06c6d98c1db82f7ca027/inference/model.py#L919-L946,仅参考逻辑构造；stored shape/dtype/payload 未审计
decoder-17,encoder,CSA2,Reuse,Single-Pass mHC：使用上一子层的 pre_mix,layers.16.hc_attn_scale,3,3,1,https://huggingface.co/deepseek-ai/DeepSeek-V4.1-Flash/blob/2cba9e42aa026125f3ed06c6d98c1db82f7ca027/inference/model.py#L919-L946,仅参考逻辑构造；stored shape/dtype/payload 未审计
decoder-17,encoder,CSA2,Reuse,Single-Pass mHC：使用上一子层的 pre_mix,layers.16.hc_ffn_scale,3,3,1,https://huggingface.co/deepseek-ai/DeepSeek-V4.1-Flash/blob/2cba9e42aa026125f3ed06c6d98c1db82f7ca027/inference/model.py#L919-L946,仅参考逻辑构造；stored shape/dtype/payload 未审计
decoder-18,encoder,CSA2,Reuse,本层 Q、SWA KV 与分组输出投影,layers.17.attn.attn_sink,64,64,1,https://huggingface.co/deepseek-ai/DeepSeek-V4.1-Flash/blob/2cba9e42aa026125f3ed06c6d98c1db82f7ca027/inference/model.py#L622-L698,仅参考逻辑构造；stored shape/dtype/payload 未审计
decoder-18,encoder,CSA2,Reuse,本层 Q、SWA KV 与分组输出投影,layers.17.attn.wq_a.weight,1280 × 5120,6553600,1,https://huggingface.co/deepseek-ai/DeepSeek-V4.1-Flash/blob/2cba9e42aa026125f3ed06c6d98c1db82f7ca027/inference/model.py#L622-L698,仅参考逻辑构造；stored shape/dtype/payload 未审计
decoder-18,encoder,CSA2,Reuse,本层 Q、SWA KV 与分组输出投影,layers.17.attn.q_norm.weight,1280,1280,1,https://huggingface.co/deepseek-ai/DeepSeek-V4.1-Flash/blob/2cba9e42aa026125f3ed06c6d98c1db82f7ca027/inference/model.py#L622-L698,仅参考逻辑构造；stored shape/dtype/payload 未审计
decoder-18,encoder,CSA2,Reuse,本层 Q、SWA KV 与分组输出投影,layers.17.attn.wq_b.weight,32768 × 1280,41943040,1,https://huggingface.co/deepseek-ai/DeepSeek-V4.1-Flash/blob/2cba9e42aa026125f3ed06c6d98c1db82f7ca027/inference/model.py#L622-L698,仅参考逻辑构造；stored shape/dtype/payload 未审计
decoder-18,encoder,CSA2,Reuse,本层 Q、SWA KV 与分组输出投影,layers.17.attn.wkv.weight,512 × 5120,2621440,1,https://huggingface.co/deepseek-ai/DeepSeek-V4.1-Flash/blob/2cba9e42aa026125f3ed06c6d98c1db82f7ca027/inference/model.py#L622-L698,仅参考逻辑构造；stored shape/dtype/payload 未审计
decoder-18,encoder,CSA2,Reuse,本层 Q、SWA KV 与分组输出投影,layers.17.attn.kv_norm.weight,512,512,1,https://huggingface.co/deepseek-ai/DeepSeek-V4.1-Flash/blob/2cba9e42aa026125f3ed06c6d98c1db82f7ca027/inference/model.py#L622-L698,仅参考逻辑构造；stored shape/dtype/payload 未审计
decoder-18,encoder,CSA2,Reuse,本层 Q、SWA KV 与分组输出投影,layers.17.attn.wo_a.weight,8192 × 4096,33554432,1,https://huggingface.co/deepseek-ai/DeepSeek-V4.1-Flash/blob/2cba9e42aa026125f3ed06c6d98c1db82f7ca027/inference/model.py#L622-L698,仅参考逻辑构造；stored shape/dtype/payload 未审计
decoder-18,encoder,CSA2,Reuse,本层 Q、SWA KV 与分组输出投影,layers.17.attn.wo_b.weight,5120 × 8192,41943040,1,https://huggingface.co/deepseek-ai/DeepSeek-V4.1-Flash/blob/2cba9e42aa026125f3ed06c6d98c1db82f7ca027/inference/model.py#L622-L698,仅参考逻辑构造；stored shape/dtype/payload 未审计
decoder-18,encoder,CSA2,Reuse,文本/视觉分开的路由校正 bias,layers.17.ffn.gate.weight,384 × 5120,1966080,1,https://huggingface.co/deepseek-ai/DeepSeek-V4.1-Flash/blob/2cba9e42aa026125f3ed06c6d98c1db82f7ca027/inference/model.py#L796-L807,仅参考逻辑构造；stored shape/dtype/payload 未审计
decoder-18,encoder,CSA2,Reuse,文本/视觉分开的路由校正 bias,layers.17.ffn.gate.bias,384,384,1,https://huggingface.co/deepseek-ai/DeepSeek-V4.1-Flash/blob/2cba9e42aa026125f3ed06c6d98c1db82f7ca027/inference/model.py#L796-L807,仅参考逻辑构造；stored shape/dtype/payload 未审计
decoder-18,encoder,CSA2,Reuse,文本/视觉分开的路由校正 bias,layers.17.ffn.gate.bias_vl,384,384,1,https://huggingface.co/deepseek-ai/DeepSeek-V4.1-Flash/blob/2cba9e42aa026125f3ed06c6d98c1db82f7ca027/inference/model.py#L796-L807,仅参考逻辑构造；stored shape/dtype/payload 未审计
decoder-18,encoder,CSA2,Reuse,384 个路由专家 / 选 6,layers.17.ffn.experts.{e}.w1.weight,2304 × 5120,11796480,384,https://huggingface.co/deepseek-ai/DeepSeek-V4.1-Flash/blob/2cba9e42aa026125f3ed06c6d98c1db82f7ca027/inference/model.py#L834-L839,仅参考逻辑构造；stored shape/dtype/payload 未审计
decoder-18,encoder,CSA2,Reuse,384 个路由专家 / 选 6,layers.17.ffn.experts.{e}.w3.weight,2304 × 5120,11796480,384,https://huggingface.co/deepseek-ai/DeepSeek-V4.1-Flash/blob/2cba9e42aa026125f3ed06c6d98c1db82f7ca027/inference/model.py#L834-L839,仅参考逻辑构造；stored shape/dtype/payload 未审计
decoder-18,encoder,CSA2,Reuse,384 个路由专家 / 选 6,layers.17.ffn.experts.{e}.w2.weight,5120 × 2304,11796480,384,https://huggingface.co/deepseek-ai/DeepSeek-V4.1-Flash/blob/2cba9e42aa026125f3ed06c6d98c1db82f7ca027/inference/model.py#L834-L839,仅参考逻辑构造；stored shape/dtype/payload 未审计
decoder-18,encoder,CSA2,Reuse,一个共享 SwiGLU 专家,layers.17.ffn.shared_experts.w1.weight,2304 × 5120,11796480,1,https://huggingface.co/deepseek-ai/DeepSeek-V4.1-Flash/blob/2cba9e42aa026125f3ed06c6d98c1db82f7ca027/inference/model.py#L834-L839,仅参考逻辑构造；stored shape/dtype/payload 未审计
decoder-18,encoder,CSA2,Reuse,一个共享 SwiGLU 专家,layers.17.ffn.shared_experts.w3.weight,2304 × 5120,11796480,1,https://huggingface.co/deepseek-ai/DeepSeek-V4.1-Flash/blob/2cba9e42aa026125f3ed06c6d98c1db82f7ca027/inference/model.py#L834-L839,仅参考逻辑构造；stored shape/dtype/payload 未审计
decoder-18,encoder,CSA2,Reuse,一个共享 SwiGLU 专家,layers.17.ffn.shared_experts.w2.weight,5120 × 2304,11796480,1,https://huggingface.co/deepseek-ai/DeepSeek-V4.1-Flash/blob/2cba9e42aa026125f3ed06c6d98c1db82f7ca027/inference/model.py#L834-L839,仅参考逻辑构造；stored shape/dtype/payload 未审计
decoder-18,encoder,CSA2,Reuse,Single-Pass mHC：使用上一子层的 pre_mix,layers.17.attn_norm.weight,5120,5120,1,https://huggingface.co/deepseek-ai/DeepSeek-V4.1-Flash/blob/2cba9e42aa026125f3ed06c6d98c1db82f7ca027/inference/model.py#L919-L946,仅参考逻辑构造；stored shape/dtype/payload 未审计
decoder-18,encoder,CSA2,Reuse,Single-Pass mHC：使用上一子层的 pre_mix,layers.17.ffn_norm.weight,5120,5120,1,https://huggingface.co/deepseek-ai/DeepSeek-V4.1-Flash/blob/2cba9e42aa026125f3ed06c6d98c1db82f7ca027/inference/model.py#L919-L946,仅参考逻辑构造；stored shape/dtype/payload 未审计
decoder-18,encoder,CSA2,Reuse,Single-Pass mHC：使用上一子层的 pre_mix,layers.17.hc_attn_fn,24 × 20480,491520,1,https://huggingface.co/deepseek-ai/DeepSeek-V4.1-Flash/blob/2cba9e42aa026125f3ed06c6d98c1db82f7ca027/inference/model.py#L919-L946,仅参考逻辑构造；stored shape/dtype/payload 未审计
decoder-18,encoder,CSA2,Reuse,Single-Pass mHC：使用上一子层的 pre_mix,layers.17.hc_ffn_fn,24 × 20480,491520,1,https://huggingface.co/deepseek-ai/DeepSeek-V4.1-Flash/blob/2cba9e42aa026125f3ed06c6d98c1db82f7ca027/inference/model.py#L919-L946,仅参考逻辑构造；stored shape/dtype/payload 未审计
decoder-18,encoder,CSA2,Reuse,Single-Pass mHC：使用上一子层的 pre_mix,layers.17.hc_attn_base,24,24,1,https://huggingface.co/deepseek-ai/DeepSeek-V4.1-Flash/blob/2cba9e42aa026125f3ed06c6d98c1db82f7ca027/inference/model.py#L919-L946,仅参考逻辑构造；stored shape/dtype/payload 未审计
decoder-18,encoder,CSA2,Reuse,Single-Pass mHC：使用上一子层的 pre_mix,layers.17.hc_ffn_base,24,24,1,https://huggingface.co/deepseek-ai/DeepSeek-V4.1-Flash/blob/2cba9e42aa026125f3ed06c6d98c1db82f7ca027/inference/model.py#L919-L946,仅参考逻辑构造；stored shape/dtype/payload 未审计
decoder-18,encoder,CSA2,Reuse,Single-Pass mHC：使用上一子层的 pre_mix,layers.17.hc_attn_scale,3,3,1,https://huggingface.co/deepseek-ai/DeepSeek-V4.1-Flash/blob/2cba9e42aa026125f3ed06c6d98c1db82f7ca027/inference/model.py#L919-L946,仅参考逻辑构造；stored shape/dtype/payload 未审计
decoder-18,encoder,CSA2,Reuse,Single-Pass mHC：使用上一子层的 pre_mix,layers.17.hc_ffn_scale,3,3,1,https://huggingface.co/deepseek-ai/DeepSeek-V4.1-Flash/blob/2cba9e42aa026125f3ed06c6d98c1db82f7ca027/inference/model.py#L919-L946,仅参考逻辑构造；stored shape/dtype/payload 未审计
decoder-19,encoder,CSA2,Reuse,本层 Q、SWA KV 与分组输出投影,layers.18.attn.attn_sink,64,64,1,https://huggingface.co/deepseek-ai/DeepSeek-V4.1-Flash/blob/2cba9e42aa026125f3ed06c6d98c1db82f7ca027/inference/model.py#L622-L698,仅参考逻辑构造；stored shape/dtype/payload 未审计
decoder-19,encoder,CSA2,Reuse,本层 Q、SWA KV 与分组输出投影,layers.18.attn.wq_a.weight,1280 × 5120,6553600,1,https://huggingface.co/deepseek-ai/DeepSeek-V4.1-Flash/blob/2cba9e42aa026125f3ed06c6d98c1db82f7ca027/inference/model.py#L622-L698,仅参考逻辑构造；stored shape/dtype/payload 未审计
decoder-19,encoder,CSA2,Reuse,本层 Q、SWA KV 与分组输出投影,layers.18.attn.q_norm.weight,1280,1280,1,https://huggingface.co/deepseek-ai/DeepSeek-V4.1-Flash/blob/2cba9e42aa026125f3ed06c6d98c1db82f7ca027/inference/model.py#L622-L698,仅参考逻辑构造；stored shape/dtype/payload 未审计
decoder-19,encoder,CSA2,Reuse,本层 Q、SWA KV 与分组输出投影,layers.18.attn.wq_b.weight,32768 × 1280,41943040,1,https://huggingface.co/deepseek-ai/DeepSeek-V4.1-Flash/blob/2cba9e42aa026125f3ed06c6d98c1db82f7ca027/inference/model.py#L622-L698,仅参考逻辑构造；stored shape/dtype/payload 未审计
decoder-19,encoder,CSA2,Reuse,本层 Q、SWA KV 与分组输出投影,layers.18.attn.wkv.weight,512 × 5120,2621440,1,https://huggingface.co/deepseek-ai/DeepSeek-V4.1-Flash/blob/2cba9e42aa026125f3ed06c6d98c1db82f7ca027/inference/model.py#L622-L698,仅参考逻辑构造；stored shape/dtype/payload 未审计
decoder-19,encoder,CSA2,Reuse,本层 Q、SWA KV 与分组输出投影,layers.18.attn.kv_norm.weight,512,512,1,https://huggingface.co/deepseek-ai/DeepSeek-V4.1-Flash/blob/2cba9e42aa026125f3ed06c6d98c1db82f7ca027/inference/model.py#L622-L698,仅参考逻辑构造；stored shape/dtype/payload 未审计
decoder-19,encoder,CSA2,Reuse,本层 Q、SWA KV 与分组输出投影,layers.18.attn.wo_a.weight,8192 × 4096,33554432,1,https://huggingface.co/deepseek-ai/DeepSeek-V4.1-Flash/blob/2cba9e42aa026125f3ed06c6d98c1db82f7ca027/inference/model.py#L622-L698,仅参考逻辑构造；stored shape/dtype/payload 未审计
decoder-19,encoder,CSA2,Reuse,本层 Q、SWA KV 与分组输出投影,layers.18.attn.wo_b.weight,5120 × 8192,41943040,1,https://huggingface.co/deepseek-ai/DeepSeek-V4.1-Flash/blob/2cba9e42aa026125f3ed06c6d98c1db82f7ca027/inference/model.py#L622-L698,仅参考逻辑构造；stored shape/dtype/payload 未审计
decoder-19,encoder,CSA2,Reuse,文本/视觉分开的路由校正 bias,layers.18.ffn.gate.weight,384 × 5120,1966080,1,https://huggingface.co/deepseek-ai/DeepSeek-V4.1-Flash/blob/2cba9e42aa026125f3ed06c6d98c1db82f7ca027/inference/model.py#L796-L807,仅参考逻辑构造；stored shape/dtype/payload 未审计
decoder-19,encoder,CSA2,Reuse,文本/视觉分开的路由校正 bias,layers.18.ffn.gate.bias,384,384,1,https://huggingface.co/deepseek-ai/DeepSeek-V4.1-Flash/blob/2cba9e42aa026125f3ed06c6d98c1db82f7ca027/inference/model.py#L796-L807,仅参考逻辑构造；stored shape/dtype/payload 未审计
decoder-19,encoder,CSA2,Reuse,文本/视觉分开的路由校正 bias,layers.18.ffn.gate.bias_vl,384,384,1,https://huggingface.co/deepseek-ai/DeepSeek-V4.1-Flash/blob/2cba9e42aa026125f3ed06c6d98c1db82f7ca027/inference/model.py#L796-L807,仅参考逻辑构造；stored shape/dtype/payload 未审计
decoder-19,encoder,CSA2,Reuse,384 个路由专家 / 选 6,layers.18.ffn.experts.{e}.w1.weight,2304 × 5120,11796480,384,https://huggingface.co/deepseek-ai/DeepSeek-V4.1-Flash/blob/2cba9e42aa026125f3ed06c6d98c1db82f7ca027/inference/model.py#L834-L839,仅参考逻辑构造；stored shape/dtype/payload 未审计
decoder-19,encoder,CSA2,Reuse,384 个路由专家 / 选 6,layers.18.ffn.experts.{e}.w3.weight,2304 × 5120,11796480,384,https://huggingface.co/deepseek-ai/DeepSeek-V4.1-Flash/blob/2cba9e42aa026125f3ed06c6d98c1db82f7ca027/inference/model.py#L834-L839,仅参考逻辑构造；stored shape/dtype/payload 未审计
decoder-19,encoder,CSA2,Reuse,384 个路由专家 / 选 6,layers.18.ffn.experts.{e}.w2.weight,5120 × 2304,11796480,384,https://huggingface.co/deepseek-ai/DeepSeek-V4.1-Flash/blob/2cba9e42aa026125f3ed06c6d98c1db82f7ca027/inference/model.py#L834-L839,仅参考逻辑构造；stored shape/dtype/payload 未审计
decoder-19,encoder,CSA2,Reuse,一个共享 SwiGLU 专家,layers.18.ffn.shared_experts.w1.weight,2304 × 5120,11796480,1,https://huggingface.co/deepseek-ai/DeepSeek-V4.1-Flash/blob/2cba9e42aa026125f3ed06c6d98c1db82f7ca027/inference/model.py#L834-L839,仅参考逻辑构造；stored shape/dtype/payload 未审计
decoder-19,encoder,CSA2,Reuse,一个共享 SwiGLU 专家,layers.18.ffn.shared_experts.w3.weight,2304 × 5120,11796480,1,https://huggingface.co/deepseek-ai/DeepSeek-V4.1-Flash/blob/2cba9e42aa026125f3ed06c6d98c1db82f7ca027/inference/model.py#L834-L839,仅参考逻辑构造；stored shape/dtype/payload 未审计
decoder-19,encoder,CSA2,Reuse,一个共享 SwiGLU 专家,layers.18.ffn.shared_experts.w2.weight,5120 × 2304,11796480,1,https://huggingface.co/deepseek-ai/DeepSeek-V4.1-Flash/blob/2cba9e42aa026125f3ed06c6d98c1db82f7ca027/inference/model.py#L834-L839,仅参考逻辑构造；stored shape/dtype/payload 未审计
decoder-19,encoder,CSA2,Reuse,Single-Pass mHC：使用上一子层的 pre_mix,layers.18.attn_norm.weight,5120,5120,1,https://huggingface.co/deepseek-ai/DeepSeek-V4.1-Flash/blob/2cba9e42aa026125f3ed06c6d98c1db82f7ca027/inference/model.py#L919-L946,仅参考逻辑构造；stored shape/dtype/payload 未审计
decoder-19,encoder,CSA2,Reuse,Single-Pass mHC：使用上一子层的 pre_mix,layers.18.ffn_norm.weight,5120,5120,1,https://huggingface.co/deepseek-ai/DeepSeek-V4.1-Flash/blob/2cba9e42aa026125f3ed06c6d98c1db82f7ca027/inference/model.py#L919-L946,仅参考逻辑构造；stored shape/dtype/payload 未审计
decoder-19,encoder,CSA2,Reuse,Single-Pass mHC：使用上一子层的 pre_mix,layers.18.hc_attn_fn,24 × 20480,491520,1,https://huggingface.co/deepseek-ai/DeepSeek-V4.1-Flash/blob/2cba9e42aa026125f3ed06c6d98c1db82f7ca027/inference/model.py#L919-L946,仅参考逻辑构造；stored shape/dtype/payload 未审计
decoder-19,encoder,CSA2,Reuse,Single-Pass mHC：使用上一子层的 pre_mix,layers.18.hc_ffn_fn,24 × 20480,491520,1,https://huggingface.co/deepseek-ai/DeepSeek-V4.1-Flash/blob/2cba9e42aa026125f3ed06c6d98c1db82f7ca027/inference/model.py#L919-L946,仅参考逻辑构造；stored shape/dtype/payload 未审计
decoder-19,encoder,CSA2,Reuse,Single-Pass mHC：使用上一子层的 pre_mix,layers.18.hc_attn_base,24,24,1,https://huggingface.co/deepseek-ai/DeepSeek-V4.1-Flash/blob/2cba9e42aa026125f3ed06c6d98c1db82f7ca027/inference/model.py#L919-L946,仅参考逻辑构造；stored shape/dtype/payload 未审计
decoder-19,encoder,CSA2,Reuse,Single-Pass mHC：使用上一子层的 pre_mix,layers.18.hc_ffn_base,24,24,1,https://huggingface.co/deepseek-ai/DeepSeek-V4.1-Flash/blob/2cba9e42aa026125f3ed06c6d98c1db82f7ca027/inference/model.py#L919-L946,仅参考逻辑构造；stored shape/dtype/payload 未审计
decoder-19,encoder,CSA2,Reuse,Single-Pass mHC：使用上一子层的 pre_mix,layers.18.hc_attn_scale,3,3,1,https://huggingface.co/deepseek-ai/DeepSeek-V4.1-Flash/blob/2cba9e42aa026125f3ed06c6d98c1db82f7ca027/inference/model.py#L919-L946,仅参考逻辑构造；stored shape/dtype/payload 未审计
decoder-19,encoder,CSA2,Reuse,Single-Pass mHC：使用上一子层的 pre_mix,layers.18.hc_ffn_scale,3,3,1,https://huggingface.co/deepseek-ai/DeepSeek-V4.1-Flash/blob/2cba9e42aa026125f3ed06c6d98c1db82f7ca027/inference/model.py#L919-L946,仅参考逻辑构造；stored shape/dtype/payload 未审计
decoder-20,encoder,CSA2,Reuse,本层 Q、SWA KV 与分组输出投影,layers.19.attn.attn_sink,64,64,1,https://huggingface.co/deepseek-ai/DeepSeek-V4.1-Flash/blob/2cba9e42aa026125f3ed06c6d98c1db82f7ca027/inference/model.py#L622-L698,仅参考逻辑构造；stored shape/dtype/payload 未审计
decoder-20,encoder,CSA2,Reuse,本层 Q、SWA KV 与分组输出投影,layers.19.attn.wq_a.weight,1280 × 5120,6553600,1,https://huggingface.co/deepseek-ai/DeepSeek-V4.1-Flash/blob/2cba9e42aa026125f3ed06c6d98c1db82f7ca027/inference/model.py#L622-L698,仅参考逻辑构造；stored shape/dtype/payload 未审计
decoder-20,encoder,CSA2,Reuse,本层 Q、SWA KV 与分组输出投影,layers.19.attn.q_norm.weight,1280,1280,1,https://huggingface.co/deepseek-ai/DeepSeek-V4.1-Flash/blob/2cba9e42aa026125f3ed06c6d98c1db82f7ca027/inference/model.py#L622-L698,仅参考逻辑构造；stored shape/dtype/payload 未审计
decoder-20,encoder,CSA2,Reuse,本层 Q、SWA KV 与分组输出投影,layers.19.attn.wq_b.weight,32768 × 1280,41943040,1,https://huggingface.co/deepseek-ai/DeepSeek-V4.1-Flash/blob/2cba9e42aa026125f3ed06c6d98c1db82f7ca027/inference/model.py#L622-L698,仅参考逻辑构造；stored shape/dtype/payload 未审计
decoder-20,encoder,CSA2,Reuse,本层 Q、SWA KV 与分组输出投影,layers.19.attn.wkv.weight,512 × 5120,2621440,1,https://huggingface.co/deepseek-ai/DeepSeek-V4.1-Flash/blob/2cba9e42aa026125f3ed06c6d98c1db82f7ca027/inference/model.py#L622-L698,仅参考逻辑构造；stored shape/dtype/payload 未审计
decoder-20,encoder,CSA2,Reuse,本层 Q、SWA KV 与分组输出投影,layers.19.attn.kv_norm.weight,512,512,1,https://huggingface.co/deepseek-ai/DeepSeek-V4.1-Flash/blob/2cba9e42aa026125f3ed06c6d98c1db82f7ca027/inference/model.py#L622-L698,仅参考逻辑构造；stored shape/dtype/payload 未审计
decoder-20,encoder,CSA2,Reuse,本层 Q、SWA KV 与分组输出投影,layers.19.attn.wo_a.weight,8192 × 4096,33554432,1,https://huggingface.co/deepseek-ai/DeepSeek-V4.1-Flash/blob/2cba9e42aa026125f3ed06c6d98c1db82f7ca027/inference/model.py#L622-L698,仅参考逻辑构造；stored shape/dtype/payload 未审计
decoder-20,encoder,CSA2,Reuse,本层 Q、SWA KV 与分组输出投影,layers.19.attn.wo_b.weight,5120 × 8192,41943040,1,https://huggingface.co/deepseek-ai/DeepSeek-V4.1-Flash/blob/2cba9e42aa026125f3ed06c6d98c1db82f7ca027/inference/model.py#L622-L698,仅参考逻辑构造；stored shape/dtype/payload 未审计
decoder-20,encoder,CSA2,Reuse,文本/视觉分开的路由校正 bias,layers.19.ffn.gate.weight,384 × 5120,1966080,1,https://huggingface.co/deepseek-ai/DeepSeek-V4.1-Flash/blob/2cba9e42aa026125f3ed06c6d98c1db82f7ca027/inference/model.py#L796-L807,仅参考逻辑构造；stored shape/dtype/payload 未审计
decoder-20,encoder,CSA2,Reuse,文本/视觉分开的路由校正 bias,layers.19.ffn.gate.bias,384,384,1,https://huggingface.co/deepseek-ai/DeepSeek-V4.1-Flash/blob/2cba9e42aa026125f3ed06c6d98c1db82f7ca027/inference/model.py#L796-L807,仅参考逻辑构造；stored shape/dtype/payload 未审计
decoder-20,encoder,CSA2,Reuse,文本/视觉分开的路由校正 bias,layers.19.ffn.gate.bias_vl,384,384,1,https://huggingface.co/deepseek-ai/DeepSeek-V4.1-Flash/blob/2cba9e42aa026125f3ed06c6d98c1db82f7ca027/inference/model.py#L796-L807,仅参考逻辑构造；stored shape/dtype/payload 未审计
decoder-20,encoder,CSA2,Reuse,384 个路由专家 / 选 6,layers.19.ffn.experts.{e}.w1.weight,2304 × 5120,11796480,384,https://huggingface.co/deepseek-ai/DeepSeek-V4.1-Flash/blob/2cba9e42aa026125f3ed06c6d98c1db82f7ca027/inference/model.py#L834-L839,仅参考逻辑构造；stored shape/dtype/payload 未审计
decoder-20,encoder,CSA2,Reuse,384 个路由专家 / 选 6,layers.19.ffn.experts.{e}.w3.weight,2304 × 5120,11796480,384,https://huggingface.co/deepseek-ai/DeepSeek-V4.1-Flash/blob/2cba9e42aa026125f3ed06c6d98c1db82f7ca027/inference/model.py#L834-L839,仅参考逻辑构造；stored shape/dtype/payload 未审计
decoder-20,encoder,CSA2,Reuse,384 个路由专家 / 选 6,layers.19.ffn.experts.{e}.w2.weight,5120 × 2304,11796480,384,https://huggingface.co/deepseek-ai/DeepSeek-V4.1-Flash/blob/2cba9e42aa026125f3ed06c6d98c1db82f7ca027/inference/model.py#L834-L839,仅参考逻辑构造；stored shape/dtype/payload 未审计
decoder-20,encoder,CSA2,Reuse,一个共享 SwiGLU 专家,layers.19.ffn.shared_experts.w1.weight,2304 × 5120,11796480,1,https://huggingface.co/deepseek-ai/DeepSeek-V4.1-Flash/blob/2cba9e42aa026125f3ed06c6d98c1db82f7ca027/inference/model.py#L834-L839,仅参考逻辑构造；stored shape/dtype/payload 未审计
decoder-20,encoder,CSA2,Reuse,一个共享 SwiGLU 专家,layers.19.ffn.shared_experts.w3.weight,2304 × 5120,11796480,1,https://huggingface.co/deepseek-ai/DeepSeek-V4.1-Flash/blob/2cba9e42aa026125f3ed06c6d98c1db82f7ca027/inference/model.py#L834-L839,仅参考逻辑构造；stored shape/dtype/payload 未审计
decoder-20,encoder,CSA2,Reuse,一个共享 SwiGLU 专家,layers.19.ffn.shared_experts.w2.weight,5120 × 2304,11796480,1,https://huggingface.co/deepseek-ai/DeepSeek-V4.1-Flash/blob/2cba9e42aa026125f3ed06c6d98c1db82f7ca027/inference/model.py#L834-L839,仅参考逻辑构造；stored shape/dtype/payload 未审计
decoder-20,encoder,CSA2,Reuse,Single-Pass mHC：使用上一子层的 pre_mix,layers.19.attn_norm.weight,5120,5120,1,https://huggingface.co/deepseek-ai/DeepSeek-V4.1-Flash/blob/2cba9e42aa026125f3ed06c6d98c1db82f7ca027/inference/model.py#L919-L946,仅参考逻辑构造；stored shape/dtype/payload 未审计
decoder-20,encoder,CSA2,Reuse,Single-Pass mHC：使用上一子层的 pre_mix,layers.19.ffn_norm.weight,5120,5120,1,https://huggingface.co/deepseek-ai/DeepSeek-V4.1-Flash/blob/2cba9e42aa026125f3ed06c6d98c1db82f7ca027/inference/model.py#L919-L946,仅参考逻辑构造；stored shape/dtype/payload 未审计
decoder-20,encoder,CSA2,Reuse,Single-Pass mHC：使用上一子层的 pre_mix,layers.19.hc_attn_fn,24 × 20480,491520,1,https://huggingface.co/deepseek-ai/DeepSeek-V4.1-Flash/blob/2cba9e42aa026125f3ed06c6d98c1db82f7ca027/inference/model.py#L919-L946,仅参考逻辑构造；stored shape/dtype/payload 未审计
decoder-20,encoder,CSA2,Reuse,Single-Pass mHC：使用上一子层的 pre_mix,layers.19.hc_ffn_fn,24 × 20480,491520,1,https://huggingface.co/deepseek-ai/DeepSeek-V4.1-Flash/blob/2cba9e42aa026125f3ed06c6d98c1db82f7ca027/inference/model.py#L919-L946,仅参考逻辑构造；stored shape/dtype/payload 未审计
decoder-20,encoder,CSA2,Reuse,Single-Pass mHC：使用上一子层的 pre_mix,layers.19.hc_attn_base,24,24,1,https://huggingface.co/deepseek-ai/DeepSeek-V4.1-Flash/blob/2cba9e42aa026125f3ed06c6d98c1db82f7ca027/inference/model.py#L919-L946,仅参考逻辑构造；stored shape/dtype/payload 未审计
decoder-20,encoder,CSA2,Reuse,Single-Pass mHC：使用上一子层的 pre_mix,layers.19.hc_ffn_base,24,24,1,https://huggingface.co/deepseek-ai/DeepSeek-V4.1-Flash/blob/2cba9e42aa026125f3ed06c6d98c1db82f7ca027/inference/model.py#L919-L946,仅参考逻辑构造；stored shape/dtype/payload 未审计
decoder-20,encoder,CSA2,Reuse,Single-Pass mHC：使用上一子层的 pre_mix,layers.19.hc_attn_scale,3,3,1,https://huggingface.co/deepseek-ai/DeepSeek-V4.1-Flash/blob/2cba9e42aa026125f3ed06c6d98c1db82f7ca027/inference/model.py#L919-L946,仅参考逻辑构造；stored shape/dtype/payload 未审计
decoder-20,encoder,CSA2,Reuse,Single-Pass mHC：使用上一子层的 pre_mix,layers.19.hc_ffn_scale,3,3,1,https://huggingface.co/deepseek-ai/DeepSeek-V4.1-Flash/blob/2cba9e42aa026125f3ed06c6d98c1db82f7ca027/inference/model.py#L919-L946,仅参考逻辑构造；stored shape/dtype/payload 未审计
decoder-21,decoder,CSA2,Full,本层 Q、SWA KV 与分组输出投影,layers.20.attn.attn_sink,64,64,1,https://huggingface.co/deepseek-ai/DeepSeek-V4.1-Flash/blob/2cba9e42aa026125f3ed06c6d98c1db82f7ca027/inference/model.py#L622-L698,仅参考逻辑构造；stored shape/dtype/payload 未审计
decoder-21,decoder,CSA2,Full,本层 Q、SWA KV 与分组输出投影,layers.20.attn.wq_a.weight,1280 × 5120,6553600,1,https://huggingface.co/deepseek-ai/DeepSeek-V4.1-Flash/blob/2cba9e42aa026125f3ed06c6d98c1db82f7ca027/inference/model.py#L622-L698,仅参考逻辑构造；stored shape/dtype/payload 未审计
decoder-21,decoder,CSA2,Full,本层 Q、SWA KV 与分组输出投影,layers.20.attn.q_norm.weight,1280,1280,1,https://huggingface.co/deepseek-ai/DeepSeek-V4.1-Flash/blob/2cba9e42aa026125f3ed06c6d98c1db82f7ca027/inference/model.py#L622-L698,仅参考逻辑构造；stored shape/dtype/payload 未审计
decoder-21,decoder,CSA2,Full,本层 Q、SWA KV 与分组输出投影,layers.20.attn.wq_b.weight,32768 × 1280,41943040,1,https://huggingface.co/deepseek-ai/DeepSeek-V4.1-Flash/blob/2cba9e42aa026125f3ed06c6d98c1db82f7ca027/inference/model.py#L622-L698,仅参考逻辑构造；stored shape/dtype/payload 未审计
decoder-21,decoder,CSA2,Full,本层 Q、SWA KV 与分组输出投影,layers.20.attn.wkv.weight,512 × 5120,2621440,1,https://huggingface.co/deepseek-ai/DeepSeek-V4.1-Flash/blob/2cba9e42aa026125f3ed06c6d98c1db82f7ca027/inference/model.py#L622-L698,仅参考逻辑构造；stored shape/dtype/payload 未审计
decoder-21,decoder,CSA2,Full,本层 Q、SWA KV 与分组输出投影,layers.20.attn.kv_norm.weight,512,512,1,https://huggingface.co/deepseek-ai/DeepSeek-V4.1-Flash/blob/2cba9e42aa026125f3ed06c6d98c1db82f7ca027/inference/model.py#L622-L698,仅参考逻辑构造；stored shape/dtype/payload 未审计
decoder-21,decoder,CSA2,Full,本层 Q、SWA KV 与分组输出投影,layers.20.attn.wo_a.weight,8192 × 4096,33554432,1,https://huggingface.co/deepseek-ai/DeepSeek-V4.1-Flash/blob/2cba9e42aa026125f3ed06c6d98c1db82f7ca027/inference/model.py#L622-L698,仅参考逻辑构造；stored shape/dtype/payload 未审计
decoder-21,decoder,CSA2,Full,本层 Q、SWA KV 与分组输出投影,layers.20.attn.wo_b.weight,5120 × 8192,41943040,1,https://huggingface.co/deepseek-ai/DeepSeek-V4.1-Flash/blob/2cba9e42aa026125f3ed06c6d98c1db82f7ca027/inference/model.py#L622-L698,仅参考逻辑构造；stored shape/dtype/payload 未审计
decoder-21,decoder,CSA2,Full,本 Full 层拥有的全局 KV,layers.20.attn.compressor.wkv.weight,512 × 5120,2621440,1,https://huggingface.co/deepseek-ai/DeepSeek-V4.1-Flash/blob/2cba9e42aa026125f3ed06c6d98c1db82f7ca027/inference/model.py#L437-L456,仅参考逻辑构造；stored shape/dtype/payload 未审计
decoder-21,decoder,CSA2,Full,本 Full 层拥有的全局 KV,layers.20.attn.compressor.norm.weight,512,512,1,https://huggingface.co/deepseek-ai/DeepSeek-V4.1-Flash/blob/2cba9e42aa026125f3ed06c6d98c1db82f7ca027/inference/model.py#L437-L456,仅参考逻辑构造；stored shape/dtype/payload 未审计
decoder-21,decoder,CSA2,Full,本层重算 Top-K；K 只由 Full 层持有,layers.20.attn.indexer.wq_b.weight,4096 × 1280,5242880,1,https://huggingface.co/deepseek-ai/DeepSeek-V4.1-Flash/blob/2cba9e42aa026125f3ed06c6d98c1db82f7ca027/inference/model.py#L496-L525,仅参考逻辑构造；stored shape/dtype/payload 未审计
decoder-21,decoder,CSA2,Full,本层重算 Top-K；K 只由 Full 层持有,layers.20.attn.indexer.weights_proj.weight,32 × 5120,163840,1,https://huggingface.co/deepseek-ai/DeepSeek-V4.1-Flash/blob/2cba9e42aa026125f3ed06c6d98c1db82f7ca027/inference/model.py#L496-L525,仅参考逻辑构造；stored shape/dtype/payload 未审计
decoder-21,decoder,CSA2,Full,本层重算 Top-K；K 只由 Full 层持有,layers.20.attn.indexer.wk.weight,128 × 512,65536,1,https://huggingface.co/deepseek-ai/DeepSeek-V4.1-Flash/blob/2cba9e42aa026125f3ed06c6d98c1db82f7ca027/inference/model.py#L496-L525,仅参考逻辑构造；stored shape/dtype/payload 未审计
decoder-21,decoder,CSA2,Full,本层重算 Top-K；K 只由 Full 层持有,layers.20.attn.indexer.k_norm.weight,128,128,1,https://huggingface.co/deepseek-ai/DeepSeek-V4.1-Flash/blob/2cba9e42aa026125f3ed06c6d98c1db82f7ca027/inference/model.py#L496-L525,仅参考逻辑构造；stored shape/dtype/payload 未审计
decoder-21,decoder,CSA2,Full,文本/视觉分开的路由校正 bias,layers.20.ffn.gate.weight,384 × 5120,1966080,1,https://huggingface.co/deepseek-ai/DeepSeek-V4.1-Flash/blob/2cba9e42aa026125f3ed06c6d98c1db82f7ca027/inference/model.py#L796-L807,仅参考逻辑构造；stored shape/dtype/payload 未审计
decoder-21,decoder,CSA2,Full,文本/视觉分开的路由校正 bias,layers.20.ffn.gate.bias,384,384,1,https://huggingface.co/deepseek-ai/DeepSeek-V4.1-Flash/blob/2cba9e42aa026125f3ed06c6d98c1db82f7ca027/inference/model.py#L796-L807,仅参考逻辑构造；stored shape/dtype/payload 未审计
decoder-21,decoder,CSA2,Full,文本/视觉分开的路由校正 bias,layers.20.ffn.gate.bias_vl,384,384,1,https://huggingface.co/deepseek-ai/DeepSeek-V4.1-Flash/blob/2cba9e42aa026125f3ed06c6d98c1db82f7ca027/inference/model.py#L796-L807,仅参考逻辑构造；stored shape/dtype/payload 未审计
decoder-21,decoder,CSA2,Full,384 个路由专家 / 选 6,layers.20.ffn.experts.{e}.w1.weight,2304 × 5120,11796480,384,https://huggingface.co/deepseek-ai/DeepSeek-V4.1-Flash/blob/2cba9e42aa026125f3ed06c6d98c1db82f7ca027/inference/model.py#L834-L839,仅参考逻辑构造；stored shape/dtype/payload 未审计
decoder-21,decoder,CSA2,Full,384 个路由专家 / 选 6,layers.20.ffn.experts.{e}.w3.weight,2304 × 5120,11796480,384,https://huggingface.co/deepseek-ai/DeepSeek-V4.1-Flash/blob/2cba9e42aa026125f3ed06c6d98c1db82f7ca027/inference/model.py#L834-L839,仅参考逻辑构造；stored shape/dtype/payload 未审计
decoder-21,decoder,CSA2,Full,384 个路由专家 / 选 6,layers.20.ffn.experts.{e}.w2.weight,5120 × 2304,11796480,384,https://huggingface.co/deepseek-ai/DeepSeek-V4.1-Flash/blob/2cba9e42aa026125f3ed06c6d98c1db82f7ca027/inference/model.py#L834-L839,仅参考逻辑构造；stored shape/dtype/payload 未审计
decoder-21,decoder,CSA2,Full,一个共享 SwiGLU 专家,layers.20.ffn.shared_experts.w1.weight,2304 × 5120,11796480,1,https://huggingface.co/deepseek-ai/DeepSeek-V4.1-Flash/blob/2cba9e42aa026125f3ed06c6d98c1db82f7ca027/inference/model.py#L834-L839,仅参考逻辑构造；stored shape/dtype/payload 未审计
decoder-21,decoder,CSA2,Full,一个共享 SwiGLU 专家,layers.20.ffn.shared_experts.w3.weight,2304 × 5120,11796480,1,https://huggingface.co/deepseek-ai/DeepSeek-V4.1-Flash/blob/2cba9e42aa026125f3ed06c6d98c1db82f7ca027/inference/model.py#L834-L839,仅参考逻辑构造；stored shape/dtype/payload 未审计
decoder-21,decoder,CSA2,Full,一个共享 SwiGLU 专家,layers.20.ffn.shared_experts.w2.weight,5120 × 2304,11796480,1,https://huggingface.co/deepseek-ai/DeepSeek-V4.1-Flash/blob/2cba9e42aa026125f3ed06c6d98c1db82f7ca027/inference/model.py#L834-L839,仅参考逻辑构造；stored shape/dtype/payload 未审计
decoder-21,decoder,CSA2,Full,Single-Pass mHC：使用上一子层的 pre_mix,layers.20.attn_norm.weight,5120,5120,1,https://huggingface.co/deepseek-ai/DeepSeek-V4.1-Flash/blob/2cba9e42aa026125f3ed06c6d98c1db82f7ca027/inference/model.py#L919-L946,仅参考逻辑构造；stored shape/dtype/payload 未审计
decoder-21,decoder,CSA2,Full,Single-Pass mHC：使用上一子层的 pre_mix,layers.20.ffn_norm.weight,5120,5120,1,https://huggingface.co/deepseek-ai/DeepSeek-V4.1-Flash/blob/2cba9e42aa026125f3ed06c6d98c1db82f7ca027/inference/model.py#L919-L946,仅参考逻辑构造；stored shape/dtype/payload 未审计
decoder-21,decoder,CSA2,Full,Single-Pass mHC：使用上一子层的 pre_mix,layers.20.hc_attn_fn,24 × 20480,491520,1,https://huggingface.co/deepseek-ai/DeepSeek-V4.1-Flash/blob/2cba9e42aa026125f3ed06c6d98c1db82f7ca027/inference/model.py#L919-L946,仅参考逻辑构造；stored shape/dtype/payload 未审计
decoder-21,decoder,CSA2,Full,Single-Pass mHC：使用上一子层的 pre_mix,layers.20.hc_ffn_fn,24 × 20480,491520,1,https://huggingface.co/deepseek-ai/DeepSeek-V4.1-Flash/blob/2cba9e42aa026125f3ed06c6d98c1db82f7ca027/inference/model.py#L919-L946,仅参考逻辑构造；stored shape/dtype/payload 未审计
decoder-21,decoder,CSA2,Full,Single-Pass mHC：使用上一子层的 pre_mix,layers.20.hc_attn_base,24,24,1,https://huggingface.co/deepseek-ai/DeepSeek-V4.1-Flash/blob/2cba9e42aa026125f3ed06c6d98c1db82f7ca027/inference/model.py#L919-L946,仅参考逻辑构造；stored shape/dtype/payload 未审计
decoder-21,decoder,CSA2,Full,Single-Pass mHC：使用上一子层的 pre_mix,layers.20.hc_ffn_base,24,24,1,https://huggingface.co/deepseek-ai/DeepSeek-V4.1-Flash/blob/2cba9e42aa026125f3ed06c6d98c1db82f7ca027/inference/model.py#L919-L946,仅参考逻辑构造；stored shape/dtype/payload 未审计
decoder-21,decoder,CSA2,Full,Single-Pass mHC：使用上一子层的 pre_mix,layers.20.hc_attn_scale,3,3,1,https://huggingface.co/deepseek-ai/DeepSeek-V4.1-Flash/blob/2cba9e42aa026125f3ed06c6d98c1db82f7ca027/inference/model.py#L919-L946,仅参考逻辑构造；stored shape/dtype/payload 未审计
decoder-21,decoder,CSA2,Full,Single-Pass mHC：使用上一子层的 pre_mix,layers.20.hc_ffn_scale,3,3,1,https://huggingface.co/deepseek-ai/DeepSeek-V4.1-Flash/blob/2cba9e42aa026125f3ed06c6d98c1db82f7ca027/inference/model.py#L919-L946,仅参考逻辑构造；stored shape/dtype/payload 未审计
decoder-22,decoder,CSA2,Reuse,本层 Q、SWA KV 与分组输出投影,layers.21.attn.attn_sink,64,64,1,https://huggingface.co/deepseek-ai/DeepSeek-V4.1-Flash/blob/2cba9e42aa026125f3ed06c6d98c1db82f7ca027/inference/model.py#L622-L698,仅参考逻辑构造；stored shape/dtype/payload 未审计
decoder-22,decoder,CSA2,Reuse,本层 Q、SWA KV 与分组输出投影,layers.21.attn.wq_a.weight,1280 × 5120,6553600,1,https://huggingface.co/deepseek-ai/DeepSeek-V4.1-Flash/blob/2cba9e42aa026125f3ed06c6d98c1db82f7ca027/inference/model.py#L622-L698,仅参考逻辑构造；stored shape/dtype/payload 未审计
decoder-22,decoder,CSA2,Reuse,本层 Q、SWA KV 与分组输出投影,layers.21.attn.q_norm.weight,1280,1280,1,https://huggingface.co/deepseek-ai/DeepSeek-V4.1-Flash/blob/2cba9e42aa026125f3ed06c6d98c1db82f7ca027/inference/model.py#L622-L698,仅参考逻辑构造；stored shape/dtype/payload 未审计
decoder-22,decoder,CSA2,Reuse,本层 Q、SWA KV 与分组输出投影,layers.21.attn.wq_b.weight,32768 × 1280,41943040,1,https://huggingface.co/deepseek-ai/DeepSeek-V4.1-Flash/blob/2cba9e42aa026125f3ed06c6d98c1db82f7ca027/inference/model.py#L622-L698,仅参考逻辑构造；stored shape/dtype/payload 未审计
decoder-22,decoder,CSA2,Reuse,本层 Q、SWA KV 与分组输出投影,layers.21.attn.wkv.weight,512 × 5120,2621440,1,https://huggingface.co/deepseek-ai/DeepSeek-V4.1-Flash/blob/2cba9e42aa026125f3ed06c6d98c1db82f7ca027/inference/model.py#L622-L698,仅参考逻辑构造；stored shape/dtype/payload 未审计
decoder-22,decoder,CSA2,Reuse,本层 Q、SWA KV 与分组输出投影,layers.21.attn.kv_norm.weight,512,512,1,https://huggingface.co/deepseek-ai/DeepSeek-V4.1-Flash/blob/2cba9e42aa026125f3ed06c6d98c1db82f7ca027/inference/model.py#L622-L698,仅参考逻辑构造；stored shape/dtype/payload 未审计
decoder-22,decoder,CSA2,Reuse,本层 Q、SWA KV 与分组输出投影,layers.21.attn.wo_a.weight,8192 × 4096,33554432,1,https://huggingface.co/deepseek-ai/DeepSeek-V4.1-Flash/blob/2cba9e42aa026125f3ed06c6d98c1db82f7ca027/inference/model.py#L622-L698,仅参考逻辑构造；stored shape/dtype/payload 未审计
decoder-22,decoder,CSA2,Reuse,本层 Q、SWA KV 与分组输出投影,layers.21.attn.wo_b.weight,5120 × 8192,41943040,1,https://huggingface.co/deepseek-ai/DeepSeek-V4.1-Flash/blob/2cba9e42aa026125f3ed06c6d98c1db82f7ca027/inference/model.py#L622-L698,仅参考逻辑构造；stored shape/dtype/payload 未审计
decoder-22,decoder,CSA2,Reuse,文本/视觉分开的路由校正 bias,layers.21.ffn.gate.weight,384 × 5120,1966080,1,https://huggingface.co/deepseek-ai/DeepSeek-V4.1-Flash/blob/2cba9e42aa026125f3ed06c6d98c1db82f7ca027/inference/model.py#L796-L807,仅参考逻辑构造；stored shape/dtype/payload 未审计
decoder-22,decoder,CSA2,Reuse,文本/视觉分开的路由校正 bias,layers.21.ffn.gate.bias,384,384,1,https://huggingface.co/deepseek-ai/DeepSeek-V4.1-Flash/blob/2cba9e42aa026125f3ed06c6d98c1db82f7ca027/inference/model.py#L796-L807,仅参考逻辑构造；stored shape/dtype/payload 未审计
decoder-22,decoder,CSA2,Reuse,文本/视觉分开的路由校正 bias,layers.21.ffn.gate.bias_vl,384,384,1,https://huggingface.co/deepseek-ai/DeepSeek-V4.1-Flash/blob/2cba9e42aa026125f3ed06c6d98c1db82f7ca027/inference/model.py#L796-L807,仅参考逻辑构造；stored shape/dtype/payload 未审计
decoder-22,decoder,CSA2,Reuse,384 个路由专家 / 选 6,layers.21.ffn.experts.{e}.w1.weight,2304 × 5120,11796480,384,https://huggingface.co/deepseek-ai/DeepSeek-V4.1-Flash/blob/2cba9e42aa026125f3ed06c6d98c1db82f7ca027/inference/model.py#L834-L839,仅参考逻辑构造；stored shape/dtype/payload 未审计
decoder-22,decoder,CSA2,Reuse,384 个路由专家 / 选 6,layers.21.ffn.experts.{e}.w3.weight,2304 × 5120,11796480,384,https://huggingface.co/deepseek-ai/DeepSeek-V4.1-Flash/blob/2cba9e42aa026125f3ed06c6d98c1db82f7ca027/inference/model.py#L834-L839,仅参考逻辑构造；stored shape/dtype/payload 未审计
decoder-22,decoder,CSA2,Reuse,384 个路由专家 / 选 6,layers.21.ffn.experts.{e}.w2.weight,5120 × 2304,11796480,384,https://huggingface.co/deepseek-ai/DeepSeek-V4.1-Flash/blob/2cba9e42aa026125f3ed06c6d98c1db82f7ca027/inference/model.py#L834-L839,仅参考逻辑构造；stored shape/dtype/payload 未审计
decoder-22,decoder,CSA2,Reuse,一个共享 SwiGLU 专家,layers.21.ffn.shared_experts.w1.weight,2304 × 5120,11796480,1,https://huggingface.co/deepseek-ai/DeepSeek-V4.1-Flash/blob/2cba9e42aa026125f3ed06c6d98c1db82f7ca027/inference/model.py#L834-L839,仅参考逻辑构造；stored shape/dtype/payload 未审计
decoder-22,decoder,CSA2,Reuse,一个共享 SwiGLU 专家,layers.21.ffn.shared_experts.w3.weight,2304 × 5120,11796480,1,https://huggingface.co/deepseek-ai/DeepSeek-V4.1-Flash/blob/2cba9e42aa026125f3ed06c6d98c1db82f7ca027/inference/model.py#L834-L839,仅参考逻辑构造；stored shape/dtype/payload 未审计
decoder-22,decoder,CSA2,Reuse,一个共享 SwiGLU 专家,layers.21.ffn.shared_experts.w2.weight,5120 × 2304,11796480,1,https://huggingface.co/deepseek-ai/DeepSeek-V4.1-Flash/blob/2cba9e42aa026125f3ed06c6d98c1db82f7ca027/inference/model.py#L834-L839,仅参考逻辑构造；stored shape/dtype/payload 未审计
decoder-22,decoder,CSA2,Reuse,Single-Pass mHC：使用上一子层的 pre_mix,layers.21.attn_norm.weight,5120,5120,1,https://huggingface.co/deepseek-ai/DeepSeek-V4.1-Flash/blob/2cba9e42aa026125f3ed06c6d98c1db82f7ca027/inference/model.py#L919-L946,仅参考逻辑构造；stored shape/dtype/payload 未审计
decoder-22,decoder,CSA2,Reuse,Single-Pass mHC：使用上一子层的 pre_mix,layers.21.ffn_norm.weight,5120,5120,1,https://huggingface.co/deepseek-ai/DeepSeek-V4.1-Flash/blob/2cba9e42aa026125f3ed06c6d98c1db82f7ca027/inference/model.py#L919-L946,仅参考逻辑构造；stored shape/dtype/payload 未审计
decoder-22,decoder,CSA2,Reuse,Single-Pass mHC：使用上一子层的 pre_mix,layers.21.hc_attn_fn,24 × 20480,491520,1,https://huggingface.co/deepseek-ai/DeepSeek-V4.1-Flash/blob/2cba9e42aa026125f3ed06c6d98c1db82f7ca027/inference/model.py#L919-L946,仅参考逻辑构造；stored shape/dtype/payload 未审计
decoder-22,decoder,CSA2,Reuse,Single-Pass mHC：使用上一子层的 pre_mix,layers.21.hc_ffn_fn,24 × 20480,491520,1,https://huggingface.co/deepseek-ai/DeepSeek-V4.1-Flash/blob/2cba9e42aa026125f3ed06c6d98c1db82f7ca027/inference/model.py#L919-L946,仅参考逻辑构造；stored shape/dtype/payload 未审计
decoder-22,decoder,CSA2,Reuse,Single-Pass mHC：使用上一子层的 pre_mix,layers.21.hc_attn_base,24,24,1,https://huggingface.co/deepseek-ai/DeepSeek-V4.1-Flash/blob/2cba9e42aa026125f3ed06c6d98c1db82f7ca027/inference/model.py#L919-L946,仅参考逻辑构造；stored shape/dtype/payload 未审计
decoder-22,decoder,CSA2,Reuse,Single-Pass mHC：使用上一子层的 pre_mix,layers.21.hc_ffn_base,24,24,1,https://huggingface.co/deepseek-ai/DeepSeek-V4.1-Flash/blob/2cba9e42aa026125f3ed06c6d98c1db82f7ca027/inference/model.py#L919-L946,仅参考逻辑构造；stored shape/dtype/payload 未审计
decoder-22,decoder,CSA2,Reuse,Single-Pass mHC：使用上一子层的 pre_mix,layers.21.hc_attn_scale,3,3,1,https://huggingface.co/deepseek-ai/DeepSeek-V4.1-Flash/blob/2cba9e42aa026125f3ed06c6d98c1db82f7ca027/inference/model.py#L919-L946,仅参考逻辑构造；stored shape/dtype/payload 未审计
decoder-22,decoder,CSA2,Reuse,Single-Pass mHC：使用上一子层的 pre_mix,layers.21.hc_ffn_scale,3,3,1,https://huggingface.co/deepseek-ai/DeepSeek-V4.1-Flash/blob/2cba9e42aa026125f3ed06c6d98c1db82f7ca027/inference/model.py#L919-L946,仅参考逻辑构造；stored shape/dtype/payload 未审计
decoder-23,decoder,CSA2,Reuse,本层 Q、SWA KV 与分组输出投影,layers.22.attn.attn_sink,64,64,1,https://huggingface.co/deepseek-ai/DeepSeek-V4.1-Flash/blob/2cba9e42aa026125f3ed06c6d98c1db82f7ca027/inference/model.py#L622-L698,仅参考逻辑构造；stored shape/dtype/payload 未审计
decoder-23,decoder,CSA2,Reuse,本层 Q、SWA KV 与分组输出投影,layers.22.attn.wq_a.weight,1280 × 5120,6553600,1,https://huggingface.co/deepseek-ai/DeepSeek-V4.1-Flash/blob/2cba9e42aa026125f3ed06c6d98c1db82f7ca027/inference/model.py#L622-L698,仅参考逻辑构造；stored shape/dtype/payload 未审计
decoder-23,decoder,CSA2,Reuse,本层 Q、SWA KV 与分组输出投影,layers.22.attn.q_norm.weight,1280,1280,1,https://huggingface.co/deepseek-ai/DeepSeek-V4.1-Flash/blob/2cba9e42aa026125f3ed06c6d98c1db82f7ca027/inference/model.py#L622-L698,仅参考逻辑构造；stored shape/dtype/payload 未审计
decoder-23,decoder,CSA2,Reuse,本层 Q、SWA KV 与分组输出投影,layers.22.attn.wq_b.weight,32768 × 1280,41943040,1,https://huggingface.co/deepseek-ai/DeepSeek-V4.1-Flash/blob/2cba9e42aa026125f3ed06c6d98c1db82f7ca027/inference/model.py#L622-L698,仅参考逻辑构造；stored shape/dtype/payload 未审计
decoder-23,decoder,CSA2,Reuse,本层 Q、SWA KV 与分组输出投影,layers.22.attn.wkv.weight,512 × 5120,2621440,1,https://huggingface.co/deepseek-ai/DeepSeek-V4.1-Flash/blob/2cba9e42aa026125f3ed06c6d98c1db82f7ca027/inference/model.py#L622-L698,仅参考逻辑构造；stored shape/dtype/payload 未审计
decoder-23,decoder,CSA2,Reuse,本层 Q、SWA KV 与分组输出投影,layers.22.attn.kv_norm.weight,512,512,1,https://huggingface.co/deepseek-ai/DeepSeek-V4.1-Flash/blob/2cba9e42aa026125f3ed06c6d98c1db82f7ca027/inference/model.py#L622-L698,仅参考逻辑构造；stored shape/dtype/payload 未审计
decoder-23,decoder,CSA2,Reuse,本层 Q、SWA KV 与分组输出投影,layers.22.attn.wo_a.weight,8192 × 4096,33554432,1,https://huggingface.co/deepseek-ai/DeepSeek-V4.1-Flash/blob/2cba9e42aa026125f3ed06c6d98c1db82f7ca027/inference/model.py#L622-L698,仅参考逻辑构造；stored shape/dtype/payload 未审计
decoder-23,decoder,CSA2,Reuse,本层 Q、SWA KV 与分组输出投影,layers.22.attn.wo_b.weight,5120 × 8192,41943040,1,https://huggingface.co/deepseek-ai/DeepSeek-V4.1-Flash/blob/2cba9e42aa026125f3ed06c6d98c1db82f7ca027/inference/model.py#L622-L698,仅参考逻辑构造；stored shape/dtype/payload 未审计
decoder-23,decoder,CSA2,Reuse,文本/视觉分开的路由校正 bias,layers.22.ffn.gate.weight,384 × 5120,1966080,1,https://huggingface.co/deepseek-ai/DeepSeek-V4.1-Flash/blob/2cba9e42aa026125f3ed06c6d98c1db82f7ca027/inference/model.py#L796-L807,仅参考逻辑构造；stored shape/dtype/payload 未审计
decoder-23,decoder,CSA2,Reuse,文本/视觉分开的路由校正 bias,layers.22.ffn.gate.bias,384,384,1,https://huggingface.co/deepseek-ai/DeepSeek-V4.1-Flash/blob/2cba9e42aa026125f3ed06c6d98c1db82f7ca027/inference/model.py#L796-L807,仅参考逻辑构造；stored shape/dtype/payload 未审计
decoder-23,decoder,CSA2,Reuse,文本/视觉分开的路由校正 bias,layers.22.ffn.gate.bias_vl,384,384,1,https://huggingface.co/deepseek-ai/DeepSeek-V4.1-Flash/blob/2cba9e42aa026125f3ed06c6d98c1db82f7ca027/inference/model.py#L796-L807,仅参考逻辑构造；stored shape/dtype/payload 未审计
decoder-23,decoder,CSA2,Reuse,384 个路由专家 / 选 6,layers.22.ffn.experts.{e}.w1.weight,2304 × 5120,11796480,384,https://huggingface.co/deepseek-ai/DeepSeek-V4.1-Flash/blob/2cba9e42aa026125f3ed06c6d98c1db82f7ca027/inference/model.py#L834-L839,仅参考逻辑构造；stored shape/dtype/payload 未审计
decoder-23,decoder,CSA2,Reuse,384 个路由专家 / 选 6,layers.22.ffn.experts.{e}.w3.weight,2304 × 5120,11796480,384,https://huggingface.co/deepseek-ai/DeepSeek-V4.1-Flash/blob/2cba9e42aa026125f3ed06c6d98c1db82f7ca027/inference/model.py#L834-L839,仅参考逻辑构造；stored shape/dtype/payload 未审计
decoder-23,decoder,CSA2,Reuse,384 个路由专家 / 选 6,layers.22.ffn.experts.{e}.w2.weight,5120 × 2304,11796480,384,https://huggingface.co/deepseek-ai/DeepSeek-V4.1-Flash/blob/2cba9e42aa026125f3ed06c6d98c1db82f7ca027/inference/model.py#L834-L839,仅参考逻辑构造；stored shape/dtype/payload 未审计
decoder-23,decoder,CSA2,Reuse,一个共享 SwiGLU 专家,layers.22.ffn.shared_experts.w1.weight,2304 × 5120,11796480,1,https://huggingface.co/deepseek-ai/DeepSeek-V4.1-Flash/blob/2cba9e42aa026125f3ed06c6d98c1db82f7ca027/inference/model.py#L834-L839,仅参考逻辑构造；stored shape/dtype/payload 未审计
decoder-23,decoder,CSA2,Reuse,一个共享 SwiGLU 专家,layers.22.ffn.shared_experts.w3.weight,2304 × 5120,11796480,1,https://huggingface.co/deepseek-ai/DeepSeek-V4.1-Flash/blob/2cba9e42aa026125f3ed06c6d98c1db82f7ca027/inference/model.py#L834-L839,仅参考逻辑构造；stored shape/dtype/payload 未审计
decoder-23,decoder,CSA2,Reuse,一个共享 SwiGLU 专家,layers.22.ffn.shared_experts.w2.weight,5120 × 2304,11796480,1,https://huggingface.co/deepseek-ai/DeepSeek-V4.1-Flash/blob/2cba9e42aa026125f3ed06c6d98c1db82f7ca027/inference/model.py#L834-L839,仅参考逻辑构造；stored shape/dtype/payload 未审计
decoder-23,decoder,CSA2,Reuse,Single-Pass mHC：使用上一子层的 pre_mix,layers.22.attn_norm.weight,5120,5120,1,https://huggingface.co/deepseek-ai/DeepSeek-V4.1-Flash/blob/2cba9e42aa026125f3ed06c6d98c1db82f7ca027/inference/model.py#L919-L946,仅参考逻辑构造；stored shape/dtype/payload 未审计
decoder-23,decoder,CSA2,Reuse,Single-Pass mHC：使用上一子层的 pre_mix,layers.22.ffn_norm.weight,5120,5120,1,https://huggingface.co/deepseek-ai/DeepSeek-V4.1-Flash/blob/2cba9e42aa026125f3ed06c6d98c1db82f7ca027/inference/model.py#L919-L946,仅参考逻辑构造；stored shape/dtype/payload 未审计
decoder-23,decoder,CSA2,Reuse,Single-Pass mHC：使用上一子层的 pre_mix,layers.22.hc_attn_fn,24 × 20480,491520,1,https://huggingface.co/deepseek-ai/DeepSeek-V4.1-Flash/blob/2cba9e42aa026125f3ed06c6d98c1db82f7ca027/inference/model.py#L919-L946,仅参考逻辑构造；stored shape/dtype/payload 未审计
decoder-23,decoder,CSA2,Reuse,Single-Pass mHC：使用上一子层的 pre_mix,layers.22.hc_ffn_fn,24 × 20480,491520,1,https://huggingface.co/deepseek-ai/DeepSeek-V4.1-Flash/blob/2cba9e42aa026125f3ed06c6d98c1db82f7ca027/inference/model.py#L919-L946,仅参考逻辑构造；stored shape/dtype/payload 未审计
decoder-23,decoder,CSA2,Reuse,Single-Pass mHC：使用上一子层的 pre_mix,layers.22.hc_attn_base,24,24,1,https://huggingface.co/deepseek-ai/DeepSeek-V4.1-Flash/blob/2cba9e42aa026125f3ed06c6d98c1db82f7ca027/inference/model.py#L919-L946,仅参考逻辑构造；stored shape/dtype/payload 未审计
decoder-23,decoder,CSA2,Reuse,Single-Pass mHC：使用上一子层的 pre_mix,layers.22.hc_ffn_base,24,24,1,https://huggingface.co/deepseek-ai/DeepSeek-V4.1-Flash/blob/2cba9e42aa026125f3ed06c6d98c1db82f7ca027/inference/model.py#L919-L946,仅参考逻辑构造；stored shape/dtype/payload 未审计
decoder-23,decoder,CSA2,Reuse,Single-Pass mHC：使用上一子层的 pre_mix,layers.22.hc_attn_scale,3,3,1,https://huggingface.co/deepseek-ai/DeepSeek-V4.1-Flash/blob/2cba9e42aa026125f3ed06c6d98c1db82f7ca027/inference/model.py#L919-L946,仅参考逻辑构造；stored shape/dtype/payload 未审计
decoder-23,decoder,CSA2,Reuse,Single-Pass mHC：使用上一子层的 pre_mix,layers.22.hc_ffn_scale,3,3,1,https://huggingface.co/deepseek-ai/DeepSeek-V4.1-Flash/blob/2cba9e42aa026125f3ed06c6d98c1db82f7ca027/inference/model.py#L919-L946,仅参考逻辑构造；stored shape/dtype/payload 未审计
decoder-24,decoder,CSA2,Reuse,本层 Q、SWA KV 与分组输出投影,layers.23.attn.attn_sink,64,64,1,https://huggingface.co/deepseek-ai/DeepSeek-V4.1-Flash/blob/2cba9e42aa026125f3ed06c6d98c1db82f7ca027/inference/model.py#L622-L698,仅参考逻辑构造；stored shape/dtype/payload 未审计
decoder-24,decoder,CSA2,Reuse,本层 Q、SWA KV 与分组输出投影,layers.23.attn.wq_a.weight,1280 × 5120,6553600,1,https://huggingface.co/deepseek-ai/DeepSeek-V4.1-Flash/blob/2cba9e42aa026125f3ed06c6d98c1db82f7ca027/inference/model.py#L622-L698,仅参考逻辑构造；stored shape/dtype/payload 未审计
decoder-24,decoder,CSA2,Reuse,本层 Q、SWA KV 与分组输出投影,layers.23.attn.q_norm.weight,1280,1280,1,https://huggingface.co/deepseek-ai/DeepSeek-V4.1-Flash/blob/2cba9e42aa026125f3ed06c6d98c1db82f7ca027/inference/model.py#L622-L698,仅参考逻辑构造；stored shape/dtype/payload 未审计
decoder-24,decoder,CSA2,Reuse,本层 Q、SWA KV 与分组输出投影,layers.23.attn.wq_b.weight,32768 × 1280,41943040,1,https://huggingface.co/deepseek-ai/DeepSeek-V4.1-Flash/blob/2cba9e42aa026125f3ed06c6d98c1db82f7ca027/inference/model.py#L622-L698,仅参考逻辑构造；stored shape/dtype/payload 未审计
decoder-24,decoder,CSA2,Reuse,本层 Q、SWA KV 与分组输出投影,layers.23.attn.wkv.weight,512 × 5120,2621440,1,https://huggingface.co/deepseek-ai/DeepSeek-V4.1-Flash/blob/2cba9e42aa026125f3ed06c6d98c1db82f7ca027/inference/model.py#L622-L698,仅参考逻辑构造；stored shape/dtype/payload 未审计
decoder-24,decoder,CSA2,Reuse,本层 Q、SWA KV 与分组输出投影,layers.23.attn.kv_norm.weight,512,512,1,https://huggingface.co/deepseek-ai/DeepSeek-V4.1-Flash/blob/2cba9e42aa026125f3ed06c6d98c1db82f7ca027/inference/model.py#L622-L698,仅参考逻辑构造；stored shape/dtype/payload 未审计
decoder-24,decoder,CSA2,Reuse,本层 Q、SWA KV 与分组输出投影,layers.23.attn.wo_a.weight,8192 × 4096,33554432,1,https://huggingface.co/deepseek-ai/DeepSeek-V4.1-Flash/blob/2cba9e42aa026125f3ed06c6d98c1db82f7ca027/inference/model.py#L622-L698,仅参考逻辑构造；stored shape/dtype/payload 未审计
decoder-24,decoder,CSA2,Reuse,本层 Q、SWA KV 与分组输出投影,layers.23.attn.wo_b.weight,5120 × 8192,41943040,1,https://huggingface.co/deepseek-ai/DeepSeek-V4.1-Flash/blob/2cba9e42aa026125f3ed06c6d98c1db82f7ca027/inference/model.py#L622-L698,仅参考逻辑构造；stored shape/dtype/payload 未审计
decoder-24,decoder,CSA2,Reuse,文本/视觉分开的路由校正 bias,layers.23.ffn.gate.weight,384 × 5120,1966080,1,https://huggingface.co/deepseek-ai/DeepSeek-V4.1-Flash/blob/2cba9e42aa026125f3ed06c6d98c1db82f7ca027/inference/model.py#L796-L807,仅参考逻辑构造；stored shape/dtype/payload 未审计
decoder-24,decoder,CSA2,Reuse,文本/视觉分开的路由校正 bias,layers.23.ffn.gate.bias,384,384,1,https://huggingface.co/deepseek-ai/DeepSeek-V4.1-Flash/blob/2cba9e42aa026125f3ed06c6d98c1db82f7ca027/inference/model.py#L796-L807,仅参考逻辑构造；stored shape/dtype/payload 未审计
decoder-24,decoder,CSA2,Reuse,文本/视觉分开的路由校正 bias,layers.23.ffn.gate.bias_vl,384,384,1,https://huggingface.co/deepseek-ai/DeepSeek-V4.1-Flash/blob/2cba9e42aa026125f3ed06c6d98c1db82f7ca027/inference/model.py#L796-L807,仅参考逻辑构造；stored shape/dtype/payload 未审计
decoder-24,decoder,CSA2,Reuse,384 个路由专家 / 选 6,layers.23.ffn.experts.{e}.w1.weight,2304 × 5120,11796480,384,https://huggingface.co/deepseek-ai/DeepSeek-V4.1-Flash/blob/2cba9e42aa026125f3ed06c6d98c1db82f7ca027/inference/model.py#L834-L839,仅参考逻辑构造；stored shape/dtype/payload 未审计
decoder-24,decoder,CSA2,Reuse,384 个路由专家 / 选 6,layers.23.ffn.experts.{e}.w3.weight,2304 × 5120,11796480,384,https://huggingface.co/deepseek-ai/DeepSeek-V4.1-Flash/blob/2cba9e42aa026125f3ed06c6d98c1db82f7ca027/inference/model.py#L834-L839,仅参考逻辑构造；stored shape/dtype/payload 未审计
decoder-24,decoder,CSA2,Reuse,384 个路由专家 / 选 6,layers.23.ffn.experts.{e}.w2.weight,5120 × 2304,11796480,384,https://huggingface.co/deepseek-ai/DeepSeek-V4.1-Flash/blob/2cba9e42aa026125f3ed06c6d98c1db82f7ca027/inference/model.py#L834-L839,仅参考逻辑构造；stored shape/dtype/payload 未审计
decoder-24,decoder,CSA2,Reuse,一个共享 SwiGLU 专家,layers.23.ffn.shared_experts.w1.weight,2304 × 5120,11796480,1,https://huggingface.co/deepseek-ai/DeepSeek-V4.1-Flash/blob/2cba9e42aa026125f3ed06c6d98c1db82f7ca027/inference/model.py#L834-L839,仅参考逻辑构造；stored shape/dtype/payload 未审计
decoder-24,decoder,CSA2,Reuse,一个共享 SwiGLU 专家,layers.23.ffn.shared_experts.w3.weight,2304 × 5120,11796480,1,https://huggingface.co/deepseek-ai/DeepSeek-V4.1-Flash/blob/2cba9e42aa026125f3ed06c6d98c1db82f7ca027/inference/model.py#L834-L839,仅参考逻辑构造；stored shape/dtype/payload 未审计
decoder-24,decoder,CSA2,Reuse,一个共享 SwiGLU 专家,layers.23.ffn.shared_experts.w2.weight,5120 × 2304,11796480,1,https://huggingface.co/deepseek-ai/DeepSeek-V4.1-Flash/blob/2cba9e42aa026125f3ed06c6d98c1db82f7ca027/inference/model.py#L834-L839,仅参考逻辑构造；stored shape/dtype/payload 未审计
decoder-24,decoder,CSA2,Reuse,Single-Pass mHC：使用上一子层的 pre_mix,layers.23.attn_norm.weight,5120,5120,1,https://huggingface.co/deepseek-ai/DeepSeek-V4.1-Flash/blob/2cba9e42aa026125f3ed06c6d98c1db82f7ca027/inference/model.py#L919-L946,仅参考逻辑构造；stored shape/dtype/payload 未审计
decoder-24,decoder,CSA2,Reuse,Single-Pass mHC：使用上一子层的 pre_mix,layers.23.ffn_norm.weight,5120,5120,1,https://huggingface.co/deepseek-ai/DeepSeek-V4.1-Flash/blob/2cba9e42aa026125f3ed06c6d98c1db82f7ca027/inference/model.py#L919-L946,仅参考逻辑构造；stored shape/dtype/payload 未审计
decoder-24,decoder,CSA2,Reuse,Single-Pass mHC：使用上一子层的 pre_mix,layers.23.hc_attn_fn,24 × 20480,491520,1,https://huggingface.co/deepseek-ai/DeepSeek-V4.1-Flash/blob/2cba9e42aa026125f3ed06c6d98c1db82f7ca027/inference/model.py#L919-L946,仅参考逻辑构造；stored shape/dtype/payload 未审计
decoder-24,decoder,CSA2,Reuse,Single-Pass mHC：使用上一子层的 pre_mix,layers.23.hc_ffn_fn,24 × 20480,491520,1,https://huggingface.co/deepseek-ai/DeepSeek-V4.1-Flash/blob/2cba9e42aa026125f3ed06c6d98c1db82f7ca027/inference/model.py#L919-L946,仅参考逻辑构造；stored shape/dtype/payload 未审计
decoder-24,decoder,CSA2,Reuse,Single-Pass mHC：使用上一子层的 pre_mix,layers.23.hc_attn_base,24,24,1,https://huggingface.co/deepseek-ai/DeepSeek-V4.1-Flash/blob/2cba9e42aa026125f3ed06c6d98c1db82f7ca027/inference/model.py#L919-L946,仅参考逻辑构造；stored shape/dtype/payload 未审计
decoder-24,decoder,CSA2,Reuse,Single-Pass mHC：使用上一子层的 pre_mix,layers.23.hc_ffn_base,24,24,1,https://huggingface.co/deepseek-ai/DeepSeek-V4.1-Flash/blob/2cba9e42aa026125f3ed06c6d98c1db82f7ca027/inference/model.py#L919-L946,仅参考逻辑构造；stored shape/dtype/payload 未审计
decoder-24,decoder,CSA2,Reuse,Single-Pass mHC：使用上一子层的 pre_mix,layers.23.hc_attn_scale,3,3,1,https://huggingface.co/deepseek-ai/DeepSeek-V4.1-Flash/blob/2cba9e42aa026125f3ed06c6d98c1db82f7ca027/inference/model.py#L919-L946,仅参考逻辑构造；stored shape/dtype/payload 未审计
decoder-24,decoder,CSA2,Reuse,Single-Pass mHC：使用上一子层的 pre_mix,layers.23.hc_ffn_scale,3,3,1,https://huggingface.co/deepseek-ai/DeepSeek-V4.1-Flash/blob/2cba9e42aa026125f3ed06c6d98c1db82f7ca027/inference/model.py#L919-L946,仅参考逻辑构造；stored shape/dtype/payload 未审计
decoder-25,decoder,CSA2,Reindex,本层 Q、SWA KV 与分组输出投影,layers.24.attn.attn_sink,64,64,1,https://huggingface.co/deepseek-ai/DeepSeek-V4.1-Flash/blob/2cba9e42aa026125f3ed06c6d98c1db82f7ca027/inference/model.py#L622-L698,仅参考逻辑构造；stored shape/dtype/payload 未审计
decoder-25,decoder,CSA2,Reindex,本层 Q、SWA KV 与分组输出投影,layers.24.attn.wq_a.weight,1280 × 5120,6553600,1,https://huggingface.co/deepseek-ai/DeepSeek-V4.1-Flash/blob/2cba9e42aa026125f3ed06c6d98c1db82f7ca027/inference/model.py#L622-L698,仅参考逻辑构造；stored shape/dtype/payload 未审计
decoder-25,decoder,CSA2,Reindex,本层 Q、SWA KV 与分组输出投影,layers.24.attn.q_norm.weight,1280,1280,1,https://huggingface.co/deepseek-ai/DeepSeek-V4.1-Flash/blob/2cba9e42aa026125f3ed06c6d98c1db82f7ca027/inference/model.py#L622-L698,仅参考逻辑构造；stored shape/dtype/payload 未审计
decoder-25,decoder,CSA2,Reindex,本层 Q、SWA KV 与分组输出投影,layers.24.attn.wq_b.weight,32768 × 1280,41943040,1,https://huggingface.co/deepseek-ai/DeepSeek-V4.1-Flash/blob/2cba9e42aa026125f3ed06c6d98c1db82f7ca027/inference/model.py#L622-L698,仅参考逻辑构造；stored shape/dtype/payload 未审计
decoder-25,decoder,CSA2,Reindex,本层 Q、SWA KV 与分组输出投影,layers.24.attn.wkv.weight,512 × 5120,2621440,1,https://huggingface.co/deepseek-ai/DeepSeek-V4.1-Flash/blob/2cba9e42aa026125f3ed06c6d98c1db82f7ca027/inference/model.py#L622-L698,仅参考逻辑构造；stored shape/dtype/payload 未审计
decoder-25,decoder,CSA2,Reindex,本层 Q、SWA KV 与分组输出投影,layers.24.attn.kv_norm.weight,512,512,1,https://huggingface.co/deepseek-ai/DeepSeek-V4.1-Flash/blob/2cba9e42aa026125f3ed06c6d98c1db82f7ca027/inference/model.py#L622-L698,仅参考逻辑构造；stored shape/dtype/payload 未审计
decoder-25,decoder,CSA2,Reindex,本层 Q、SWA KV 与分组输出投影,layers.24.attn.wo_a.weight,8192 × 4096,33554432,1,https://huggingface.co/deepseek-ai/DeepSeek-V4.1-Flash/blob/2cba9e42aa026125f3ed06c6d98c1db82f7ca027/inference/model.py#L622-L698,仅参考逻辑构造；stored shape/dtype/payload 未审计
decoder-25,decoder,CSA2,Reindex,本层 Q、SWA KV 与分组输出投影,layers.24.attn.wo_b.weight,5120 × 8192,41943040,1,https://huggingface.co/deepseek-ai/DeepSeek-V4.1-Flash/blob/2cba9e42aa026125f3ed06c6d98c1db82f7ca027/inference/model.py#L622-L698,仅参考逻辑构造；stored shape/dtype/payload 未审计
decoder-25,decoder,CSA2,Reindex,本层重算 Top-K；K 只由 Full 层持有,layers.24.attn.indexer.wq_b.weight,4096 × 1280,5242880,1,https://huggingface.co/deepseek-ai/DeepSeek-V4.1-Flash/blob/2cba9e42aa026125f3ed06c6d98c1db82f7ca027/inference/model.py#L496-L525,仅参考逻辑构造；stored shape/dtype/payload 未审计
decoder-25,decoder,CSA2,Reindex,本层重算 Top-K；K 只由 Full 层持有,layers.24.attn.indexer.weights_proj.weight,32 × 5120,163840,1,https://huggingface.co/deepseek-ai/DeepSeek-V4.1-Flash/blob/2cba9e42aa026125f3ed06c6d98c1db82f7ca027/inference/model.py#L496-L525,仅参考逻辑构造；stored shape/dtype/payload 未审计
decoder-25,decoder,CSA2,Reindex,文本/视觉分开的路由校正 bias,layers.24.ffn.gate.weight,384 × 5120,1966080,1,https://huggingface.co/deepseek-ai/DeepSeek-V4.1-Flash/blob/2cba9e42aa026125f3ed06c6d98c1db82f7ca027/inference/model.py#L796-L807,仅参考逻辑构造；stored shape/dtype/payload 未审计
decoder-25,decoder,CSA2,Reindex,文本/视觉分开的路由校正 bias,layers.24.ffn.gate.bias,384,384,1,https://huggingface.co/deepseek-ai/DeepSeek-V4.1-Flash/blob/2cba9e42aa026125f3ed06c6d98c1db82f7ca027/inference/model.py#L796-L807,仅参考逻辑构造；stored shape/dtype/payload 未审计
decoder-25,decoder,CSA2,Reindex,文本/视觉分开的路由校正 bias,layers.24.ffn.gate.bias_vl,384,384,1,https://huggingface.co/deepseek-ai/DeepSeek-V4.1-Flash/blob/2cba9e42aa026125f3ed06c6d98c1db82f7ca027/inference/model.py#L796-L807,仅参考逻辑构造；stored shape/dtype/payload 未审计
decoder-25,decoder,CSA2,Reindex,384 个路由专家 / 选 6,layers.24.ffn.experts.{e}.w1.weight,2304 × 5120,11796480,384,https://huggingface.co/deepseek-ai/DeepSeek-V4.1-Flash/blob/2cba9e42aa026125f3ed06c6d98c1db82f7ca027/inference/model.py#L834-L839,仅参考逻辑构造；stored shape/dtype/payload 未审计
decoder-25,decoder,CSA2,Reindex,384 个路由专家 / 选 6,layers.24.ffn.experts.{e}.w3.weight,2304 × 5120,11796480,384,https://huggingface.co/deepseek-ai/DeepSeek-V4.1-Flash/blob/2cba9e42aa026125f3ed06c6d98c1db82f7ca027/inference/model.py#L834-L839,仅参考逻辑构造；stored shape/dtype/payload 未审计
decoder-25,decoder,CSA2,Reindex,384 个路由专家 / 选 6,layers.24.ffn.experts.{e}.w2.weight,5120 × 2304,11796480,384,https://huggingface.co/deepseek-ai/DeepSeek-V4.1-Flash/blob/2cba9e42aa026125f3ed06c6d98c1db82f7ca027/inference/model.py#L834-L839,仅参考逻辑构造；stored shape/dtype/payload 未审计
decoder-25,decoder,CSA2,Reindex,一个共享 SwiGLU 专家,layers.24.ffn.shared_experts.w1.weight,2304 × 5120,11796480,1,https://huggingface.co/deepseek-ai/DeepSeek-V4.1-Flash/blob/2cba9e42aa026125f3ed06c6d98c1db82f7ca027/inference/model.py#L834-L839,仅参考逻辑构造；stored shape/dtype/payload 未审计
decoder-25,decoder,CSA2,Reindex,一个共享 SwiGLU 专家,layers.24.ffn.shared_experts.w3.weight,2304 × 5120,11796480,1,https://huggingface.co/deepseek-ai/DeepSeek-V4.1-Flash/blob/2cba9e42aa026125f3ed06c6d98c1db82f7ca027/inference/model.py#L834-L839,仅参考逻辑构造；stored shape/dtype/payload 未审计
decoder-25,decoder,CSA2,Reindex,一个共享 SwiGLU 专家,layers.24.ffn.shared_experts.w2.weight,5120 × 2304,11796480,1,https://huggingface.co/deepseek-ai/DeepSeek-V4.1-Flash/blob/2cba9e42aa026125f3ed06c6d98c1db82f7ca027/inference/model.py#L834-L839,仅参考逻辑构造；stored shape/dtype/payload 未审计
decoder-25,decoder,CSA2,Reindex,Single-Pass mHC：使用上一子层的 pre_mix,layers.24.attn_norm.weight,5120,5120,1,https://huggingface.co/deepseek-ai/DeepSeek-V4.1-Flash/blob/2cba9e42aa026125f3ed06c6d98c1db82f7ca027/inference/model.py#L919-L946,仅参考逻辑构造；stored shape/dtype/payload 未审计
decoder-25,decoder,CSA2,Reindex,Single-Pass mHC：使用上一子层的 pre_mix,layers.24.ffn_norm.weight,5120,5120,1,https://huggingface.co/deepseek-ai/DeepSeek-V4.1-Flash/blob/2cba9e42aa026125f3ed06c6d98c1db82f7ca027/inference/model.py#L919-L946,仅参考逻辑构造；stored shape/dtype/payload 未审计
decoder-25,decoder,CSA2,Reindex,Single-Pass mHC：使用上一子层的 pre_mix,layers.24.hc_attn_fn,24 × 20480,491520,1,https://huggingface.co/deepseek-ai/DeepSeek-V4.1-Flash/blob/2cba9e42aa026125f3ed06c6d98c1db82f7ca027/inference/model.py#L919-L946,仅参考逻辑构造；stored shape/dtype/payload 未审计
decoder-25,decoder,CSA2,Reindex,Single-Pass mHC：使用上一子层的 pre_mix,layers.24.hc_ffn_fn,24 × 20480,491520,1,https://huggingface.co/deepseek-ai/DeepSeek-V4.1-Flash/blob/2cba9e42aa026125f3ed06c6d98c1db82f7ca027/inference/model.py#L919-L946,仅参考逻辑构造；stored shape/dtype/payload 未审计
decoder-25,decoder,CSA2,Reindex,Single-Pass mHC：使用上一子层的 pre_mix,layers.24.hc_attn_base,24,24,1,https://huggingface.co/deepseek-ai/DeepSeek-V4.1-Flash/blob/2cba9e42aa026125f3ed06c6d98c1db82f7ca027/inference/model.py#L919-L946,仅参考逻辑构造；stored shape/dtype/payload 未审计
decoder-25,decoder,CSA2,Reindex,Single-Pass mHC：使用上一子层的 pre_mix,layers.24.hc_ffn_base,24,24,1,https://huggingface.co/deepseek-ai/DeepSeek-V4.1-Flash/blob/2cba9e42aa026125f3ed06c6d98c1db82f7ca027/inference/model.py#L919-L946,仅参考逻辑构造；stored shape/dtype/payload 未审计
decoder-25,decoder,CSA2,Reindex,Single-Pass mHC：使用上一子层的 pre_mix,layers.24.hc_attn_scale,3,3,1,https://huggingface.co/deepseek-ai/DeepSeek-V4.1-Flash/blob/2cba9e42aa026125f3ed06c6d98c1db82f7ca027/inference/model.py#L919-L946,仅参考逻辑构造；stored shape/dtype/payload 未审计
decoder-25,decoder,CSA2,Reindex,Single-Pass mHC：使用上一子层的 pre_mix,layers.24.hc_ffn_scale,3,3,1,https://huggingface.co/deepseek-ai/DeepSeek-V4.1-Flash/blob/2cba9e42aa026125f3ed06c6d98c1db82f7ca027/inference/model.py#L919-L946,仅参考逻辑构造；stored shape/dtype/payload 未审计
decoder-26,decoder,CSA2,Reuse,本层 Q、SWA KV 与分组输出投影,layers.25.attn.attn_sink,64,64,1,https://huggingface.co/deepseek-ai/DeepSeek-V4.1-Flash/blob/2cba9e42aa026125f3ed06c6d98c1db82f7ca027/inference/model.py#L622-L698,仅参考逻辑构造；stored shape/dtype/payload 未审计
decoder-26,decoder,CSA2,Reuse,本层 Q、SWA KV 与分组输出投影,layers.25.attn.wq_a.weight,1280 × 5120,6553600,1,https://huggingface.co/deepseek-ai/DeepSeek-V4.1-Flash/blob/2cba9e42aa026125f3ed06c6d98c1db82f7ca027/inference/model.py#L622-L698,仅参考逻辑构造；stored shape/dtype/payload 未审计
decoder-26,decoder,CSA2,Reuse,本层 Q、SWA KV 与分组输出投影,layers.25.attn.q_norm.weight,1280,1280,1,https://huggingface.co/deepseek-ai/DeepSeek-V4.1-Flash/blob/2cba9e42aa026125f3ed06c6d98c1db82f7ca027/inference/model.py#L622-L698,仅参考逻辑构造；stored shape/dtype/payload 未审计
decoder-26,decoder,CSA2,Reuse,本层 Q、SWA KV 与分组输出投影,layers.25.attn.wq_b.weight,32768 × 1280,41943040,1,https://huggingface.co/deepseek-ai/DeepSeek-V4.1-Flash/blob/2cba9e42aa026125f3ed06c6d98c1db82f7ca027/inference/model.py#L622-L698,仅参考逻辑构造；stored shape/dtype/payload 未审计
decoder-26,decoder,CSA2,Reuse,本层 Q、SWA KV 与分组输出投影,layers.25.attn.wkv.weight,512 × 5120,2621440,1,https://huggingface.co/deepseek-ai/DeepSeek-V4.1-Flash/blob/2cba9e42aa026125f3ed06c6d98c1db82f7ca027/inference/model.py#L622-L698,仅参考逻辑构造；stored shape/dtype/payload 未审计
decoder-26,decoder,CSA2,Reuse,本层 Q、SWA KV 与分组输出投影,layers.25.attn.kv_norm.weight,512,512,1,https://huggingface.co/deepseek-ai/DeepSeek-V4.1-Flash/blob/2cba9e42aa026125f3ed06c6d98c1db82f7ca027/inference/model.py#L622-L698,仅参考逻辑构造；stored shape/dtype/payload 未审计
decoder-26,decoder,CSA2,Reuse,本层 Q、SWA KV 与分组输出投影,layers.25.attn.wo_a.weight,8192 × 4096,33554432,1,https://huggingface.co/deepseek-ai/DeepSeek-V4.1-Flash/blob/2cba9e42aa026125f3ed06c6d98c1db82f7ca027/inference/model.py#L622-L698,仅参考逻辑构造；stored shape/dtype/payload 未审计
decoder-26,decoder,CSA2,Reuse,本层 Q、SWA KV 与分组输出投影,layers.25.attn.wo_b.weight,5120 × 8192,41943040,1,https://huggingface.co/deepseek-ai/DeepSeek-V4.1-Flash/blob/2cba9e42aa026125f3ed06c6d98c1db82f7ca027/inference/model.py#L622-L698,仅参考逻辑构造；stored shape/dtype/payload 未审计
decoder-26,decoder,CSA2,Reuse,文本/视觉分开的路由校正 bias,layers.25.ffn.gate.weight,384 × 5120,1966080,1,https://huggingface.co/deepseek-ai/DeepSeek-V4.1-Flash/blob/2cba9e42aa026125f3ed06c6d98c1db82f7ca027/inference/model.py#L796-L807,仅参考逻辑构造；stored shape/dtype/payload 未审计
decoder-26,decoder,CSA2,Reuse,文本/视觉分开的路由校正 bias,layers.25.ffn.gate.bias,384,384,1,https://huggingface.co/deepseek-ai/DeepSeek-V4.1-Flash/blob/2cba9e42aa026125f3ed06c6d98c1db82f7ca027/inference/model.py#L796-L807,仅参考逻辑构造；stored shape/dtype/payload 未审计
decoder-26,decoder,CSA2,Reuse,文本/视觉分开的路由校正 bias,layers.25.ffn.gate.bias_vl,384,384,1,https://huggingface.co/deepseek-ai/DeepSeek-V4.1-Flash/blob/2cba9e42aa026125f3ed06c6d98c1db82f7ca027/inference/model.py#L796-L807,仅参考逻辑构造；stored shape/dtype/payload 未审计
decoder-26,decoder,CSA2,Reuse,384 个路由专家 / 选 6,layers.25.ffn.experts.{e}.w1.weight,2304 × 5120,11796480,384,https://huggingface.co/deepseek-ai/DeepSeek-V4.1-Flash/blob/2cba9e42aa026125f3ed06c6d98c1db82f7ca027/inference/model.py#L834-L839,仅参考逻辑构造；stored shape/dtype/payload 未审计
decoder-26,decoder,CSA2,Reuse,384 个路由专家 / 选 6,layers.25.ffn.experts.{e}.w3.weight,2304 × 5120,11796480,384,https://huggingface.co/deepseek-ai/DeepSeek-V4.1-Flash/blob/2cba9e42aa026125f3ed06c6d98c1db82f7ca027/inference/model.py#L834-L839,仅参考逻辑构造；stored shape/dtype/payload 未审计
decoder-26,decoder,CSA2,Reuse,384 个路由专家 / 选 6,layers.25.ffn.experts.{e}.w2.weight,5120 × 2304,11796480,384,https://huggingface.co/deepseek-ai/DeepSeek-V4.1-Flash/blob/2cba9e42aa026125f3ed06c6d98c1db82f7ca027/inference/model.py#L834-L839,仅参考逻辑构造；stored shape/dtype/payload 未审计
decoder-26,decoder,CSA2,Reuse,一个共享 SwiGLU 专家,layers.25.ffn.shared_experts.w1.weight,2304 × 5120,11796480,1,https://huggingface.co/deepseek-ai/DeepSeek-V4.1-Flash/blob/2cba9e42aa026125f3ed06c6d98c1db82f7ca027/inference/model.py#L834-L839,仅参考逻辑构造；stored shape/dtype/payload 未审计
decoder-26,decoder,CSA2,Reuse,一个共享 SwiGLU 专家,layers.25.ffn.shared_experts.w3.weight,2304 × 5120,11796480,1,https://huggingface.co/deepseek-ai/DeepSeek-V4.1-Flash/blob/2cba9e42aa026125f3ed06c6d98c1db82f7ca027/inference/model.py#L834-L839,仅参考逻辑构造；stored shape/dtype/payload 未审计
decoder-26,decoder,CSA2,Reuse,一个共享 SwiGLU 专家,layers.25.ffn.shared_experts.w2.weight,5120 × 2304,11796480,1,https://huggingface.co/deepseek-ai/DeepSeek-V4.1-Flash/blob/2cba9e42aa026125f3ed06c6d98c1db82f7ca027/inference/model.py#L834-L839,仅参考逻辑构造；stored shape/dtype/payload 未审计
decoder-26,decoder,CSA2,Reuse,Single-Pass mHC：使用上一子层的 pre_mix,layers.25.attn_norm.weight,5120,5120,1,https://huggingface.co/deepseek-ai/DeepSeek-V4.1-Flash/blob/2cba9e42aa026125f3ed06c6d98c1db82f7ca027/inference/model.py#L919-L946,仅参考逻辑构造；stored shape/dtype/payload 未审计
decoder-26,decoder,CSA2,Reuse,Single-Pass mHC：使用上一子层的 pre_mix,layers.25.ffn_norm.weight,5120,5120,1,https://huggingface.co/deepseek-ai/DeepSeek-V4.1-Flash/blob/2cba9e42aa026125f3ed06c6d98c1db82f7ca027/inference/model.py#L919-L946,仅参考逻辑构造；stored shape/dtype/payload 未审计
decoder-26,decoder,CSA2,Reuse,Single-Pass mHC：使用上一子层的 pre_mix,layers.25.hc_attn_fn,24 × 20480,491520,1,https://huggingface.co/deepseek-ai/DeepSeek-V4.1-Flash/blob/2cba9e42aa026125f3ed06c6d98c1db82f7ca027/inference/model.py#L919-L946,仅参考逻辑构造；stored shape/dtype/payload 未审计
decoder-26,decoder,CSA2,Reuse,Single-Pass mHC：使用上一子层的 pre_mix,layers.25.hc_ffn_fn,24 × 20480,491520,1,https://huggingface.co/deepseek-ai/DeepSeek-V4.1-Flash/blob/2cba9e42aa026125f3ed06c6d98c1db82f7ca027/inference/model.py#L919-L946,仅参考逻辑构造；stored shape/dtype/payload 未审计
decoder-26,decoder,CSA2,Reuse,Single-Pass mHC：使用上一子层的 pre_mix,layers.25.hc_attn_base,24,24,1,https://huggingface.co/deepseek-ai/DeepSeek-V4.1-Flash/blob/2cba9e42aa026125f3ed06c6d98c1db82f7ca027/inference/model.py#L919-L946,仅参考逻辑构造；stored shape/dtype/payload 未审计
decoder-26,decoder,CSA2,Reuse,Single-Pass mHC：使用上一子层的 pre_mix,layers.25.hc_ffn_base,24,24,1,https://huggingface.co/deepseek-ai/DeepSeek-V4.1-Flash/blob/2cba9e42aa026125f3ed06c6d98c1db82f7ca027/inference/model.py#L919-L946,仅参考逻辑构造；stored shape/dtype/payload 未审计
decoder-26,decoder,CSA2,Reuse,Single-Pass mHC：使用上一子层的 pre_mix,layers.25.hc_attn_scale,3,3,1,https://huggingface.co/deepseek-ai/DeepSeek-V4.1-Flash/blob/2cba9e42aa026125f3ed06c6d98c1db82f7ca027/inference/model.py#L919-L946,仅参考逻辑构造；stored shape/dtype/payload 未审计
decoder-26,decoder,CSA2,Reuse,Single-Pass mHC：使用上一子层的 pre_mix,layers.25.hc_ffn_scale,3,3,1,https://huggingface.co/deepseek-ai/DeepSeek-V4.1-Flash/blob/2cba9e42aa026125f3ed06c6d98c1db82f7ca027/inference/model.py#L919-L946,仅参考逻辑构造；stored shape/dtype/payload 未审计
decoder-27,decoder,CSA2,Reuse,本层 Q、SWA KV 与分组输出投影,layers.26.attn.attn_sink,64,64,1,https://huggingface.co/deepseek-ai/DeepSeek-V4.1-Flash/blob/2cba9e42aa026125f3ed06c6d98c1db82f7ca027/inference/model.py#L622-L698,仅参考逻辑构造；stored shape/dtype/payload 未审计
decoder-27,decoder,CSA2,Reuse,本层 Q、SWA KV 与分组输出投影,layers.26.attn.wq_a.weight,1280 × 5120,6553600,1,https://huggingface.co/deepseek-ai/DeepSeek-V4.1-Flash/blob/2cba9e42aa026125f3ed06c6d98c1db82f7ca027/inference/model.py#L622-L698,仅参考逻辑构造；stored shape/dtype/payload 未审计
decoder-27,decoder,CSA2,Reuse,本层 Q、SWA KV 与分组输出投影,layers.26.attn.q_norm.weight,1280,1280,1,https://huggingface.co/deepseek-ai/DeepSeek-V4.1-Flash/blob/2cba9e42aa026125f3ed06c6d98c1db82f7ca027/inference/model.py#L622-L698,仅参考逻辑构造；stored shape/dtype/payload 未审计
decoder-27,decoder,CSA2,Reuse,本层 Q、SWA KV 与分组输出投影,layers.26.attn.wq_b.weight,32768 × 1280,41943040,1,https://huggingface.co/deepseek-ai/DeepSeek-V4.1-Flash/blob/2cba9e42aa026125f3ed06c6d98c1db82f7ca027/inference/model.py#L622-L698,仅参考逻辑构造；stored shape/dtype/payload 未审计
decoder-27,decoder,CSA2,Reuse,本层 Q、SWA KV 与分组输出投影,layers.26.attn.wkv.weight,512 × 5120,2621440,1,https://huggingface.co/deepseek-ai/DeepSeek-V4.1-Flash/blob/2cba9e42aa026125f3ed06c6d98c1db82f7ca027/inference/model.py#L622-L698,仅参考逻辑构造；stored shape/dtype/payload 未审计
decoder-27,decoder,CSA2,Reuse,本层 Q、SWA KV 与分组输出投影,layers.26.attn.kv_norm.weight,512,512,1,https://huggingface.co/deepseek-ai/DeepSeek-V4.1-Flash/blob/2cba9e42aa026125f3ed06c6d98c1db82f7ca027/inference/model.py#L622-L698,仅参考逻辑构造；stored shape/dtype/payload 未审计
decoder-27,decoder,CSA2,Reuse,本层 Q、SWA KV 与分组输出投影,layers.26.attn.wo_a.weight,8192 × 4096,33554432,1,https://huggingface.co/deepseek-ai/DeepSeek-V4.1-Flash/blob/2cba9e42aa026125f3ed06c6d98c1db82f7ca027/inference/model.py#L622-L698,仅参考逻辑构造；stored shape/dtype/payload 未审计
decoder-27,decoder,CSA2,Reuse,本层 Q、SWA KV 与分组输出投影,layers.26.attn.wo_b.weight,5120 × 8192,41943040,1,https://huggingface.co/deepseek-ai/DeepSeek-V4.1-Flash/blob/2cba9e42aa026125f3ed06c6d98c1db82f7ca027/inference/model.py#L622-L698,仅参考逻辑构造；stored shape/dtype/payload 未审计
decoder-27,decoder,CSA2,Reuse,文本/视觉分开的路由校正 bias,layers.26.ffn.gate.weight,384 × 5120,1966080,1,https://huggingface.co/deepseek-ai/DeepSeek-V4.1-Flash/blob/2cba9e42aa026125f3ed06c6d98c1db82f7ca027/inference/model.py#L796-L807,仅参考逻辑构造；stored shape/dtype/payload 未审计
decoder-27,decoder,CSA2,Reuse,文本/视觉分开的路由校正 bias,layers.26.ffn.gate.bias,384,384,1,https://huggingface.co/deepseek-ai/DeepSeek-V4.1-Flash/blob/2cba9e42aa026125f3ed06c6d98c1db82f7ca027/inference/model.py#L796-L807,仅参考逻辑构造；stored shape/dtype/payload 未审计
decoder-27,decoder,CSA2,Reuse,文本/视觉分开的路由校正 bias,layers.26.ffn.gate.bias_vl,384,384,1,https://huggingface.co/deepseek-ai/DeepSeek-V4.1-Flash/blob/2cba9e42aa026125f3ed06c6d98c1db82f7ca027/inference/model.py#L796-L807,仅参考逻辑构造；stored shape/dtype/payload 未审计
decoder-27,decoder,CSA2,Reuse,384 个路由专家 / 选 6,layers.26.ffn.experts.{e}.w1.weight,2304 × 5120,11796480,384,https://huggingface.co/deepseek-ai/DeepSeek-V4.1-Flash/blob/2cba9e42aa026125f3ed06c6d98c1db82f7ca027/inference/model.py#L834-L839,仅参考逻辑构造；stored shape/dtype/payload 未审计
decoder-27,decoder,CSA2,Reuse,384 个路由专家 / 选 6,layers.26.ffn.experts.{e}.w3.weight,2304 × 5120,11796480,384,https://huggingface.co/deepseek-ai/DeepSeek-V4.1-Flash/blob/2cba9e42aa026125f3ed06c6d98c1db82f7ca027/inference/model.py#L834-L839,仅参考逻辑构造；stored shape/dtype/payload 未审计
decoder-27,decoder,CSA2,Reuse,384 个路由专家 / 选 6,layers.26.ffn.experts.{e}.w2.weight,5120 × 2304,11796480,384,https://huggingface.co/deepseek-ai/DeepSeek-V4.1-Flash/blob/2cba9e42aa026125f3ed06c6d98c1db82f7ca027/inference/model.py#L834-L839,仅参考逻辑构造；stored shape/dtype/payload 未审计
decoder-27,decoder,CSA2,Reuse,一个共享 SwiGLU 专家,layers.26.ffn.shared_experts.w1.weight,2304 × 5120,11796480,1,https://huggingface.co/deepseek-ai/DeepSeek-V4.1-Flash/blob/2cba9e42aa026125f3ed06c6d98c1db82f7ca027/inference/model.py#L834-L839,仅参考逻辑构造；stored shape/dtype/payload 未审计
decoder-27,decoder,CSA2,Reuse,一个共享 SwiGLU 专家,layers.26.ffn.shared_experts.w3.weight,2304 × 5120,11796480,1,https://huggingface.co/deepseek-ai/DeepSeek-V4.1-Flash/blob/2cba9e42aa026125f3ed06c6d98c1db82f7ca027/inference/model.py#L834-L839,仅参考逻辑构造；stored shape/dtype/payload 未审计
decoder-27,decoder,CSA2,Reuse,一个共享 SwiGLU 专家,layers.26.ffn.shared_experts.w2.weight,5120 × 2304,11796480,1,https://huggingface.co/deepseek-ai/DeepSeek-V4.1-Flash/blob/2cba9e42aa026125f3ed06c6d98c1db82f7ca027/inference/model.py#L834-L839,仅参考逻辑构造；stored shape/dtype/payload 未审计
decoder-27,decoder,CSA2,Reuse,Single-Pass mHC：使用上一子层的 pre_mix,layers.26.attn_norm.weight,5120,5120,1,https://huggingface.co/deepseek-ai/DeepSeek-V4.1-Flash/blob/2cba9e42aa026125f3ed06c6d98c1db82f7ca027/inference/model.py#L919-L946,仅参考逻辑构造；stored shape/dtype/payload 未审计
decoder-27,decoder,CSA2,Reuse,Single-Pass mHC：使用上一子层的 pre_mix,layers.26.ffn_norm.weight,5120,5120,1,https://huggingface.co/deepseek-ai/DeepSeek-V4.1-Flash/blob/2cba9e42aa026125f3ed06c6d98c1db82f7ca027/inference/model.py#L919-L946,仅参考逻辑构造；stored shape/dtype/payload 未审计
decoder-27,decoder,CSA2,Reuse,Single-Pass mHC：使用上一子层的 pre_mix,layers.26.hc_attn_fn,24 × 20480,491520,1,https://huggingface.co/deepseek-ai/DeepSeek-V4.1-Flash/blob/2cba9e42aa026125f3ed06c6d98c1db82f7ca027/inference/model.py#L919-L946,仅参考逻辑构造；stored shape/dtype/payload 未审计
decoder-27,decoder,CSA2,Reuse,Single-Pass mHC：使用上一子层的 pre_mix,layers.26.hc_ffn_fn,24 × 20480,491520,1,https://huggingface.co/deepseek-ai/DeepSeek-V4.1-Flash/blob/2cba9e42aa026125f3ed06c6d98c1db82f7ca027/inference/model.py#L919-L946,仅参考逻辑构造；stored shape/dtype/payload 未审计
decoder-27,decoder,CSA2,Reuse,Single-Pass mHC：使用上一子层的 pre_mix,layers.26.hc_attn_base,24,24,1,https://huggingface.co/deepseek-ai/DeepSeek-V4.1-Flash/blob/2cba9e42aa026125f3ed06c6d98c1db82f7ca027/inference/model.py#L919-L946,仅参考逻辑构造；stored shape/dtype/payload 未审计
decoder-27,decoder,CSA2,Reuse,Single-Pass mHC：使用上一子层的 pre_mix,layers.26.hc_ffn_base,24,24,1,https://huggingface.co/deepseek-ai/DeepSeek-V4.1-Flash/blob/2cba9e42aa026125f3ed06c6d98c1db82f7ca027/inference/model.py#L919-L946,仅参考逻辑构造；stored shape/dtype/payload 未审计
decoder-27,decoder,CSA2,Reuse,Single-Pass mHC：使用上一子层的 pre_mix,layers.26.hc_attn_scale,3,3,1,https://huggingface.co/deepseek-ai/DeepSeek-V4.1-Flash/blob/2cba9e42aa026125f3ed06c6d98c1db82f7ca027/inference/model.py#L919-L946,仅参考逻辑构造；stored shape/dtype/payload 未审计
decoder-27,decoder,CSA2,Reuse,Single-Pass mHC：使用上一子层的 pre_mix,layers.26.hc_ffn_scale,3,3,1,https://huggingface.co/deepseek-ai/DeepSeek-V4.1-Flash/blob/2cba9e42aa026125f3ed06c6d98c1db82f7ca027/inference/model.py#L919-L946,仅参考逻辑构造；stored shape/dtype/payload 未审计
decoder-28,decoder,CSA2,Reuse,本层 Q、SWA KV 与分组输出投影,layers.27.attn.attn_sink,64,64,1,https://huggingface.co/deepseek-ai/DeepSeek-V4.1-Flash/blob/2cba9e42aa026125f3ed06c6d98c1db82f7ca027/inference/model.py#L622-L698,仅参考逻辑构造；stored shape/dtype/payload 未审计
decoder-28,decoder,CSA2,Reuse,本层 Q、SWA KV 与分组输出投影,layers.27.attn.wq_a.weight,1280 × 5120,6553600,1,https://huggingface.co/deepseek-ai/DeepSeek-V4.1-Flash/blob/2cba9e42aa026125f3ed06c6d98c1db82f7ca027/inference/model.py#L622-L698,仅参考逻辑构造；stored shape/dtype/payload 未审计
decoder-28,decoder,CSA2,Reuse,本层 Q、SWA KV 与分组输出投影,layers.27.attn.q_norm.weight,1280,1280,1,https://huggingface.co/deepseek-ai/DeepSeek-V4.1-Flash/blob/2cba9e42aa026125f3ed06c6d98c1db82f7ca027/inference/model.py#L622-L698,仅参考逻辑构造；stored shape/dtype/payload 未审计
decoder-28,decoder,CSA2,Reuse,本层 Q、SWA KV 与分组输出投影,layers.27.attn.wq_b.weight,32768 × 1280,41943040,1,https://huggingface.co/deepseek-ai/DeepSeek-V4.1-Flash/blob/2cba9e42aa026125f3ed06c6d98c1db82f7ca027/inference/model.py#L622-L698,仅参考逻辑构造；stored shape/dtype/payload 未审计
decoder-28,decoder,CSA2,Reuse,本层 Q、SWA KV 与分组输出投影,layers.27.attn.wkv.weight,512 × 5120,2621440,1,https://huggingface.co/deepseek-ai/DeepSeek-V4.1-Flash/blob/2cba9e42aa026125f3ed06c6d98c1db82f7ca027/inference/model.py#L622-L698,仅参考逻辑构造；stored shape/dtype/payload 未审计
decoder-28,decoder,CSA2,Reuse,本层 Q、SWA KV 与分组输出投影,layers.27.attn.kv_norm.weight,512,512,1,https://huggingface.co/deepseek-ai/DeepSeek-V4.1-Flash/blob/2cba9e42aa026125f3ed06c6d98c1db82f7ca027/inference/model.py#L622-L698,仅参考逻辑构造；stored shape/dtype/payload 未审计
decoder-28,decoder,CSA2,Reuse,本层 Q、SWA KV 与分组输出投影,layers.27.attn.wo_a.weight,8192 × 4096,33554432,1,https://huggingface.co/deepseek-ai/DeepSeek-V4.1-Flash/blob/2cba9e42aa026125f3ed06c6d98c1db82f7ca027/inference/model.py#L622-L698,仅参考逻辑构造；stored shape/dtype/payload 未审计
decoder-28,decoder,CSA2,Reuse,本层 Q、SWA KV 与分组输出投影,layers.27.attn.wo_b.weight,5120 × 8192,41943040,1,https://huggingface.co/deepseek-ai/DeepSeek-V4.1-Flash/blob/2cba9e42aa026125f3ed06c6d98c1db82f7ca027/inference/model.py#L622-L698,仅参考逻辑构造；stored shape/dtype/payload 未审计
decoder-28,decoder,CSA2,Reuse,文本/视觉分开的路由校正 bias,layers.27.ffn.gate.weight,384 × 5120,1966080,1,https://huggingface.co/deepseek-ai/DeepSeek-V4.1-Flash/blob/2cba9e42aa026125f3ed06c6d98c1db82f7ca027/inference/model.py#L796-L807,仅参考逻辑构造；stored shape/dtype/payload 未审计
decoder-28,decoder,CSA2,Reuse,文本/视觉分开的路由校正 bias,layers.27.ffn.gate.bias,384,384,1,https://huggingface.co/deepseek-ai/DeepSeek-V4.1-Flash/blob/2cba9e42aa026125f3ed06c6d98c1db82f7ca027/inference/model.py#L796-L807,仅参考逻辑构造；stored shape/dtype/payload 未审计
decoder-28,decoder,CSA2,Reuse,文本/视觉分开的路由校正 bias,layers.27.ffn.gate.bias_vl,384,384,1,https://huggingface.co/deepseek-ai/DeepSeek-V4.1-Flash/blob/2cba9e42aa026125f3ed06c6d98c1db82f7ca027/inference/model.py#L796-L807,仅参考逻辑构造；stored shape/dtype/payload 未审计
decoder-28,decoder,CSA2,Reuse,384 个路由专家 / 选 6,layers.27.ffn.experts.{e}.w1.weight,2304 × 5120,11796480,384,https://huggingface.co/deepseek-ai/DeepSeek-V4.1-Flash/blob/2cba9e42aa026125f3ed06c6d98c1db82f7ca027/inference/model.py#L834-L839,仅参考逻辑构造；stored shape/dtype/payload 未审计
decoder-28,decoder,CSA2,Reuse,384 个路由专家 / 选 6,layers.27.ffn.experts.{e}.w3.weight,2304 × 5120,11796480,384,https://huggingface.co/deepseek-ai/DeepSeek-V4.1-Flash/blob/2cba9e42aa026125f3ed06c6d98c1db82f7ca027/inference/model.py#L834-L839,仅参考逻辑构造；stored shape/dtype/payload 未审计
decoder-28,decoder,CSA2,Reuse,384 个路由专家 / 选 6,layers.27.ffn.experts.{e}.w2.weight,5120 × 2304,11796480,384,https://huggingface.co/deepseek-ai/DeepSeek-V4.1-Flash/blob/2cba9e42aa026125f3ed06c6d98c1db82f7ca027/inference/model.py#L834-L839,仅参考逻辑构造；stored shape/dtype/payload 未审计
decoder-28,decoder,CSA2,Reuse,一个共享 SwiGLU 专家,layers.27.ffn.shared_experts.w1.weight,2304 × 5120,11796480,1,https://huggingface.co/deepseek-ai/DeepSeek-V4.1-Flash/blob/2cba9e42aa026125f3ed06c6d98c1db82f7ca027/inference/model.py#L834-L839,仅参考逻辑构造；stored shape/dtype/payload 未审计
decoder-28,decoder,CSA2,Reuse,一个共享 SwiGLU 专家,layers.27.ffn.shared_experts.w3.weight,2304 × 5120,11796480,1,https://huggingface.co/deepseek-ai/DeepSeek-V4.1-Flash/blob/2cba9e42aa026125f3ed06c6d98c1db82f7ca027/inference/model.py#L834-L839,仅参考逻辑构造；stored shape/dtype/payload 未审计
decoder-28,decoder,CSA2,Reuse,一个共享 SwiGLU 专家,layers.27.ffn.shared_experts.w2.weight,5120 × 2304,11796480,1,https://huggingface.co/deepseek-ai/DeepSeek-V4.1-Flash/blob/2cba9e42aa026125f3ed06c6d98c1db82f7ca027/inference/model.py#L834-L839,仅参考逻辑构造；stored shape/dtype/payload 未审计
decoder-28,decoder,CSA2,Reuse,Single-Pass mHC：使用上一子层的 pre_mix,layers.27.attn_norm.weight,5120,5120,1,https://huggingface.co/deepseek-ai/DeepSeek-V4.1-Flash/blob/2cba9e42aa026125f3ed06c6d98c1db82f7ca027/inference/model.py#L919-L946,仅参考逻辑构造；stored shape/dtype/payload 未审计
decoder-28,decoder,CSA2,Reuse,Single-Pass mHC：使用上一子层的 pre_mix,layers.27.ffn_norm.weight,5120,5120,1,https://huggingface.co/deepseek-ai/DeepSeek-V4.1-Flash/blob/2cba9e42aa026125f3ed06c6d98c1db82f7ca027/inference/model.py#L919-L946,仅参考逻辑构造；stored shape/dtype/payload 未审计
decoder-28,decoder,CSA2,Reuse,Single-Pass mHC：使用上一子层的 pre_mix,layers.27.hc_attn_fn,24 × 20480,491520,1,https://huggingface.co/deepseek-ai/DeepSeek-V4.1-Flash/blob/2cba9e42aa026125f3ed06c6d98c1db82f7ca027/inference/model.py#L919-L946,仅参考逻辑构造；stored shape/dtype/payload 未审计
decoder-28,decoder,CSA2,Reuse,Single-Pass mHC：使用上一子层的 pre_mix,layers.27.hc_ffn_fn,24 × 20480,491520,1,https://huggingface.co/deepseek-ai/DeepSeek-V4.1-Flash/blob/2cba9e42aa026125f3ed06c6d98c1db82f7ca027/inference/model.py#L919-L946,仅参考逻辑构造；stored shape/dtype/payload 未审计
decoder-28,decoder,CSA2,Reuse,Single-Pass mHC：使用上一子层的 pre_mix,layers.27.hc_attn_base,24,24,1,https://huggingface.co/deepseek-ai/DeepSeek-V4.1-Flash/blob/2cba9e42aa026125f3ed06c6d98c1db82f7ca027/inference/model.py#L919-L946,仅参考逻辑构造；stored shape/dtype/payload 未审计
decoder-28,decoder,CSA2,Reuse,Single-Pass mHC：使用上一子层的 pre_mix,layers.27.hc_ffn_base,24,24,1,https://huggingface.co/deepseek-ai/DeepSeek-V4.1-Flash/blob/2cba9e42aa026125f3ed06c6d98c1db82f7ca027/inference/model.py#L919-L946,仅参考逻辑构造；stored shape/dtype/payload 未审计
decoder-28,decoder,CSA2,Reuse,Single-Pass mHC：使用上一子层的 pre_mix,layers.27.hc_attn_scale,3,3,1,https://huggingface.co/deepseek-ai/DeepSeek-V4.1-Flash/blob/2cba9e42aa026125f3ed06c6d98c1db82f7ca027/inference/model.py#L919-L946,仅参考逻辑构造；stored shape/dtype/payload 未审计
decoder-28,decoder,CSA2,Reuse,Single-Pass mHC：使用上一子层的 pre_mix,layers.27.hc_ffn_scale,3,3,1,https://huggingface.co/deepseek-ai/DeepSeek-V4.1-Flash/blob/2cba9e42aa026125f3ed06c6d98c1db82f7ca027/inference/model.py#L919-L946,仅参考逻辑构造；stored shape/dtype/payload 未审计
decoder-29,decoder,CSA2,Reindex,本层 Q、SWA KV 与分组输出投影,layers.28.attn.attn_sink,64,64,1,https://huggingface.co/deepseek-ai/DeepSeek-V4.1-Flash/blob/2cba9e42aa026125f3ed06c6d98c1db82f7ca027/inference/model.py#L622-L698,仅参考逻辑构造；stored shape/dtype/payload 未审计
decoder-29,decoder,CSA2,Reindex,本层 Q、SWA KV 与分组输出投影,layers.28.attn.wq_a.weight,1280 × 5120,6553600,1,https://huggingface.co/deepseek-ai/DeepSeek-V4.1-Flash/blob/2cba9e42aa026125f3ed06c6d98c1db82f7ca027/inference/model.py#L622-L698,仅参考逻辑构造；stored shape/dtype/payload 未审计
decoder-29,decoder,CSA2,Reindex,本层 Q、SWA KV 与分组输出投影,layers.28.attn.q_norm.weight,1280,1280,1,https://huggingface.co/deepseek-ai/DeepSeek-V4.1-Flash/blob/2cba9e42aa026125f3ed06c6d98c1db82f7ca027/inference/model.py#L622-L698,仅参考逻辑构造；stored shape/dtype/payload 未审计
decoder-29,decoder,CSA2,Reindex,本层 Q、SWA KV 与分组输出投影,layers.28.attn.wq_b.weight,32768 × 1280,41943040,1,https://huggingface.co/deepseek-ai/DeepSeek-V4.1-Flash/blob/2cba9e42aa026125f3ed06c6d98c1db82f7ca027/inference/model.py#L622-L698,仅参考逻辑构造；stored shape/dtype/payload 未审计
decoder-29,decoder,CSA2,Reindex,本层 Q、SWA KV 与分组输出投影,layers.28.attn.wkv.weight,512 × 5120,2621440,1,https://huggingface.co/deepseek-ai/DeepSeek-V4.1-Flash/blob/2cba9e42aa026125f3ed06c6d98c1db82f7ca027/inference/model.py#L622-L698,仅参考逻辑构造；stored shape/dtype/payload 未审计
decoder-29,decoder,CSA2,Reindex,本层 Q、SWA KV 与分组输出投影,layers.28.attn.kv_norm.weight,512,512,1,https://huggingface.co/deepseek-ai/DeepSeek-V4.1-Flash/blob/2cba9e42aa026125f3ed06c6d98c1db82f7ca027/inference/model.py#L622-L698,仅参考逻辑构造；stored shape/dtype/payload 未审计
decoder-29,decoder,CSA2,Reindex,本层 Q、SWA KV 与分组输出投影,layers.28.attn.wo_a.weight,8192 × 4096,33554432,1,https://huggingface.co/deepseek-ai/DeepSeek-V4.1-Flash/blob/2cba9e42aa026125f3ed06c6d98c1db82f7ca027/inference/model.py#L622-L698,仅参考逻辑构造；stored shape/dtype/payload 未审计
decoder-29,decoder,CSA2,Reindex,本层 Q、SWA KV 与分组输出投影,layers.28.attn.wo_b.weight,5120 × 8192,41943040,1,https://huggingface.co/deepseek-ai/DeepSeek-V4.1-Flash/blob/2cba9e42aa026125f3ed06c6d98c1db82f7ca027/inference/model.py#L622-L698,仅参考逻辑构造；stored shape/dtype/payload 未审计
decoder-29,decoder,CSA2,Reindex,本层重算 Top-K；K 只由 Full 层持有,layers.28.attn.indexer.wq_b.weight,4096 × 1280,5242880,1,https://huggingface.co/deepseek-ai/DeepSeek-V4.1-Flash/blob/2cba9e42aa026125f3ed06c6d98c1db82f7ca027/inference/model.py#L496-L525,仅参考逻辑构造；stored shape/dtype/payload 未审计
decoder-29,decoder,CSA2,Reindex,本层重算 Top-K；K 只由 Full 层持有,layers.28.attn.indexer.weights_proj.weight,32 × 5120,163840,1,https://huggingface.co/deepseek-ai/DeepSeek-V4.1-Flash/blob/2cba9e42aa026125f3ed06c6d98c1db82f7ca027/inference/model.py#L496-L525,仅参考逻辑构造；stored shape/dtype/payload 未审计
decoder-29,decoder,CSA2,Reindex,文本/视觉分开的路由校正 bias,layers.28.ffn.gate.weight,384 × 5120,1966080,1,https://huggingface.co/deepseek-ai/DeepSeek-V4.1-Flash/blob/2cba9e42aa026125f3ed06c6d98c1db82f7ca027/inference/model.py#L796-L807,仅参考逻辑构造；stored shape/dtype/payload 未审计
decoder-29,decoder,CSA2,Reindex,文本/视觉分开的路由校正 bias,layers.28.ffn.gate.bias,384,384,1,https://huggingface.co/deepseek-ai/DeepSeek-V4.1-Flash/blob/2cba9e42aa026125f3ed06c6d98c1db82f7ca027/inference/model.py#L796-L807,仅参考逻辑构造；stored shape/dtype/payload 未审计
decoder-29,decoder,CSA2,Reindex,文本/视觉分开的路由校正 bias,layers.28.ffn.gate.bias_vl,384,384,1,https://huggingface.co/deepseek-ai/DeepSeek-V4.1-Flash/blob/2cba9e42aa026125f3ed06c6d98c1db82f7ca027/inference/model.py#L796-L807,仅参考逻辑构造；stored shape/dtype/payload 未审计
decoder-29,decoder,CSA2,Reindex,384 个路由专家 / 选 6,layers.28.ffn.experts.{e}.w1.weight,2304 × 5120,11796480,384,https://huggingface.co/deepseek-ai/DeepSeek-V4.1-Flash/blob/2cba9e42aa026125f3ed06c6d98c1db82f7ca027/inference/model.py#L834-L839,仅参考逻辑构造；stored shape/dtype/payload 未审计
decoder-29,decoder,CSA2,Reindex,384 个路由专家 / 选 6,layers.28.ffn.experts.{e}.w3.weight,2304 × 5120,11796480,384,https://huggingface.co/deepseek-ai/DeepSeek-V4.1-Flash/blob/2cba9e42aa026125f3ed06c6d98c1db82f7ca027/inference/model.py#L834-L839,仅参考逻辑构造；stored shape/dtype/payload 未审计
decoder-29,decoder,CSA2,Reindex,384 个路由专家 / 选 6,layers.28.ffn.experts.{e}.w2.weight,5120 × 2304,11796480,384,https://huggingface.co/deepseek-ai/DeepSeek-V4.1-Flash/blob/2cba9e42aa026125f3ed06c6d98c1db82f7ca027/inference/model.py#L834-L839,仅参考逻辑构造；stored shape/dtype/payload 未审计
decoder-29,decoder,CSA2,Reindex,一个共享 SwiGLU 专家,layers.28.ffn.shared_experts.w1.weight,2304 × 5120,11796480,1,https://huggingface.co/deepseek-ai/DeepSeek-V4.1-Flash/blob/2cba9e42aa026125f3ed06c6d98c1db82f7ca027/inference/model.py#L834-L839,仅参考逻辑构造；stored shape/dtype/payload 未审计
decoder-29,decoder,CSA2,Reindex,一个共享 SwiGLU 专家,layers.28.ffn.shared_experts.w3.weight,2304 × 5120,11796480,1,https://huggingface.co/deepseek-ai/DeepSeek-V4.1-Flash/blob/2cba9e42aa026125f3ed06c6d98c1db82f7ca027/inference/model.py#L834-L839,仅参考逻辑构造；stored shape/dtype/payload 未审计
decoder-29,decoder,CSA2,Reindex,一个共享 SwiGLU 专家,layers.28.ffn.shared_experts.w2.weight,5120 × 2304,11796480,1,https://huggingface.co/deepseek-ai/DeepSeek-V4.1-Flash/blob/2cba9e42aa026125f3ed06c6d98c1db82f7ca027/inference/model.py#L834-L839,仅参考逻辑构造；stored shape/dtype/payload 未审计
decoder-29,decoder,CSA2,Reindex,Single-Pass mHC：使用上一子层的 pre_mix,layers.28.attn_norm.weight,5120,5120,1,https://huggingface.co/deepseek-ai/DeepSeek-V4.1-Flash/blob/2cba9e42aa026125f3ed06c6d98c1db82f7ca027/inference/model.py#L919-L946,仅参考逻辑构造；stored shape/dtype/payload 未审计
decoder-29,decoder,CSA2,Reindex,Single-Pass mHC：使用上一子层的 pre_mix,layers.28.ffn_norm.weight,5120,5120,1,https://huggingface.co/deepseek-ai/DeepSeek-V4.1-Flash/blob/2cba9e42aa026125f3ed06c6d98c1db82f7ca027/inference/model.py#L919-L946,仅参考逻辑构造；stored shape/dtype/payload 未审计
decoder-29,decoder,CSA2,Reindex,Single-Pass mHC：使用上一子层的 pre_mix,layers.28.hc_attn_fn,24 × 20480,491520,1,https://huggingface.co/deepseek-ai/DeepSeek-V4.1-Flash/blob/2cba9e42aa026125f3ed06c6d98c1db82f7ca027/inference/model.py#L919-L946,仅参考逻辑构造；stored shape/dtype/payload 未审计
decoder-29,decoder,CSA2,Reindex,Single-Pass mHC：使用上一子层的 pre_mix,layers.28.hc_ffn_fn,24 × 20480,491520,1,https://huggingface.co/deepseek-ai/DeepSeek-V4.1-Flash/blob/2cba9e42aa026125f3ed06c6d98c1db82f7ca027/inference/model.py#L919-L946,仅参考逻辑构造；stored shape/dtype/payload 未审计
decoder-29,decoder,CSA2,Reindex,Single-Pass mHC：使用上一子层的 pre_mix,layers.28.hc_attn_base,24,24,1,https://huggingface.co/deepseek-ai/DeepSeek-V4.1-Flash/blob/2cba9e42aa026125f3ed06c6d98c1db82f7ca027/inference/model.py#L919-L946,仅参考逻辑构造；stored shape/dtype/payload 未审计
decoder-29,decoder,CSA2,Reindex,Single-Pass mHC：使用上一子层的 pre_mix,layers.28.hc_ffn_base,24,24,1,https://huggingface.co/deepseek-ai/DeepSeek-V4.1-Flash/blob/2cba9e42aa026125f3ed06c6d98c1db82f7ca027/inference/model.py#L919-L946,仅参考逻辑构造；stored shape/dtype/payload 未审计
decoder-29,decoder,CSA2,Reindex,Single-Pass mHC：使用上一子层的 pre_mix,layers.28.hc_attn_scale,3,3,1,https://huggingface.co/deepseek-ai/DeepSeek-V4.1-Flash/blob/2cba9e42aa026125f3ed06c6d98c1db82f7ca027/inference/model.py#L919-L946,仅参考逻辑构造；stored shape/dtype/payload 未审计
decoder-29,decoder,CSA2,Reindex,Single-Pass mHC：使用上一子层的 pre_mix,layers.28.hc_ffn_scale,3,3,1,https://huggingface.co/deepseek-ai/DeepSeek-V4.1-Flash/blob/2cba9e42aa026125f3ed06c6d98c1db82f7ca027/inference/model.py#L919-L946,仅参考逻辑构造；stored shape/dtype/payload 未审计
decoder-30,decoder,CSA2,Reuse,本层 Q、SWA KV 与分组输出投影,layers.29.attn.attn_sink,64,64,1,https://huggingface.co/deepseek-ai/DeepSeek-V4.1-Flash/blob/2cba9e42aa026125f3ed06c6d98c1db82f7ca027/inference/model.py#L622-L698,仅参考逻辑构造；stored shape/dtype/payload 未审计
decoder-30,decoder,CSA2,Reuse,本层 Q、SWA KV 与分组输出投影,layers.29.attn.wq_a.weight,1280 × 5120,6553600,1,https://huggingface.co/deepseek-ai/DeepSeek-V4.1-Flash/blob/2cba9e42aa026125f3ed06c6d98c1db82f7ca027/inference/model.py#L622-L698,仅参考逻辑构造；stored shape/dtype/payload 未审计
decoder-30,decoder,CSA2,Reuse,本层 Q、SWA KV 与分组输出投影,layers.29.attn.q_norm.weight,1280,1280,1,https://huggingface.co/deepseek-ai/DeepSeek-V4.1-Flash/blob/2cba9e42aa026125f3ed06c6d98c1db82f7ca027/inference/model.py#L622-L698,仅参考逻辑构造；stored shape/dtype/payload 未审计
decoder-30,decoder,CSA2,Reuse,本层 Q、SWA KV 与分组输出投影,layers.29.attn.wq_b.weight,32768 × 1280,41943040,1,https://huggingface.co/deepseek-ai/DeepSeek-V4.1-Flash/blob/2cba9e42aa026125f3ed06c6d98c1db82f7ca027/inference/model.py#L622-L698,仅参考逻辑构造；stored shape/dtype/payload 未审计
decoder-30,decoder,CSA2,Reuse,本层 Q、SWA KV 与分组输出投影,layers.29.attn.wkv.weight,512 × 5120,2621440,1,https://huggingface.co/deepseek-ai/DeepSeek-V4.1-Flash/blob/2cba9e42aa026125f3ed06c6d98c1db82f7ca027/inference/model.py#L622-L698,仅参考逻辑构造；stored shape/dtype/payload 未审计
decoder-30,decoder,CSA2,Reuse,本层 Q、SWA KV 与分组输出投影,layers.29.attn.kv_norm.weight,512,512,1,https://huggingface.co/deepseek-ai/DeepSeek-V4.1-Flash/blob/2cba9e42aa026125f3ed06c6d98c1db82f7ca027/inference/model.py#L622-L698,仅参考逻辑构造；stored shape/dtype/payload 未审计
decoder-30,decoder,CSA2,Reuse,本层 Q、SWA KV 与分组输出投影,layers.29.attn.wo_a.weight,8192 × 4096,33554432,1,https://huggingface.co/deepseek-ai/DeepSeek-V4.1-Flash/blob/2cba9e42aa026125f3ed06c6d98c1db82f7ca027/inference/model.py#L622-L698,仅参考逻辑构造；stored shape/dtype/payload 未审计
decoder-30,decoder,CSA2,Reuse,本层 Q、SWA KV 与分组输出投影,layers.29.attn.wo_b.weight,5120 × 8192,41943040,1,https://huggingface.co/deepseek-ai/DeepSeek-V4.1-Flash/blob/2cba9e42aa026125f3ed06c6d98c1db82f7ca027/inference/model.py#L622-L698,仅参考逻辑构造；stored shape/dtype/payload 未审计
decoder-30,decoder,CSA2,Reuse,文本/视觉分开的路由校正 bias,layers.29.ffn.gate.weight,384 × 5120,1966080,1,https://huggingface.co/deepseek-ai/DeepSeek-V4.1-Flash/blob/2cba9e42aa026125f3ed06c6d98c1db82f7ca027/inference/model.py#L796-L807,仅参考逻辑构造；stored shape/dtype/payload 未审计
decoder-30,decoder,CSA2,Reuse,文本/视觉分开的路由校正 bias,layers.29.ffn.gate.bias,384,384,1,https://huggingface.co/deepseek-ai/DeepSeek-V4.1-Flash/blob/2cba9e42aa026125f3ed06c6d98c1db82f7ca027/inference/model.py#L796-L807,仅参考逻辑构造；stored shape/dtype/payload 未审计
decoder-30,decoder,CSA2,Reuse,文本/视觉分开的路由校正 bias,layers.29.ffn.gate.bias_vl,384,384,1,https://huggingface.co/deepseek-ai/DeepSeek-V4.1-Flash/blob/2cba9e42aa026125f3ed06c6d98c1db82f7ca027/inference/model.py#L796-L807,仅参考逻辑构造；stored shape/dtype/payload 未审计
decoder-30,decoder,CSA2,Reuse,384 个路由专家 / 选 6,layers.29.ffn.experts.{e}.w1.weight,2304 × 5120,11796480,384,https://huggingface.co/deepseek-ai/DeepSeek-V4.1-Flash/blob/2cba9e42aa026125f3ed06c6d98c1db82f7ca027/inference/model.py#L834-L839,仅参考逻辑构造；stored shape/dtype/payload 未审计
decoder-30,decoder,CSA2,Reuse,384 个路由专家 / 选 6,layers.29.ffn.experts.{e}.w3.weight,2304 × 5120,11796480,384,https://huggingface.co/deepseek-ai/DeepSeek-V4.1-Flash/blob/2cba9e42aa026125f3ed06c6d98c1db82f7ca027/inference/model.py#L834-L839,仅参考逻辑构造；stored shape/dtype/payload 未审计
decoder-30,decoder,CSA2,Reuse,384 个路由专家 / 选 6,layers.29.ffn.experts.{e}.w2.weight,5120 × 2304,11796480,384,https://huggingface.co/deepseek-ai/DeepSeek-V4.1-Flash/blob/2cba9e42aa026125f3ed06c6d98c1db82f7ca027/inference/model.py#L834-L839,仅参考逻辑构造；stored shape/dtype/payload 未审计
decoder-30,decoder,CSA2,Reuse,一个共享 SwiGLU 专家,layers.29.ffn.shared_experts.w1.weight,2304 × 5120,11796480,1,https://huggingface.co/deepseek-ai/DeepSeek-V4.1-Flash/blob/2cba9e42aa026125f3ed06c6d98c1db82f7ca027/inference/model.py#L834-L839,仅参考逻辑构造；stored shape/dtype/payload 未审计
decoder-30,decoder,CSA2,Reuse,一个共享 SwiGLU 专家,layers.29.ffn.shared_experts.w3.weight,2304 × 5120,11796480,1,https://huggingface.co/deepseek-ai/DeepSeek-V4.1-Flash/blob/2cba9e42aa026125f3ed06c6d98c1db82f7ca027/inference/model.py#L834-L839,仅参考逻辑构造；stored shape/dtype/payload 未审计
decoder-30,decoder,CSA2,Reuse,一个共享 SwiGLU 专家,layers.29.ffn.shared_experts.w2.weight,5120 × 2304,11796480,1,https://huggingface.co/deepseek-ai/DeepSeek-V4.1-Flash/blob/2cba9e42aa026125f3ed06c6d98c1db82f7ca027/inference/model.py#L834-L839,仅参考逻辑构造；stored shape/dtype/payload 未审计
decoder-30,decoder,CSA2,Reuse,Single-Pass mHC：使用上一子层的 pre_mix,layers.29.attn_norm.weight,5120,5120,1,https://huggingface.co/deepseek-ai/DeepSeek-V4.1-Flash/blob/2cba9e42aa026125f3ed06c6d98c1db82f7ca027/inference/model.py#L919-L946,仅参考逻辑构造；stored shape/dtype/payload 未审计
decoder-30,decoder,CSA2,Reuse,Single-Pass mHC：使用上一子层的 pre_mix,layers.29.ffn_norm.weight,5120,5120,1,https://huggingface.co/deepseek-ai/DeepSeek-V4.1-Flash/blob/2cba9e42aa026125f3ed06c6d98c1db82f7ca027/inference/model.py#L919-L946,仅参考逻辑构造；stored shape/dtype/payload 未审计
decoder-30,decoder,CSA2,Reuse,Single-Pass mHC：使用上一子层的 pre_mix,layers.29.hc_attn_fn,24 × 20480,491520,1,https://huggingface.co/deepseek-ai/DeepSeek-V4.1-Flash/blob/2cba9e42aa026125f3ed06c6d98c1db82f7ca027/inference/model.py#L919-L946,仅参考逻辑构造；stored shape/dtype/payload 未审计
decoder-30,decoder,CSA2,Reuse,Single-Pass mHC：使用上一子层的 pre_mix,layers.29.hc_ffn_fn,24 × 20480,491520,1,https://huggingface.co/deepseek-ai/DeepSeek-V4.1-Flash/blob/2cba9e42aa026125f3ed06c6d98c1db82f7ca027/inference/model.py#L919-L946,仅参考逻辑构造；stored shape/dtype/payload 未审计
decoder-30,decoder,CSA2,Reuse,Single-Pass mHC：使用上一子层的 pre_mix,layers.29.hc_attn_base,24,24,1,https://huggingface.co/deepseek-ai/DeepSeek-V4.1-Flash/blob/2cba9e42aa026125f3ed06c6d98c1db82f7ca027/inference/model.py#L919-L946,仅参考逻辑构造；stored shape/dtype/payload 未审计
decoder-30,decoder,CSA2,Reuse,Single-Pass mHC：使用上一子层的 pre_mix,layers.29.hc_ffn_base,24,24,1,https://huggingface.co/deepseek-ai/DeepSeek-V4.1-Flash/blob/2cba9e42aa026125f3ed06c6d98c1db82f7ca027/inference/model.py#L919-L946,仅参考逻辑构造；stored shape/dtype/payload 未审计
decoder-30,decoder,CSA2,Reuse,Single-Pass mHC：使用上一子层的 pre_mix,layers.29.hc_attn_scale,3,3,1,https://huggingface.co/deepseek-ai/DeepSeek-V4.1-Flash/blob/2cba9e42aa026125f3ed06c6d98c1db82f7ca027/inference/model.py#L919-L946,仅参考逻辑构造；stored shape/dtype/payload 未审计
decoder-30,decoder,CSA2,Reuse,Single-Pass mHC：使用上一子层的 pre_mix,layers.29.hc_ffn_scale,3,3,1,https://huggingface.co/deepseek-ai/DeepSeek-V4.1-Flash/blob/2cba9e42aa026125f3ed06c6d98c1db82f7ca027/inference/model.py#L919-L946,仅参考逻辑构造；stored shape/dtype/payload 未审计
decoder-31,decoder,CSA2,Reuse,本层 Q、SWA KV 与分组输出投影,layers.30.attn.attn_sink,64,64,1,https://huggingface.co/deepseek-ai/DeepSeek-V4.1-Flash/blob/2cba9e42aa026125f3ed06c6d98c1db82f7ca027/inference/model.py#L622-L698,仅参考逻辑构造；stored shape/dtype/payload 未审计
decoder-31,decoder,CSA2,Reuse,本层 Q、SWA KV 与分组输出投影,layers.30.attn.wq_a.weight,1280 × 5120,6553600,1,https://huggingface.co/deepseek-ai/DeepSeek-V4.1-Flash/blob/2cba9e42aa026125f3ed06c6d98c1db82f7ca027/inference/model.py#L622-L698,仅参考逻辑构造；stored shape/dtype/payload 未审计
decoder-31,decoder,CSA2,Reuse,本层 Q、SWA KV 与分组输出投影,layers.30.attn.q_norm.weight,1280,1280,1,https://huggingface.co/deepseek-ai/DeepSeek-V4.1-Flash/blob/2cba9e42aa026125f3ed06c6d98c1db82f7ca027/inference/model.py#L622-L698,仅参考逻辑构造；stored shape/dtype/payload 未审计
decoder-31,decoder,CSA2,Reuse,本层 Q、SWA KV 与分组输出投影,layers.30.attn.wq_b.weight,32768 × 1280,41943040,1,https://huggingface.co/deepseek-ai/DeepSeek-V4.1-Flash/blob/2cba9e42aa026125f3ed06c6d98c1db82f7ca027/inference/model.py#L622-L698,仅参考逻辑构造；stored shape/dtype/payload 未审计
decoder-31,decoder,CSA2,Reuse,本层 Q、SWA KV 与分组输出投影,layers.30.attn.wkv.weight,512 × 5120,2621440,1,https://huggingface.co/deepseek-ai/DeepSeek-V4.1-Flash/blob/2cba9e42aa026125f3ed06c6d98c1db82f7ca027/inference/model.py#L622-L698,仅参考逻辑构造；stored shape/dtype/payload 未审计
decoder-31,decoder,CSA2,Reuse,本层 Q、SWA KV 与分组输出投影,layers.30.attn.kv_norm.weight,512,512,1,https://huggingface.co/deepseek-ai/DeepSeek-V4.1-Flash/blob/2cba9e42aa026125f3ed06c6d98c1db82f7ca027/inference/model.py#L622-L698,仅参考逻辑构造；stored shape/dtype/payload 未审计
decoder-31,decoder,CSA2,Reuse,本层 Q、SWA KV 与分组输出投影,layers.30.attn.wo_a.weight,8192 × 4096,33554432,1,https://huggingface.co/deepseek-ai/DeepSeek-V4.1-Flash/blob/2cba9e42aa026125f3ed06c6d98c1db82f7ca027/inference/model.py#L622-L698,仅参考逻辑构造；stored shape/dtype/payload 未审计
decoder-31,decoder,CSA2,Reuse,本层 Q、SWA KV 与分组输出投影,layers.30.attn.wo_b.weight,5120 × 8192,41943040,1,https://huggingface.co/deepseek-ai/DeepSeek-V4.1-Flash/blob/2cba9e42aa026125f3ed06c6d98c1db82f7ca027/inference/model.py#L622-L698,仅参考逻辑构造；stored shape/dtype/payload 未审计
decoder-31,decoder,CSA2,Reuse,文本/视觉分开的路由校正 bias,layers.30.ffn.gate.weight,384 × 5120,1966080,1,https://huggingface.co/deepseek-ai/DeepSeek-V4.1-Flash/blob/2cba9e42aa026125f3ed06c6d98c1db82f7ca027/inference/model.py#L796-L807,仅参考逻辑构造；stored shape/dtype/payload 未审计
decoder-31,decoder,CSA2,Reuse,文本/视觉分开的路由校正 bias,layers.30.ffn.gate.bias,384,384,1,https://huggingface.co/deepseek-ai/DeepSeek-V4.1-Flash/blob/2cba9e42aa026125f3ed06c6d98c1db82f7ca027/inference/model.py#L796-L807,仅参考逻辑构造；stored shape/dtype/payload 未审计
decoder-31,decoder,CSA2,Reuse,文本/视觉分开的路由校正 bias,layers.30.ffn.gate.bias_vl,384,384,1,https://huggingface.co/deepseek-ai/DeepSeek-V4.1-Flash/blob/2cba9e42aa026125f3ed06c6d98c1db82f7ca027/inference/model.py#L796-L807,仅参考逻辑构造；stored shape/dtype/payload 未审计
decoder-31,decoder,CSA2,Reuse,384 个路由专家 / 选 6,layers.30.ffn.experts.{e}.w1.weight,2304 × 5120,11796480,384,https://huggingface.co/deepseek-ai/DeepSeek-V4.1-Flash/blob/2cba9e42aa026125f3ed06c6d98c1db82f7ca027/inference/model.py#L834-L839,仅参考逻辑构造；stored shape/dtype/payload 未审计
decoder-31,decoder,CSA2,Reuse,384 个路由专家 / 选 6,layers.30.ffn.experts.{e}.w3.weight,2304 × 5120,11796480,384,https://huggingface.co/deepseek-ai/DeepSeek-V4.1-Flash/blob/2cba9e42aa026125f3ed06c6d98c1db82f7ca027/inference/model.py#L834-L839,仅参考逻辑构造；stored shape/dtype/payload 未审计
decoder-31,decoder,CSA2,Reuse,384 个路由专家 / 选 6,layers.30.ffn.experts.{e}.w2.weight,5120 × 2304,11796480,384,https://huggingface.co/deepseek-ai/DeepSeek-V4.1-Flash/blob/2cba9e42aa026125f3ed06c6d98c1db82f7ca027/inference/model.py#L834-L839,仅参考逻辑构造；stored shape/dtype/payload 未审计
decoder-31,decoder,CSA2,Reuse,一个共享 SwiGLU 专家,layers.30.ffn.shared_experts.w1.weight,2304 × 5120,11796480,1,https://huggingface.co/deepseek-ai/DeepSeek-V4.1-Flash/blob/2cba9e42aa026125f3ed06c6d98c1db82f7ca027/inference/model.py#L834-L839,仅参考逻辑构造；stored shape/dtype/payload 未审计
decoder-31,decoder,CSA2,Reuse,一个共享 SwiGLU 专家,layers.30.ffn.shared_experts.w3.weight,2304 × 5120,11796480,1,https://huggingface.co/deepseek-ai/DeepSeek-V4.1-Flash/blob/2cba9e42aa026125f3ed06c6d98c1db82f7ca027/inference/model.py#L834-L839,仅参考逻辑构造；stored shape/dtype/payload 未审计
decoder-31,decoder,CSA2,Reuse,一个共享 SwiGLU 专家,layers.30.ffn.shared_experts.w2.weight,5120 × 2304,11796480,1,https://huggingface.co/deepseek-ai/DeepSeek-V4.1-Flash/blob/2cba9e42aa026125f3ed06c6d98c1db82f7ca027/inference/model.py#L834-L839,仅参考逻辑构造；stored shape/dtype/payload 未审计
decoder-31,decoder,CSA2,Reuse,Single-Pass mHC：使用上一子层的 pre_mix,layers.30.attn_norm.weight,5120,5120,1,https://huggingface.co/deepseek-ai/DeepSeek-V4.1-Flash/blob/2cba9e42aa026125f3ed06c6d98c1db82f7ca027/inference/model.py#L919-L946,仅参考逻辑构造；stored shape/dtype/payload 未审计
decoder-31,decoder,CSA2,Reuse,Single-Pass mHC：使用上一子层的 pre_mix,layers.30.ffn_norm.weight,5120,5120,1,https://huggingface.co/deepseek-ai/DeepSeek-V4.1-Flash/blob/2cba9e42aa026125f3ed06c6d98c1db82f7ca027/inference/model.py#L919-L946,仅参考逻辑构造；stored shape/dtype/payload 未审计
decoder-31,decoder,CSA2,Reuse,Single-Pass mHC：使用上一子层的 pre_mix,layers.30.hc_attn_fn,24 × 20480,491520,1,https://huggingface.co/deepseek-ai/DeepSeek-V4.1-Flash/blob/2cba9e42aa026125f3ed06c6d98c1db82f7ca027/inference/model.py#L919-L946,仅参考逻辑构造；stored shape/dtype/payload 未审计
decoder-31,decoder,CSA2,Reuse,Single-Pass mHC：使用上一子层的 pre_mix,layers.30.hc_ffn_fn,24 × 20480,491520,1,https://huggingface.co/deepseek-ai/DeepSeek-V4.1-Flash/blob/2cba9e42aa026125f3ed06c6d98c1db82f7ca027/inference/model.py#L919-L946,仅参考逻辑构造；stored shape/dtype/payload 未审计
decoder-31,decoder,CSA2,Reuse,Single-Pass mHC：使用上一子层的 pre_mix,layers.30.hc_attn_base,24,24,1,https://huggingface.co/deepseek-ai/DeepSeek-V4.1-Flash/blob/2cba9e42aa026125f3ed06c6d98c1db82f7ca027/inference/model.py#L919-L946,仅参考逻辑构造；stored shape/dtype/payload 未审计
decoder-31,decoder,CSA2,Reuse,Single-Pass mHC：使用上一子层的 pre_mix,layers.30.hc_ffn_base,24,24,1,https://huggingface.co/deepseek-ai/DeepSeek-V4.1-Flash/blob/2cba9e42aa026125f3ed06c6d98c1db82f7ca027/inference/model.py#L919-L946,仅参考逻辑构造；stored shape/dtype/payload 未审计
decoder-31,decoder,CSA2,Reuse,Single-Pass mHC：使用上一子层的 pre_mix,layers.30.hc_attn_scale,3,3,1,https://huggingface.co/deepseek-ai/DeepSeek-V4.1-Flash/blob/2cba9e42aa026125f3ed06c6d98c1db82f7ca027/inference/model.py#L919-L946,仅参考逻辑构造；stored shape/dtype/payload 未审计
decoder-31,decoder,CSA2,Reuse,Single-Pass mHC：使用上一子层的 pre_mix,layers.30.hc_ffn_scale,3,3,1,https://huggingface.co/deepseek-ai/DeepSeek-V4.1-Flash/blob/2cba9e42aa026125f3ed06c6d98c1db82f7ca027/inference/model.py#L919-L946,仅参考逻辑构造；stored shape/dtype/payload 未审计
decoder-32,decoder,CSA2,Reuse,本层 Q、SWA KV 与分组输出投影,layers.31.attn.attn_sink,64,64,1,https://huggingface.co/deepseek-ai/DeepSeek-V4.1-Flash/blob/2cba9e42aa026125f3ed06c6d98c1db82f7ca027/inference/model.py#L622-L698,仅参考逻辑构造；stored shape/dtype/payload 未审计
decoder-32,decoder,CSA2,Reuse,本层 Q、SWA KV 与分组输出投影,layers.31.attn.wq_a.weight,1280 × 5120,6553600,1,https://huggingface.co/deepseek-ai/DeepSeek-V4.1-Flash/blob/2cba9e42aa026125f3ed06c6d98c1db82f7ca027/inference/model.py#L622-L698,仅参考逻辑构造；stored shape/dtype/payload 未审计
decoder-32,decoder,CSA2,Reuse,本层 Q、SWA KV 与分组输出投影,layers.31.attn.q_norm.weight,1280,1280,1,https://huggingface.co/deepseek-ai/DeepSeek-V4.1-Flash/blob/2cba9e42aa026125f3ed06c6d98c1db82f7ca027/inference/model.py#L622-L698,仅参考逻辑构造；stored shape/dtype/payload 未审计
decoder-32,decoder,CSA2,Reuse,本层 Q、SWA KV 与分组输出投影,layers.31.attn.wq_b.weight,32768 × 1280,41943040,1,https://huggingface.co/deepseek-ai/DeepSeek-V4.1-Flash/blob/2cba9e42aa026125f3ed06c6d98c1db82f7ca027/inference/model.py#L622-L698,仅参考逻辑构造；stored shape/dtype/payload 未审计
decoder-32,decoder,CSA2,Reuse,本层 Q、SWA KV 与分组输出投影,layers.31.attn.wkv.weight,512 × 5120,2621440,1,https://huggingface.co/deepseek-ai/DeepSeek-V4.1-Flash/blob/2cba9e42aa026125f3ed06c6d98c1db82f7ca027/inference/model.py#L622-L698,仅参考逻辑构造；stored shape/dtype/payload 未审计
decoder-32,decoder,CSA2,Reuse,本层 Q、SWA KV 与分组输出投影,layers.31.attn.kv_norm.weight,512,512,1,https://huggingface.co/deepseek-ai/DeepSeek-V4.1-Flash/blob/2cba9e42aa026125f3ed06c6d98c1db82f7ca027/inference/model.py#L622-L698,仅参考逻辑构造；stored shape/dtype/payload 未审计
decoder-32,decoder,CSA2,Reuse,本层 Q、SWA KV 与分组输出投影,layers.31.attn.wo_a.weight,8192 × 4096,33554432,1,https://huggingface.co/deepseek-ai/DeepSeek-V4.1-Flash/blob/2cba9e42aa026125f3ed06c6d98c1db82f7ca027/inference/model.py#L622-L698,仅参考逻辑构造；stored shape/dtype/payload 未审计
decoder-32,decoder,CSA2,Reuse,本层 Q、SWA KV 与分组输出投影,layers.31.attn.wo_b.weight,5120 × 8192,41943040,1,https://huggingface.co/deepseek-ai/DeepSeek-V4.1-Flash/blob/2cba9e42aa026125f3ed06c6d98c1db82f7ca027/inference/model.py#L622-L698,仅参考逻辑构造；stored shape/dtype/payload 未审计
decoder-32,decoder,CSA2,Reuse,文本/视觉分开的路由校正 bias,layers.31.ffn.gate.weight,384 × 5120,1966080,1,https://huggingface.co/deepseek-ai/DeepSeek-V4.1-Flash/blob/2cba9e42aa026125f3ed06c6d98c1db82f7ca027/inference/model.py#L796-L807,仅参考逻辑构造；stored shape/dtype/payload 未审计
decoder-32,decoder,CSA2,Reuse,文本/视觉分开的路由校正 bias,layers.31.ffn.gate.bias,384,384,1,https://huggingface.co/deepseek-ai/DeepSeek-V4.1-Flash/blob/2cba9e42aa026125f3ed06c6d98c1db82f7ca027/inference/model.py#L796-L807,仅参考逻辑构造；stored shape/dtype/payload 未审计
decoder-32,decoder,CSA2,Reuse,文本/视觉分开的路由校正 bias,layers.31.ffn.gate.bias_vl,384,384,1,https://huggingface.co/deepseek-ai/DeepSeek-V4.1-Flash/blob/2cba9e42aa026125f3ed06c6d98c1db82f7ca027/inference/model.py#L796-L807,仅参考逻辑构造；stored shape/dtype/payload 未审计
decoder-32,decoder,CSA2,Reuse,384 个路由专家 / 选 6,layers.31.ffn.experts.{e}.w1.weight,2304 × 5120,11796480,384,https://huggingface.co/deepseek-ai/DeepSeek-V4.1-Flash/blob/2cba9e42aa026125f3ed06c6d98c1db82f7ca027/inference/model.py#L834-L839,仅参考逻辑构造；stored shape/dtype/payload 未审计
decoder-32,decoder,CSA2,Reuse,384 个路由专家 / 选 6,layers.31.ffn.experts.{e}.w3.weight,2304 × 5120,11796480,384,https://huggingface.co/deepseek-ai/DeepSeek-V4.1-Flash/blob/2cba9e42aa026125f3ed06c6d98c1db82f7ca027/inference/model.py#L834-L839,仅参考逻辑构造；stored shape/dtype/payload 未审计
decoder-32,decoder,CSA2,Reuse,384 个路由专家 / 选 6,layers.31.ffn.experts.{e}.w2.weight,5120 × 2304,11796480,384,https://huggingface.co/deepseek-ai/DeepSeek-V4.1-Flash/blob/2cba9e42aa026125f3ed06c6d98c1db82f7ca027/inference/model.py#L834-L839,仅参考逻辑构造；stored shape/dtype/payload 未审计
decoder-32,decoder,CSA2,Reuse,一个共享 SwiGLU 专家,layers.31.ffn.shared_experts.w1.weight,2304 × 5120,11796480,1,https://huggingface.co/deepseek-ai/DeepSeek-V4.1-Flash/blob/2cba9e42aa026125f3ed06c6d98c1db82f7ca027/inference/model.py#L834-L839,仅参考逻辑构造；stored shape/dtype/payload 未审计
decoder-32,decoder,CSA2,Reuse,一个共享 SwiGLU 专家,layers.31.ffn.shared_experts.w3.weight,2304 × 5120,11796480,1,https://huggingface.co/deepseek-ai/DeepSeek-V4.1-Flash/blob/2cba9e42aa026125f3ed06c6d98c1db82f7ca027/inference/model.py#L834-L839,仅参考逻辑构造；stored shape/dtype/payload 未审计
decoder-32,decoder,CSA2,Reuse,一个共享 SwiGLU 专家,layers.31.ffn.shared_experts.w2.weight,5120 × 2304,11796480,1,https://huggingface.co/deepseek-ai/DeepSeek-V4.1-Flash/blob/2cba9e42aa026125f3ed06c6d98c1db82f7ca027/inference/model.py#L834-L839,仅参考逻辑构造；stored shape/dtype/payload 未审计
decoder-32,decoder,CSA2,Reuse,Single-Pass mHC：使用上一子层的 pre_mix,layers.31.attn_norm.weight,5120,5120,1,https://huggingface.co/deepseek-ai/DeepSeek-V4.1-Flash/blob/2cba9e42aa026125f3ed06c6d98c1db82f7ca027/inference/model.py#L919-L946,仅参考逻辑构造；stored shape/dtype/payload 未审计
decoder-32,decoder,CSA2,Reuse,Single-Pass mHC：使用上一子层的 pre_mix,layers.31.ffn_norm.weight,5120,5120,1,https://huggingface.co/deepseek-ai/DeepSeek-V4.1-Flash/blob/2cba9e42aa026125f3ed06c6d98c1db82f7ca027/inference/model.py#L919-L946,仅参考逻辑构造；stored shape/dtype/payload 未审计
decoder-32,decoder,CSA2,Reuse,Single-Pass mHC：使用上一子层的 pre_mix,layers.31.hc_attn_fn,24 × 20480,491520,1,https://huggingface.co/deepseek-ai/DeepSeek-V4.1-Flash/blob/2cba9e42aa026125f3ed06c6d98c1db82f7ca027/inference/model.py#L919-L946,仅参考逻辑构造；stored shape/dtype/payload 未审计
decoder-32,decoder,CSA2,Reuse,Single-Pass mHC：使用上一子层的 pre_mix,layers.31.hc_ffn_fn,24 × 20480,491520,1,https://huggingface.co/deepseek-ai/DeepSeek-V4.1-Flash/blob/2cba9e42aa026125f3ed06c6d98c1db82f7ca027/inference/model.py#L919-L946,仅参考逻辑构造；stored shape/dtype/payload 未审计
decoder-32,decoder,CSA2,Reuse,Single-Pass mHC：使用上一子层的 pre_mix,layers.31.hc_attn_base,24,24,1,https://huggingface.co/deepseek-ai/DeepSeek-V4.1-Flash/blob/2cba9e42aa026125f3ed06c6d98c1db82f7ca027/inference/model.py#L919-L946,仅参考逻辑构造；stored shape/dtype/payload 未审计
decoder-32,decoder,CSA2,Reuse,Single-Pass mHC：使用上一子层的 pre_mix,layers.31.hc_ffn_base,24,24,1,https://huggingface.co/deepseek-ai/DeepSeek-V4.1-Flash/blob/2cba9e42aa026125f3ed06c6d98c1db82f7ca027/inference/model.py#L919-L946,仅参考逻辑构造；stored shape/dtype/payload 未审计
decoder-32,decoder,CSA2,Reuse,Single-Pass mHC：使用上一子层的 pre_mix,layers.31.hc_attn_scale,3,3,1,https://huggingface.co/deepseek-ai/DeepSeek-V4.1-Flash/blob/2cba9e42aa026125f3ed06c6d98c1db82f7ca027/inference/model.py#L919-L946,仅参考逻辑构造；stored shape/dtype/payload 未审计
decoder-32,decoder,CSA2,Reuse,Single-Pass mHC：使用上一子层的 pre_mix,layers.31.hc_ffn_scale,3,3,1,https://huggingface.co/deepseek-ai/DeepSeek-V4.1-Flash/blob/2cba9e42aa026125f3ed06c6d98c1db82f7ca027/inference/model.py#L919-L946,仅参考逻辑构造；stored shape/dtype/payload 未审计
decoder-33,decoder,CSA2,Reindex,本层 Q、SWA KV 与分组输出投影,layers.32.attn.attn_sink,64,64,1,https://huggingface.co/deepseek-ai/DeepSeek-V4.1-Flash/blob/2cba9e42aa026125f3ed06c6d98c1db82f7ca027/inference/model.py#L622-L698,仅参考逻辑构造；stored shape/dtype/payload 未审计
decoder-33,decoder,CSA2,Reindex,本层 Q、SWA KV 与分组输出投影,layers.32.attn.wq_a.weight,1280 × 5120,6553600,1,https://huggingface.co/deepseek-ai/DeepSeek-V4.1-Flash/blob/2cba9e42aa026125f3ed06c6d98c1db82f7ca027/inference/model.py#L622-L698,仅参考逻辑构造；stored shape/dtype/payload 未审计
decoder-33,decoder,CSA2,Reindex,本层 Q、SWA KV 与分组输出投影,layers.32.attn.q_norm.weight,1280,1280,1,https://huggingface.co/deepseek-ai/DeepSeek-V4.1-Flash/blob/2cba9e42aa026125f3ed06c6d98c1db82f7ca027/inference/model.py#L622-L698,仅参考逻辑构造；stored shape/dtype/payload 未审计
decoder-33,decoder,CSA2,Reindex,本层 Q、SWA KV 与分组输出投影,layers.32.attn.wq_b.weight,32768 × 1280,41943040,1,https://huggingface.co/deepseek-ai/DeepSeek-V4.1-Flash/blob/2cba9e42aa026125f3ed06c6d98c1db82f7ca027/inference/model.py#L622-L698,仅参考逻辑构造；stored shape/dtype/payload 未审计
decoder-33,decoder,CSA2,Reindex,本层 Q、SWA KV 与分组输出投影,layers.32.attn.wkv.weight,512 × 5120,2621440,1,https://huggingface.co/deepseek-ai/DeepSeek-V4.1-Flash/blob/2cba9e42aa026125f3ed06c6d98c1db82f7ca027/inference/model.py#L622-L698,仅参考逻辑构造；stored shape/dtype/payload 未审计
decoder-33,decoder,CSA2,Reindex,本层 Q、SWA KV 与分组输出投影,layers.32.attn.kv_norm.weight,512,512,1,https://huggingface.co/deepseek-ai/DeepSeek-V4.1-Flash/blob/2cba9e42aa026125f3ed06c6d98c1db82f7ca027/inference/model.py#L622-L698,仅参考逻辑构造；stored shape/dtype/payload 未审计
decoder-33,decoder,CSA2,Reindex,本层 Q、SWA KV 与分组输出投影,layers.32.attn.wo_a.weight,8192 × 4096,33554432,1,https://huggingface.co/deepseek-ai/DeepSeek-V4.1-Flash/blob/2cba9e42aa026125f3ed06c6d98c1db82f7ca027/inference/model.py#L622-L698,仅参考逻辑构造；stored shape/dtype/payload 未审计
decoder-33,decoder,CSA2,Reindex,本层 Q、SWA KV 与分组输出投影,layers.32.attn.wo_b.weight,5120 × 8192,41943040,1,https://huggingface.co/deepseek-ai/DeepSeek-V4.1-Flash/blob/2cba9e42aa026125f3ed06c6d98c1db82f7ca027/inference/model.py#L622-L698,仅参考逻辑构造；stored shape/dtype/payload 未审计
decoder-33,decoder,CSA2,Reindex,本层重算 Top-K；K 只由 Full 层持有,layers.32.attn.indexer.wq_b.weight,4096 × 1280,5242880,1,https://huggingface.co/deepseek-ai/DeepSeek-V4.1-Flash/blob/2cba9e42aa026125f3ed06c6d98c1db82f7ca027/inference/model.py#L496-L525,仅参考逻辑构造；stored shape/dtype/payload 未审计
decoder-33,decoder,CSA2,Reindex,本层重算 Top-K；K 只由 Full 层持有,layers.32.attn.indexer.weights_proj.weight,32 × 5120,163840,1,https://huggingface.co/deepseek-ai/DeepSeek-V4.1-Flash/blob/2cba9e42aa026125f3ed06c6d98c1db82f7ca027/inference/model.py#L496-L525,仅参考逻辑构造；stored shape/dtype/payload 未审计
decoder-33,decoder,CSA2,Reindex,文本/视觉分开的路由校正 bias,layers.32.ffn.gate.weight,384 × 5120,1966080,1,https://huggingface.co/deepseek-ai/DeepSeek-V4.1-Flash/blob/2cba9e42aa026125f3ed06c6d98c1db82f7ca027/inference/model.py#L796-L807,仅参考逻辑构造；stored shape/dtype/payload 未审计
decoder-33,decoder,CSA2,Reindex,文本/视觉分开的路由校正 bias,layers.32.ffn.gate.bias,384,384,1,https://huggingface.co/deepseek-ai/DeepSeek-V4.1-Flash/blob/2cba9e42aa026125f3ed06c6d98c1db82f7ca027/inference/model.py#L796-L807,仅参考逻辑构造；stored shape/dtype/payload 未审计
decoder-33,decoder,CSA2,Reindex,文本/视觉分开的路由校正 bias,layers.32.ffn.gate.bias_vl,384,384,1,https://huggingface.co/deepseek-ai/DeepSeek-V4.1-Flash/blob/2cba9e42aa026125f3ed06c6d98c1db82f7ca027/inference/model.py#L796-L807,仅参考逻辑构造；stored shape/dtype/payload 未审计
decoder-33,decoder,CSA2,Reindex,384 个路由专家 / 选 6,layers.32.ffn.experts.{e}.w1.weight,2304 × 5120,11796480,384,https://huggingface.co/deepseek-ai/DeepSeek-V4.1-Flash/blob/2cba9e42aa026125f3ed06c6d98c1db82f7ca027/inference/model.py#L834-L839,仅参考逻辑构造；stored shape/dtype/payload 未审计
decoder-33,decoder,CSA2,Reindex,384 个路由专家 / 选 6,layers.32.ffn.experts.{e}.w3.weight,2304 × 5120,11796480,384,https://huggingface.co/deepseek-ai/DeepSeek-V4.1-Flash/blob/2cba9e42aa026125f3ed06c6d98c1db82f7ca027/inference/model.py#L834-L839,仅参考逻辑构造；stored shape/dtype/payload 未审计
decoder-33,decoder,CSA2,Reindex,384 个路由专家 / 选 6,layers.32.ffn.experts.{e}.w2.weight,5120 × 2304,11796480,384,https://huggingface.co/deepseek-ai/DeepSeek-V4.1-Flash/blob/2cba9e42aa026125f3ed06c6d98c1db82f7ca027/inference/model.py#L834-L839,仅参考逻辑构造；stored shape/dtype/payload 未审计
decoder-33,decoder,CSA2,Reindex,一个共享 SwiGLU 专家,layers.32.ffn.shared_experts.w1.weight,2304 × 5120,11796480,1,https://huggingface.co/deepseek-ai/DeepSeek-V4.1-Flash/blob/2cba9e42aa026125f3ed06c6d98c1db82f7ca027/inference/model.py#L834-L839,仅参考逻辑构造；stored shape/dtype/payload 未审计
decoder-33,decoder,CSA2,Reindex,一个共享 SwiGLU 专家,layers.32.ffn.shared_experts.w3.weight,2304 × 5120,11796480,1,https://huggingface.co/deepseek-ai/DeepSeek-V4.1-Flash/blob/2cba9e42aa026125f3ed06c6d98c1db82f7ca027/inference/model.py#L834-L839,仅参考逻辑构造；stored shape/dtype/payload 未审计
decoder-33,decoder,CSA2,Reindex,一个共享 SwiGLU 专家,layers.32.ffn.shared_experts.w2.weight,5120 × 2304,11796480,1,https://huggingface.co/deepseek-ai/DeepSeek-V4.1-Flash/blob/2cba9e42aa026125f3ed06c6d98c1db82f7ca027/inference/model.py#L834-L839,仅参考逻辑构造；stored shape/dtype/payload 未审计
decoder-33,decoder,CSA2,Reindex,Single-Pass mHC：使用上一子层的 pre_mix,layers.32.attn_norm.weight,5120,5120,1,https://huggingface.co/deepseek-ai/DeepSeek-V4.1-Flash/blob/2cba9e42aa026125f3ed06c6d98c1db82f7ca027/inference/model.py#L919-L946,仅参考逻辑构造；stored shape/dtype/payload 未审计
decoder-33,decoder,CSA2,Reindex,Single-Pass mHC：使用上一子层的 pre_mix,layers.32.ffn_norm.weight,5120,5120,1,https://huggingface.co/deepseek-ai/DeepSeek-V4.1-Flash/blob/2cba9e42aa026125f3ed06c6d98c1db82f7ca027/inference/model.py#L919-L946,仅参考逻辑构造；stored shape/dtype/payload 未审计
decoder-33,decoder,CSA2,Reindex,Single-Pass mHC：使用上一子层的 pre_mix,layers.32.hc_attn_fn,24 × 20480,491520,1,https://huggingface.co/deepseek-ai/DeepSeek-V4.1-Flash/blob/2cba9e42aa026125f3ed06c6d98c1db82f7ca027/inference/model.py#L919-L946,仅参考逻辑构造；stored shape/dtype/payload 未审计
decoder-33,decoder,CSA2,Reindex,Single-Pass mHC：使用上一子层的 pre_mix,layers.32.hc_ffn_fn,24 × 20480,491520,1,https://huggingface.co/deepseek-ai/DeepSeek-V4.1-Flash/blob/2cba9e42aa026125f3ed06c6d98c1db82f7ca027/inference/model.py#L919-L946,仅参考逻辑构造；stored shape/dtype/payload 未审计
decoder-33,decoder,CSA2,Reindex,Single-Pass mHC：使用上一子层的 pre_mix,layers.32.hc_attn_base,24,24,1,https://huggingface.co/deepseek-ai/DeepSeek-V4.1-Flash/blob/2cba9e42aa026125f3ed06c6d98c1db82f7ca027/inference/model.py#L919-L946,仅参考逻辑构造；stored shape/dtype/payload 未审计
decoder-33,decoder,CSA2,Reindex,Single-Pass mHC：使用上一子层的 pre_mix,layers.32.hc_ffn_base,24,24,1,https://huggingface.co/deepseek-ai/DeepSeek-V4.1-Flash/blob/2cba9e42aa026125f3ed06c6d98c1db82f7ca027/inference/model.py#L919-L946,仅参考逻辑构造；stored shape/dtype/payload 未审计
decoder-33,decoder,CSA2,Reindex,Single-Pass mHC：使用上一子层的 pre_mix,layers.32.hc_attn_scale,3,3,1,https://huggingface.co/deepseek-ai/DeepSeek-V4.1-Flash/blob/2cba9e42aa026125f3ed06c6d98c1db82f7ca027/inference/model.py#L919-L946,仅参考逻辑构造；stored shape/dtype/payload 未审计
decoder-33,decoder,CSA2,Reindex,Single-Pass mHC：使用上一子层的 pre_mix,layers.32.hc_ffn_scale,3,3,1,https://huggingface.co/deepseek-ai/DeepSeek-V4.1-Flash/blob/2cba9e42aa026125f3ed06c6d98c1db82f7ca027/inference/model.py#L919-L946,仅参考逻辑构造；stored shape/dtype/payload 未审计
decoder-34,decoder,CSA2,Reuse,本层 Q、SWA KV 与分组输出投影,layers.33.attn.attn_sink,64,64,1,https://huggingface.co/deepseek-ai/DeepSeek-V4.1-Flash/blob/2cba9e42aa026125f3ed06c6d98c1db82f7ca027/inference/model.py#L622-L698,仅参考逻辑构造；stored shape/dtype/payload 未审计
decoder-34,decoder,CSA2,Reuse,本层 Q、SWA KV 与分组输出投影,layers.33.attn.wq_a.weight,1280 × 5120,6553600,1,https://huggingface.co/deepseek-ai/DeepSeek-V4.1-Flash/blob/2cba9e42aa026125f3ed06c6d98c1db82f7ca027/inference/model.py#L622-L698,仅参考逻辑构造；stored shape/dtype/payload 未审计
decoder-34,decoder,CSA2,Reuse,本层 Q、SWA KV 与分组输出投影,layers.33.attn.q_norm.weight,1280,1280,1,https://huggingface.co/deepseek-ai/DeepSeek-V4.1-Flash/blob/2cba9e42aa026125f3ed06c6d98c1db82f7ca027/inference/model.py#L622-L698,仅参考逻辑构造；stored shape/dtype/payload 未审计
decoder-34,decoder,CSA2,Reuse,本层 Q、SWA KV 与分组输出投影,layers.33.attn.wq_b.weight,32768 × 1280,41943040,1,https://huggingface.co/deepseek-ai/DeepSeek-V4.1-Flash/blob/2cba9e42aa026125f3ed06c6d98c1db82f7ca027/inference/model.py#L622-L698,仅参考逻辑构造；stored shape/dtype/payload 未审计
decoder-34,decoder,CSA2,Reuse,本层 Q、SWA KV 与分组输出投影,layers.33.attn.wkv.weight,512 × 5120,2621440,1,https://huggingface.co/deepseek-ai/DeepSeek-V4.1-Flash/blob/2cba9e42aa026125f3ed06c6d98c1db82f7ca027/inference/model.py#L622-L698,仅参考逻辑构造；stored shape/dtype/payload 未审计
decoder-34,decoder,CSA2,Reuse,本层 Q、SWA KV 与分组输出投影,layers.33.attn.kv_norm.weight,512,512,1,https://huggingface.co/deepseek-ai/DeepSeek-V4.1-Flash/blob/2cba9e42aa026125f3ed06c6d98c1db82f7ca027/inference/model.py#L622-L698,仅参考逻辑构造；stored shape/dtype/payload 未审计
decoder-34,decoder,CSA2,Reuse,本层 Q、SWA KV 与分组输出投影,layers.33.attn.wo_a.weight,8192 × 4096,33554432,1,https://huggingface.co/deepseek-ai/DeepSeek-V4.1-Flash/blob/2cba9e42aa026125f3ed06c6d98c1db82f7ca027/inference/model.py#L622-L698,仅参考逻辑构造；stored shape/dtype/payload 未审计
decoder-34,decoder,CSA2,Reuse,本层 Q、SWA KV 与分组输出投影,layers.33.attn.wo_b.weight,5120 × 8192,41943040,1,https://huggingface.co/deepseek-ai/DeepSeek-V4.1-Flash/blob/2cba9e42aa026125f3ed06c6d98c1db82f7ca027/inference/model.py#L622-L698,仅参考逻辑构造；stored shape/dtype/payload 未审计
decoder-34,decoder,CSA2,Reuse,文本/视觉分开的路由校正 bias,layers.33.ffn.gate.weight,384 × 5120,1966080,1,https://huggingface.co/deepseek-ai/DeepSeek-V4.1-Flash/blob/2cba9e42aa026125f3ed06c6d98c1db82f7ca027/inference/model.py#L796-L807,仅参考逻辑构造；stored shape/dtype/payload 未审计
decoder-34,decoder,CSA2,Reuse,文本/视觉分开的路由校正 bias,layers.33.ffn.gate.bias,384,384,1,https://huggingface.co/deepseek-ai/DeepSeek-V4.1-Flash/blob/2cba9e42aa026125f3ed06c6d98c1db82f7ca027/inference/model.py#L796-L807,仅参考逻辑构造；stored shape/dtype/payload 未审计
decoder-34,decoder,CSA2,Reuse,文本/视觉分开的路由校正 bias,layers.33.ffn.gate.bias_vl,384,384,1,https://huggingface.co/deepseek-ai/DeepSeek-V4.1-Flash/blob/2cba9e42aa026125f3ed06c6d98c1db82f7ca027/inference/model.py#L796-L807,仅参考逻辑构造；stored shape/dtype/payload 未审计
decoder-34,decoder,CSA2,Reuse,384 个路由专家 / 选 6,layers.33.ffn.experts.{e}.w1.weight,2304 × 5120,11796480,384,https://huggingface.co/deepseek-ai/DeepSeek-V4.1-Flash/blob/2cba9e42aa026125f3ed06c6d98c1db82f7ca027/inference/model.py#L834-L839,仅参考逻辑构造；stored shape/dtype/payload 未审计
decoder-34,decoder,CSA2,Reuse,384 个路由专家 / 选 6,layers.33.ffn.experts.{e}.w3.weight,2304 × 5120,11796480,384,https://huggingface.co/deepseek-ai/DeepSeek-V4.1-Flash/blob/2cba9e42aa026125f3ed06c6d98c1db82f7ca027/inference/model.py#L834-L839,仅参考逻辑构造；stored shape/dtype/payload 未审计
decoder-34,decoder,CSA2,Reuse,384 个路由专家 / 选 6,layers.33.ffn.experts.{e}.w2.weight,5120 × 2304,11796480,384,https://huggingface.co/deepseek-ai/DeepSeek-V4.1-Flash/blob/2cba9e42aa026125f3ed06c6d98c1db82f7ca027/inference/model.py#L834-L839,仅参考逻辑构造；stored shape/dtype/payload 未审计
decoder-34,decoder,CSA2,Reuse,一个共享 SwiGLU 专家,layers.33.ffn.shared_experts.w1.weight,2304 × 5120,11796480,1,https://huggingface.co/deepseek-ai/DeepSeek-V4.1-Flash/blob/2cba9e42aa026125f3ed06c6d98c1db82f7ca027/inference/model.py#L834-L839,仅参考逻辑构造；stored shape/dtype/payload 未审计
decoder-34,decoder,CSA2,Reuse,一个共享 SwiGLU 专家,layers.33.ffn.shared_experts.w3.weight,2304 × 5120,11796480,1,https://huggingface.co/deepseek-ai/DeepSeek-V4.1-Flash/blob/2cba9e42aa026125f3ed06c6d98c1db82f7ca027/inference/model.py#L834-L839,仅参考逻辑构造；stored shape/dtype/payload 未审计
decoder-34,decoder,CSA2,Reuse,一个共享 SwiGLU 专家,layers.33.ffn.shared_experts.w2.weight,5120 × 2304,11796480,1,https://huggingface.co/deepseek-ai/DeepSeek-V4.1-Flash/blob/2cba9e42aa026125f3ed06c6d98c1db82f7ca027/inference/model.py#L834-L839,仅参考逻辑构造；stored shape/dtype/payload 未审计
decoder-34,decoder,CSA2,Reuse,Single-Pass mHC：使用上一子层的 pre_mix,layers.33.attn_norm.weight,5120,5120,1,https://huggingface.co/deepseek-ai/DeepSeek-V4.1-Flash/blob/2cba9e42aa026125f3ed06c6d98c1db82f7ca027/inference/model.py#L919-L946,仅参考逻辑构造；stored shape/dtype/payload 未审计
decoder-34,decoder,CSA2,Reuse,Single-Pass mHC：使用上一子层的 pre_mix,layers.33.ffn_norm.weight,5120,5120,1,https://huggingface.co/deepseek-ai/DeepSeek-V4.1-Flash/blob/2cba9e42aa026125f3ed06c6d98c1db82f7ca027/inference/model.py#L919-L946,仅参考逻辑构造；stored shape/dtype/payload 未审计
decoder-34,decoder,CSA2,Reuse,Single-Pass mHC：使用上一子层的 pre_mix,layers.33.hc_attn_fn,24 × 20480,491520,1,https://huggingface.co/deepseek-ai/DeepSeek-V4.1-Flash/blob/2cba9e42aa026125f3ed06c6d98c1db82f7ca027/inference/model.py#L919-L946,仅参考逻辑构造；stored shape/dtype/payload 未审计
decoder-34,decoder,CSA2,Reuse,Single-Pass mHC：使用上一子层的 pre_mix,layers.33.hc_ffn_fn,24 × 20480,491520,1,https://huggingface.co/deepseek-ai/DeepSeek-V4.1-Flash/blob/2cba9e42aa026125f3ed06c6d98c1db82f7ca027/inference/model.py#L919-L946,仅参考逻辑构造；stored shape/dtype/payload 未审计
decoder-34,decoder,CSA2,Reuse,Single-Pass mHC：使用上一子层的 pre_mix,layers.33.hc_attn_base,24,24,1,https://huggingface.co/deepseek-ai/DeepSeek-V4.1-Flash/blob/2cba9e42aa026125f3ed06c6d98c1db82f7ca027/inference/model.py#L919-L946,仅参考逻辑构造；stored shape/dtype/payload 未审计
decoder-34,decoder,CSA2,Reuse,Single-Pass mHC：使用上一子层的 pre_mix,layers.33.hc_ffn_base,24,24,1,https://huggingface.co/deepseek-ai/DeepSeek-V4.1-Flash/blob/2cba9e42aa026125f3ed06c6d98c1db82f7ca027/inference/model.py#L919-L946,仅参考逻辑构造；stored shape/dtype/payload 未审计
decoder-34,decoder,CSA2,Reuse,Single-Pass mHC：使用上一子层的 pre_mix,layers.33.hc_attn_scale,3,3,1,https://huggingface.co/deepseek-ai/DeepSeek-V4.1-Flash/blob/2cba9e42aa026125f3ed06c6d98c1db82f7ca027/inference/model.py#L919-L946,仅参考逻辑构造；stored shape/dtype/payload 未审计
decoder-34,decoder,CSA2,Reuse,Single-Pass mHC：使用上一子层的 pre_mix,layers.33.hc_ffn_scale,3,3,1,https://huggingface.co/deepseek-ai/DeepSeek-V4.1-Flash/blob/2cba9e42aa026125f3ed06c6d98c1db82f7ca027/inference/model.py#L919-L946,仅参考逻辑构造；stored shape/dtype/payload 未审计
decoder-35,decoder,CSA2,Reuse,本层 Q、SWA KV 与分组输出投影,layers.34.attn.attn_sink,64,64,1,https://huggingface.co/deepseek-ai/DeepSeek-V4.1-Flash/blob/2cba9e42aa026125f3ed06c6d98c1db82f7ca027/inference/model.py#L622-L698,仅参考逻辑构造；stored shape/dtype/payload 未审计
decoder-35,decoder,CSA2,Reuse,本层 Q、SWA KV 与分组输出投影,layers.34.attn.wq_a.weight,1280 × 5120,6553600,1,https://huggingface.co/deepseek-ai/DeepSeek-V4.1-Flash/blob/2cba9e42aa026125f3ed06c6d98c1db82f7ca027/inference/model.py#L622-L698,仅参考逻辑构造；stored shape/dtype/payload 未审计
decoder-35,decoder,CSA2,Reuse,本层 Q、SWA KV 与分组输出投影,layers.34.attn.q_norm.weight,1280,1280,1,https://huggingface.co/deepseek-ai/DeepSeek-V4.1-Flash/blob/2cba9e42aa026125f3ed06c6d98c1db82f7ca027/inference/model.py#L622-L698,仅参考逻辑构造；stored shape/dtype/payload 未审计
decoder-35,decoder,CSA2,Reuse,本层 Q、SWA KV 与分组输出投影,layers.34.attn.wq_b.weight,32768 × 1280,41943040,1,https://huggingface.co/deepseek-ai/DeepSeek-V4.1-Flash/blob/2cba9e42aa026125f3ed06c6d98c1db82f7ca027/inference/model.py#L622-L698,仅参考逻辑构造；stored shape/dtype/payload 未审计
decoder-35,decoder,CSA2,Reuse,本层 Q、SWA KV 与分组输出投影,layers.34.attn.wkv.weight,512 × 5120,2621440,1,https://huggingface.co/deepseek-ai/DeepSeek-V4.1-Flash/blob/2cba9e42aa026125f3ed06c6d98c1db82f7ca027/inference/model.py#L622-L698,仅参考逻辑构造；stored shape/dtype/payload 未审计
decoder-35,decoder,CSA2,Reuse,本层 Q、SWA KV 与分组输出投影,layers.34.attn.kv_norm.weight,512,512,1,https://huggingface.co/deepseek-ai/DeepSeek-V4.1-Flash/blob/2cba9e42aa026125f3ed06c6d98c1db82f7ca027/inference/model.py#L622-L698,仅参考逻辑构造；stored shape/dtype/payload 未审计
decoder-35,decoder,CSA2,Reuse,本层 Q、SWA KV 与分组输出投影,layers.34.attn.wo_a.weight,8192 × 4096,33554432,1,https://huggingface.co/deepseek-ai/DeepSeek-V4.1-Flash/blob/2cba9e42aa026125f3ed06c6d98c1db82f7ca027/inference/model.py#L622-L698,仅参考逻辑构造；stored shape/dtype/payload 未审计
decoder-35,decoder,CSA2,Reuse,本层 Q、SWA KV 与分组输出投影,layers.34.attn.wo_b.weight,5120 × 8192,41943040,1,https://huggingface.co/deepseek-ai/DeepSeek-V4.1-Flash/blob/2cba9e42aa026125f3ed06c6d98c1db82f7ca027/inference/model.py#L622-L698,仅参考逻辑构造；stored shape/dtype/payload 未审计
decoder-35,decoder,CSA2,Reuse,文本/视觉分开的路由校正 bias,layers.34.ffn.gate.weight,384 × 5120,1966080,1,https://huggingface.co/deepseek-ai/DeepSeek-V4.1-Flash/blob/2cba9e42aa026125f3ed06c6d98c1db82f7ca027/inference/model.py#L796-L807,仅参考逻辑构造；stored shape/dtype/payload 未审计
decoder-35,decoder,CSA2,Reuse,文本/视觉分开的路由校正 bias,layers.34.ffn.gate.bias,384,384,1,https://huggingface.co/deepseek-ai/DeepSeek-V4.1-Flash/blob/2cba9e42aa026125f3ed06c6d98c1db82f7ca027/inference/model.py#L796-L807,仅参考逻辑构造；stored shape/dtype/payload 未审计
decoder-35,decoder,CSA2,Reuse,文本/视觉分开的路由校正 bias,layers.34.ffn.gate.bias_vl,384,384,1,https://huggingface.co/deepseek-ai/DeepSeek-V4.1-Flash/blob/2cba9e42aa026125f3ed06c6d98c1db82f7ca027/inference/model.py#L796-L807,仅参考逻辑构造；stored shape/dtype/payload 未审计
decoder-35,decoder,CSA2,Reuse,384 个路由专家 / 选 6,layers.34.ffn.experts.{e}.w1.weight,2304 × 5120,11796480,384,https://huggingface.co/deepseek-ai/DeepSeek-V4.1-Flash/blob/2cba9e42aa026125f3ed06c6d98c1db82f7ca027/inference/model.py#L834-L839,仅参考逻辑构造；stored shape/dtype/payload 未审计
decoder-35,decoder,CSA2,Reuse,384 个路由专家 / 选 6,layers.34.ffn.experts.{e}.w3.weight,2304 × 5120,11796480,384,https://huggingface.co/deepseek-ai/DeepSeek-V4.1-Flash/blob/2cba9e42aa026125f3ed06c6d98c1db82f7ca027/inference/model.py#L834-L839,仅参考逻辑构造；stored shape/dtype/payload 未审计
decoder-35,decoder,CSA2,Reuse,384 个路由专家 / 选 6,layers.34.ffn.experts.{e}.w2.weight,5120 × 2304,11796480,384,https://huggingface.co/deepseek-ai/DeepSeek-V4.1-Flash/blob/2cba9e42aa026125f3ed06c6d98c1db82f7ca027/inference/model.py#L834-L839,仅参考逻辑构造；stored shape/dtype/payload 未审计
decoder-35,decoder,CSA2,Reuse,一个共享 SwiGLU 专家,layers.34.ffn.shared_experts.w1.weight,2304 × 5120,11796480,1,https://huggingface.co/deepseek-ai/DeepSeek-V4.1-Flash/blob/2cba9e42aa026125f3ed06c6d98c1db82f7ca027/inference/model.py#L834-L839,仅参考逻辑构造；stored shape/dtype/payload 未审计
decoder-35,decoder,CSA2,Reuse,一个共享 SwiGLU 专家,layers.34.ffn.shared_experts.w3.weight,2304 × 5120,11796480,1,https://huggingface.co/deepseek-ai/DeepSeek-V4.1-Flash/blob/2cba9e42aa026125f3ed06c6d98c1db82f7ca027/inference/model.py#L834-L839,仅参考逻辑构造；stored shape/dtype/payload 未审计
decoder-35,decoder,CSA2,Reuse,一个共享 SwiGLU 专家,layers.34.ffn.shared_experts.w2.weight,5120 × 2304,11796480,1,https://huggingface.co/deepseek-ai/DeepSeek-V4.1-Flash/blob/2cba9e42aa026125f3ed06c6d98c1db82f7ca027/inference/model.py#L834-L839,仅参考逻辑构造；stored shape/dtype/payload 未审计
decoder-35,decoder,CSA2,Reuse,Single-Pass mHC：使用上一子层的 pre_mix,layers.34.attn_norm.weight,5120,5120,1,https://huggingface.co/deepseek-ai/DeepSeek-V4.1-Flash/blob/2cba9e42aa026125f3ed06c6d98c1db82f7ca027/inference/model.py#L919-L946,仅参考逻辑构造；stored shape/dtype/payload 未审计
decoder-35,decoder,CSA2,Reuse,Single-Pass mHC：使用上一子层的 pre_mix,layers.34.ffn_norm.weight,5120,5120,1,https://huggingface.co/deepseek-ai/DeepSeek-V4.1-Flash/blob/2cba9e42aa026125f3ed06c6d98c1db82f7ca027/inference/model.py#L919-L946,仅参考逻辑构造；stored shape/dtype/payload 未审计
decoder-35,decoder,CSA2,Reuse,Single-Pass mHC：使用上一子层的 pre_mix,layers.34.hc_attn_fn,24 × 20480,491520,1,https://huggingface.co/deepseek-ai/DeepSeek-V4.1-Flash/blob/2cba9e42aa026125f3ed06c6d98c1db82f7ca027/inference/model.py#L919-L946,仅参考逻辑构造；stored shape/dtype/payload 未审计
decoder-35,decoder,CSA2,Reuse,Single-Pass mHC：使用上一子层的 pre_mix,layers.34.hc_ffn_fn,24 × 20480,491520,1,https://huggingface.co/deepseek-ai/DeepSeek-V4.1-Flash/blob/2cba9e42aa026125f3ed06c6d98c1db82f7ca027/inference/model.py#L919-L946,仅参考逻辑构造；stored shape/dtype/payload 未审计
decoder-35,decoder,CSA2,Reuse,Single-Pass mHC：使用上一子层的 pre_mix,layers.34.hc_attn_base,24,24,1,https://huggingface.co/deepseek-ai/DeepSeek-V4.1-Flash/blob/2cba9e42aa026125f3ed06c6d98c1db82f7ca027/inference/model.py#L919-L946,仅参考逻辑构造；stored shape/dtype/payload 未审计
decoder-35,decoder,CSA2,Reuse,Single-Pass mHC：使用上一子层的 pre_mix,layers.34.hc_ffn_base,24,24,1,https://huggingface.co/deepseek-ai/DeepSeek-V4.1-Flash/blob/2cba9e42aa026125f3ed06c6d98c1db82f7ca027/inference/model.py#L919-L946,仅参考逻辑构造；stored shape/dtype/payload 未审计
decoder-35,decoder,CSA2,Reuse,Single-Pass mHC：使用上一子层的 pre_mix,layers.34.hc_attn_scale,3,3,1,https://huggingface.co/deepseek-ai/DeepSeek-V4.1-Flash/blob/2cba9e42aa026125f3ed06c6d98c1db82f7ca027/inference/model.py#L919-L946,仅参考逻辑构造；stored shape/dtype/payload 未审计
decoder-35,decoder,CSA2,Reuse,Single-Pass mHC：使用上一子层的 pre_mix,layers.34.hc_ffn_scale,3,3,1,https://huggingface.co/deepseek-ai/DeepSeek-V4.1-Flash/blob/2cba9e42aa026125f3ed06c6d98c1db82f7ca027/inference/model.py#L919-L946,仅参考逻辑构造；stored shape/dtype/payload 未审计
decoder-36,decoder,CSA2,Reuse,本层 Q、SWA KV 与分组输出投影,layers.35.attn.attn_sink,64,64,1,https://huggingface.co/deepseek-ai/DeepSeek-V4.1-Flash/blob/2cba9e42aa026125f3ed06c6d98c1db82f7ca027/inference/model.py#L622-L698,仅参考逻辑构造；stored shape/dtype/payload 未审计
decoder-36,decoder,CSA2,Reuse,本层 Q、SWA KV 与分组输出投影,layers.35.attn.wq_a.weight,1280 × 5120,6553600,1,https://huggingface.co/deepseek-ai/DeepSeek-V4.1-Flash/blob/2cba9e42aa026125f3ed06c6d98c1db82f7ca027/inference/model.py#L622-L698,仅参考逻辑构造；stored shape/dtype/payload 未审计
decoder-36,decoder,CSA2,Reuse,本层 Q、SWA KV 与分组输出投影,layers.35.attn.q_norm.weight,1280,1280,1,https://huggingface.co/deepseek-ai/DeepSeek-V4.1-Flash/blob/2cba9e42aa026125f3ed06c6d98c1db82f7ca027/inference/model.py#L622-L698,仅参考逻辑构造；stored shape/dtype/payload 未审计
decoder-36,decoder,CSA2,Reuse,本层 Q、SWA KV 与分组输出投影,layers.35.attn.wq_b.weight,32768 × 1280,41943040,1,https://huggingface.co/deepseek-ai/DeepSeek-V4.1-Flash/blob/2cba9e42aa026125f3ed06c6d98c1db82f7ca027/inference/model.py#L622-L698,仅参考逻辑构造；stored shape/dtype/payload 未审计
decoder-36,decoder,CSA2,Reuse,本层 Q、SWA KV 与分组输出投影,layers.35.attn.wkv.weight,512 × 5120,2621440,1,https://huggingface.co/deepseek-ai/DeepSeek-V4.1-Flash/blob/2cba9e42aa026125f3ed06c6d98c1db82f7ca027/inference/model.py#L622-L698,仅参考逻辑构造；stored shape/dtype/payload 未审计
decoder-36,decoder,CSA2,Reuse,本层 Q、SWA KV 与分组输出投影,layers.35.attn.kv_norm.weight,512,512,1,https://huggingface.co/deepseek-ai/DeepSeek-V4.1-Flash/blob/2cba9e42aa026125f3ed06c6d98c1db82f7ca027/inference/model.py#L622-L698,仅参考逻辑构造；stored shape/dtype/payload 未审计
decoder-36,decoder,CSA2,Reuse,本层 Q、SWA KV 与分组输出投影,layers.35.attn.wo_a.weight,8192 × 4096,33554432,1,https://huggingface.co/deepseek-ai/DeepSeek-V4.1-Flash/blob/2cba9e42aa026125f3ed06c6d98c1db82f7ca027/inference/model.py#L622-L698,仅参考逻辑构造；stored shape/dtype/payload 未审计
decoder-36,decoder,CSA2,Reuse,本层 Q、SWA KV 与分组输出投影,layers.35.attn.wo_b.weight,5120 × 8192,41943040,1,https://huggingface.co/deepseek-ai/DeepSeek-V4.1-Flash/blob/2cba9e42aa026125f3ed06c6d98c1db82f7ca027/inference/model.py#L622-L698,仅参考逻辑构造；stored shape/dtype/payload 未审计
decoder-36,decoder,CSA2,Reuse,文本/视觉分开的路由校正 bias,layers.35.ffn.gate.weight,384 × 5120,1966080,1,https://huggingface.co/deepseek-ai/DeepSeek-V4.1-Flash/blob/2cba9e42aa026125f3ed06c6d98c1db82f7ca027/inference/model.py#L796-L807,仅参考逻辑构造；stored shape/dtype/payload 未审计
decoder-36,decoder,CSA2,Reuse,文本/视觉分开的路由校正 bias,layers.35.ffn.gate.bias,384,384,1,https://huggingface.co/deepseek-ai/DeepSeek-V4.1-Flash/blob/2cba9e42aa026125f3ed06c6d98c1db82f7ca027/inference/model.py#L796-L807,仅参考逻辑构造；stored shape/dtype/payload 未审计
decoder-36,decoder,CSA2,Reuse,文本/视觉分开的路由校正 bias,layers.35.ffn.gate.bias_vl,384,384,1,https://huggingface.co/deepseek-ai/DeepSeek-V4.1-Flash/blob/2cba9e42aa026125f3ed06c6d98c1db82f7ca027/inference/model.py#L796-L807,仅参考逻辑构造；stored shape/dtype/payload 未审计
decoder-36,decoder,CSA2,Reuse,384 个路由专家 / 选 6,layers.35.ffn.experts.{e}.w1.weight,2304 × 5120,11796480,384,https://huggingface.co/deepseek-ai/DeepSeek-V4.1-Flash/blob/2cba9e42aa026125f3ed06c6d98c1db82f7ca027/inference/model.py#L834-L839,仅参考逻辑构造；stored shape/dtype/payload 未审计
decoder-36,decoder,CSA2,Reuse,384 个路由专家 / 选 6,layers.35.ffn.experts.{e}.w3.weight,2304 × 5120,11796480,384,https://huggingface.co/deepseek-ai/DeepSeek-V4.1-Flash/blob/2cba9e42aa026125f3ed06c6d98c1db82f7ca027/inference/model.py#L834-L839,仅参考逻辑构造；stored shape/dtype/payload 未审计
decoder-36,decoder,CSA2,Reuse,384 个路由专家 / 选 6,layers.35.ffn.experts.{e}.w2.weight,5120 × 2304,11796480,384,https://huggingface.co/deepseek-ai/DeepSeek-V4.1-Flash/blob/2cba9e42aa026125f3ed06c6d98c1db82f7ca027/inference/model.py#L834-L839,仅参考逻辑构造；stored shape/dtype/payload 未审计
decoder-36,decoder,CSA2,Reuse,一个共享 SwiGLU 专家,layers.35.ffn.shared_experts.w1.weight,2304 × 5120,11796480,1,https://huggingface.co/deepseek-ai/DeepSeek-V4.1-Flash/blob/2cba9e42aa026125f3ed06c6d98c1db82f7ca027/inference/model.py#L834-L839,仅参考逻辑构造；stored shape/dtype/payload 未审计
decoder-36,decoder,CSA2,Reuse,一个共享 SwiGLU 专家,layers.35.ffn.shared_experts.w3.weight,2304 × 5120,11796480,1,https://huggingface.co/deepseek-ai/DeepSeek-V4.1-Flash/blob/2cba9e42aa026125f3ed06c6d98c1db82f7ca027/inference/model.py#L834-L839,仅参考逻辑构造；stored shape/dtype/payload 未审计
decoder-36,decoder,CSA2,Reuse,一个共享 SwiGLU 专家,layers.35.ffn.shared_experts.w2.weight,5120 × 2304,11796480,1,https://huggingface.co/deepseek-ai/DeepSeek-V4.1-Flash/blob/2cba9e42aa026125f3ed06c6d98c1db82f7ca027/inference/model.py#L834-L839,仅参考逻辑构造；stored shape/dtype/payload 未审计
decoder-36,decoder,CSA2,Reuse,Single-Pass mHC：使用上一子层的 pre_mix,layers.35.attn_norm.weight,5120,5120,1,https://huggingface.co/deepseek-ai/DeepSeek-V4.1-Flash/blob/2cba9e42aa026125f3ed06c6d98c1db82f7ca027/inference/model.py#L919-L946,仅参考逻辑构造；stored shape/dtype/payload 未审计
decoder-36,decoder,CSA2,Reuse,Single-Pass mHC：使用上一子层的 pre_mix,layers.35.ffn_norm.weight,5120,5120,1,https://huggingface.co/deepseek-ai/DeepSeek-V4.1-Flash/blob/2cba9e42aa026125f3ed06c6d98c1db82f7ca027/inference/model.py#L919-L946,仅参考逻辑构造；stored shape/dtype/payload 未审计
decoder-36,decoder,CSA2,Reuse,Single-Pass mHC：使用上一子层的 pre_mix,layers.35.hc_attn_fn,24 × 20480,491520,1,https://huggingface.co/deepseek-ai/DeepSeek-V4.1-Flash/blob/2cba9e42aa026125f3ed06c6d98c1db82f7ca027/inference/model.py#L919-L946,仅参考逻辑构造；stored shape/dtype/payload 未审计
decoder-36,decoder,CSA2,Reuse,Single-Pass mHC：使用上一子层的 pre_mix,layers.35.hc_ffn_fn,24 × 20480,491520,1,https://huggingface.co/deepseek-ai/DeepSeek-V4.1-Flash/blob/2cba9e42aa026125f3ed06c6d98c1db82f7ca027/inference/model.py#L919-L946,仅参考逻辑构造；stored shape/dtype/payload 未审计
decoder-36,decoder,CSA2,Reuse,Single-Pass mHC：使用上一子层的 pre_mix,layers.35.hc_attn_base,24,24,1,https://huggingface.co/deepseek-ai/DeepSeek-V4.1-Flash/blob/2cba9e42aa026125f3ed06c6d98c1db82f7ca027/inference/model.py#L919-L946,仅参考逻辑构造；stored shape/dtype/payload 未审计
decoder-36,decoder,CSA2,Reuse,Single-Pass mHC：使用上一子层的 pre_mix,layers.35.hc_ffn_base,24,24,1,https://huggingface.co/deepseek-ai/DeepSeek-V4.1-Flash/blob/2cba9e42aa026125f3ed06c6d98c1db82f7ca027/inference/model.py#L919-L946,仅参考逻辑构造；stored shape/dtype/payload 未审计
decoder-36,decoder,CSA2,Reuse,Single-Pass mHC：使用上一子层的 pre_mix,layers.35.hc_attn_scale,3,3,1,https://huggingface.co/deepseek-ai/DeepSeek-V4.1-Flash/blob/2cba9e42aa026125f3ed06c6d98c1db82f7ca027/inference/model.py#L919-L946,仅参考逻辑构造；stored shape/dtype/payload 未审计
decoder-36,decoder,CSA2,Reuse,Single-Pass mHC：使用上一子层的 pre_mix,layers.35.hc_ffn_scale,3,3,1,https://huggingface.co/deepseek-ai/DeepSeek-V4.1-Flash/blob/2cba9e42aa026125f3ed06c6d98c1db82f7ca027/inference/model.py#L919-L946,仅参考逻辑构造；stored shape/dtype/payload 未审计
decoder-37,decoder,CSA2,Reindex,本层 Q、SWA KV 与分组输出投影,layers.36.attn.attn_sink,64,64,1,https://huggingface.co/deepseek-ai/DeepSeek-V4.1-Flash/blob/2cba9e42aa026125f3ed06c6d98c1db82f7ca027/inference/model.py#L622-L698,仅参考逻辑构造；stored shape/dtype/payload 未审计
decoder-37,decoder,CSA2,Reindex,本层 Q、SWA KV 与分组输出投影,layers.36.attn.wq_a.weight,1280 × 5120,6553600,1,https://huggingface.co/deepseek-ai/DeepSeek-V4.1-Flash/blob/2cba9e42aa026125f3ed06c6d98c1db82f7ca027/inference/model.py#L622-L698,仅参考逻辑构造；stored shape/dtype/payload 未审计
decoder-37,decoder,CSA2,Reindex,本层 Q、SWA KV 与分组输出投影,layers.36.attn.q_norm.weight,1280,1280,1,https://huggingface.co/deepseek-ai/DeepSeek-V4.1-Flash/blob/2cba9e42aa026125f3ed06c6d98c1db82f7ca027/inference/model.py#L622-L698,仅参考逻辑构造；stored shape/dtype/payload 未审计
decoder-37,decoder,CSA2,Reindex,本层 Q、SWA KV 与分组输出投影,layers.36.attn.wq_b.weight,32768 × 1280,41943040,1,https://huggingface.co/deepseek-ai/DeepSeek-V4.1-Flash/blob/2cba9e42aa026125f3ed06c6d98c1db82f7ca027/inference/model.py#L622-L698,仅参考逻辑构造；stored shape/dtype/payload 未审计
decoder-37,decoder,CSA2,Reindex,本层 Q、SWA KV 与分组输出投影,layers.36.attn.wkv.weight,512 × 5120,2621440,1,https://huggingface.co/deepseek-ai/DeepSeek-V4.1-Flash/blob/2cba9e42aa026125f3ed06c6d98c1db82f7ca027/inference/model.py#L622-L698,仅参考逻辑构造；stored shape/dtype/payload 未审计
decoder-37,decoder,CSA2,Reindex,本层 Q、SWA KV 与分组输出投影,layers.36.attn.kv_norm.weight,512,512,1,https://huggingface.co/deepseek-ai/DeepSeek-V4.1-Flash/blob/2cba9e42aa026125f3ed06c6d98c1db82f7ca027/inference/model.py#L622-L698,仅参考逻辑构造；stored shape/dtype/payload 未审计
decoder-37,decoder,CSA2,Reindex,本层 Q、SWA KV 与分组输出投影,layers.36.attn.wo_a.weight,8192 × 4096,33554432,1,https://huggingface.co/deepseek-ai/DeepSeek-V4.1-Flash/blob/2cba9e42aa026125f3ed06c6d98c1db82f7ca027/inference/model.py#L622-L698,仅参考逻辑构造；stored shape/dtype/payload 未审计
decoder-37,decoder,CSA2,Reindex,本层 Q、SWA KV 与分组输出投影,layers.36.attn.wo_b.weight,5120 × 8192,41943040,1,https://huggingface.co/deepseek-ai/DeepSeek-V4.1-Flash/blob/2cba9e42aa026125f3ed06c6d98c1db82f7ca027/inference/model.py#L622-L698,仅参考逻辑构造；stored shape/dtype/payload 未审计
decoder-37,decoder,CSA2,Reindex,本层重算 Top-K；K 只由 Full 层持有,layers.36.attn.indexer.wq_b.weight,4096 × 1280,5242880,1,https://huggingface.co/deepseek-ai/DeepSeek-V4.1-Flash/blob/2cba9e42aa026125f3ed06c6d98c1db82f7ca027/inference/model.py#L496-L525,仅参考逻辑构造；stored shape/dtype/payload 未审计
decoder-37,decoder,CSA2,Reindex,本层重算 Top-K；K 只由 Full 层持有,layers.36.attn.indexer.weights_proj.weight,32 × 5120,163840,1,https://huggingface.co/deepseek-ai/DeepSeek-V4.1-Flash/blob/2cba9e42aa026125f3ed06c6d98c1db82f7ca027/inference/model.py#L496-L525,仅参考逻辑构造；stored shape/dtype/payload 未审计
decoder-37,decoder,CSA2,Reindex,文本/视觉分开的路由校正 bias,layers.36.ffn.gate.weight,384 × 5120,1966080,1,https://huggingface.co/deepseek-ai/DeepSeek-V4.1-Flash/blob/2cba9e42aa026125f3ed06c6d98c1db82f7ca027/inference/model.py#L796-L807,仅参考逻辑构造；stored shape/dtype/payload 未审计
decoder-37,decoder,CSA2,Reindex,文本/视觉分开的路由校正 bias,layers.36.ffn.gate.bias,384,384,1,https://huggingface.co/deepseek-ai/DeepSeek-V4.1-Flash/blob/2cba9e42aa026125f3ed06c6d98c1db82f7ca027/inference/model.py#L796-L807,仅参考逻辑构造；stored shape/dtype/payload 未审计
decoder-37,decoder,CSA2,Reindex,文本/视觉分开的路由校正 bias,layers.36.ffn.gate.bias_vl,384,384,1,https://huggingface.co/deepseek-ai/DeepSeek-V4.1-Flash/blob/2cba9e42aa026125f3ed06c6d98c1db82f7ca027/inference/model.py#L796-L807,仅参考逻辑构造；stored shape/dtype/payload 未审计
decoder-37,decoder,CSA2,Reindex,384 个路由专家 / 选 6,layers.36.ffn.experts.{e}.w1.weight,2304 × 5120,11796480,384,https://huggingface.co/deepseek-ai/DeepSeek-V4.1-Flash/blob/2cba9e42aa026125f3ed06c6d98c1db82f7ca027/inference/model.py#L834-L839,仅参考逻辑构造；stored shape/dtype/payload 未审计
decoder-37,decoder,CSA2,Reindex,384 个路由专家 / 选 6,layers.36.ffn.experts.{e}.w3.weight,2304 × 5120,11796480,384,https://huggingface.co/deepseek-ai/DeepSeek-V4.1-Flash/blob/2cba9e42aa026125f3ed06c6d98c1db82f7ca027/inference/model.py#L834-L839,仅参考逻辑构造；stored shape/dtype/payload 未审计
decoder-37,decoder,CSA2,Reindex,384 个路由专家 / 选 6,layers.36.ffn.experts.{e}.w2.weight,5120 × 2304,11796480,384,https://huggingface.co/deepseek-ai/DeepSeek-V4.1-Flash/blob/2cba9e42aa026125f3ed06c6d98c1db82f7ca027/inference/model.py#L834-L839,仅参考逻辑构造；stored shape/dtype/payload 未审计
decoder-37,decoder,CSA2,Reindex,一个共享 SwiGLU 专家,layers.36.ffn.shared_experts.w1.weight,2304 × 5120,11796480,1,https://huggingface.co/deepseek-ai/DeepSeek-V4.1-Flash/blob/2cba9e42aa026125f3ed06c6d98c1db82f7ca027/inference/model.py#L834-L839,仅参考逻辑构造；stored shape/dtype/payload 未审计
decoder-37,decoder,CSA2,Reindex,一个共享 SwiGLU 专家,layers.36.ffn.shared_experts.w3.weight,2304 × 5120,11796480,1,https://huggingface.co/deepseek-ai/DeepSeek-V4.1-Flash/blob/2cba9e42aa026125f3ed06c6d98c1db82f7ca027/inference/model.py#L834-L839,仅参考逻辑构造；stored shape/dtype/payload 未审计
decoder-37,decoder,CSA2,Reindex,一个共享 SwiGLU 专家,layers.36.ffn.shared_experts.w2.weight,5120 × 2304,11796480,1,https://huggingface.co/deepseek-ai/DeepSeek-V4.1-Flash/blob/2cba9e42aa026125f3ed06c6d98c1db82f7ca027/inference/model.py#L834-L839,仅参考逻辑构造；stored shape/dtype/payload 未审计
decoder-37,decoder,CSA2,Reindex,Single-Pass mHC：使用上一子层的 pre_mix,layers.36.attn_norm.weight,5120,5120,1,https://huggingface.co/deepseek-ai/DeepSeek-V4.1-Flash/blob/2cba9e42aa026125f3ed06c6d98c1db82f7ca027/inference/model.py#L919-L946,仅参考逻辑构造；stored shape/dtype/payload 未审计
decoder-37,decoder,CSA2,Reindex,Single-Pass mHC：使用上一子层的 pre_mix,layers.36.ffn_norm.weight,5120,5120,1,https://huggingface.co/deepseek-ai/DeepSeek-V4.1-Flash/blob/2cba9e42aa026125f3ed06c6d98c1db82f7ca027/inference/model.py#L919-L946,仅参考逻辑构造；stored shape/dtype/payload 未审计
decoder-37,decoder,CSA2,Reindex,Single-Pass mHC：使用上一子层的 pre_mix,layers.36.hc_attn_fn,24 × 20480,491520,1,https://huggingface.co/deepseek-ai/DeepSeek-V4.1-Flash/blob/2cba9e42aa026125f3ed06c6d98c1db82f7ca027/inference/model.py#L919-L946,仅参考逻辑构造；stored shape/dtype/payload 未审计
decoder-37,decoder,CSA2,Reindex,Single-Pass mHC：使用上一子层的 pre_mix,layers.36.hc_ffn_fn,24 × 20480,491520,1,https://huggingface.co/deepseek-ai/DeepSeek-V4.1-Flash/blob/2cba9e42aa026125f3ed06c6d98c1db82f7ca027/inference/model.py#L919-L946,仅参考逻辑构造；stored shape/dtype/payload 未审计
decoder-37,decoder,CSA2,Reindex,Single-Pass mHC：使用上一子层的 pre_mix,layers.36.hc_attn_base,24,24,1,https://huggingface.co/deepseek-ai/DeepSeek-V4.1-Flash/blob/2cba9e42aa026125f3ed06c6d98c1db82f7ca027/inference/model.py#L919-L946,仅参考逻辑构造；stored shape/dtype/payload 未审计
decoder-37,decoder,CSA2,Reindex,Single-Pass mHC：使用上一子层的 pre_mix,layers.36.hc_ffn_base,24,24,1,https://huggingface.co/deepseek-ai/DeepSeek-V4.1-Flash/blob/2cba9e42aa026125f3ed06c6d98c1db82f7ca027/inference/model.py#L919-L946,仅参考逻辑构造；stored shape/dtype/payload 未审计
decoder-37,decoder,CSA2,Reindex,Single-Pass mHC：使用上一子层的 pre_mix,layers.36.hc_attn_scale,3,3,1,https://huggingface.co/deepseek-ai/DeepSeek-V4.1-Flash/blob/2cba9e42aa026125f3ed06c6d98c1db82f7ca027/inference/model.py#L919-L946,仅参考逻辑构造；stored shape/dtype/payload 未审计
decoder-37,decoder,CSA2,Reindex,Single-Pass mHC：使用上一子层的 pre_mix,layers.36.hc_ffn_scale,3,3,1,https://huggingface.co/deepseek-ai/DeepSeek-V4.1-Flash/blob/2cba9e42aa026125f3ed06c6d98c1db82f7ca027/inference/model.py#L919-L946,仅参考逻辑构造；stored shape/dtype/payload 未审计
decoder-38,decoder,CSA2,Reuse,本层 Q、SWA KV 与分组输出投影,layers.37.attn.attn_sink,64,64,1,https://huggingface.co/deepseek-ai/DeepSeek-V4.1-Flash/blob/2cba9e42aa026125f3ed06c6d98c1db82f7ca027/inference/model.py#L622-L698,仅参考逻辑构造；stored shape/dtype/payload 未审计
decoder-38,decoder,CSA2,Reuse,本层 Q、SWA KV 与分组输出投影,layers.37.attn.wq_a.weight,1280 × 5120,6553600,1,https://huggingface.co/deepseek-ai/DeepSeek-V4.1-Flash/blob/2cba9e42aa026125f3ed06c6d98c1db82f7ca027/inference/model.py#L622-L698,仅参考逻辑构造；stored shape/dtype/payload 未审计
decoder-38,decoder,CSA2,Reuse,本层 Q、SWA KV 与分组输出投影,layers.37.attn.q_norm.weight,1280,1280,1,https://huggingface.co/deepseek-ai/DeepSeek-V4.1-Flash/blob/2cba9e42aa026125f3ed06c6d98c1db82f7ca027/inference/model.py#L622-L698,仅参考逻辑构造；stored shape/dtype/payload 未审计
decoder-38,decoder,CSA2,Reuse,本层 Q、SWA KV 与分组输出投影,layers.37.attn.wq_b.weight,32768 × 1280,41943040,1,https://huggingface.co/deepseek-ai/DeepSeek-V4.1-Flash/blob/2cba9e42aa026125f3ed06c6d98c1db82f7ca027/inference/model.py#L622-L698,仅参考逻辑构造；stored shape/dtype/payload 未审计
decoder-38,decoder,CSA2,Reuse,本层 Q、SWA KV 与分组输出投影,layers.37.attn.wkv.weight,512 × 5120,2621440,1,https://huggingface.co/deepseek-ai/DeepSeek-V4.1-Flash/blob/2cba9e42aa026125f3ed06c6d98c1db82f7ca027/inference/model.py#L622-L698,仅参考逻辑构造；stored shape/dtype/payload 未审计
decoder-38,decoder,CSA2,Reuse,本层 Q、SWA KV 与分组输出投影,layers.37.attn.kv_norm.weight,512,512,1,https://huggingface.co/deepseek-ai/DeepSeek-V4.1-Flash/blob/2cba9e42aa026125f3ed06c6d98c1db82f7ca027/inference/model.py#L622-L698,仅参考逻辑构造；stored shape/dtype/payload 未审计
decoder-38,decoder,CSA2,Reuse,本层 Q、SWA KV 与分组输出投影,layers.37.attn.wo_a.weight,8192 × 4096,33554432,1,https://huggingface.co/deepseek-ai/DeepSeek-V4.1-Flash/blob/2cba9e42aa026125f3ed06c6d98c1db82f7ca027/inference/model.py#L622-L698,仅参考逻辑构造；stored shape/dtype/payload 未审计
decoder-38,decoder,CSA2,Reuse,本层 Q、SWA KV 与分组输出投影,layers.37.attn.wo_b.weight,5120 × 8192,41943040,1,https://huggingface.co/deepseek-ai/DeepSeek-V4.1-Flash/blob/2cba9e42aa026125f3ed06c6d98c1db82f7ca027/inference/model.py#L622-L698,仅参考逻辑构造；stored shape/dtype/payload 未审计
decoder-38,decoder,CSA2,Reuse,文本/视觉分开的路由校正 bias,layers.37.ffn.gate.weight,384 × 5120,1966080,1,https://huggingface.co/deepseek-ai/DeepSeek-V4.1-Flash/blob/2cba9e42aa026125f3ed06c6d98c1db82f7ca027/inference/model.py#L796-L807,仅参考逻辑构造；stored shape/dtype/payload 未审计
decoder-38,decoder,CSA2,Reuse,文本/视觉分开的路由校正 bias,layers.37.ffn.gate.bias,384,384,1,https://huggingface.co/deepseek-ai/DeepSeek-V4.1-Flash/blob/2cba9e42aa026125f3ed06c6d98c1db82f7ca027/inference/model.py#L796-L807,仅参考逻辑构造；stored shape/dtype/payload 未审计
decoder-38,decoder,CSA2,Reuse,文本/视觉分开的路由校正 bias,layers.37.ffn.gate.bias_vl,384,384,1,https://huggingface.co/deepseek-ai/DeepSeek-V4.1-Flash/blob/2cba9e42aa026125f3ed06c6d98c1db82f7ca027/inference/model.py#L796-L807,仅参考逻辑构造；stored shape/dtype/payload 未审计
decoder-38,decoder,CSA2,Reuse,384 个路由专家 / 选 6,layers.37.ffn.experts.{e}.w1.weight,2304 × 5120,11796480,384,https://huggingface.co/deepseek-ai/DeepSeek-V4.1-Flash/blob/2cba9e42aa026125f3ed06c6d98c1db82f7ca027/inference/model.py#L834-L839,仅参考逻辑构造；stored shape/dtype/payload 未审计
decoder-38,decoder,CSA2,Reuse,384 个路由专家 / 选 6,layers.37.ffn.experts.{e}.w3.weight,2304 × 5120,11796480,384,https://huggingface.co/deepseek-ai/DeepSeek-V4.1-Flash/blob/2cba9e42aa026125f3ed06c6d98c1db82f7ca027/inference/model.py#L834-L839,仅参考逻辑构造；stored shape/dtype/payload 未审计
decoder-38,decoder,CSA2,Reuse,384 个路由专家 / 选 6,layers.37.ffn.experts.{e}.w2.weight,5120 × 2304,11796480,384,https://huggingface.co/deepseek-ai/DeepSeek-V4.1-Flash/blob/2cba9e42aa026125f3ed06c6d98c1db82f7ca027/inference/model.py#L834-L839,仅参考逻辑构造；stored shape/dtype/payload 未审计
decoder-38,decoder,CSA2,Reuse,一个共享 SwiGLU 专家,layers.37.ffn.shared_experts.w1.weight,2304 × 5120,11796480,1,https://huggingface.co/deepseek-ai/DeepSeek-V4.1-Flash/blob/2cba9e42aa026125f3ed06c6d98c1db82f7ca027/inference/model.py#L834-L839,仅参考逻辑构造；stored shape/dtype/payload 未审计
decoder-38,decoder,CSA2,Reuse,一个共享 SwiGLU 专家,layers.37.ffn.shared_experts.w3.weight,2304 × 5120,11796480,1,https://huggingface.co/deepseek-ai/DeepSeek-V4.1-Flash/blob/2cba9e42aa026125f3ed06c6d98c1db82f7ca027/inference/model.py#L834-L839,仅参考逻辑构造；stored shape/dtype/payload 未审计
decoder-38,decoder,CSA2,Reuse,一个共享 SwiGLU 专家,layers.37.ffn.shared_experts.w2.weight,5120 × 2304,11796480,1,https://huggingface.co/deepseek-ai/DeepSeek-V4.1-Flash/blob/2cba9e42aa026125f3ed06c6d98c1db82f7ca027/inference/model.py#L834-L839,仅参考逻辑构造；stored shape/dtype/payload 未审计
decoder-38,decoder,CSA2,Reuse,Single-Pass mHC：使用上一子层的 pre_mix,layers.37.attn_norm.weight,5120,5120,1,https://huggingface.co/deepseek-ai/DeepSeek-V4.1-Flash/blob/2cba9e42aa026125f3ed06c6d98c1db82f7ca027/inference/model.py#L919-L946,仅参考逻辑构造；stored shape/dtype/payload 未审计
decoder-38,decoder,CSA2,Reuse,Single-Pass mHC：使用上一子层的 pre_mix,layers.37.ffn_norm.weight,5120,5120,1,https://huggingface.co/deepseek-ai/DeepSeek-V4.1-Flash/blob/2cba9e42aa026125f3ed06c6d98c1db82f7ca027/inference/model.py#L919-L946,仅参考逻辑构造；stored shape/dtype/payload 未审计
decoder-38,decoder,CSA2,Reuse,Single-Pass mHC：使用上一子层的 pre_mix,layers.37.hc_attn_fn,24 × 20480,491520,1,https://huggingface.co/deepseek-ai/DeepSeek-V4.1-Flash/blob/2cba9e42aa026125f3ed06c6d98c1db82f7ca027/inference/model.py#L919-L946,仅参考逻辑构造；stored shape/dtype/payload 未审计
decoder-38,decoder,CSA2,Reuse,Single-Pass mHC：使用上一子层的 pre_mix,layers.37.hc_ffn_fn,24 × 20480,491520,1,https://huggingface.co/deepseek-ai/DeepSeek-V4.1-Flash/blob/2cba9e42aa026125f3ed06c6d98c1db82f7ca027/inference/model.py#L919-L946,仅参考逻辑构造；stored shape/dtype/payload 未审计
decoder-38,decoder,CSA2,Reuse,Single-Pass mHC：使用上一子层的 pre_mix,layers.37.hc_attn_base,24,24,1,https://huggingface.co/deepseek-ai/DeepSeek-V4.1-Flash/blob/2cba9e42aa026125f3ed06c6d98c1db82f7ca027/inference/model.py#L919-L946,仅参考逻辑构造；stored shape/dtype/payload 未审计
decoder-38,decoder,CSA2,Reuse,Single-Pass mHC：使用上一子层的 pre_mix,layers.37.hc_ffn_base,24,24,1,https://huggingface.co/deepseek-ai/DeepSeek-V4.1-Flash/blob/2cba9e42aa026125f3ed06c6d98c1db82f7ca027/inference/model.py#L919-L946,仅参考逻辑构造；stored shape/dtype/payload 未审计
decoder-38,decoder,CSA2,Reuse,Single-Pass mHC：使用上一子层的 pre_mix,layers.37.hc_attn_scale,3,3,1,https://huggingface.co/deepseek-ai/DeepSeek-V4.1-Flash/blob/2cba9e42aa026125f3ed06c6d98c1db82f7ca027/inference/model.py#L919-L946,仅参考逻辑构造；stored shape/dtype/payload 未审计
decoder-38,decoder,CSA2,Reuse,Single-Pass mHC：使用上一子层的 pre_mix,layers.37.hc_ffn_scale,3,3,1,https://huggingface.co/deepseek-ai/DeepSeek-V4.1-Flash/blob/2cba9e42aa026125f3ed06c6d98c1db82f7ca027/inference/model.py#L919-L946,仅参考逻辑构造；stored shape/dtype/payload 未审计
decoder-39,decoder,CSA2,Reuse,本层 Q、SWA KV 与分组输出投影,layers.38.attn.attn_sink,64,64,1,https://huggingface.co/deepseek-ai/DeepSeek-V4.1-Flash/blob/2cba9e42aa026125f3ed06c6d98c1db82f7ca027/inference/model.py#L622-L698,仅参考逻辑构造；stored shape/dtype/payload 未审计
decoder-39,decoder,CSA2,Reuse,本层 Q、SWA KV 与分组输出投影,layers.38.attn.wq_a.weight,1280 × 5120,6553600,1,https://huggingface.co/deepseek-ai/DeepSeek-V4.1-Flash/blob/2cba9e42aa026125f3ed06c6d98c1db82f7ca027/inference/model.py#L622-L698,仅参考逻辑构造；stored shape/dtype/payload 未审计
decoder-39,decoder,CSA2,Reuse,本层 Q、SWA KV 与分组输出投影,layers.38.attn.q_norm.weight,1280,1280,1,https://huggingface.co/deepseek-ai/DeepSeek-V4.1-Flash/blob/2cba9e42aa026125f3ed06c6d98c1db82f7ca027/inference/model.py#L622-L698,仅参考逻辑构造；stored shape/dtype/payload 未审计
decoder-39,decoder,CSA2,Reuse,本层 Q、SWA KV 与分组输出投影,layers.38.attn.wq_b.weight,32768 × 1280,41943040,1,https://huggingface.co/deepseek-ai/DeepSeek-V4.1-Flash/blob/2cba9e42aa026125f3ed06c6d98c1db82f7ca027/inference/model.py#L622-L698,仅参考逻辑构造；stored shape/dtype/payload 未审计
decoder-39,decoder,CSA2,Reuse,本层 Q、SWA KV 与分组输出投影,layers.38.attn.wkv.weight,512 × 5120,2621440,1,https://huggingface.co/deepseek-ai/DeepSeek-V4.1-Flash/blob/2cba9e42aa026125f3ed06c6d98c1db82f7ca027/inference/model.py#L622-L698,仅参考逻辑构造；stored shape/dtype/payload 未审计
decoder-39,decoder,CSA2,Reuse,本层 Q、SWA KV 与分组输出投影,layers.38.attn.kv_norm.weight,512,512,1,https://huggingface.co/deepseek-ai/DeepSeek-V4.1-Flash/blob/2cba9e42aa026125f3ed06c6d98c1db82f7ca027/inference/model.py#L622-L698,仅参考逻辑构造；stored shape/dtype/payload 未审计
decoder-39,decoder,CSA2,Reuse,本层 Q、SWA KV 与分组输出投影,layers.38.attn.wo_a.weight,8192 × 4096,33554432,1,https://huggingface.co/deepseek-ai/DeepSeek-V4.1-Flash/blob/2cba9e42aa026125f3ed06c6d98c1db82f7ca027/inference/model.py#L622-L698,仅参考逻辑构造；stored shape/dtype/payload 未审计
decoder-39,decoder,CSA2,Reuse,本层 Q、SWA KV 与分组输出投影,layers.38.attn.wo_b.weight,5120 × 8192,41943040,1,https://huggingface.co/deepseek-ai/DeepSeek-V4.1-Flash/blob/2cba9e42aa026125f3ed06c6d98c1db82f7ca027/inference/model.py#L622-L698,仅参考逻辑构造；stored shape/dtype/payload 未审计
decoder-39,decoder,CSA2,Reuse,文本/视觉分开的路由校正 bias,layers.38.ffn.gate.weight,384 × 5120,1966080,1,https://huggingface.co/deepseek-ai/DeepSeek-V4.1-Flash/blob/2cba9e42aa026125f3ed06c6d98c1db82f7ca027/inference/model.py#L796-L807,仅参考逻辑构造；stored shape/dtype/payload 未审计
decoder-39,decoder,CSA2,Reuse,文本/视觉分开的路由校正 bias,layers.38.ffn.gate.bias,384,384,1,https://huggingface.co/deepseek-ai/DeepSeek-V4.1-Flash/blob/2cba9e42aa026125f3ed06c6d98c1db82f7ca027/inference/model.py#L796-L807,仅参考逻辑构造；stored shape/dtype/payload 未审计
decoder-39,decoder,CSA2,Reuse,文本/视觉分开的路由校正 bias,layers.38.ffn.gate.bias_vl,384,384,1,https://huggingface.co/deepseek-ai/DeepSeek-V4.1-Flash/blob/2cba9e42aa026125f3ed06c6d98c1db82f7ca027/inference/model.py#L796-L807,仅参考逻辑构造；stored shape/dtype/payload 未审计
decoder-39,decoder,CSA2,Reuse,384 个路由专家 / 选 6,layers.38.ffn.experts.{e}.w1.weight,2304 × 5120,11796480,384,https://huggingface.co/deepseek-ai/DeepSeek-V4.1-Flash/blob/2cba9e42aa026125f3ed06c6d98c1db82f7ca027/inference/model.py#L834-L839,仅参考逻辑构造；stored shape/dtype/payload 未审计
decoder-39,decoder,CSA2,Reuse,384 个路由专家 / 选 6,layers.38.ffn.experts.{e}.w3.weight,2304 × 5120,11796480,384,https://huggingface.co/deepseek-ai/DeepSeek-V4.1-Flash/blob/2cba9e42aa026125f3ed06c6d98c1db82f7ca027/inference/model.py#L834-L839,仅参考逻辑构造；stored shape/dtype/payload 未审计
decoder-39,decoder,CSA2,Reuse,384 个路由专家 / 选 6,layers.38.ffn.experts.{e}.w2.weight,5120 × 2304,11796480,384,https://huggingface.co/deepseek-ai/DeepSeek-V4.1-Flash/blob/2cba9e42aa026125f3ed06c6d98c1db82f7ca027/inference/model.py#L834-L839,仅参考逻辑构造；stored shape/dtype/payload 未审计
decoder-39,decoder,CSA2,Reuse,一个共享 SwiGLU 专家,layers.38.ffn.shared_experts.w1.weight,2304 × 5120,11796480,1,https://huggingface.co/deepseek-ai/DeepSeek-V4.1-Flash/blob/2cba9e42aa026125f3ed06c6d98c1db82f7ca027/inference/model.py#L834-L839,仅参考逻辑构造；stored shape/dtype/payload 未审计
decoder-39,decoder,CSA2,Reuse,一个共享 SwiGLU 专家,layers.38.ffn.shared_experts.w3.weight,2304 × 5120,11796480,1,https://huggingface.co/deepseek-ai/DeepSeek-V4.1-Flash/blob/2cba9e42aa026125f3ed06c6d98c1db82f7ca027/inference/model.py#L834-L839,仅参考逻辑构造；stored shape/dtype/payload 未审计
decoder-39,decoder,CSA2,Reuse,一个共享 SwiGLU 专家,layers.38.ffn.shared_experts.w2.weight,5120 × 2304,11796480,1,https://huggingface.co/deepseek-ai/DeepSeek-V4.1-Flash/blob/2cba9e42aa026125f3ed06c6d98c1db82f7ca027/inference/model.py#L834-L839,仅参考逻辑构造；stored shape/dtype/payload 未审计
decoder-39,decoder,CSA2,Reuse,Single-Pass mHC：使用上一子层的 pre_mix,layers.38.attn_norm.weight,5120,5120,1,https://huggingface.co/deepseek-ai/DeepSeek-V4.1-Flash/blob/2cba9e42aa026125f3ed06c6d98c1db82f7ca027/inference/model.py#L919-L946,仅参考逻辑构造；stored shape/dtype/payload 未审计
decoder-39,decoder,CSA2,Reuse,Single-Pass mHC：使用上一子层的 pre_mix,layers.38.ffn_norm.weight,5120,5120,1,https://huggingface.co/deepseek-ai/DeepSeek-V4.1-Flash/blob/2cba9e42aa026125f3ed06c6d98c1db82f7ca027/inference/model.py#L919-L946,仅参考逻辑构造；stored shape/dtype/payload 未审计
decoder-39,decoder,CSA2,Reuse,Single-Pass mHC：使用上一子层的 pre_mix,layers.38.hc_attn_fn,24 × 20480,491520,1,https://huggingface.co/deepseek-ai/DeepSeek-V4.1-Flash/blob/2cba9e42aa026125f3ed06c6d98c1db82f7ca027/inference/model.py#L919-L946,仅参考逻辑构造；stored shape/dtype/payload 未审计
decoder-39,decoder,CSA2,Reuse,Single-Pass mHC：使用上一子层的 pre_mix,layers.38.hc_ffn_fn,24 × 20480,491520,1,https://huggingface.co/deepseek-ai/DeepSeek-V4.1-Flash/blob/2cba9e42aa026125f3ed06c6d98c1db82f7ca027/inference/model.py#L919-L946,仅参考逻辑构造；stored shape/dtype/payload 未审计
decoder-39,decoder,CSA2,Reuse,Single-Pass mHC：使用上一子层的 pre_mix,layers.38.hc_attn_base,24,24,1,https://huggingface.co/deepseek-ai/DeepSeek-V4.1-Flash/blob/2cba9e42aa026125f3ed06c6d98c1db82f7ca027/inference/model.py#L919-L946,仅参考逻辑构造；stored shape/dtype/payload 未审计
decoder-39,decoder,CSA2,Reuse,Single-Pass mHC：使用上一子层的 pre_mix,layers.38.hc_ffn_base,24,24,1,https://huggingface.co/deepseek-ai/DeepSeek-V4.1-Flash/blob/2cba9e42aa026125f3ed06c6d98c1db82f7ca027/inference/model.py#L919-L946,仅参考逻辑构造；stored shape/dtype/payload 未审计
decoder-39,decoder,CSA2,Reuse,Single-Pass mHC：使用上一子层的 pre_mix,layers.38.hc_attn_scale,3,3,1,https://huggingface.co/deepseek-ai/DeepSeek-V4.1-Flash/blob/2cba9e42aa026125f3ed06c6d98c1db82f7ca027/inference/model.py#L919-L946,仅参考逻辑构造；stored shape/dtype/payload 未审计
decoder-39,decoder,CSA2,Reuse,Single-Pass mHC：使用上一子层的 pre_mix,layers.38.hc_ffn_scale,3,3,1,https://huggingface.co/deepseek-ai/DeepSeek-V4.1-Flash/blob/2cba9e42aa026125f3ed06c6d98c1db82f7ca027/inference/model.py#L919-L946,仅参考逻辑构造；stored shape/dtype/payload 未审计
decoder-40,decoder,CSA2,Reuse,本层 Q、SWA KV 与分组输出投影,layers.39.attn.attn_sink,64,64,1,https://huggingface.co/deepseek-ai/DeepSeek-V4.1-Flash/blob/2cba9e42aa026125f3ed06c6d98c1db82f7ca027/inference/model.py#L622-L698,仅参考逻辑构造；stored shape/dtype/payload 未审计
decoder-40,decoder,CSA2,Reuse,本层 Q、SWA KV 与分组输出投影,layers.39.attn.wq_a.weight,1280 × 5120,6553600,1,https://huggingface.co/deepseek-ai/DeepSeek-V4.1-Flash/blob/2cba9e42aa026125f3ed06c6d98c1db82f7ca027/inference/model.py#L622-L698,仅参考逻辑构造；stored shape/dtype/payload 未审计
decoder-40,decoder,CSA2,Reuse,本层 Q、SWA KV 与分组输出投影,layers.39.attn.q_norm.weight,1280,1280,1,https://huggingface.co/deepseek-ai/DeepSeek-V4.1-Flash/blob/2cba9e42aa026125f3ed06c6d98c1db82f7ca027/inference/model.py#L622-L698,仅参考逻辑构造；stored shape/dtype/payload 未审计
decoder-40,decoder,CSA2,Reuse,本层 Q、SWA KV 与分组输出投影,layers.39.attn.wq_b.weight,32768 × 1280,41943040,1,https://huggingface.co/deepseek-ai/DeepSeek-V4.1-Flash/blob/2cba9e42aa026125f3ed06c6d98c1db82f7ca027/inference/model.py#L622-L698,仅参考逻辑构造；stored shape/dtype/payload 未审计
decoder-40,decoder,CSA2,Reuse,本层 Q、SWA KV 与分组输出投影,layers.39.attn.wkv.weight,512 × 5120,2621440,1,https://huggingface.co/deepseek-ai/DeepSeek-V4.1-Flash/blob/2cba9e42aa026125f3ed06c6d98c1db82f7ca027/inference/model.py#L622-L698,仅参考逻辑构造；stored shape/dtype/payload 未审计
decoder-40,decoder,CSA2,Reuse,本层 Q、SWA KV 与分组输出投影,layers.39.attn.kv_norm.weight,512,512,1,https://huggingface.co/deepseek-ai/DeepSeek-V4.1-Flash/blob/2cba9e42aa026125f3ed06c6d98c1db82f7ca027/inference/model.py#L622-L698,仅参考逻辑构造；stored shape/dtype/payload 未审计
decoder-40,decoder,CSA2,Reuse,本层 Q、SWA KV 与分组输出投影,layers.39.attn.wo_a.weight,8192 × 4096,33554432,1,https://huggingface.co/deepseek-ai/DeepSeek-V4.1-Flash/blob/2cba9e42aa026125f3ed06c6d98c1db82f7ca027/inference/model.py#L622-L698,仅参考逻辑构造；stored shape/dtype/payload 未审计
decoder-40,decoder,CSA2,Reuse,本层 Q、SWA KV 与分组输出投影,layers.39.attn.wo_b.weight,5120 × 8192,41943040,1,https://huggingface.co/deepseek-ai/DeepSeek-V4.1-Flash/blob/2cba9e42aa026125f3ed06c6d98c1db82f7ca027/inference/model.py#L622-L698,仅参考逻辑构造；stored shape/dtype/payload 未审计
decoder-40,decoder,CSA2,Reuse,文本/视觉分开的路由校正 bias,layers.39.ffn.gate.weight,384 × 5120,1966080,1,https://huggingface.co/deepseek-ai/DeepSeek-V4.1-Flash/blob/2cba9e42aa026125f3ed06c6d98c1db82f7ca027/inference/model.py#L796-L807,仅参考逻辑构造；stored shape/dtype/payload 未审计
decoder-40,decoder,CSA2,Reuse,文本/视觉分开的路由校正 bias,layers.39.ffn.gate.bias,384,384,1,https://huggingface.co/deepseek-ai/DeepSeek-V4.1-Flash/blob/2cba9e42aa026125f3ed06c6d98c1db82f7ca027/inference/model.py#L796-L807,仅参考逻辑构造；stored shape/dtype/payload 未审计
decoder-40,decoder,CSA2,Reuse,文本/视觉分开的路由校正 bias,layers.39.ffn.gate.bias_vl,384,384,1,https://huggingface.co/deepseek-ai/DeepSeek-V4.1-Flash/blob/2cba9e42aa026125f3ed06c6d98c1db82f7ca027/inference/model.py#L796-L807,仅参考逻辑构造；stored shape/dtype/payload 未审计
decoder-40,decoder,CSA2,Reuse,384 个路由专家 / 选 6,layers.39.ffn.experts.{e}.w1.weight,2304 × 5120,11796480,384,https://huggingface.co/deepseek-ai/DeepSeek-V4.1-Flash/blob/2cba9e42aa026125f3ed06c6d98c1db82f7ca027/inference/model.py#L834-L839,仅参考逻辑构造；stored shape/dtype/payload 未审计
decoder-40,decoder,CSA2,Reuse,384 个路由专家 / 选 6,layers.39.ffn.experts.{e}.w3.weight,2304 × 5120,11796480,384,https://huggingface.co/deepseek-ai/DeepSeek-V4.1-Flash/blob/2cba9e42aa026125f3ed06c6d98c1db82f7ca027/inference/model.py#L834-L839,仅参考逻辑构造；stored shape/dtype/payload 未审计
decoder-40,decoder,CSA2,Reuse,384 个路由专家 / 选 6,layers.39.ffn.experts.{e}.w2.weight,5120 × 2304,11796480,384,https://huggingface.co/deepseek-ai/DeepSeek-V4.1-Flash/blob/2cba9e42aa026125f3ed06c6d98c1db82f7ca027/inference/model.py#L834-L839,仅参考逻辑构造；stored shape/dtype/payload 未审计
decoder-40,decoder,CSA2,Reuse,一个共享 SwiGLU 专家,layers.39.ffn.shared_experts.w1.weight,2304 × 5120,11796480,1,https://huggingface.co/deepseek-ai/DeepSeek-V4.1-Flash/blob/2cba9e42aa026125f3ed06c6d98c1db82f7ca027/inference/model.py#L834-L839,仅参考逻辑构造；stored shape/dtype/payload 未审计
decoder-40,decoder,CSA2,Reuse,一个共享 SwiGLU 专家,layers.39.ffn.shared_experts.w3.weight,2304 × 5120,11796480,1,https://huggingface.co/deepseek-ai/DeepSeek-V4.1-Flash/blob/2cba9e42aa026125f3ed06c6d98c1db82f7ca027/inference/model.py#L834-L839,仅参考逻辑构造；stored shape/dtype/payload 未审计
decoder-40,decoder,CSA2,Reuse,一个共享 SwiGLU 专家,layers.39.ffn.shared_experts.w2.weight,5120 × 2304,11796480,1,https://huggingface.co/deepseek-ai/DeepSeek-V4.1-Flash/blob/2cba9e42aa026125f3ed06c6d98c1db82f7ca027/inference/model.py#L834-L839,仅参考逻辑构造；stored shape/dtype/payload 未审计
decoder-40,decoder,CSA2,Reuse,Single-Pass mHC：使用上一子层的 pre_mix,layers.39.attn_norm.weight,5120,5120,1,https://huggingface.co/deepseek-ai/DeepSeek-V4.1-Flash/blob/2cba9e42aa026125f3ed06c6d98c1db82f7ca027/inference/model.py#L919-L946,仅参考逻辑构造；stored shape/dtype/payload 未审计
decoder-40,decoder,CSA2,Reuse,Single-Pass mHC：使用上一子层的 pre_mix,layers.39.ffn_norm.weight,5120,5120,1,https://huggingface.co/deepseek-ai/DeepSeek-V4.1-Flash/blob/2cba9e42aa026125f3ed06c6d98c1db82f7ca027/inference/model.py#L919-L946,仅参考逻辑构造；stored shape/dtype/payload 未审计
decoder-40,decoder,CSA2,Reuse,Single-Pass mHC：使用上一子层的 pre_mix,layers.39.hc_attn_fn,24 × 20480,491520,1,https://huggingface.co/deepseek-ai/DeepSeek-V4.1-Flash/blob/2cba9e42aa026125f3ed06c6d98c1db82f7ca027/inference/model.py#L919-L946,仅参考逻辑构造；stored shape/dtype/payload 未审计
decoder-40,decoder,CSA2,Reuse,Single-Pass mHC：使用上一子层的 pre_mix,layers.39.hc_ffn_fn,24 × 20480,491520,1,https://huggingface.co/deepseek-ai/DeepSeek-V4.1-Flash/blob/2cba9e42aa026125f3ed06c6d98c1db82f7ca027/inference/model.py#L919-L946,仅参考逻辑构造；stored shape/dtype/payload 未审计
decoder-40,decoder,CSA2,Reuse,Single-Pass mHC：使用上一子层的 pre_mix,layers.39.hc_attn_base,24,24,1,https://huggingface.co/deepseek-ai/DeepSeek-V4.1-Flash/blob/2cba9e42aa026125f3ed06c6d98c1db82f7ca027/inference/model.py#L919-L946,仅参考逻辑构造；stored shape/dtype/payload 未审计
decoder-40,decoder,CSA2,Reuse,Single-Pass mHC：使用上一子层的 pre_mix,layers.39.hc_ffn_base,24,24,1,https://huggingface.co/deepseek-ai/DeepSeek-V4.1-Flash/blob/2cba9e42aa026125f3ed06c6d98c1db82f7ca027/inference/model.py#L919-L946,仅参考逻辑构造；stored shape/dtype/payload 未审计
decoder-40,decoder,CSA2,Reuse,Single-Pass mHC：使用上一子层的 pre_mix,layers.39.hc_attn_scale,3,3,1,https://huggingface.co/deepseek-ai/DeepSeek-V4.1-Flash/blob/2cba9e42aa026125f3ed06c6d98c1db82f7ca027/inference/model.py#L919-L946,仅参考逻辑构造；stored shape/dtype/payload 未审计
decoder-40,decoder,CSA2,Reuse,Single-Pass mHC：使用上一子层的 pre_mix,layers.39.hc_ffn_scale,3,3,1,https://huggingface.co/deepseek-ai/DeepSeek-V4.1-Flash/blob/2cba9e42aa026125f3ed06c6d98c1db82f7ca027/inference/model.py#L919-L946,仅参考逻辑构造；stored shape/dtype/payload 未审计
dspark-1,draft,SWA,SWA,本层 Q、SWA KV 与分组输出投影,mtp.0.attn.attn_sink,64,64,1,https://huggingface.co/deepseek-ai/DeepSeek-V4.1-Flash/blob/2cba9e42aa026125f3ed06c6d98c1db82f7ca027/inference/model.py#L622-L698,仅参考逻辑构造；stored shape/dtype/payload 未审计
dspark-1,draft,SWA,SWA,本层 Q、SWA KV 与分组输出投影,mtp.0.attn.wq_a.weight,1280 × 5120,6553600,1,https://huggingface.co/deepseek-ai/DeepSeek-V4.1-Flash/blob/2cba9e42aa026125f3ed06c6d98c1db82f7ca027/inference/model.py#L622-L698,仅参考逻辑构造；stored shape/dtype/payload 未审计
dspark-1,draft,SWA,SWA,本层 Q、SWA KV 与分组输出投影,mtp.0.attn.q_norm.weight,1280,1280,1,https://huggingface.co/deepseek-ai/DeepSeek-V4.1-Flash/blob/2cba9e42aa026125f3ed06c6d98c1db82f7ca027/inference/model.py#L622-L698,仅参考逻辑构造；stored shape/dtype/payload 未审计
dspark-1,draft,SWA,SWA,本层 Q、SWA KV 与分组输出投影,mtp.0.attn.wq_b.weight,32768 × 1280,41943040,1,https://huggingface.co/deepseek-ai/DeepSeek-V4.1-Flash/blob/2cba9e42aa026125f3ed06c6d98c1db82f7ca027/inference/model.py#L622-L698,仅参考逻辑构造；stored shape/dtype/payload 未审计
dspark-1,draft,SWA,SWA,本层 Q、SWA KV 与分组输出投影,mtp.0.attn.wkv.weight,512 × 5120,2621440,1,https://huggingface.co/deepseek-ai/DeepSeek-V4.1-Flash/blob/2cba9e42aa026125f3ed06c6d98c1db82f7ca027/inference/model.py#L622-L698,仅参考逻辑构造；stored shape/dtype/payload 未审计
dspark-1,draft,SWA,SWA,本层 Q、SWA KV 与分组输出投影,mtp.0.attn.kv_norm.weight,512,512,1,https://huggingface.co/deepseek-ai/DeepSeek-V4.1-Flash/blob/2cba9e42aa026125f3ed06c6d98c1db82f7ca027/inference/model.py#L622-L698,仅参考逻辑构造；stored shape/dtype/payload 未审计
dspark-1,draft,SWA,SWA,本层 Q、SWA KV 与分组输出投影,mtp.0.attn.wo_a.weight,8192 × 4096,33554432,1,https://huggingface.co/deepseek-ai/DeepSeek-V4.1-Flash/blob/2cba9e42aa026125f3ed06c6d98c1db82f7ca027/inference/model.py#L622-L698,仅参考逻辑构造；stored shape/dtype/payload 未审计
dspark-1,draft,SWA,SWA,本层 Q、SWA KV 与分组输出投影,mtp.0.attn.wo_b.weight,5120 × 8192,41943040,1,https://huggingface.co/deepseek-ai/DeepSeek-V4.1-Flash/blob/2cba9e42aa026125f3ed06c6d98c1db82f7ca027/inference/model.py#L622-L698,仅参考逻辑构造；stored shape/dtype/payload 未审计
dspark-1,draft,SWA,SWA,文本/视觉分开的路由校正 bias,mtp.0.ffn.gate.weight,128 × 5120,655360,1,https://huggingface.co/deepseek-ai/DeepSeek-V4.1-Flash/blob/2cba9e42aa026125f3ed06c6d98c1db82f7ca027/inference/model.py#L796-L807,仅参考逻辑构造；stored shape/dtype/payload 未审计
dspark-1,draft,SWA,SWA,文本/视觉分开的路由校正 bias,mtp.0.ffn.gate.bias,128,128,1,https://huggingface.co/deepseek-ai/DeepSeek-V4.1-Flash/blob/2cba9e42aa026125f3ed06c6d98c1db82f7ca027/inference/model.py#L796-L807,仅参考逻辑构造；stored shape/dtype/payload 未审计
dspark-1,draft,SWA,SWA,文本/视觉分开的路由校正 bias,mtp.0.ffn.gate.bias_vl,128,128,1,https://huggingface.co/deepseek-ai/DeepSeek-V4.1-Flash/blob/2cba9e42aa026125f3ed06c6d98c1db82f7ca027/inference/model.py#L796-L807,仅参考逻辑构造；stored shape/dtype/payload 未审计
dspark-1,draft,SWA,SWA,128 个路由专家 / 选 3,mtp.0.ffn.experts.{e}.w1.weight,2304 × 5120,11796480,128,https://huggingface.co/deepseek-ai/DeepSeek-V4.1-Flash/blob/2cba9e42aa026125f3ed06c6d98c1db82f7ca027/inference/model.py#L834-L839,仅参考逻辑构造；stored shape/dtype/payload 未审计
dspark-1,draft,SWA,SWA,128 个路由专家 / 选 3,mtp.0.ffn.experts.{e}.w3.weight,2304 × 5120,11796480,128,https://huggingface.co/deepseek-ai/DeepSeek-V4.1-Flash/blob/2cba9e42aa026125f3ed06c6d98c1db82f7ca027/inference/model.py#L834-L839,仅参考逻辑构造；stored shape/dtype/payload 未审计
dspark-1,draft,SWA,SWA,128 个路由专家 / 选 3,mtp.0.ffn.experts.{e}.w2.weight,5120 × 2304,11796480,128,https://huggingface.co/deepseek-ai/DeepSeek-V4.1-Flash/blob/2cba9e42aa026125f3ed06c6d98c1db82f7ca027/inference/model.py#L834-L839,仅参考逻辑构造；stored shape/dtype/payload 未审计
dspark-1,draft,SWA,SWA,一个共享 SwiGLU 专家,mtp.0.ffn.shared_experts.w1.weight,2304 × 5120,11796480,1,https://huggingface.co/deepseek-ai/DeepSeek-V4.1-Flash/blob/2cba9e42aa026125f3ed06c6d98c1db82f7ca027/inference/model.py#L834-L839,仅参考逻辑构造；stored shape/dtype/payload 未审计
dspark-1,draft,SWA,SWA,一个共享 SwiGLU 专家,mtp.0.ffn.shared_experts.w3.weight,2304 × 5120,11796480,1,https://huggingface.co/deepseek-ai/DeepSeek-V4.1-Flash/blob/2cba9e42aa026125f3ed06c6d98c1db82f7ca027/inference/model.py#L834-L839,仅参考逻辑构造；stored shape/dtype/payload 未审计
dspark-1,draft,SWA,SWA,一个共享 SwiGLU 专家,mtp.0.ffn.shared_experts.w2.weight,5120 × 2304,11796480,1,https://huggingface.co/deepseek-ai/DeepSeek-V4.1-Flash/blob/2cba9e42aa026125f3ed06c6d98c1db82f7ca027/inference/model.py#L834-L839,仅参考逻辑构造；stored shape/dtype/payload 未审计
dspark-1,draft,SWA,SWA,Single-Pass mHC：使用上一子层的 pre_mix,mtp.0.attn_norm.weight,5120,5120,1,https://huggingface.co/deepseek-ai/DeepSeek-V4.1-Flash/blob/2cba9e42aa026125f3ed06c6d98c1db82f7ca027/inference/model.py#L919-L946,仅参考逻辑构造；stored shape/dtype/payload 未审计
dspark-1,draft,SWA,SWA,Single-Pass mHC：使用上一子层的 pre_mix,mtp.0.ffn_norm.weight,5120,5120,1,https://huggingface.co/deepseek-ai/DeepSeek-V4.1-Flash/blob/2cba9e42aa026125f3ed06c6d98c1db82f7ca027/inference/model.py#L919-L946,仅参考逻辑构造；stored shape/dtype/payload 未审计
dspark-1,draft,SWA,SWA,Single-Pass mHC：使用上一子层的 pre_mix,mtp.0.hc_attn_fn,24 × 20480,491520,1,https://huggingface.co/deepseek-ai/DeepSeek-V4.1-Flash/blob/2cba9e42aa026125f3ed06c6d98c1db82f7ca027/inference/model.py#L919-L946,仅参考逻辑构造；stored shape/dtype/payload 未审计
dspark-1,draft,SWA,SWA,Single-Pass mHC：使用上一子层的 pre_mix,mtp.0.hc_ffn_fn,24 × 20480,491520,1,https://huggingface.co/deepseek-ai/DeepSeek-V4.1-Flash/blob/2cba9e42aa026125f3ed06c6d98c1db82f7ca027/inference/model.py#L919-L946,仅参考逻辑构造；stored shape/dtype/payload 未审计
dspark-1,draft,SWA,SWA,Single-Pass mHC：使用上一子层的 pre_mix,mtp.0.hc_attn_base,24,24,1,https://huggingface.co/deepseek-ai/DeepSeek-V4.1-Flash/blob/2cba9e42aa026125f3ed06c6d98c1db82f7ca027/inference/model.py#L919-L946,仅参考逻辑构造；stored shape/dtype/payload 未审计
dspark-1,draft,SWA,SWA,Single-Pass mHC：使用上一子层的 pre_mix,mtp.0.hc_ffn_base,24,24,1,https://huggingface.co/deepseek-ai/DeepSeek-V4.1-Flash/blob/2cba9e42aa026125f3ed06c6d98c1db82f7ca027/inference/model.py#L919-L946,仅参考逻辑构造；stored shape/dtype/payload 未审计
dspark-1,draft,SWA,SWA,Single-Pass mHC：使用上一子层的 pre_mix,mtp.0.hc_attn_scale,3,3,1,https://huggingface.co/deepseek-ai/DeepSeek-V4.1-Flash/blob/2cba9e42aa026125f3ed06c6d98c1db82f7ca027/inference/model.py#L919-L946,仅参考逻辑构造；stored shape/dtype/payload 未审计
dspark-1,draft,SWA,SWA,Single-Pass mHC：使用上一子层的 pre_mix,mtp.0.hc_ffn_scale,3,3,1,https://huggingface.co/deepseek-ai/DeepSeek-V4.1-Flash/blob/2cba9e42aa026125f3ed06c6d98c1db82f7ca027/inference/model.py#L919-L946,仅参考逻辑构造；stored shape/dtype/payload 未审计
dspark-1,draft,SWA,SWA,目标层 37/38/39 的 attention 输入均值拼接,mtp.0.main_proj.weight,5120 × 15360,78643200,1,https://huggingface.co/deepseek-ai/DeepSeek-V4.1-Flash/blob/2cba9e42aa026125f3ed06c6d98c1db82f7ca027/inference/model.py#L1105-L1120,仅参考逻辑构造；stored shape/dtype/payload 未审计
dspark-1,draft,SWA,SWA,目标层 37/38/39 的 attention 输入均值拼接,mtp.0.main_norm.weight,5120,5120,1,https://huggingface.co/deepseek-ai/DeepSeek-V4.1-Flash/blob/2cba9e42aa026125f3ed06c6d98c1db82f7ca027/inference/model.py#L1105-L1120,仅参考逻辑构造；stored shape/dtype/payload 未审计
dspark-2,draft,SWA,SWA,本层 Q、SWA KV 与分组输出投影,mtp.1.attn.attn_sink,64,64,1,https://huggingface.co/deepseek-ai/DeepSeek-V4.1-Flash/blob/2cba9e42aa026125f3ed06c6d98c1db82f7ca027/inference/model.py#L622-L698,仅参考逻辑构造；stored shape/dtype/payload 未审计
dspark-2,draft,SWA,SWA,本层 Q、SWA KV 与分组输出投影,mtp.1.attn.wq_a.weight,1280 × 5120,6553600,1,https://huggingface.co/deepseek-ai/DeepSeek-V4.1-Flash/blob/2cba9e42aa026125f3ed06c6d98c1db82f7ca027/inference/model.py#L622-L698,仅参考逻辑构造；stored shape/dtype/payload 未审计
dspark-2,draft,SWA,SWA,本层 Q、SWA KV 与分组输出投影,mtp.1.attn.q_norm.weight,1280,1280,1,https://huggingface.co/deepseek-ai/DeepSeek-V4.1-Flash/blob/2cba9e42aa026125f3ed06c6d98c1db82f7ca027/inference/model.py#L622-L698,仅参考逻辑构造；stored shape/dtype/payload 未审计
dspark-2,draft,SWA,SWA,本层 Q、SWA KV 与分组输出投影,mtp.1.attn.wq_b.weight,32768 × 1280,41943040,1,https://huggingface.co/deepseek-ai/DeepSeek-V4.1-Flash/blob/2cba9e42aa026125f3ed06c6d98c1db82f7ca027/inference/model.py#L622-L698,仅参考逻辑构造；stored shape/dtype/payload 未审计
dspark-2,draft,SWA,SWA,本层 Q、SWA KV 与分组输出投影,mtp.1.attn.wkv.weight,512 × 5120,2621440,1,https://huggingface.co/deepseek-ai/DeepSeek-V4.1-Flash/blob/2cba9e42aa026125f3ed06c6d98c1db82f7ca027/inference/model.py#L622-L698,仅参考逻辑构造；stored shape/dtype/payload 未审计
dspark-2,draft,SWA,SWA,本层 Q、SWA KV 与分组输出投影,mtp.1.attn.kv_norm.weight,512,512,1,https://huggingface.co/deepseek-ai/DeepSeek-V4.1-Flash/blob/2cba9e42aa026125f3ed06c6d98c1db82f7ca027/inference/model.py#L622-L698,仅参考逻辑构造；stored shape/dtype/payload 未审计
dspark-2,draft,SWA,SWA,本层 Q、SWA KV 与分组输出投影,mtp.1.attn.wo_a.weight,8192 × 4096,33554432,1,https://huggingface.co/deepseek-ai/DeepSeek-V4.1-Flash/blob/2cba9e42aa026125f3ed06c6d98c1db82f7ca027/inference/model.py#L622-L698,仅参考逻辑构造；stored shape/dtype/payload 未审计
dspark-2,draft,SWA,SWA,本层 Q、SWA KV 与分组输出投影,mtp.1.attn.wo_b.weight,5120 × 8192,41943040,1,https://huggingface.co/deepseek-ai/DeepSeek-V4.1-Flash/blob/2cba9e42aa026125f3ed06c6d98c1db82f7ca027/inference/model.py#L622-L698,仅参考逻辑构造；stored shape/dtype/payload 未审计
dspark-2,draft,SWA,SWA,文本/视觉分开的路由校正 bias,mtp.1.ffn.gate.weight,128 × 5120,655360,1,https://huggingface.co/deepseek-ai/DeepSeek-V4.1-Flash/blob/2cba9e42aa026125f3ed06c6d98c1db82f7ca027/inference/model.py#L796-L807,仅参考逻辑构造；stored shape/dtype/payload 未审计
dspark-2,draft,SWA,SWA,文本/视觉分开的路由校正 bias,mtp.1.ffn.gate.bias,128,128,1,https://huggingface.co/deepseek-ai/DeepSeek-V4.1-Flash/blob/2cba9e42aa026125f3ed06c6d98c1db82f7ca027/inference/model.py#L796-L807,仅参考逻辑构造；stored shape/dtype/payload 未审计
dspark-2,draft,SWA,SWA,文本/视觉分开的路由校正 bias,mtp.1.ffn.gate.bias_vl,128,128,1,https://huggingface.co/deepseek-ai/DeepSeek-V4.1-Flash/blob/2cba9e42aa026125f3ed06c6d98c1db82f7ca027/inference/model.py#L796-L807,仅参考逻辑构造；stored shape/dtype/payload 未审计
dspark-2,draft,SWA,SWA,128 个路由专家 / 选 3,mtp.1.ffn.experts.{e}.w1.weight,2304 × 5120,11796480,128,https://huggingface.co/deepseek-ai/DeepSeek-V4.1-Flash/blob/2cba9e42aa026125f3ed06c6d98c1db82f7ca027/inference/model.py#L834-L839,仅参考逻辑构造；stored shape/dtype/payload 未审计
dspark-2,draft,SWA,SWA,128 个路由专家 / 选 3,mtp.1.ffn.experts.{e}.w3.weight,2304 × 5120,11796480,128,https://huggingface.co/deepseek-ai/DeepSeek-V4.1-Flash/blob/2cba9e42aa026125f3ed06c6d98c1db82f7ca027/inference/model.py#L834-L839,仅参考逻辑构造；stored shape/dtype/payload 未审计
dspark-2,draft,SWA,SWA,128 个路由专家 / 选 3,mtp.1.ffn.experts.{e}.w2.weight,5120 × 2304,11796480,128,https://huggingface.co/deepseek-ai/DeepSeek-V4.1-Flash/blob/2cba9e42aa026125f3ed06c6d98c1db82f7ca027/inference/model.py#L834-L839,仅参考逻辑构造；stored shape/dtype/payload 未审计
dspark-2,draft,SWA,SWA,一个共享 SwiGLU 专家,mtp.1.ffn.shared_experts.w1.weight,2304 × 5120,11796480,1,https://huggingface.co/deepseek-ai/DeepSeek-V4.1-Flash/blob/2cba9e42aa026125f3ed06c6d98c1db82f7ca027/inference/model.py#L834-L839,仅参考逻辑构造；stored shape/dtype/payload 未审计
dspark-2,draft,SWA,SWA,一个共享 SwiGLU 专家,mtp.1.ffn.shared_experts.w3.weight,2304 × 5120,11796480,1,https://huggingface.co/deepseek-ai/DeepSeek-V4.1-Flash/blob/2cba9e42aa026125f3ed06c6d98c1db82f7ca027/inference/model.py#L834-L839,仅参考逻辑构造；stored shape/dtype/payload 未审计
dspark-2,draft,SWA,SWA,一个共享 SwiGLU 专家,mtp.1.ffn.shared_experts.w2.weight,5120 × 2304,11796480,1,https://huggingface.co/deepseek-ai/DeepSeek-V4.1-Flash/blob/2cba9e42aa026125f3ed06c6d98c1db82f7ca027/inference/model.py#L834-L839,仅参考逻辑构造；stored shape/dtype/payload 未审计
dspark-2,draft,SWA,SWA,Single-Pass mHC：使用上一子层的 pre_mix,mtp.1.attn_norm.weight,5120,5120,1,https://huggingface.co/deepseek-ai/DeepSeek-V4.1-Flash/blob/2cba9e42aa026125f3ed06c6d98c1db82f7ca027/inference/model.py#L919-L946,仅参考逻辑构造；stored shape/dtype/payload 未审计
dspark-2,draft,SWA,SWA,Single-Pass mHC：使用上一子层的 pre_mix,mtp.1.ffn_norm.weight,5120,5120,1,https://huggingface.co/deepseek-ai/DeepSeek-V4.1-Flash/blob/2cba9e42aa026125f3ed06c6d98c1db82f7ca027/inference/model.py#L919-L946,仅参考逻辑构造；stored shape/dtype/payload 未审计
dspark-2,draft,SWA,SWA,Single-Pass mHC：使用上一子层的 pre_mix,mtp.1.hc_attn_fn,24 × 20480,491520,1,https://huggingface.co/deepseek-ai/DeepSeek-V4.1-Flash/blob/2cba9e42aa026125f3ed06c6d98c1db82f7ca027/inference/model.py#L919-L946,仅参考逻辑构造；stored shape/dtype/payload 未审计
dspark-2,draft,SWA,SWA,Single-Pass mHC：使用上一子层的 pre_mix,mtp.1.hc_ffn_fn,24 × 20480,491520,1,https://huggingface.co/deepseek-ai/DeepSeek-V4.1-Flash/blob/2cba9e42aa026125f3ed06c6d98c1db82f7ca027/inference/model.py#L919-L946,仅参考逻辑构造；stored shape/dtype/payload 未审计
dspark-2,draft,SWA,SWA,Single-Pass mHC：使用上一子层的 pre_mix,mtp.1.hc_attn_base,24,24,1,https://huggingface.co/deepseek-ai/DeepSeek-V4.1-Flash/blob/2cba9e42aa026125f3ed06c6d98c1db82f7ca027/inference/model.py#L919-L946,仅参考逻辑构造；stored shape/dtype/payload 未审计
dspark-2,draft,SWA,SWA,Single-Pass mHC：使用上一子层的 pre_mix,mtp.1.hc_ffn_base,24,24,1,https://huggingface.co/deepseek-ai/DeepSeek-V4.1-Flash/blob/2cba9e42aa026125f3ed06c6d98c1db82f7ca027/inference/model.py#L919-L946,仅参考逻辑构造；stored shape/dtype/payload 未审计
dspark-2,draft,SWA,SWA,Single-Pass mHC：使用上一子层的 pre_mix,mtp.1.hc_attn_scale,3,3,1,https://huggingface.co/deepseek-ai/DeepSeek-V4.1-Flash/blob/2cba9e42aa026125f3ed06c6d98c1db82f7ca027/inference/model.py#L919-L946,仅参考逻辑构造；stored shape/dtype/payload 未审计
dspark-2,draft,SWA,SWA,Single-Pass mHC：使用上一子层的 pre_mix,mtp.1.hc_ffn_scale,3,3,1,https://huggingface.co/deepseek-ai/DeepSeek-V4.1-Flash/blob/2cba9e42aa026125f3ed06c6d98c1db82f7ca027/inference/model.py#L919-L946,仅参考逻辑构造；stored shape/dtype/payload 未审计
dspark-3,draft,SWA,SWA,本层 Q、SWA KV 与分组输出投影,mtp.2.attn.attn_sink,64,64,1,https://huggingface.co/deepseek-ai/DeepSeek-V4.1-Flash/blob/2cba9e42aa026125f3ed06c6d98c1db82f7ca027/inference/model.py#L622-L698,仅参考逻辑构造；stored shape/dtype/payload 未审计
dspark-3,draft,SWA,SWA,本层 Q、SWA KV 与分组输出投影,mtp.2.attn.wq_a.weight,1280 × 5120,6553600,1,https://huggingface.co/deepseek-ai/DeepSeek-V4.1-Flash/blob/2cba9e42aa026125f3ed06c6d98c1db82f7ca027/inference/model.py#L622-L698,仅参考逻辑构造；stored shape/dtype/payload 未审计
dspark-3,draft,SWA,SWA,本层 Q、SWA KV 与分组输出投影,mtp.2.attn.q_norm.weight,1280,1280,1,https://huggingface.co/deepseek-ai/DeepSeek-V4.1-Flash/blob/2cba9e42aa026125f3ed06c6d98c1db82f7ca027/inference/model.py#L622-L698,仅参考逻辑构造；stored shape/dtype/payload 未审计
dspark-3,draft,SWA,SWA,本层 Q、SWA KV 与分组输出投影,mtp.2.attn.wq_b.weight,32768 × 1280,41943040,1,https://huggingface.co/deepseek-ai/DeepSeek-V4.1-Flash/blob/2cba9e42aa026125f3ed06c6d98c1db82f7ca027/inference/model.py#L622-L698,仅参考逻辑构造；stored shape/dtype/payload 未审计
dspark-3,draft,SWA,SWA,本层 Q、SWA KV 与分组输出投影,mtp.2.attn.wkv.weight,512 × 5120,2621440,1,https://huggingface.co/deepseek-ai/DeepSeek-V4.1-Flash/blob/2cba9e42aa026125f3ed06c6d98c1db82f7ca027/inference/model.py#L622-L698,仅参考逻辑构造；stored shape/dtype/payload 未审计
dspark-3,draft,SWA,SWA,本层 Q、SWA KV 与分组输出投影,mtp.2.attn.kv_norm.weight,512,512,1,https://huggingface.co/deepseek-ai/DeepSeek-V4.1-Flash/blob/2cba9e42aa026125f3ed06c6d98c1db82f7ca027/inference/model.py#L622-L698,仅参考逻辑构造；stored shape/dtype/payload 未审计
dspark-3,draft,SWA,SWA,本层 Q、SWA KV 与分组输出投影,mtp.2.attn.wo_a.weight,8192 × 4096,33554432,1,https://huggingface.co/deepseek-ai/DeepSeek-V4.1-Flash/blob/2cba9e42aa026125f3ed06c6d98c1db82f7ca027/inference/model.py#L622-L698,仅参考逻辑构造；stored shape/dtype/payload 未审计
dspark-3,draft,SWA,SWA,本层 Q、SWA KV 与分组输出投影,mtp.2.attn.wo_b.weight,5120 × 8192,41943040,1,https://huggingface.co/deepseek-ai/DeepSeek-V4.1-Flash/blob/2cba9e42aa026125f3ed06c6d98c1db82f7ca027/inference/model.py#L622-L698,仅参考逻辑构造；stored shape/dtype/payload 未审计
dspark-3,draft,SWA,SWA,文本/视觉分开的路由校正 bias,mtp.2.ffn.gate.weight,128 × 5120,655360,1,https://huggingface.co/deepseek-ai/DeepSeek-V4.1-Flash/blob/2cba9e42aa026125f3ed06c6d98c1db82f7ca027/inference/model.py#L796-L807,仅参考逻辑构造；stored shape/dtype/payload 未审计
dspark-3,draft,SWA,SWA,文本/视觉分开的路由校正 bias,mtp.2.ffn.gate.bias,128,128,1,https://huggingface.co/deepseek-ai/DeepSeek-V4.1-Flash/blob/2cba9e42aa026125f3ed06c6d98c1db82f7ca027/inference/model.py#L796-L807,仅参考逻辑构造；stored shape/dtype/payload 未审计
dspark-3,draft,SWA,SWA,文本/视觉分开的路由校正 bias,mtp.2.ffn.gate.bias_vl,128,128,1,https://huggingface.co/deepseek-ai/DeepSeek-V4.1-Flash/blob/2cba9e42aa026125f3ed06c6d98c1db82f7ca027/inference/model.py#L796-L807,仅参考逻辑构造；stored shape/dtype/payload 未审计
dspark-3,draft,SWA,SWA,128 个路由专家 / 选 3,mtp.2.ffn.experts.{e}.w1.weight,2304 × 5120,11796480,128,https://huggingface.co/deepseek-ai/DeepSeek-V4.1-Flash/blob/2cba9e42aa026125f3ed06c6d98c1db82f7ca027/inference/model.py#L834-L839,仅参考逻辑构造；stored shape/dtype/payload 未审计
dspark-3,draft,SWA,SWA,128 个路由专家 / 选 3,mtp.2.ffn.experts.{e}.w3.weight,2304 × 5120,11796480,128,https://huggingface.co/deepseek-ai/DeepSeek-V4.1-Flash/blob/2cba9e42aa026125f3ed06c6d98c1db82f7ca027/inference/model.py#L834-L839,仅参考逻辑构造；stored shape/dtype/payload 未审计
dspark-3,draft,SWA,SWA,128 个路由专家 / 选 3,mtp.2.ffn.experts.{e}.w2.weight,5120 × 2304,11796480,128,https://huggingface.co/deepseek-ai/DeepSeek-V4.1-Flash/blob/2cba9e42aa026125f3ed06c6d98c1db82f7ca027/inference/model.py#L834-L839,仅参考逻辑构造；stored shape/dtype/payload 未审计
dspark-3,draft,SWA,SWA,一个共享 SwiGLU 专家,mtp.2.ffn.shared_experts.w1.weight,2304 × 5120,11796480,1,https://huggingface.co/deepseek-ai/DeepSeek-V4.1-Flash/blob/2cba9e42aa026125f3ed06c6d98c1db82f7ca027/inference/model.py#L834-L839,仅参考逻辑构造；stored shape/dtype/payload 未审计
dspark-3,draft,SWA,SWA,一个共享 SwiGLU 专家,mtp.2.ffn.shared_experts.w3.weight,2304 × 5120,11796480,1,https://huggingface.co/deepseek-ai/DeepSeek-V4.1-Flash/blob/2cba9e42aa026125f3ed06c6d98c1db82f7ca027/inference/model.py#L834-L839,仅参考逻辑构造；stored shape/dtype/payload 未审计
dspark-3,draft,SWA,SWA,一个共享 SwiGLU 专家,mtp.2.ffn.shared_experts.w2.weight,5120 × 2304,11796480,1,https://huggingface.co/deepseek-ai/DeepSeek-V4.1-Flash/blob/2cba9e42aa026125f3ed06c6d98c1db82f7ca027/inference/model.py#L834-L839,仅参考逻辑构造；stored shape/dtype/payload 未审计
dspark-3,draft,SWA,SWA,Single-Pass mHC：使用上一子层的 pre_mix,mtp.2.attn_norm.weight,5120,5120,1,https://huggingface.co/deepseek-ai/DeepSeek-V4.1-Flash/blob/2cba9e42aa026125f3ed06c6d98c1db82f7ca027/inference/model.py#L919-L946,仅参考逻辑构造；stored shape/dtype/payload 未审计
dspark-3,draft,SWA,SWA,Single-Pass mHC：使用上一子层的 pre_mix,mtp.2.ffn_norm.weight,5120,5120,1,https://huggingface.co/deepseek-ai/DeepSeek-V4.1-Flash/blob/2cba9e42aa026125f3ed06c6d98c1db82f7ca027/inference/model.py#L919-L946,仅参考逻辑构造；stored shape/dtype/payload 未审计
dspark-3,draft,SWA,SWA,Single-Pass mHC：使用上一子层的 pre_mix,mtp.2.hc_attn_fn,24 × 20480,491520,1,https://huggingface.co/deepseek-ai/DeepSeek-V4.1-Flash/blob/2cba9e42aa026125f3ed06c6d98c1db82f7ca027/inference/model.py#L919-L946,仅参考逻辑构造；stored shape/dtype/payload 未审计
dspark-3,draft,SWA,SWA,Single-Pass mHC：使用上一子层的 pre_mix,mtp.2.hc_ffn_fn,24 × 20480,491520,1,https://huggingface.co/deepseek-ai/DeepSeek-V4.1-Flash/blob/2cba9e42aa026125f3ed06c6d98c1db82f7ca027/inference/model.py#L919-L946,仅参考逻辑构造；stored shape/dtype/payload 未审计
dspark-3,draft,SWA,SWA,Single-Pass mHC：使用上一子层的 pre_mix,mtp.2.hc_attn_base,24,24,1,https://huggingface.co/deepseek-ai/DeepSeek-V4.1-Flash/blob/2cba9e42aa026125f3ed06c6d98c1db82f7ca027/inference/model.py#L919-L946,仅参考逻辑构造；stored shape/dtype/payload 未审计
dspark-3,draft,SWA,SWA,Single-Pass mHC：使用上一子层的 pre_mix,mtp.2.hc_ffn_base,24,24,1,https://huggingface.co/deepseek-ai/DeepSeek-V4.1-Flash/blob/2cba9e42aa026125f3ed06c6d98c1db82f7ca027/inference/model.py#L919-L946,仅参考逻辑构造；stored shape/dtype/payload 未审计
dspark-3,draft,SWA,SWA,Single-Pass mHC：使用上一子层的 pre_mix,mtp.2.hc_attn_scale,3,3,1,https://huggingface.co/deepseek-ai/DeepSeek-V4.1-Flash/blob/2cba9e42aa026125f3ed06c6d98c1db82f7ca027/inference/model.py#L919-L946,仅参考逻辑构造；stored shape/dtype/payload 未审计
dspark-3,draft,SWA,SWA,Single-Pass mHC：使用上一子层的 pre_mix,mtp.2.hc_ffn_scale,3,3,1,https://huggingface.co/deepseek-ai/DeepSeek-V4.1-Flash/blob/2cba9e42aa026125f3ed06c6d98c1db82f7ca027/inference/model.py#L919-L946,仅参考逻辑构造；stored shape/dtype/payload 未审计
dspark-3,draft,SWA,SWA,Markov 修正与 confidence（目标 LM head 共享）,mtp.2.norm.weight,5120,5120,1,https://huggingface.co/deepseek-ai/DeepSeek-V4.1-Flash/blob/2cba9e42aa026125f3ed06c6d98c1db82f7ca027/inference/model.py#L1105-L1120,仅参考逻辑构造；stored shape/dtype/payload 未审计
dspark-3,draft,SWA,SWA,Markov 修正与 confidence（目标 LM head 共享）,mtp.2.markov_head.embed.weight,129280 × 256,33095680,1,https://huggingface.co/deepseek-ai/DeepSeek-V4.1-Flash/blob/2cba9e42aa026125f3ed06c6d98c1db82f7ca027/inference/model.py#L1078-L1081,仅参考逻辑构造；stored shape/dtype/payload 未审计
dspark-3,draft,SWA,SWA,Markov 修正与 confidence（目标 LM head 共享）,mtp.2.markov_head.head.weight,129280 × 256,33095680,1,https://huggingface.co/deepseek-ai/DeepSeek-V4.1-Flash/blob/2cba9e42aa026125f3ed06c6d98c1db82f7ca027/inference/model.py#L1078-L1081,仅参考逻辑构造；stored shape/dtype/payload 未审计
dspark-3,draft,SWA,SWA,Markov 修正与 confidence（目标 LM head 共享）,mtp.2.confidence_head.proj.weight,1 × 5376,5376,1,https://huggingface.co/deepseek-ai/DeepSeek-V4.1-Flash/blob/2cba9e42aa026125f3ed06c6d98c1db82f7ca027/inference/model.py#L1090-L1093,仅参考逻辑构造；stored shape/dtype/payload 未审计
vision-1,vision,Vision,,2D RoPE / 双向 attention / SwiGLU,vision.blocks.0.attn.wqkv.weight,3072 × 1024,3145728,1,https://huggingface.co/deepseek-ai/DeepSeek-V4.1-Flash/blob/2cba9e42aa026125f3ed06c6d98c1db82f7ca027/inference/vision.py#L47-L52,仅参考逻辑构造；stored shape/dtype/payload 未审计
vision-1,vision,Vision,,2D RoPE / 双向 attention / SwiGLU,vision.blocks.0.attn.wqkv.bias,3072,3072,1,https://huggingface.co/deepseek-ai/DeepSeek-V4.1-Flash/blob/2cba9e42aa026125f3ed06c6d98c1db82f7ca027/inference/vision.py#L47-L52,仅参考逻辑构造；stored shape/dtype/payload 未审计
vision-1,vision,Vision,,2D RoPE / 双向 attention / SwiGLU,vision.blocks.0.attn.wo.weight,1024 × 1024,1048576,1,https://huggingface.co/deepseek-ai/DeepSeek-V4.1-Flash/blob/2cba9e42aa026125f3ed06c6d98c1db82f7ca027/inference/vision.py#L47-L52,仅参考逻辑构造；stored shape/dtype/payload 未审计
vision-1,vision,Vision,,2D RoPE / 双向 attention / SwiGLU,vision.blocks.0.attn.wo.bias,1024,1024,1,https://huggingface.co/deepseek-ai/DeepSeek-V4.1-Flash/blob/2cba9e42aa026125f3ed06c6d98c1db82f7ca027/inference/vision.py#L47-L52,仅参考逻辑构造；stored shape/dtype/payload 未审计
vision-1,vision,Vision,,2D RoPE / 双向 attention / SwiGLU,vision.blocks.0.mlp.w1.weight,5632 × 1024,5767168,1,https://huggingface.co/deepseek-ai/DeepSeek-V4.1-Flash/blob/2cba9e42aa026125f3ed06c6d98c1db82f7ca027/inference/vision.py#L64-L67,仅参考逻辑构造；stored shape/dtype/payload 未审计
vision-1,vision,Vision,,2D RoPE / 双向 attention / SwiGLU,vision.blocks.0.mlp.w2.weight,1024 × 2816,2883584,1,https://huggingface.co/deepseek-ai/DeepSeek-V4.1-Flash/blob/2cba9e42aa026125f3ed06c6d98c1db82f7ca027/inference/vision.py#L64-L67,仅参考逻辑构造；stored shape/dtype/payload 未审计
vision-1,vision,Vision,,2D RoPE / 双向 attention / SwiGLU,vision.blocks.0.norm1.weight,1024,1024,1,https://huggingface.co/deepseek-ai/DeepSeek-V4.1-Flash/blob/2cba9e42aa026125f3ed06c6d98c1db82f7ca027/inference/vision.py#L75-L80,仅参考逻辑构造；stored shape/dtype/payload 未审计
vision-1,vision,Vision,,2D RoPE / 双向 attention / SwiGLU,vision.blocks.0.norm2.weight,1024,1024,1,https://huggingface.co/deepseek-ai/DeepSeek-V4.1-Flash/blob/2cba9e42aa026125f3ed06c6d98c1db82f7ca027/inference/vision.py#L75-L80,仅参考逻辑构造；stored shape/dtype/payload 未审计
vision-2,vision,Vision,,2D RoPE / 双向 attention / SwiGLU,vision.blocks.1.attn.wqkv.weight,3072 × 1024,3145728,1,https://huggingface.co/deepseek-ai/DeepSeek-V4.1-Flash/blob/2cba9e42aa026125f3ed06c6d98c1db82f7ca027/inference/vision.py#L47-L52,仅参考逻辑构造；stored shape/dtype/payload 未审计
vision-2,vision,Vision,,2D RoPE / 双向 attention / SwiGLU,vision.blocks.1.attn.wqkv.bias,3072,3072,1,https://huggingface.co/deepseek-ai/DeepSeek-V4.1-Flash/blob/2cba9e42aa026125f3ed06c6d98c1db82f7ca027/inference/vision.py#L47-L52,仅参考逻辑构造；stored shape/dtype/payload 未审计
vision-2,vision,Vision,,2D RoPE / 双向 attention / SwiGLU,vision.blocks.1.attn.wo.weight,1024 × 1024,1048576,1,https://huggingface.co/deepseek-ai/DeepSeek-V4.1-Flash/blob/2cba9e42aa026125f3ed06c6d98c1db82f7ca027/inference/vision.py#L47-L52,仅参考逻辑构造；stored shape/dtype/payload 未审计
vision-2,vision,Vision,,2D RoPE / 双向 attention / SwiGLU,vision.blocks.1.attn.wo.bias,1024,1024,1,https://huggingface.co/deepseek-ai/DeepSeek-V4.1-Flash/blob/2cba9e42aa026125f3ed06c6d98c1db82f7ca027/inference/vision.py#L47-L52,仅参考逻辑构造；stored shape/dtype/payload 未审计
vision-2,vision,Vision,,2D RoPE / 双向 attention / SwiGLU,vision.blocks.1.mlp.w1.weight,5632 × 1024,5767168,1,https://huggingface.co/deepseek-ai/DeepSeek-V4.1-Flash/blob/2cba9e42aa026125f3ed06c6d98c1db82f7ca027/inference/vision.py#L64-L67,仅参考逻辑构造；stored shape/dtype/payload 未审计
vision-2,vision,Vision,,2D RoPE / 双向 attention / SwiGLU,vision.blocks.1.mlp.w2.weight,1024 × 2816,2883584,1,https://huggingface.co/deepseek-ai/DeepSeek-V4.1-Flash/blob/2cba9e42aa026125f3ed06c6d98c1db82f7ca027/inference/vision.py#L64-L67,仅参考逻辑构造；stored shape/dtype/payload 未审计
vision-2,vision,Vision,,2D RoPE / 双向 attention / SwiGLU,vision.blocks.1.norm1.weight,1024,1024,1,https://huggingface.co/deepseek-ai/DeepSeek-V4.1-Flash/blob/2cba9e42aa026125f3ed06c6d98c1db82f7ca027/inference/vision.py#L75-L80,仅参考逻辑构造；stored shape/dtype/payload 未审计
vision-2,vision,Vision,,2D RoPE / 双向 attention / SwiGLU,vision.blocks.1.norm2.weight,1024,1024,1,https://huggingface.co/deepseek-ai/DeepSeek-V4.1-Flash/blob/2cba9e42aa026125f3ed06c6d98c1db82f7ca027/inference/vision.py#L75-L80,仅参考逻辑构造；stored shape/dtype/payload 未审计
vision-3,vision,Vision,,2D RoPE / 双向 attention / SwiGLU,vision.blocks.2.attn.wqkv.weight,3072 × 1024,3145728,1,https://huggingface.co/deepseek-ai/DeepSeek-V4.1-Flash/blob/2cba9e42aa026125f3ed06c6d98c1db82f7ca027/inference/vision.py#L47-L52,仅参考逻辑构造；stored shape/dtype/payload 未审计
vision-3,vision,Vision,,2D RoPE / 双向 attention / SwiGLU,vision.blocks.2.attn.wqkv.bias,3072,3072,1,https://huggingface.co/deepseek-ai/DeepSeek-V4.1-Flash/blob/2cba9e42aa026125f3ed06c6d98c1db82f7ca027/inference/vision.py#L47-L52,仅参考逻辑构造；stored shape/dtype/payload 未审计
vision-3,vision,Vision,,2D RoPE / 双向 attention / SwiGLU,vision.blocks.2.attn.wo.weight,1024 × 1024,1048576,1,https://huggingface.co/deepseek-ai/DeepSeek-V4.1-Flash/blob/2cba9e42aa026125f3ed06c6d98c1db82f7ca027/inference/vision.py#L47-L52,仅参考逻辑构造；stored shape/dtype/payload 未审计
vision-3,vision,Vision,,2D RoPE / 双向 attention / SwiGLU,vision.blocks.2.attn.wo.bias,1024,1024,1,https://huggingface.co/deepseek-ai/DeepSeek-V4.1-Flash/blob/2cba9e42aa026125f3ed06c6d98c1db82f7ca027/inference/vision.py#L47-L52,仅参考逻辑构造；stored shape/dtype/payload 未审计
vision-3,vision,Vision,,2D RoPE / 双向 attention / SwiGLU,vision.blocks.2.mlp.w1.weight,5632 × 1024,5767168,1,https://huggingface.co/deepseek-ai/DeepSeek-V4.1-Flash/blob/2cba9e42aa026125f3ed06c6d98c1db82f7ca027/inference/vision.py#L64-L67,仅参考逻辑构造；stored shape/dtype/payload 未审计
vision-3,vision,Vision,,2D RoPE / 双向 attention / SwiGLU,vision.blocks.2.mlp.w2.weight,1024 × 2816,2883584,1,https://huggingface.co/deepseek-ai/DeepSeek-V4.1-Flash/blob/2cba9e42aa026125f3ed06c6d98c1db82f7ca027/inference/vision.py#L64-L67,仅参考逻辑构造；stored shape/dtype/payload 未审计
vision-3,vision,Vision,,2D RoPE / 双向 attention / SwiGLU,vision.blocks.2.norm1.weight,1024,1024,1,https://huggingface.co/deepseek-ai/DeepSeek-V4.1-Flash/blob/2cba9e42aa026125f3ed06c6d98c1db82f7ca027/inference/vision.py#L75-L80,仅参考逻辑构造；stored shape/dtype/payload 未审计
vision-3,vision,Vision,,2D RoPE / 双向 attention / SwiGLU,vision.blocks.2.norm2.weight,1024,1024,1,https://huggingface.co/deepseek-ai/DeepSeek-V4.1-Flash/blob/2cba9e42aa026125f3ed06c6d98c1db82f7ca027/inference/vision.py#L75-L80,仅参考逻辑构造；stored shape/dtype/payload 未审计
vision-4,vision,Vision,,2D RoPE / 双向 attention / SwiGLU,vision.blocks.3.attn.wqkv.weight,3072 × 1024,3145728,1,https://huggingface.co/deepseek-ai/DeepSeek-V4.1-Flash/blob/2cba9e42aa026125f3ed06c6d98c1db82f7ca027/inference/vision.py#L47-L52,仅参考逻辑构造；stored shape/dtype/payload 未审计
vision-4,vision,Vision,,2D RoPE / 双向 attention / SwiGLU,vision.blocks.3.attn.wqkv.bias,3072,3072,1,https://huggingface.co/deepseek-ai/DeepSeek-V4.1-Flash/blob/2cba9e42aa026125f3ed06c6d98c1db82f7ca027/inference/vision.py#L47-L52,仅参考逻辑构造；stored shape/dtype/payload 未审计
vision-4,vision,Vision,,2D RoPE / 双向 attention / SwiGLU,vision.blocks.3.attn.wo.weight,1024 × 1024,1048576,1,https://huggingface.co/deepseek-ai/DeepSeek-V4.1-Flash/blob/2cba9e42aa026125f3ed06c6d98c1db82f7ca027/inference/vision.py#L47-L52,仅参考逻辑构造；stored shape/dtype/payload 未审计
vision-4,vision,Vision,,2D RoPE / 双向 attention / SwiGLU,vision.blocks.3.attn.wo.bias,1024,1024,1,https://huggingface.co/deepseek-ai/DeepSeek-V4.1-Flash/blob/2cba9e42aa026125f3ed06c6d98c1db82f7ca027/inference/vision.py#L47-L52,仅参考逻辑构造；stored shape/dtype/payload 未审计
vision-4,vision,Vision,,2D RoPE / 双向 attention / SwiGLU,vision.blocks.3.mlp.w1.weight,5632 × 1024,5767168,1,https://huggingface.co/deepseek-ai/DeepSeek-V4.1-Flash/blob/2cba9e42aa026125f3ed06c6d98c1db82f7ca027/inference/vision.py#L64-L67,仅参考逻辑构造；stored shape/dtype/payload 未审计
vision-4,vision,Vision,,2D RoPE / 双向 attention / SwiGLU,vision.blocks.3.mlp.w2.weight,1024 × 2816,2883584,1,https://huggingface.co/deepseek-ai/DeepSeek-V4.1-Flash/blob/2cba9e42aa026125f3ed06c6d98c1db82f7ca027/inference/vision.py#L64-L67,仅参考逻辑构造；stored shape/dtype/payload 未审计
vision-4,vision,Vision,,2D RoPE / 双向 attention / SwiGLU,vision.blocks.3.norm1.weight,1024,1024,1,https://huggingface.co/deepseek-ai/DeepSeek-V4.1-Flash/blob/2cba9e42aa026125f3ed06c6d98c1db82f7ca027/inference/vision.py#L75-L80,仅参考逻辑构造；stored shape/dtype/payload 未审计
vision-4,vision,Vision,,2D RoPE / 双向 attention / SwiGLU,vision.blocks.3.norm2.weight,1024,1024,1,https://huggingface.co/deepseek-ai/DeepSeek-V4.1-Flash/blob/2cba9e42aa026125f3ed06c6d98c1db82f7ca027/inference/vision.py#L75-L80,仅参考逻辑构造；stored shape/dtype/payload 未审计
vision-5,vision,Vision,,2D RoPE / 双向 attention / SwiGLU,vision.blocks.4.attn.wqkv.weight,3072 × 1024,3145728,1,https://huggingface.co/deepseek-ai/DeepSeek-V4.1-Flash/blob/2cba9e42aa026125f3ed06c6d98c1db82f7ca027/inference/vision.py#L47-L52,仅参考逻辑构造；stored shape/dtype/payload 未审计
vision-5,vision,Vision,,2D RoPE / 双向 attention / SwiGLU,vision.blocks.4.attn.wqkv.bias,3072,3072,1,https://huggingface.co/deepseek-ai/DeepSeek-V4.1-Flash/blob/2cba9e42aa026125f3ed06c6d98c1db82f7ca027/inference/vision.py#L47-L52,仅参考逻辑构造；stored shape/dtype/payload 未审计
vision-5,vision,Vision,,2D RoPE / 双向 attention / SwiGLU,vision.blocks.4.attn.wo.weight,1024 × 1024,1048576,1,https://huggingface.co/deepseek-ai/DeepSeek-V4.1-Flash/blob/2cba9e42aa026125f3ed06c6d98c1db82f7ca027/inference/vision.py#L47-L52,仅参考逻辑构造；stored shape/dtype/payload 未审计
vision-5,vision,Vision,,2D RoPE / 双向 attention / SwiGLU,vision.blocks.4.attn.wo.bias,1024,1024,1,https://huggingface.co/deepseek-ai/DeepSeek-V4.1-Flash/blob/2cba9e42aa026125f3ed06c6d98c1db82f7ca027/inference/vision.py#L47-L52,仅参考逻辑构造；stored shape/dtype/payload 未审计
vision-5,vision,Vision,,2D RoPE / 双向 attention / SwiGLU,vision.blocks.4.mlp.w1.weight,5632 × 1024,5767168,1,https://huggingface.co/deepseek-ai/DeepSeek-V4.1-Flash/blob/2cba9e42aa026125f3ed06c6d98c1db82f7ca027/inference/vision.py#L64-L67,仅参考逻辑构造；stored shape/dtype/payload 未审计
vision-5,vision,Vision,,2D RoPE / 双向 attention / SwiGLU,vision.blocks.4.mlp.w2.weight,1024 × 2816,2883584,1,https://huggingface.co/deepseek-ai/DeepSeek-V4.1-Flash/blob/2cba9e42aa026125f3ed06c6d98c1db82f7ca027/inference/vision.py#L64-L67,仅参考逻辑构造；stored shape/dtype/payload 未审计
vision-5,vision,Vision,,2D RoPE / 双向 attention / SwiGLU,vision.blocks.4.norm1.weight,1024,1024,1,https://huggingface.co/deepseek-ai/DeepSeek-V4.1-Flash/blob/2cba9e42aa026125f3ed06c6d98c1db82f7ca027/inference/vision.py#L75-L80,仅参考逻辑构造；stored shape/dtype/payload 未审计
vision-5,vision,Vision,,2D RoPE / 双向 attention / SwiGLU,vision.blocks.4.norm2.weight,1024,1024,1,https://huggingface.co/deepseek-ai/DeepSeek-V4.1-Flash/blob/2cba9e42aa026125f3ed06c6d98c1db82f7ca027/inference/vision.py#L75-L80,仅参考逻辑构造；stored shape/dtype/payload 未审计
vision-6,vision,Vision,,2D RoPE / 双向 attention / SwiGLU,vision.blocks.5.attn.wqkv.weight,3072 × 1024,3145728,1,https://huggingface.co/deepseek-ai/DeepSeek-V4.1-Flash/blob/2cba9e42aa026125f3ed06c6d98c1db82f7ca027/inference/vision.py#L47-L52,仅参考逻辑构造；stored shape/dtype/payload 未审计
vision-6,vision,Vision,,2D RoPE / 双向 attention / SwiGLU,vision.blocks.5.attn.wqkv.bias,3072,3072,1,https://huggingface.co/deepseek-ai/DeepSeek-V4.1-Flash/blob/2cba9e42aa026125f3ed06c6d98c1db82f7ca027/inference/vision.py#L47-L52,仅参考逻辑构造；stored shape/dtype/payload 未审计
vision-6,vision,Vision,,2D RoPE / 双向 attention / SwiGLU,vision.blocks.5.attn.wo.weight,1024 × 1024,1048576,1,https://huggingface.co/deepseek-ai/DeepSeek-V4.1-Flash/blob/2cba9e42aa026125f3ed06c6d98c1db82f7ca027/inference/vision.py#L47-L52,仅参考逻辑构造；stored shape/dtype/payload 未审计
vision-6,vision,Vision,,2D RoPE / 双向 attention / SwiGLU,vision.blocks.5.attn.wo.bias,1024,1024,1,https://huggingface.co/deepseek-ai/DeepSeek-V4.1-Flash/blob/2cba9e42aa026125f3ed06c6d98c1db82f7ca027/inference/vision.py#L47-L52,仅参考逻辑构造；stored shape/dtype/payload 未审计
vision-6,vision,Vision,,2D RoPE / 双向 attention / SwiGLU,vision.blocks.5.mlp.w1.weight,5632 × 1024,5767168,1,https://huggingface.co/deepseek-ai/DeepSeek-V4.1-Flash/blob/2cba9e42aa026125f3ed06c6d98c1db82f7ca027/inference/vision.py#L64-L67,仅参考逻辑构造；stored shape/dtype/payload 未审计
vision-6,vision,Vision,,2D RoPE / 双向 attention / SwiGLU,vision.blocks.5.mlp.w2.weight,1024 × 2816,2883584,1,https://huggingface.co/deepseek-ai/DeepSeek-V4.1-Flash/blob/2cba9e42aa026125f3ed06c6d98c1db82f7ca027/inference/vision.py#L64-L67,仅参考逻辑构造；stored shape/dtype/payload 未审计
vision-6,vision,Vision,,2D RoPE / 双向 attention / SwiGLU,vision.blocks.5.norm1.weight,1024,1024,1,https://huggingface.co/deepseek-ai/DeepSeek-V4.1-Flash/blob/2cba9e42aa026125f3ed06c6d98c1db82f7ca027/inference/vision.py#L75-L80,仅参考逻辑构造；stored shape/dtype/payload 未审计
vision-6,vision,Vision,,2D RoPE / 双向 attention / SwiGLU,vision.blocks.5.norm2.weight,1024,1024,1,https://huggingface.co/deepseek-ai/DeepSeek-V4.1-Flash/blob/2cba9e42aa026125f3ed06c6d98c1db82f7ca027/inference/vision.py#L75-L80,仅参考逻辑构造；stored shape/dtype/payload 未审计
vision-7,vision,Vision,,2D RoPE / 双向 attention / SwiGLU,vision.blocks.6.attn.wqkv.weight,3072 × 1024,3145728,1,https://huggingface.co/deepseek-ai/DeepSeek-V4.1-Flash/blob/2cba9e42aa026125f3ed06c6d98c1db82f7ca027/inference/vision.py#L47-L52,仅参考逻辑构造；stored shape/dtype/payload 未审计
vision-7,vision,Vision,,2D RoPE / 双向 attention / SwiGLU,vision.blocks.6.attn.wqkv.bias,3072,3072,1,https://huggingface.co/deepseek-ai/DeepSeek-V4.1-Flash/blob/2cba9e42aa026125f3ed06c6d98c1db82f7ca027/inference/vision.py#L47-L52,仅参考逻辑构造；stored shape/dtype/payload 未审计
vision-7,vision,Vision,,2D RoPE / 双向 attention / SwiGLU,vision.blocks.6.attn.wo.weight,1024 × 1024,1048576,1,https://huggingface.co/deepseek-ai/DeepSeek-V4.1-Flash/blob/2cba9e42aa026125f3ed06c6d98c1db82f7ca027/inference/vision.py#L47-L52,仅参考逻辑构造；stored shape/dtype/payload 未审计
vision-7,vision,Vision,,2D RoPE / 双向 attention / SwiGLU,vision.blocks.6.attn.wo.bias,1024,1024,1,https://huggingface.co/deepseek-ai/DeepSeek-V4.1-Flash/blob/2cba9e42aa026125f3ed06c6d98c1db82f7ca027/inference/vision.py#L47-L52,仅参考逻辑构造；stored shape/dtype/payload 未审计
vision-7,vision,Vision,,2D RoPE / 双向 attention / SwiGLU,vision.blocks.6.mlp.w1.weight,5632 × 1024,5767168,1,https://huggingface.co/deepseek-ai/DeepSeek-V4.1-Flash/blob/2cba9e42aa026125f3ed06c6d98c1db82f7ca027/inference/vision.py#L64-L67,仅参考逻辑构造；stored shape/dtype/payload 未审计
vision-7,vision,Vision,,2D RoPE / 双向 attention / SwiGLU,vision.blocks.6.mlp.w2.weight,1024 × 2816,2883584,1,https://huggingface.co/deepseek-ai/DeepSeek-V4.1-Flash/blob/2cba9e42aa026125f3ed06c6d98c1db82f7ca027/inference/vision.py#L64-L67,仅参考逻辑构造；stored shape/dtype/payload 未审计
vision-7,vision,Vision,,2D RoPE / 双向 attention / SwiGLU,vision.blocks.6.norm1.weight,1024,1024,1,https://huggingface.co/deepseek-ai/DeepSeek-V4.1-Flash/blob/2cba9e42aa026125f3ed06c6d98c1db82f7ca027/inference/vision.py#L75-L80,仅参考逻辑构造；stored shape/dtype/payload 未审计
vision-7,vision,Vision,,2D RoPE / 双向 attention / SwiGLU,vision.blocks.6.norm2.weight,1024,1024,1,https://huggingface.co/deepseek-ai/DeepSeek-V4.1-Flash/blob/2cba9e42aa026125f3ed06c6d98c1db82f7ca027/inference/vision.py#L75-L80,仅参考逻辑构造；stored shape/dtype/payload 未审计
vision-8,vision,Vision,,2D RoPE / 双向 attention / SwiGLU,vision.blocks.7.attn.wqkv.weight,3072 × 1024,3145728,1,https://huggingface.co/deepseek-ai/DeepSeek-V4.1-Flash/blob/2cba9e42aa026125f3ed06c6d98c1db82f7ca027/inference/vision.py#L47-L52,仅参考逻辑构造；stored shape/dtype/payload 未审计
vision-8,vision,Vision,,2D RoPE / 双向 attention / SwiGLU,vision.blocks.7.attn.wqkv.bias,3072,3072,1,https://huggingface.co/deepseek-ai/DeepSeek-V4.1-Flash/blob/2cba9e42aa026125f3ed06c6d98c1db82f7ca027/inference/vision.py#L47-L52,仅参考逻辑构造；stored shape/dtype/payload 未审计
vision-8,vision,Vision,,2D RoPE / 双向 attention / SwiGLU,vision.blocks.7.attn.wo.weight,1024 × 1024,1048576,1,https://huggingface.co/deepseek-ai/DeepSeek-V4.1-Flash/blob/2cba9e42aa026125f3ed06c6d98c1db82f7ca027/inference/vision.py#L47-L52,仅参考逻辑构造；stored shape/dtype/payload 未审计
vision-8,vision,Vision,,2D RoPE / 双向 attention / SwiGLU,vision.blocks.7.attn.wo.bias,1024,1024,1,https://huggingface.co/deepseek-ai/DeepSeek-V4.1-Flash/blob/2cba9e42aa026125f3ed06c6d98c1db82f7ca027/inference/vision.py#L47-L52,仅参考逻辑构造；stored shape/dtype/payload 未审计
vision-8,vision,Vision,,2D RoPE / 双向 attention / SwiGLU,vision.blocks.7.mlp.w1.weight,5632 × 1024,5767168,1,https://huggingface.co/deepseek-ai/DeepSeek-V4.1-Flash/blob/2cba9e42aa026125f3ed06c6d98c1db82f7ca027/inference/vision.py#L64-L67,仅参考逻辑构造；stored shape/dtype/payload 未审计
vision-8,vision,Vision,,2D RoPE / 双向 attention / SwiGLU,vision.blocks.7.mlp.w2.weight,1024 × 2816,2883584,1,https://huggingface.co/deepseek-ai/DeepSeek-V4.1-Flash/blob/2cba9e42aa026125f3ed06c6d98c1db82f7ca027/inference/vision.py#L64-L67,仅参考逻辑构造；stored shape/dtype/payload 未审计
vision-8,vision,Vision,,2D RoPE / 双向 attention / SwiGLU,vision.blocks.7.norm1.weight,1024,1024,1,https://huggingface.co/deepseek-ai/DeepSeek-V4.1-Flash/blob/2cba9e42aa026125f3ed06c6d98c1db82f7ca027/inference/vision.py#L75-L80,仅参考逻辑构造；stored shape/dtype/payload 未审计
vision-8,vision,Vision,,2D RoPE / 双向 attention / SwiGLU,vision.blocks.7.norm2.weight,1024,1024,1,https://huggingface.co/deepseek-ai/DeepSeek-V4.1-Flash/blob/2cba9e42aa026125f3ed06c6d98c1db82f7ca027/inference/vision.py#L75-L80,仅参考逻辑构造；stored shape/dtype/payload 未审计
vision-9,vision,Vision,,2D RoPE / 双向 attention / SwiGLU,vision.blocks.8.attn.wqkv.weight,3072 × 1024,3145728,1,https://huggingface.co/deepseek-ai/DeepSeek-V4.1-Flash/blob/2cba9e42aa026125f3ed06c6d98c1db82f7ca027/inference/vision.py#L47-L52,仅参考逻辑构造；stored shape/dtype/payload 未审计
vision-9,vision,Vision,,2D RoPE / 双向 attention / SwiGLU,vision.blocks.8.attn.wqkv.bias,3072,3072,1,https://huggingface.co/deepseek-ai/DeepSeek-V4.1-Flash/blob/2cba9e42aa026125f3ed06c6d98c1db82f7ca027/inference/vision.py#L47-L52,仅参考逻辑构造；stored shape/dtype/payload 未审计
vision-9,vision,Vision,,2D RoPE / 双向 attention / SwiGLU,vision.blocks.8.attn.wo.weight,1024 × 1024,1048576,1,https://huggingface.co/deepseek-ai/DeepSeek-V4.1-Flash/blob/2cba9e42aa026125f3ed06c6d98c1db82f7ca027/inference/vision.py#L47-L52,仅参考逻辑构造；stored shape/dtype/payload 未审计
vision-9,vision,Vision,,2D RoPE / 双向 attention / SwiGLU,vision.blocks.8.attn.wo.bias,1024,1024,1,https://huggingface.co/deepseek-ai/DeepSeek-V4.1-Flash/blob/2cba9e42aa026125f3ed06c6d98c1db82f7ca027/inference/vision.py#L47-L52,仅参考逻辑构造；stored shape/dtype/payload 未审计
vision-9,vision,Vision,,2D RoPE / 双向 attention / SwiGLU,vision.blocks.8.mlp.w1.weight,5632 × 1024,5767168,1,https://huggingface.co/deepseek-ai/DeepSeek-V4.1-Flash/blob/2cba9e42aa026125f3ed06c6d98c1db82f7ca027/inference/vision.py#L64-L67,仅参考逻辑构造；stored shape/dtype/payload 未审计
vision-9,vision,Vision,,2D RoPE / 双向 attention / SwiGLU,vision.blocks.8.mlp.w2.weight,1024 × 2816,2883584,1,https://huggingface.co/deepseek-ai/DeepSeek-V4.1-Flash/blob/2cba9e42aa026125f3ed06c6d98c1db82f7ca027/inference/vision.py#L64-L67,仅参考逻辑构造；stored shape/dtype/payload 未审计
vision-9,vision,Vision,,2D RoPE / 双向 attention / SwiGLU,vision.blocks.8.norm1.weight,1024,1024,1,https://huggingface.co/deepseek-ai/DeepSeek-V4.1-Flash/blob/2cba9e42aa026125f3ed06c6d98c1db82f7ca027/inference/vision.py#L75-L80,仅参考逻辑构造；stored shape/dtype/payload 未审计
vision-9,vision,Vision,,2D RoPE / 双向 attention / SwiGLU,vision.blocks.8.norm2.weight,1024,1024,1,https://huggingface.co/deepseek-ai/DeepSeek-V4.1-Flash/blob/2cba9e42aa026125f3ed06c6d98c1db82f7ca027/inference/vision.py#L75-L80,仅参考逻辑构造；stored shape/dtype/payload 未审计
vision-10,vision,Vision,,2D RoPE / 双向 attention / SwiGLU,vision.blocks.9.attn.wqkv.weight,3072 × 1024,3145728,1,https://huggingface.co/deepseek-ai/DeepSeek-V4.1-Flash/blob/2cba9e42aa026125f3ed06c6d98c1db82f7ca027/inference/vision.py#L47-L52,仅参考逻辑构造；stored shape/dtype/payload 未审计
vision-10,vision,Vision,,2D RoPE / 双向 attention / SwiGLU,vision.blocks.9.attn.wqkv.bias,3072,3072,1,https://huggingface.co/deepseek-ai/DeepSeek-V4.1-Flash/blob/2cba9e42aa026125f3ed06c6d98c1db82f7ca027/inference/vision.py#L47-L52,仅参考逻辑构造；stored shape/dtype/payload 未审计
vision-10,vision,Vision,,2D RoPE / 双向 attention / SwiGLU,vision.blocks.9.attn.wo.weight,1024 × 1024,1048576,1,https://huggingface.co/deepseek-ai/DeepSeek-V4.1-Flash/blob/2cba9e42aa026125f3ed06c6d98c1db82f7ca027/inference/vision.py#L47-L52,仅参考逻辑构造；stored shape/dtype/payload 未审计
vision-10,vision,Vision,,2D RoPE / 双向 attention / SwiGLU,vision.blocks.9.attn.wo.bias,1024,1024,1,https://huggingface.co/deepseek-ai/DeepSeek-V4.1-Flash/blob/2cba9e42aa026125f3ed06c6d98c1db82f7ca027/inference/vision.py#L47-L52,仅参考逻辑构造；stored shape/dtype/payload 未审计
vision-10,vision,Vision,,2D RoPE / 双向 attention / SwiGLU,vision.blocks.9.mlp.w1.weight,5632 × 1024,5767168,1,https://huggingface.co/deepseek-ai/DeepSeek-V4.1-Flash/blob/2cba9e42aa026125f3ed06c6d98c1db82f7ca027/inference/vision.py#L64-L67,仅参考逻辑构造；stored shape/dtype/payload 未审计
vision-10,vision,Vision,,2D RoPE / 双向 attention / SwiGLU,vision.blocks.9.mlp.w2.weight,1024 × 2816,2883584,1,https://huggingface.co/deepseek-ai/DeepSeek-V4.1-Flash/blob/2cba9e42aa026125f3ed06c6d98c1db82f7ca027/inference/vision.py#L64-L67,仅参考逻辑构造；stored shape/dtype/payload 未审计
vision-10,vision,Vision,,2D RoPE / 双向 attention / SwiGLU,vision.blocks.9.norm1.weight,1024,1024,1,https://huggingface.co/deepseek-ai/DeepSeek-V4.1-Flash/blob/2cba9e42aa026125f3ed06c6d98c1db82f7ca027/inference/vision.py#L75-L80,仅参考逻辑构造；stored shape/dtype/payload 未审计
vision-10,vision,Vision,,2D RoPE / 双向 attention / SwiGLU,vision.blocks.9.norm2.weight,1024,1024,1,https://huggingface.co/deepseek-ai/DeepSeek-V4.1-Flash/blob/2cba9e42aa026125f3ed06c6d98c1db82f7ca027/inference/vision.py#L75-L80,仅参考逻辑构造；stored shape/dtype/payload 未审计
vision-11,vision,Vision,,2D RoPE / 双向 attention / SwiGLU,vision.blocks.10.attn.wqkv.weight,3072 × 1024,3145728,1,https://huggingface.co/deepseek-ai/DeepSeek-V4.1-Flash/blob/2cba9e42aa026125f3ed06c6d98c1db82f7ca027/inference/vision.py#L47-L52,仅参考逻辑构造；stored shape/dtype/payload 未审计
vision-11,vision,Vision,,2D RoPE / 双向 attention / SwiGLU,vision.blocks.10.attn.wqkv.bias,3072,3072,1,https://huggingface.co/deepseek-ai/DeepSeek-V4.1-Flash/blob/2cba9e42aa026125f3ed06c6d98c1db82f7ca027/inference/vision.py#L47-L52,仅参考逻辑构造；stored shape/dtype/payload 未审计
vision-11,vision,Vision,,2D RoPE / 双向 attention / SwiGLU,vision.blocks.10.attn.wo.weight,1024 × 1024,1048576,1,https://huggingface.co/deepseek-ai/DeepSeek-V4.1-Flash/blob/2cba9e42aa026125f3ed06c6d98c1db82f7ca027/inference/vision.py#L47-L52,仅参考逻辑构造；stored shape/dtype/payload 未审计
vision-11,vision,Vision,,2D RoPE / 双向 attention / SwiGLU,vision.blocks.10.attn.wo.bias,1024,1024,1,https://huggingface.co/deepseek-ai/DeepSeek-V4.1-Flash/blob/2cba9e42aa026125f3ed06c6d98c1db82f7ca027/inference/vision.py#L47-L52,仅参考逻辑构造；stored shape/dtype/payload 未审计
vision-11,vision,Vision,,2D RoPE / 双向 attention / SwiGLU,vision.blocks.10.mlp.w1.weight,5632 × 1024,5767168,1,https://huggingface.co/deepseek-ai/DeepSeek-V4.1-Flash/blob/2cba9e42aa026125f3ed06c6d98c1db82f7ca027/inference/vision.py#L64-L67,仅参考逻辑构造；stored shape/dtype/payload 未审计
vision-11,vision,Vision,,2D RoPE / 双向 attention / SwiGLU,vision.blocks.10.mlp.w2.weight,1024 × 2816,2883584,1,https://huggingface.co/deepseek-ai/DeepSeek-V4.1-Flash/blob/2cba9e42aa026125f3ed06c6d98c1db82f7ca027/inference/vision.py#L64-L67,仅参考逻辑构造；stored shape/dtype/payload 未审计
vision-11,vision,Vision,,2D RoPE / 双向 attention / SwiGLU,vision.blocks.10.norm1.weight,1024,1024,1,https://huggingface.co/deepseek-ai/DeepSeek-V4.1-Flash/blob/2cba9e42aa026125f3ed06c6d98c1db82f7ca027/inference/vision.py#L75-L80,仅参考逻辑构造；stored shape/dtype/payload 未审计
vision-11,vision,Vision,,2D RoPE / 双向 attention / SwiGLU,vision.blocks.10.norm2.weight,1024,1024,1,https://huggingface.co/deepseek-ai/DeepSeek-V4.1-Flash/blob/2cba9e42aa026125f3ed06c6d98c1db82f7ca027/inference/vision.py#L75-L80,仅参考逻辑构造；stored shape/dtype/payload 未审计
vision-12,vision,Vision,,2D RoPE / 双向 attention / SwiGLU,vision.blocks.11.attn.wqkv.weight,3072 × 1024,3145728,1,https://huggingface.co/deepseek-ai/DeepSeek-V4.1-Flash/blob/2cba9e42aa026125f3ed06c6d98c1db82f7ca027/inference/vision.py#L47-L52,仅参考逻辑构造；stored shape/dtype/payload 未审计
vision-12,vision,Vision,,2D RoPE / 双向 attention / SwiGLU,vision.blocks.11.attn.wqkv.bias,3072,3072,1,https://huggingface.co/deepseek-ai/DeepSeek-V4.1-Flash/blob/2cba9e42aa026125f3ed06c6d98c1db82f7ca027/inference/vision.py#L47-L52,仅参考逻辑构造；stored shape/dtype/payload 未审计
vision-12,vision,Vision,,2D RoPE / 双向 attention / SwiGLU,vision.blocks.11.attn.wo.weight,1024 × 1024,1048576,1,https://huggingface.co/deepseek-ai/DeepSeek-V4.1-Flash/blob/2cba9e42aa026125f3ed06c6d98c1db82f7ca027/inference/vision.py#L47-L52,仅参考逻辑构造；stored shape/dtype/payload 未审计
vision-12,vision,Vision,,2D RoPE / 双向 attention / SwiGLU,vision.blocks.11.attn.wo.bias,1024,1024,1,https://huggingface.co/deepseek-ai/DeepSeek-V4.1-Flash/blob/2cba9e42aa026125f3ed06c6d98c1db82f7ca027/inference/vision.py#L47-L52,仅参考逻辑构造；stored shape/dtype/payload 未审计
vision-12,vision,Vision,,2D RoPE / 双向 attention / SwiGLU,vision.blocks.11.mlp.w1.weight,5632 × 1024,5767168,1,https://huggingface.co/deepseek-ai/DeepSeek-V4.1-Flash/blob/2cba9e42aa026125f3ed06c6d98c1db82f7ca027/inference/vision.py#L64-L67,仅参考逻辑构造；stored shape/dtype/payload 未审计
vision-12,vision,Vision,,2D RoPE / 双向 attention / SwiGLU,vision.blocks.11.mlp.w2.weight,1024 × 2816,2883584,1,https://huggingface.co/deepseek-ai/DeepSeek-V4.1-Flash/blob/2cba9e42aa026125f3ed06c6d98c1db82f7ca027/inference/vision.py#L64-L67,仅参考逻辑构造；stored shape/dtype/payload 未审计
vision-12,vision,Vision,,2D RoPE / 双向 attention / SwiGLU,vision.blocks.11.norm1.weight,1024,1024,1,https://huggingface.co/deepseek-ai/DeepSeek-V4.1-Flash/blob/2cba9e42aa026125f3ed06c6d98c1db82f7ca027/inference/vision.py#L75-L80,仅参考逻辑构造；stored shape/dtype/payload 未审计
vision-12,vision,Vision,,2D RoPE / 双向 attention / SwiGLU,vision.blocks.11.norm2.weight,1024,1024,1,https://huggingface.co/deepseek-ai/DeepSeek-V4.1-Flash/blob/2cba9e42aa026125f3ed06c6d98c1db82f7ca027/inference/vision.py#L75-L80,仅参考逻辑构造；stored shape/dtype/payload 未审计
vision-13,vision,Vision,,2D RoPE / 双向 attention / SwiGLU,vision.blocks.12.attn.wqkv.weight,3072 × 1024,3145728,1,https://huggingface.co/deepseek-ai/DeepSeek-V4.1-Flash/blob/2cba9e42aa026125f3ed06c6d98c1db82f7ca027/inference/vision.py#L47-L52,仅参考逻辑构造；stored shape/dtype/payload 未审计
vision-13,vision,Vision,,2D RoPE / 双向 attention / SwiGLU,vision.blocks.12.attn.wqkv.bias,3072,3072,1,https://huggingface.co/deepseek-ai/DeepSeek-V4.1-Flash/blob/2cba9e42aa026125f3ed06c6d98c1db82f7ca027/inference/vision.py#L47-L52,仅参考逻辑构造；stored shape/dtype/payload 未审计
vision-13,vision,Vision,,2D RoPE / 双向 attention / SwiGLU,vision.blocks.12.attn.wo.weight,1024 × 1024,1048576,1,https://huggingface.co/deepseek-ai/DeepSeek-V4.1-Flash/blob/2cba9e42aa026125f3ed06c6d98c1db82f7ca027/inference/vision.py#L47-L52,仅参考逻辑构造；stored shape/dtype/payload 未审计
vision-13,vision,Vision,,2D RoPE / 双向 attention / SwiGLU,vision.blocks.12.attn.wo.bias,1024,1024,1,https://huggingface.co/deepseek-ai/DeepSeek-V4.1-Flash/blob/2cba9e42aa026125f3ed06c6d98c1db82f7ca027/inference/vision.py#L47-L52,仅参考逻辑构造；stored shape/dtype/payload 未审计
vision-13,vision,Vision,,2D RoPE / 双向 attention / SwiGLU,vision.blocks.12.mlp.w1.weight,5632 × 1024,5767168,1,https://huggingface.co/deepseek-ai/DeepSeek-V4.1-Flash/blob/2cba9e42aa026125f3ed06c6d98c1db82f7ca027/inference/vision.py#L64-L67,仅参考逻辑构造；stored shape/dtype/payload 未审计
vision-13,vision,Vision,,2D RoPE / 双向 attention / SwiGLU,vision.blocks.12.mlp.w2.weight,1024 × 2816,2883584,1,https://huggingface.co/deepseek-ai/DeepSeek-V4.1-Flash/blob/2cba9e42aa026125f3ed06c6d98c1db82f7ca027/inference/vision.py#L64-L67,仅参考逻辑构造；stored shape/dtype/payload 未审计
vision-13,vision,Vision,,2D RoPE / 双向 attention / SwiGLU,vision.blocks.12.norm1.weight,1024,1024,1,https://huggingface.co/deepseek-ai/DeepSeek-V4.1-Flash/blob/2cba9e42aa026125f3ed06c6d98c1db82f7ca027/inference/vision.py#L75-L80,仅参考逻辑构造；stored shape/dtype/payload 未审计
vision-13,vision,Vision,,2D RoPE / 双向 attention / SwiGLU,vision.blocks.12.norm2.weight,1024,1024,1,https://huggingface.co/deepseek-ai/DeepSeek-V4.1-Flash/blob/2cba9e42aa026125f3ed06c6d98c1db82f7ca027/inference/vision.py#L75-L80,仅参考逻辑构造；stored shape/dtype/payload 未审计
vision-14,vision,Vision,,2D RoPE / 双向 attention / SwiGLU,vision.blocks.13.attn.wqkv.weight,3072 × 1024,3145728,1,https://huggingface.co/deepseek-ai/DeepSeek-V4.1-Flash/blob/2cba9e42aa026125f3ed06c6d98c1db82f7ca027/inference/vision.py#L47-L52,仅参考逻辑构造；stored shape/dtype/payload 未审计
vision-14,vision,Vision,,2D RoPE / 双向 attention / SwiGLU,vision.blocks.13.attn.wqkv.bias,3072,3072,1,https://huggingface.co/deepseek-ai/DeepSeek-V4.1-Flash/blob/2cba9e42aa026125f3ed06c6d98c1db82f7ca027/inference/vision.py#L47-L52,仅参考逻辑构造；stored shape/dtype/payload 未审计
vision-14,vision,Vision,,2D RoPE / 双向 attention / SwiGLU,vision.blocks.13.attn.wo.weight,1024 × 1024,1048576,1,https://huggingface.co/deepseek-ai/DeepSeek-V4.1-Flash/blob/2cba9e42aa026125f3ed06c6d98c1db82f7ca027/inference/vision.py#L47-L52,仅参考逻辑构造；stored shape/dtype/payload 未审计
vision-14,vision,Vision,,2D RoPE / 双向 attention / SwiGLU,vision.blocks.13.attn.wo.bias,1024,1024,1,https://huggingface.co/deepseek-ai/DeepSeek-V4.1-Flash/blob/2cba9e42aa026125f3ed06c6d98c1db82f7ca027/inference/vision.py#L47-L52,仅参考逻辑构造；stored shape/dtype/payload 未审计
vision-14,vision,Vision,,2D RoPE / 双向 attention / SwiGLU,vision.blocks.13.mlp.w1.weight,5632 × 1024,5767168,1,https://huggingface.co/deepseek-ai/DeepSeek-V4.1-Flash/blob/2cba9e42aa026125f3ed06c6d98c1db82f7ca027/inference/vision.py#L64-L67,仅参考逻辑构造；stored shape/dtype/payload 未审计
vision-14,vision,Vision,,2D RoPE / 双向 attention / SwiGLU,vision.blocks.13.mlp.w2.weight,1024 × 2816,2883584,1,https://huggingface.co/deepseek-ai/DeepSeek-V4.1-Flash/blob/2cba9e42aa026125f3ed06c6d98c1db82f7ca027/inference/vision.py#L64-L67,仅参考逻辑构造；stored shape/dtype/payload 未审计
vision-14,vision,Vision,,2D RoPE / 双向 attention / SwiGLU,vision.blocks.13.norm1.weight,1024,1024,1,https://huggingface.co/deepseek-ai/DeepSeek-V4.1-Flash/blob/2cba9e42aa026125f3ed06c6d98c1db82f7ca027/inference/vision.py#L75-L80,仅参考逻辑构造；stored shape/dtype/payload 未审计
vision-14,vision,Vision,,2D RoPE / 双向 attention / SwiGLU,vision.blocks.13.norm2.weight,1024,1024,1,https://huggingface.co/deepseek-ai/DeepSeek-V4.1-Flash/blob/2cba9e42aa026125f3ed06c6d98c1db82f7ca027/inference/vision.py#L75-L80,仅参考逻辑构造；stored shape/dtype/payload 未审计
vision-15,vision,Vision,,2D RoPE / 双向 attention / SwiGLU,vision.blocks.14.attn.wqkv.weight,3072 × 1024,3145728,1,https://huggingface.co/deepseek-ai/DeepSeek-V4.1-Flash/blob/2cba9e42aa026125f3ed06c6d98c1db82f7ca027/inference/vision.py#L47-L52,仅参考逻辑构造；stored shape/dtype/payload 未审计
vision-15,vision,Vision,,2D RoPE / 双向 attention / SwiGLU,vision.blocks.14.attn.wqkv.bias,3072,3072,1,https://huggingface.co/deepseek-ai/DeepSeek-V4.1-Flash/blob/2cba9e42aa026125f3ed06c6d98c1db82f7ca027/inference/vision.py#L47-L52,仅参考逻辑构造；stored shape/dtype/payload 未审计
vision-15,vision,Vision,,2D RoPE / 双向 attention / SwiGLU,vision.blocks.14.attn.wo.weight,1024 × 1024,1048576,1,https://huggingface.co/deepseek-ai/DeepSeek-V4.1-Flash/blob/2cba9e42aa026125f3ed06c6d98c1db82f7ca027/inference/vision.py#L47-L52,仅参考逻辑构造；stored shape/dtype/payload 未审计
vision-15,vision,Vision,,2D RoPE / 双向 attention / SwiGLU,vision.blocks.14.attn.wo.bias,1024,1024,1,https://huggingface.co/deepseek-ai/DeepSeek-V4.1-Flash/blob/2cba9e42aa026125f3ed06c6d98c1db82f7ca027/inference/vision.py#L47-L52,仅参考逻辑构造；stored shape/dtype/payload 未审计
vision-15,vision,Vision,,2D RoPE / 双向 attention / SwiGLU,vision.blocks.14.mlp.w1.weight,5632 × 1024,5767168,1,https://huggingface.co/deepseek-ai/DeepSeek-V4.1-Flash/blob/2cba9e42aa026125f3ed06c6d98c1db82f7ca027/inference/vision.py#L64-L67,仅参考逻辑构造；stored shape/dtype/payload 未审计
vision-15,vision,Vision,,2D RoPE / 双向 attention / SwiGLU,vision.blocks.14.mlp.w2.weight,1024 × 2816,2883584,1,https://huggingface.co/deepseek-ai/DeepSeek-V4.1-Flash/blob/2cba9e42aa026125f3ed06c6d98c1db82f7ca027/inference/vision.py#L64-L67,仅参考逻辑构造；stored shape/dtype/payload 未审计
vision-15,vision,Vision,,2D RoPE / 双向 attention / SwiGLU,vision.blocks.14.norm1.weight,1024,1024,1,https://huggingface.co/deepseek-ai/DeepSeek-V4.1-Flash/blob/2cba9e42aa026125f3ed06c6d98c1db82f7ca027/inference/vision.py#L75-L80,仅参考逻辑构造；stored shape/dtype/payload 未审计
vision-15,vision,Vision,,2D RoPE / 双向 attention / SwiGLU,vision.blocks.14.norm2.weight,1024,1024,1,https://huggingface.co/deepseek-ai/DeepSeek-V4.1-Flash/blob/2cba9e42aa026125f3ed06c6d98c1db82f7ca027/inference/vision.py#L75-L80,仅参考逻辑构造；stored shape/dtype/payload 未审计
vision-16,vision,Vision,,2D RoPE / 双向 attention / SwiGLU,vision.blocks.15.attn.wqkv.weight,3072 × 1024,3145728,1,https://huggingface.co/deepseek-ai/DeepSeek-V4.1-Flash/blob/2cba9e42aa026125f3ed06c6d98c1db82f7ca027/inference/vision.py#L47-L52,仅参考逻辑构造；stored shape/dtype/payload 未审计
vision-16,vision,Vision,,2D RoPE / 双向 attention / SwiGLU,vision.blocks.15.attn.wqkv.bias,3072,3072,1,https://huggingface.co/deepseek-ai/DeepSeek-V4.1-Flash/blob/2cba9e42aa026125f3ed06c6d98c1db82f7ca027/inference/vision.py#L47-L52,仅参考逻辑构造；stored shape/dtype/payload 未审计
vision-16,vision,Vision,,2D RoPE / 双向 attention / SwiGLU,vision.blocks.15.attn.wo.weight,1024 × 1024,1048576,1,https://huggingface.co/deepseek-ai/DeepSeek-V4.1-Flash/blob/2cba9e42aa026125f3ed06c6d98c1db82f7ca027/inference/vision.py#L47-L52,仅参考逻辑构造；stored shape/dtype/payload 未审计
vision-16,vision,Vision,,2D RoPE / 双向 attention / SwiGLU,vision.blocks.15.attn.wo.bias,1024,1024,1,https://huggingface.co/deepseek-ai/DeepSeek-V4.1-Flash/blob/2cba9e42aa026125f3ed06c6d98c1db82f7ca027/inference/vision.py#L47-L52,仅参考逻辑构造；stored shape/dtype/payload 未审计
vision-16,vision,Vision,,2D RoPE / 双向 attention / SwiGLU,vision.blocks.15.mlp.w1.weight,5632 × 1024,5767168,1,https://huggingface.co/deepseek-ai/DeepSeek-V4.1-Flash/blob/2cba9e42aa026125f3ed06c6d98c1db82f7ca027/inference/vision.py#L64-L67,仅参考逻辑构造；stored shape/dtype/payload 未审计
vision-16,vision,Vision,,2D RoPE / 双向 attention / SwiGLU,vision.blocks.15.mlp.w2.weight,1024 × 2816,2883584,1,https://huggingface.co/deepseek-ai/DeepSeek-V4.1-Flash/blob/2cba9e42aa026125f3ed06c6d98c1db82f7ca027/inference/vision.py#L64-L67,仅参考逻辑构造；stored shape/dtype/payload 未审计
vision-16,vision,Vision,,2D RoPE / 双向 attention / SwiGLU,vision.blocks.15.norm1.weight,1024,1024,1,https://huggingface.co/deepseek-ai/DeepSeek-V4.1-Flash/blob/2cba9e42aa026125f3ed06c6d98c1db82f7ca027/inference/vision.py#L75-L80,仅参考逻辑构造；stored shape/dtype/payload 未审计
vision-16,vision,Vision,,2D RoPE / 双向 attention / SwiGLU,vision.blocks.15.norm2.weight,1024,1024,1,https://huggingface.co/deepseek-ai/DeepSeek-V4.1-Flash/blob/2cba9e42aa026125f3ed06c6d98c1db82f7ca027/inference/vision.py#L75-L80,仅参考逻辑构造；stored shape/dtype/payload 未审计
vision-17,vision,Vision,,2D RoPE / 双向 attention / SwiGLU,vision.blocks.16.attn.wqkv.weight,3072 × 1024,3145728,1,https://huggingface.co/deepseek-ai/DeepSeek-V4.1-Flash/blob/2cba9e42aa026125f3ed06c6d98c1db82f7ca027/inference/vision.py#L47-L52,仅参考逻辑构造；stored shape/dtype/payload 未审计
vision-17,vision,Vision,,2D RoPE / 双向 attention / SwiGLU,vision.blocks.16.attn.wqkv.bias,3072,3072,1,https://huggingface.co/deepseek-ai/DeepSeek-V4.1-Flash/blob/2cba9e42aa026125f3ed06c6d98c1db82f7ca027/inference/vision.py#L47-L52,仅参考逻辑构造；stored shape/dtype/payload 未审计
vision-17,vision,Vision,,2D RoPE / 双向 attention / SwiGLU,vision.blocks.16.attn.wo.weight,1024 × 1024,1048576,1,https://huggingface.co/deepseek-ai/DeepSeek-V4.1-Flash/blob/2cba9e42aa026125f3ed06c6d98c1db82f7ca027/inference/vision.py#L47-L52,仅参考逻辑构造；stored shape/dtype/payload 未审计
vision-17,vision,Vision,,2D RoPE / 双向 attention / SwiGLU,vision.blocks.16.attn.wo.bias,1024,1024,1,https://huggingface.co/deepseek-ai/DeepSeek-V4.1-Flash/blob/2cba9e42aa026125f3ed06c6d98c1db82f7ca027/inference/vision.py#L47-L52,仅参考逻辑构造；stored shape/dtype/payload 未审计
vision-17,vision,Vision,,2D RoPE / 双向 attention / SwiGLU,vision.blocks.16.mlp.w1.weight,5632 × 1024,5767168,1,https://huggingface.co/deepseek-ai/DeepSeek-V4.1-Flash/blob/2cba9e42aa026125f3ed06c6d98c1db82f7ca027/inference/vision.py#L64-L67,仅参考逻辑构造；stored shape/dtype/payload 未审计
vision-17,vision,Vision,,2D RoPE / 双向 attention / SwiGLU,vision.blocks.16.mlp.w2.weight,1024 × 2816,2883584,1,https://huggingface.co/deepseek-ai/DeepSeek-V4.1-Flash/blob/2cba9e42aa026125f3ed06c6d98c1db82f7ca027/inference/vision.py#L64-L67,仅参考逻辑构造；stored shape/dtype/payload 未审计
vision-17,vision,Vision,,2D RoPE / 双向 attention / SwiGLU,vision.blocks.16.norm1.weight,1024,1024,1,https://huggingface.co/deepseek-ai/DeepSeek-V4.1-Flash/blob/2cba9e42aa026125f3ed06c6d98c1db82f7ca027/inference/vision.py#L75-L80,仅参考逻辑构造；stored shape/dtype/payload 未审计
vision-17,vision,Vision,,2D RoPE / 双向 attention / SwiGLU,vision.blocks.16.norm2.weight,1024,1024,1,https://huggingface.co/deepseek-ai/DeepSeek-V4.1-Flash/blob/2cba9e42aa026125f3ed06c6d98c1db82f7ca027/inference/vision.py#L75-L80,仅参考逻辑构造；stored shape/dtype/payload 未审计
vision-18,vision,Vision,,2D RoPE / 双向 attention / SwiGLU,vision.blocks.17.attn.wqkv.weight,3072 × 1024,3145728,1,https://huggingface.co/deepseek-ai/DeepSeek-V4.1-Flash/blob/2cba9e42aa026125f3ed06c6d98c1db82f7ca027/inference/vision.py#L47-L52,仅参考逻辑构造；stored shape/dtype/payload 未审计
vision-18,vision,Vision,,2D RoPE / 双向 attention / SwiGLU,vision.blocks.17.attn.wqkv.bias,3072,3072,1,https://huggingface.co/deepseek-ai/DeepSeek-V4.1-Flash/blob/2cba9e42aa026125f3ed06c6d98c1db82f7ca027/inference/vision.py#L47-L52,仅参考逻辑构造；stored shape/dtype/payload 未审计
vision-18,vision,Vision,,2D RoPE / 双向 attention / SwiGLU,vision.blocks.17.attn.wo.weight,1024 × 1024,1048576,1,https://huggingface.co/deepseek-ai/DeepSeek-V4.1-Flash/blob/2cba9e42aa026125f3ed06c6d98c1db82f7ca027/inference/vision.py#L47-L52,仅参考逻辑构造；stored shape/dtype/payload 未审计
vision-18,vision,Vision,,2D RoPE / 双向 attention / SwiGLU,vision.blocks.17.attn.wo.bias,1024,1024,1,https://huggingface.co/deepseek-ai/DeepSeek-V4.1-Flash/blob/2cba9e42aa026125f3ed06c6d98c1db82f7ca027/inference/vision.py#L47-L52,仅参考逻辑构造；stored shape/dtype/payload 未审计
vision-18,vision,Vision,,2D RoPE / 双向 attention / SwiGLU,vision.blocks.17.mlp.w1.weight,5632 × 1024,5767168,1,https://huggingface.co/deepseek-ai/DeepSeek-V4.1-Flash/blob/2cba9e42aa026125f3ed06c6d98c1db82f7ca027/inference/vision.py#L64-L67,仅参考逻辑构造；stored shape/dtype/payload 未审计
vision-18,vision,Vision,,2D RoPE / 双向 attention / SwiGLU,vision.blocks.17.mlp.w2.weight,1024 × 2816,2883584,1,https://huggingface.co/deepseek-ai/DeepSeek-V4.1-Flash/blob/2cba9e42aa026125f3ed06c6d98c1db82f7ca027/inference/vision.py#L64-L67,仅参考逻辑构造；stored shape/dtype/payload 未审计
vision-18,vision,Vision,,2D RoPE / 双向 attention / SwiGLU,vision.blocks.17.norm1.weight,1024,1024,1,https://huggingface.co/deepseek-ai/DeepSeek-V4.1-Flash/blob/2cba9e42aa026125f3ed06c6d98c1db82f7ca027/inference/vision.py#L75-L80,仅参考逻辑构造；stored shape/dtype/payload 未审计
vision-18,vision,Vision,,2D RoPE / 双向 attention / SwiGLU,vision.blocks.17.norm2.weight,1024,1024,1,https://huggingface.co/deepseek-ai/DeepSeek-V4.1-Flash/blob/2cba9e42aa026125f3ed06c6d98c1db82f7ca027/inference/vision.py#L75-L80,仅参考逻辑构造；stored shape/dtype/payload 未审计
vision-19,vision,Vision,,2D RoPE / 双向 attention / SwiGLU,vision.blocks.18.attn.wqkv.weight,3072 × 1024,3145728,1,https://huggingface.co/deepseek-ai/DeepSeek-V4.1-Flash/blob/2cba9e42aa026125f3ed06c6d98c1db82f7ca027/inference/vision.py#L47-L52,仅参考逻辑构造；stored shape/dtype/payload 未审计
vision-19,vision,Vision,,2D RoPE / 双向 attention / SwiGLU,vision.blocks.18.attn.wqkv.bias,3072,3072,1,https://huggingface.co/deepseek-ai/DeepSeek-V4.1-Flash/blob/2cba9e42aa026125f3ed06c6d98c1db82f7ca027/inference/vision.py#L47-L52,仅参考逻辑构造；stored shape/dtype/payload 未审计
vision-19,vision,Vision,,2D RoPE / 双向 attention / SwiGLU,vision.blocks.18.attn.wo.weight,1024 × 1024,1048576,1,https://huggingface.co/deepseek-ai/DeepSeek-V4.1-Flash/blob/2cba9e42aa026125f3ed06c6d98c1db82f7ca027/inference/vision.py#L47-L52,仅参考逻辑构造；stored shape/dtype/payload 未审计
vision-19,vision,Vision,,2D RoPE / 双向 attention / SwiGLU,vision.blocks.18.attn.wo.bias,1024,1024,1,https://huggingface.co/deepseek-ai/DeepSeek-V4.1-Flash/blob/2cba9e42aa026125f3ed06c6d98c1db82f7ca027/inference/vision.py#L47-L52,仅参考逻辑构造；stored shape/dtype/payload 未审计
vision-19,vision,Vision,,2D RoPE / 双向 attention / SwiGLU,vision.blocks.18.mlp.w1.weight,5632 × 1024,5767168,1,https://huggingface.co/deepseek-ai/DeepSeek-V4.1-Flash/blob/2cba9e42aa026125f3ed06c6d98c1db82f7ca027/inference/vision.py#L64-L67,仅参考逻辑构造；stored shape/dtype/payload 未审计
vision-19,vision,Vision,,2D RoPE / 双向 attention / SwiGLU,vision.blocks.18.mlp.w2.weight,1024 × 2816,2883584,1,https://huggingface.co/deepseek-ai/DeepSeek-V4.1-Flash/blob/2cba9e42aa026125f3ed06c6d98c1db82f7ca027/inference/vision.py#L64-L67,仅参考逻辑构造；stored shape/dtype/payload 未审计
vision-19,vision,Vision,,2D RoPE / 双向 attention / SwiGLU,vision.blocks.18.norm1.weight,1024,1024,1,https://huggingface.co/deepseek-ai/DeepSeek-V4.1-Flash/blob/2cba9e42aa026125f3ed06c6d98c1db82f7ca027/inference/vision.py#L75-L80,仅参考逻辑构造；stored shape/dtype/payload 未审计
vision-19,vision,Vision,,2D RoPE / 双向 attention / SwiGLU,vision.blocks.18.norm2.weight,1024,1024,1,https://huggingface.co/deepseek-ai/DeepSeek-V4.1-Flash/blob/2cba9e42aa026125f3ed06c6d98c1db82f7ca027/inference/vision.py#L75-L80,仅参考逻辑构造；stored shape/dtype/payload 未审计
vision-20,vision,Vision,,2D RoPE / 双向 attention / SwiGLU,vision.blocks.19.attn.wqkv.weight,3072 × 1024,3145728,1,https://huggingface.co/deepseek-ai/DeepSeek-V4.1-Flash/blob/2cba9e42aa026125f3ed06c6d98c1db82f7ca027/inference/vision.py#L47-L52,仅参考逻辑构造；stored shape/dtype/payload 未审计
vision-20,vision,Vision,,2D RoPE / 双向 attention / SwiGLU,vision.blocks.19.attn.wqkv.bias,3072,3072,1,https://huggingface.co/deepseek-ai/DeepSeek-V4.1-Flash/blob/2cba9e42aa026125f3ed06c6d98c1db82f7ca027/inference/vision.py#L47-L52,仅参考逻辑构造；stored shape/dtype/payload 未审计
vision-20,vision,Vision,,2D RoPE / 双向 attention / SwiGLU,vision.blocks.19.attn.wo.weight,1024 × 1024,1048576,1,https://huggingface.co/deepseek-ai/DeepSeek-V4.1-Flash/blob/2cba9e42aa026125f3ed06c6d98c1db82f7ca027/inference/vision.py#L47-L52,仅参考逻辑构造；stored shape/dtype/payload 未审计
vision-20,vision,Vision,,2D RoPE / 双向 attention / SwiGLU,vision.blocks.19.attn.wo.bias,1024,1024,1,https://huggingface.co/deepseek-ai/DeepSeek-V4.1-Flash/blob/2cba9e42aa026125f3ed06c6d98c1db82f7ca027/inference/vision.py#L47-L52,仅参考逻辑构造；stored shape/dtype/payload 未审计
vision-20,vision,Vision,,2D RoPE / 双向 attention / SwiGLU,vision.blocks.19.mlp.w1.weight,5632 × 1024,5767168,1,https://huggingface.co/deepseek-ai/DeepSeek-V4.1-Flash/blob/2cba9e42aa026125f3ed06c6d98c1db82f7ca027/inference/vision.py#L64-L67,仅参考逻辑构造；stored shape/dtype/payload 未审计
vision-20,vision,Vision,,2D RoPE / 双向 attention / SwiGLU,vision.blocks.19.mlp.w2.weight,1024 × 2816,2883584,1,https://huggingface.co/deepseek-ai/DeepSeek-V4.1-Flash/blob/2cba9e42aa026125f3ed06c6d98c1db82f7ca027/inference/vision.py#L64-L67,仅参考逻辑构造；stored shape/dtype/payload 未审计
vision-20,vision,Vision,,2D RoPE / 双向 attention / SwiGLU,vision.blocks.19.norm1.weight,1024,1024,1,https://huggingface.co/deepseek-ai/DeepSeek-V4.1-Flash/blob/2cba9e42aa026125f3ed06c6d98c1db82f7ca027/inference/vision.py#L75-L80,仅参考逻辑构造；stored shape/dtype/payload 未审计
vision-20,vision,Vision,,2D RoPE / 双向 attention / SwiGLU,vision.blocks.19.norm2.weight,1024,1024,1,https://huggingface.co/deepseek-ai/DeepSeek-V4.1-Flash/blob/2cba9e42aa026125f3ed06c6d98c1db82f7ca027/inference/vision.py#L75-L80,仅参考逻辑构造；stored shape/dtype/payload 未审计
vision-21,vision,Vision,,2D RoPE / 双向 attention / SwiGLU,vision.blocks.20.attn.wqkv.weight,3072 × 1024,3145728,1,https://huggingface.co/deepseek-ai/DeepSeek-V4.1-Flash/blob/2cba9e42aa026125f3ed06c6d98c1db82f7ca027/inference/vision.py#L47-L52,仅参考逻辑构造；stored shape/dtype/payload 未审计
vision-21,vision,Vision,,2D RoPE / 双向 attention / SwiGLU,vision.blocks.20.attn.wqkv.bias,3072,3072,1,https://huggingface.co/deepseek-ai/DeepSeek-V4.1-Flash/blob/2cba9e42aa026125f3ed06c6d98c1db82f7ca027/inference/vision.py#L47-L52,仅参考逻辑构造；stored shape/dtype/payload 未审计
vision-21,vision,Vision,,2D RoPE / 双向 attention / SwiGLU,vision.blocks.20.attn.wo.weight,1024 × 1024,1048576,1,https://huggingface.co/deepseek-ai/DeepSeek-V4.1-Flash/blob/2cba9e42aa026125f3ed06c6d98c1db82f7ca027/inference/vision.py#L47-L52,仅参考逻辑构造；stored shape/dtype/payload 未审计
vision-21,vision,Vision,,2D RoPE / 双向 attention / SwiGLU,vision.blocks.20.attn.wo.bias,1024,1024,1,https://huggingface.co/deepseek-ai/DeepSeek-V4.1-Flash/blob/2cba9e42aa026125f3ed06c6d98c1db82f7ca027/inference/vision.py#L47-L52,仅参考逻辑构造；stored shape/dtype/payload 未审计
vision-21,vision,Vision,,2D RoPE / 双向 attention / SwiGLU,vision.blocks.20.mlp.w1.weight,5632 × 1024,5767168,1,https://huggingface.co/deepseek-ai/DeepSeek-V4.1-Flash/blob/2cba9e42aa026125f3ed06c6d98c1db82f7ca027/inference/vision.py#L64-L67,仅参考逻辑构造；stored shape/dtype/payload 未审计
vision-21,vision,Vision,,2D RoPE / 双向 attention / SwiGLU,vision.blocks.20.mlp.w2.weight,1024 × 2816,2883584,1,https://huggingface.co/deepseek-ai/DeepSeek-V4.1-Flash/blob/2cba9e42aa026125f3ed06c6d98c1db82f7ca027/inference/vision.py#L64-L67,仅参考逻辑构造；stored shape/dtype/payload 未审计
vision-21,vision,Vision,,2D RoPE / 双向 attention / SwiGLU,vision.blocks.20.norm1.weight,1024,1024,1,https://huggingface.co/deepseek-ai/DeepSeek-V4.1-Flash/blob/2cba9e42aa026125f3ed06c6d98c1db82f7ca027/inference/vision.py#L75-L80,仅参考逻辑构造；stored shape/dtype/payload 未审计
vision-21,vision,Vision,,2D RoPE / 双向 attention / SwiGLU,vision.blocks.20.norm2.weight,1024,1024,1,https://huggingface.co/deepseek-ai/DeepSeek-V4.1-Flash/blob/2cba9e42aa026125f3ed06c6d98c1db82f7ca027/inference/vision.py#L75-L80,仅参考逻辑构造；stored shape/dtype/payload 未审计
vision-22,vision,Vision,,2D RoPE / 双向 attention / SwiGLU,vision.blocks.21.attn.wqkv.weight,3072 × 1024,3145728,1,https://huggingface.co/deepseek-ai/DeepSeek-V4.1-Flash/blob/2cba9e42aa026125f3ed06c6d98c1db82f7ca027/inference/vision.py#L47-L52,仅参考逻辑构造；stored shape/dtype/payload 未审计
vision-22,vision,Vision,,2D RoPE / 双向 attention / SwiGLU,vision.blocks.21.attn.wqkv.bias,3072,3072,1,https://huggingface.co/deepseek-ai/DeepSeek-V4.1-Flash/blob/2cba9e42aa026125f3ed06c6d98c1db82f7ca027/inference/vision.py#L47-L52,仅参考逻辑构造；stored shape/dtype/payload 未审计
vision-22,vision,Vision,,2D RoPE / 双向 attention / SwiGLU,vision.blocks.21.attn.wo.weight,1024 × 1024,1048576,1,https://huggingface.co/deepseek-ai/DeepSeek-V4.1-Flash/blob/2cba9e42aa026125f3ed06c6d98c1db82f7ca027/inference/vision.py#L47-L52,仅参考逻辑构造；stored shape/dtype/payload 未审计
vision-22,vision,Vision,,2D RoPE / 双向 attention / SwiGLU,vision.blocks.21.attn.wo.bias,1024,1024,1,https://huggingface.co/deepseek-ai/DeepSeek-V4.1-Flash/blob/2cba9e42aa026125f3ed06c6d98c1db82f7ca027/inference/vision.py#L47-L52,仅参考逻辑构造；stored shape/dtype/payload 未审计
vision-22,vision,Vision,,2D RoPE / 双向 attention / SwiGLU,vision.blocks.21.mlp.w1.weight,5632 × 1024,5767168,1,https://huggingface.co/deepseek-ai/DeepSeek-V4.1-Flash/blob/2cba9e42aa026125f3ed06c6d98c1db82f7ca027/inference/vision.py#L64-L67,仅参考逻辑构造；stored shape/dtype/payload 未审计
vision-22,vision,Vision,,2D RoPE / 双向 attention / SwiGLU,vision.blocks.21.mlp.w2.weight,1024 × 2816,2883584,1,https://huggingface.co/deepseek-ai/DeepSeek-V4.1-Flash/blob/2cba9e42aa026125f3ed06c6d98c1db82f7ca027/inference/vision.py#L64-L67,仅参考逻辑构造；stored shape/dtype/payload 未审计
vision-22,vision,Vision,,2D RoPE / 双向 attention / SwiGLU,vision.blocks.21.norm1.weight,1024,1024,1,https://huggingface.co/deepseek-ai/DeepSeek-V4.1-Flash/blob/2cba9e42aa026125f3ed06c6d98c1db82f7ca027/inference/vision.py#L75-L80,仅参考逻辑构造；stored shape/dtype/payload 未审计
vision-22,vision,Vision,,2D RoPE / 双向 attention / SwiGLU,vision.blocks.21.norm2.weight,1024,1024,1,https://huggingface.co/deepseek-ai/DeepSeek-V4.1-Flash/blob/2cba9e42aa026125f3ed06c6d98c1db82f7ca027/inference/vision.py#L75-L80,仅参考逻辑构造；stored shape/dtype/payload 未审计
vision-23,vision,Vision,,2D RoPE / 双向 attention / SwiGLU,vision.blocks.22.attn.wqkv.weight,3072 × 1024,3145728,1,https://huggingface.co/deepseek-ai/DeepSeek-V4.1-Flash/blob/2cba9e42aa026125f3ed06c6d98c1db82f7ca027/inference/vision.py#L47-L52,仅参考逻辑构造；stored shape/dtype/payload 未审计
vision-23,vision,Vision,,2D RoPE / 双向 attention / SwiGLU,vision.blocks.22.attn.wqkv.bias,3072,3072,1,https://huggingface.co/deepseek-ai/DeepSeek-V4.1-Flash/blob/2cba9e42aa026125f3ed06c6d98c1db82f7ca027/inference/vision.py#L47-L52,仅参考逻辑构造；stored shape/dtype/payload 未审计
vision-23,vision,Vision,,2D RoPE / 双向 attention / SwiGLU,vision.blocks.22.attn.wo.weight,1024 × 1024,1048576,1,https://huggingface.co/deepseek-ai/DeepSeek-V4.1-Flash/blob/2cba9e42aa026125f3ed06c6d98c1db82f7ca027/inference/vision.py#L47-L52,仅参考逻辑构造；stored shape/dtype/payload 未审计
vision-23,vision,Vision,,2D RoPE / 双向 attention / SwiGLU,vision.blocks.22.attn.wo.bias,1024,1024,1,https://huggingface.co/deepseek-ai/DeepSeek-V4.1-Flash/blob/2cba9e42aa026125f3ed06c6d98c1db82f7ca027/inference/vision.py#L47-L52,仅参考逻辑构造；stored shape/dtype/payload 未审计
vision-23,vision,Vision,,2D RoPE / 双向 attention / SwiGLU,vision.blocks.22.mlp.w1.weight,5632 × 1024,5767168,1,https://huggingface.co/deepseek-ai/DeepSeek-V4.1-Flash/blob/2cba9e42aa026125f3ed06c6d98c1db82f7ca027/inference/vision.py#L64-L67,仅参考逻辑构造；stored shape/dtype/payload 未审计
vision-23,vision,Vision,,2D RoPE / 双向 attention / SwiGLU,vision.blocks.22.mlp.w2.weight,1024 × 2816,2883584,1,https://huggingface.co/deepseek-ai/DeepSeek-V4.1-Flash/blob/2cba9e42aa026125f3ed06c6d98c1db82f7ca027/inference/vision.py#L64-L67,仅参考逻辑构造；stored shape/dtype/payload 未审计
vision-23,vision,Vision,,2D RoPE / 双向 attention / SwiGLU,vision.blocks.22.norm1.weight,1024,1024,1,https://huggingface.co/deepseek-ai/DeepSeek-V4.1-Flash/blob/2cba9e42aa026125f3ed06c6d98c1db82f7ca027/inference/vision.py#L75-L80,仅参考逻辑构造；stored shape/dtype/payload 未审计
vision-23,vision,Vision,,2D RoPE / 双向 attention / SwiGLU,vision.blocks.22.norm2.weight,1024,1024,1,https://huggingface.co/deepseek-ai/DeepSeek-V4.1-Flash/blob/2cba9e42aa026125f3ed06c6d98c1db82f7ca027/inference/vision.py#L75-L80,仅参考逻辑构造；stored shape/dtype/payload 未审计
vision-24,vision,Vision,,2D RoPE / 双向 attention / SwiGLU,vision.blocks.23.attn.wqkv.weight,3072 × 1024,3145728,1,https://huggingface.co/deepseek-ai/DeepSeek-V4.1-Flash/blob/2cba9e42aa026125f3ed06c6d98c1db82f7ca027/inference/vision.py#L47-L52,仅参考逻辑构造；stored shape/dtype/payload 未审计
vision-24,vision,Vision,,2D RoPE / 双向 attention / SwiGLU,vision.blocks.23.attn.wqkv.bias,3072,3072,1,https://huggingface.co/deepseek-ai/DeepSeek-V4.1-Flash/blob/2cba9e42aa026125f3ed06c6d98c1db82f7ca027/inference/vision.py#L47-L52,仅参考逻辑构造；stored shape/dtype/payload 未审计
vision-24,vision,Vision,,2D RoPE / 双向 attention / SwiGLU,vision.blocks.23.attn.wo.weight,1024 × 1024,1048576,1,https://huggingface.co/deepseek-ai/DeepSeek-V4.1-Flash/blob/2cba9e42aa026125f3ed06c6d98c1db82f7ca027/inference/vision.py#L47-L52,仅参考逻辑构造；stored shape/dtype/payload 未审计
vision-24,vision,Vision,,2D RoPE / 双向 attention / SwiGLU,vision.blocks.23.attn.wo.bias,1024,1024,1,https://huggingface.co/deepseek-ai/DeepSeek-V4.1-Flash/blob/2cba9e42aa026125f3ed06c6d98c1db82f7ca027/inference/vision.py#L47-L52,仅参考逻辑构造；stored shape/dtype/payload 未审计
vision-24,vision,Vision,,2D RoPE / 双向 attention / SwiGLU,vision.blocks.23.mlp.w1.weight,5632 × 1024,5767168,1,https://huggingface.co/deepseek-ai/DeepSeek-V4.1-Flash/blob/2cba9e42aa026125f3ed06c6d98c1db82f7ca027/inference/vision.py#L64-L67,仅参考逻辑构造；stored shape/dtype/payload 未审计
vision-24,vision,Vision,,2D RoPE / 双向 attention / SwiGLU,vision.blocks.23.mlp.w2.weight,1024 × 2816,2883584,1,https://huggingface.co/deepseek-ai/DeepSeek-V4.1-Flash/blob/2cba9e42aa026125f3ed06c6d98c1db82f7ca027/inference/vision.py#L64-L67,仅参考逻辑构造；stored shape/dtype/payload 未审计
vision-24,vision,Vision,,2D RoPE / 双向 attention / SwiGLU,vision.blocks.23.norm1.weight,1024,1024,1,https://huggingface.co/deepseek-ai/DeepSeek-V4.1-Flash/blob/2cba9e42aa026125f3ed06c6d98c1db82f7ca027/inference/vision.py#L75-L80,仅参考逻辑构造；stored shape/dtype/payload 未审计
vision-24,vision,Vision,,2D RoPE / 双向 attention / SwiGLU,vision.blocks.23.norm2.weight,1024,1024,1,https://huggingface.co/deepseek-ai/DeepSeek-V4.1-Flash/blob/2cba9e42aa026125f3ed06c6d98c1db82f7ca027/inference/vision.py#L75-L80,仅参考逻辑构造；stored shape/dtype/payload 未审计
vision-25,vision,Vision,,2D RoPE / 双向 attention / SwiGLU,vision.blocks.24.attn.wqkv.weight,3072 × 1024,3145728,1,https://huggingface.co/deepseek-ai/DeepSeek-V4.1-Flash/blob/2cba9e42aa026125f3ed06c6d98c1db82f7ca027/inference/vision.py#L47-L52,仅参考逻辑构造；stored shape/dtype/payload 未审计
vision-25,vision,Vision,,2D RoPE / 双向 attention / SwiGLU,vision.blocks.24.attn.wqkv.bias,3072,3072,1,https://huggingface.co/deepseek-ai/DeepSeek-V4.1-Flash/blob/2cba9e42aa026125f3ed06c6d98c1db82f7ca027/inference/vision.py#L47-L52,仅参考逻辑构造；stored shape/dtype/payload 未审计
vision-25,vision,Vision,,2D RoPE / 双向 attention / SwiGLU,vision.blocks.24.attn.wo.weight,1024 × 1024,1048576,1,https://huggingface.co/deepseek-ai/DeepSeek-V4.1-Flash/blob/2cba9e42aa026125f3ed06c6d98c1db82f7ca027/inference/vision.py#L47-L52,仅参考逻辑构造；stored shape/dtype/payload 未审计
vision-25,vision,Vision,,2D RoPE / 双向 attention / SwiGLU,vision.blocks.24.attn.wo.bias,1024,1024,1,https://huggingface.co/deepseek-ai/DeepSeek-V4.1-Flash/blob/2cba9e42aa026125f3ed06c6d98c1db82f7ca027/inference/vision.py#L47-L52,仅参考逻辑构造；stored shape/dtype/payload 未审计
vision-25,vision,Vision,,2D RoPE / 双向 attention / SwiGLU,vision.blocks.24.mlp.w1.weight,5632 × 1024,5767168,1,https://huggingface.co/deepseek-ai/DeepSeek-V4.1-Flash/blob/2cba9e42aa026125f3ed06c6d98c1db82f7ca027/inference/vision.py#L64-L67,仅参考逻辑构造；stored shape/dtype/payload 未审计
vision-25,vision,Vision,,2D RoPE / 双向 attention / SwiGLU,vision.blocks.24.mlp.w2.weight,1024 × 2816,2883584,1,https://huggingface.co/deepseek-ai/DeepSeek-V4.1-Flash/blob/2cba9e42aa026125f3ed06c6d98c1db82f7ca027/inference/vision.py#L64-L67,仅参考逻辑构造；stored shape/dtype/payload 未审计
vision-25,vision,Vision,,2D RoPE / 双向 attention / SwiGLU,vision.blocks.24.norm1.weight,1024,1024,1,https://huggingface.co/deepseek-ai/DeepSeek-V4.1-Flash/blob/2cba9e42aa026125f3ed06c6d98c1db82f7ca027/inference/vision.py#L75-L80,仅参考逻辑构造；stored shape/dtype/payload 未审计
vision-25,vision,Vision,,2D RoPE / 双向 attention / SwiGLU,vision.blocks.24.norm2.weight,1024,1024,1,https://huggingface.co/deepseek-ai/DeepSeek-V4.1-Flash/blob/2cba9e42aa026125f3ed06c6d98c1db82f7ca027/inference/vision.py#L75-L80,仅参考逻辑构造；stored shape/dtype/payload 未审计
vision-26,vision,Vision,,2D RoPE / 双向 attention / SwiGLU,vision.blocks.25.attn.wqkv.weight,3072 × 1024,3145728,1,https://huggingface.co/deepseek-ai/DeepSeek-V4.1-Flash/blob/2cba9e42aa026125f3ed06c6d98c1db82f7ca027/inference/vision.py#L47-L52,仅参考逻辑构造；stored shape/dtype/payload 未审计
vision-26,vision,Vision,,2D RoPE / 双向 attention / SwiGLU,vision.blocks.25.attn.wqkv.bias,3072,3072,1,https://huggingface.co/deepseek-ai/DeepSeek-V4.1-Flash/blob/2cba9e42aa026125f3ed06c6d98c1db82f7ca027/inference/vision.py#L47-L52,仅参考逻辑构造；stored shape/dtype/payload 未审计
vision-26,vision,Vision,,2D RoPE / 双向 attention / SwiGLU,vision.blocks.25.attn.wo.weight,1024 × 1024,1048576,1,https://huggingface.co/deepseek-ai/DeepSeek-V4.1-Flash/blob/2cba9e42aa026125f3ed06c6d98c1db82f7ca027/inference/vision.py#L47-L52,仅参考逻辑构造；stored shape/dtype/payload 未审计
vision-26,vision,Vision,,2D RoPE / 双向 attention / SwiGLU,vision.blocks.25.attn.wo.bias,1024,1024,1,https://huggingface.co/deepseek-ai/DeepSeek-V4.1-Flash/blob/2cba9e42aa026125f3ed06c6d98c1db82f7ca027/inference/vision.py#L47-L52,仅参考逻辑构造；stored shape/dtype/payload 未审计
vision-26,vision,Vision,,2D RoPE / 双向 attention / SwiGLU,vision.blocks.25.mlp.w1.weight,5632 × 1024,5767168,1,https://huggingface.co/deepseek-ai/DeepSeek-V4.1-Flash/blob/2cba9e42aa026125f3ed06c6d98c1db82f7ca027/inference/vision.py#L64-L67,仅参考逻辑构造；stored shape/dtype/payload 未审计
vision-26,vision,Vision,,2D RoPE / 双向 attention / SwiGLU,vision.blocks.25.mlp.w2.weight,1024 × 2816,2883584,1,https://huggingface.co/deepseek-ai/DeepSeek-V4.1-Flash/blob/2cba9e42aa026125f3ed06c6d98c1db82f7ca027/inference/vision.py#L64-L67,仅参考逻辑构造；stored shape/dtype/payload 未审计
vision-26,vision,Vision,,2D RoPE / 双向 attention / SwiGLU,vision.blocks.25.norm1.weight,1024,1024,1,https://huggingface.co/deepseek-ai/DeepSeek-V4.1-Flash/blob/2cba9e42aa026125f3ed06c6d98c1db82f7ca027/inference/vision.py#L75-L80,仅参考逻辑构造；stored shape/dtype/payload 未审计
vision-26,vision,Vision,,2D RoPE / 双向 attention / SwiGLU,vision.blocks.25.norm2.weight,1024,1024,1,https://huggingface.co/deepseek-ai/DeepSeek-V4.1-Flash/blob/2cba9e42aa026125f3ed06c6d98c1db82f7ca027/inference/vision.py#L75-L80,仅参考逻辑构造；stored shape/dtype/payload 未审计
vision-27,vision,Vision,,2D RoPE / 双向 attention / SwiGLU,vision.blocks.26.attn.wqkv.weight,3072 × 1024,3145728,1,https://huggingface.co/deepseek-ai/DeepSeek-V4.1-Flash/blob/2cba9e42aa026125f3ed06c6d98c1db82f7ca027/inference/vision.py#L47-L52,仅参考逻辑构造；stored shape/dtype/payload 未审计
vision-27,vision,Vision,,2D RoPE / 双向 attention / SwiGLU,vision.blocks.26.attn.wqkv.bias,3072,3072,1,https://huggingface.co/deepseek-ai/DeepSeek-V4.1-Flash/blob/2cba9e42aa026125f3ed06c6d98c1db82f7ca027/inference/vision.py#L47-L52,仅参考逻辑构造；stored shape/dtype/payload 未审计
vision-27,vision,Vision,,2D RoPE / 双向 attention / SwiGLU,vision.blocks.26.attn.wo.weight,1024 × 1024,1048576,1,https://huggingface.co/deepseek-ai/DeepSeek-V4.1-Flash/blob/2cba9e42aa026125f3ed06c6d98c1db82f7ca027/inference/vision.py#L47-L52,仅参考逻辑构造；stored shape/dtype/payload 未审计
vision-27,vision,Vision,,2D RoPE / 双向 attention / SwiGLU,vision.blocks.26.attn.wo.bias,1024,1024,1,https://huggingface.co/deepseek-ai/DeepSeek-V4.1-Flash/blob/2cba9e42aa026125f3ed06c6d98c1db82f7ca027/inference/vision.py#L47-L52,仅参考逻辑构造；stored shape/dtype/payload 未审计
vision-27,vision,Vision,,2D RoPE / 双向 attention / SwiGLU,vision.blocks.26.mlp.w1.weight,5632 × 1024,5767168,1,https://huggingface.co/deepseek-ai/DeepSeek-V4.1-Flash/blob/2cba9e42aa026125f3ed06c6d98c1db82f7ca027/inference/vision.py#L64-L67,仅参考逻辑构造；stored shape/dtype/payload 未审计
vision-27,vision,Vision,,2D RoPE / 双向 attention / SwiGLU,vision.blocks.26.mlp.w2.weight,1024 × 2816,2883584,1,https://huggingface.co/deepseek-ai/DeepSeek-V4.1-Flash/blob/2cba9e42aa026125f3ed06c6d98c1db82f7ca027/inference/vision.py#L64-L67,仅参考逻辑构造；stored shape/dtype/payload 未审计
vision-27,vision,Vision,,2D RoPE / 双向 attention / SwiGLU,vision.blocks.26.norm1.weight,1024,1024,1,https://huggingface.co/deepseek-ai/DeepSeek-V4.1-Flash/blob/2cba9e42aa026125f3ed06c6d98c1db82f7ca027/inference/vision.py#L75-L80,仅参考逻辑构造；stored shape/dtype/payload 未审计
vision-27,vision,Vision,,2D RoPE / 双向 attention / SwiGLU,vision.blocks.26.norm2.weight,1024,1024,1,https://huggingface.co/deepseek-ai/DeepSeek-V4.1-Flash/blob/2cba9e42aa026125f3ed06c6d98c1db82f7ca027/inference/vision.py#L75-L80,仅参考逻辑构造；stored shape/dtype/payload 未审计
vision-28,vision,Vision,,2D RoPE / 双向 attention / SwiGLU,vision.blocks.27.attn.wqkv.weight,3072 × 1024,3145728,1,https://huggingface.co/deepseek-ai/DeepSeek-V4.1-Flash/blob/2cba9e42aa026125f3ed06c6d98c1db82f7ca027/inference/vision.py#L47-L52,仅参考逻辑构造；stored shape/dtype/payload 未审计
vision-28,vision,Vision,,2D RoPE / 双向 attention / SwiGLU,vision.blocks.27.attn.wqkv.bias,3072,3072,1,https://huggingface.co/deepseek-ai/DeepSeek-V4.1-Flash/blob/2cba9e42aa026125f3ed06c6d98c1db82f7ca027/inference/vision.py#L47-L52,仅参考逻辑构造；stored shape/dtype/payload 未审计
vision-28,vision,Vision,,2D RoPE / 双向 attention / SwiGLU,vision.blocks.27.attn.wo.weight,1024 × 1024,1048576,1,https://huggingface.co/deepseek-ai/DeepSeek-V4.1-Flash/blob/2cba9e42aa026125f3ed06c6d98c1db82f7ca027/inference/vision.py#L47-L52,仅参考逻辑构造；stored shape/dtype/payload 未审计
vision-28,vision,Vision,,2D RoPE / 双向 attention / SwiGLU,vision.blocks.27.attn.wo.bias,1024,1024,1,https://huggingface.co/deepseek-ai/DeepSeek-V4.1-Flash/blob/2cba9e42aa026125f3ed06c6d98c1db82f7ca027/inference/vision.py#L47-L52,仅参考逻辑构造；stored shape/dtype/payload 未审计
vision-28,vision,Vision,,2D RoPE / 双向 attention / SwiGLU,vision.blocks.27.mlp.w1.weight,5632 × 1024,5767168,1,https://huggingface.co/deepseek-ai/DeepSeek-V4.1-Flash/blob/2cba9e42aa026125f3ed06c6d98c1db82f7ca027/inference/vision.py#L64-L67,仅参考逻辑构造；stored shape/dtype/payload 未审计
vision-28,vision,Vision,,2D RoPE / 双向 attention / SwiGLU,vision.blocks.27.mlp.w2.weight,1024 × 2816,2883584,1,https://huggingface.co/deepseek-ai/DeepSeek-V4.1-Flash/blob/2cba9e42aa026125f3ed06c6d98c1db82f7ca027/inference/vision.py#L64-L67,仅参考逻辑构造；stored shape/dtype/payload 未审计
vision-28,vision,Vision,,2D RoPE / 双向 attention / SwiGLU,vision.blocks.27.norm1.weight,1024,1024,1,https://huggingface.co/deepseek-ai/DeepSeek-V4.1-Flash/blob/2cba9e42aa026125f3ed06c6d98c1db82f7ca027/inference/vision.py#L75-L80,仅参考逻辑构造；stored shape/dtype/payload 未审计
vision-28,vision,Vision,,2D RoPE / 双向 attention / SwiGLU,vision.blocks.27.norm2.weight,1024,1024,1,https://huggingface.co/deepseek-ai/DeepSeek-V4.1-Flash/blob/2cba9e42aa026125f3ed06c6d98c1db82f7ca027/inference/vision.py#L75-L80,仅参考逻辑构造；stored shape/dtype/payload 未审计
vision-29,vision,Vision,,2D RoPE / 双向 attention / SwiGLU,vision.blocks.28.attn.wqkv.weight,3072 × 1024,3145728,1,https://huggingface.co/deepseek-ai/DeepSeek-V4.1-Flash/blob/2cba9e42aa026125f3ed06c6d98c1db82f7ca027/inference/vision.py#L47-L52,仅参考逻辑构造；stored shape/dtype/payload 未审计
vision-29,vision,Vision,,2D RoPE / 双向 attention / SwiGLU,vision.blocks.28.attn.wqkv.bias,3072,3072,1,https://huggingface.co/deepseek-ai/DeepSeek-V4.1-Flash/blob/2cba9e42aa026125f3ed06c6d98c1db82f7ca027/inference/vision.py#L47-L52,仅参考逻辑构造；stored shape/dtype/payload 未审计
vision-29,vision,Vision,,2D RoPE / 双向 attention / SwiGLU,vision.blocks.28.attn.wo.weight,1024 × 1024,1048576,1,https://huggingface.co/deepseek-ai/DeepSeek-V4.1-Flash/blob/2cba9e42aa026125f3ed06c6d98c1db82f7ca027/inference/vision.py#L47-L52,仅参考逻辑构造；stored shape/dtype/payload 未审计
vision-29,vision,Vision,,2D RoPE / 双向 attention / SwiGLU,vision.blocks.28.attn.wo.bias,1024,1024,1,https://huggingface.co/deepseek-ai/DeepSeek-V4.1-Flash/blob/2cba9e42aa026125f3ed06c6d98c1db82f7ca027/inference/vision.py#L47-L52,仅参考逻辑构造；stored shape/dtype/payload 未审计
vision-29,vision,Vision,,2D RoPE / 双向 attention / SwiGLU,vision.blocks.28.mlp.w1.weight,5632 × 1024,5767168,1,https://huggingface.co/deepseek-ai/DeepSeek-V4.1-Flash/blob/2cba9e42aa026125f3ed06c6d98c1db82f7ca027/inference/vision.py#L64-L67,仅参考逻辑构造；stored shape/dtype/payload 未审计
vision-29,vision,Vision,,2D RoPE / 双向 attention / SwiGLU,vision.blocks.28.mlp.w2.weight,1024 × 2816,2883584,1,https://huggingface.co/deepseek-ai/DeepSeek-V4.1-Flash/blob/2cba9e42aa026125f3ed06c6d98c1db82f7ca027/inference/vision.py#L64-L67,仅参考逻辑构造；stored shape/dtype/payload 未审计
vision-29,vision,Vision,,2D RoPE / 双向 attention / SwiGLU,vision.blocks.28.norm1.weight,1024,1024,1,https://huggingface.co/deepseek-ai/DeepSeek-V4.1-Flash/blob/2cba9e42aa026125f3ed06c6d98c1db82f7ca027/inference/vision.py#L75-L80,仅参考逻辑构造；stored shape/dtype/payload 未审计
vision-29,vision,Vision,,2D RoPE / 双向 attention / SwiGLU,vision.blocks.28.norm2.weight,1024,1024,1,https://huggingface.co/deepseek-ai/DeepSeek-V4.1-Flash/blob/2cba9e42aa026125f3ed06c6d98c1db82f7ca027/inference/vision.py#L75-L80,仅参考逻辑构造；stored shape/dtype/payload 未审计
vision-30,vision,Vision,,2D RoPE / 双向 attention / SwiGLU,vision.blocks.29.attn.wqkv.weight,3072 × 1024,3145728,1,https://huggingface.co/deepseek-ai/DeepSeek-V4.1-Flash/blob/2cba9e42aa026125f3ed06c6d98c1db82f7ca027/inference/vision.py#L47-L52,仅参考逻辑构造；stored shape/dtype/payload 未审计
vision-30,vision,Vision,,2D RoPE / 双向 attention / SwiGLU,vision.blocks.29.attn.wqkv.bias,3072,3072,1,https://huggingface.co/deepseek-ai/DeepSeek-V4.1-Flash/blob/2cba9e42aa026125f3ed06c6d98c1db82f7ca027/inference/vision.py#L47-L52,仅参考逻辑构造；stored shape/dtype/payload 未审计
vision-30,vision,Vision,,2D RoPE / 双向 attention / SwiGLU,vision.blocks.29.attn.wo.weight,1024 × 1024,1048576,1,https://huggingface.co/deepseek-ai/DeepSeek-V4.1-Flash/blob/2cba9e42aa026125f3ed06c6d98c1db82f7ca027/inference/vision.py#L47-L52,仅参考逻辑构造；stored shape/dtype/payload 未审计
vision-30,vision,Vision,,2D RoPE / 双向 attention / SwiGLU,vision.blocks.29.attn.wo.bias,1024,1024,1,https://huggingface.co/deepseek-ai/DeepSeek-V4.1-Flash/blob/2cba9e42aa026125f3ed06c6d98c1db82f7ca027/inference/vision.py#L47-L52,仅参考逻辑构造；stored shape/dtype/payload 未审计
vision-30,vision,Vision,,2D RoPE / 双向 attention / SwiGLU,vision.blocks.29.mlp.w1.weight,5632 × 1024,5767168,1,https://huggingface.co/deepseek-ai/DeepSeek-V4.1-Flash/blob/2cba9e42aa026125f3ed06c6d98c1db82f7ca027/inference/vision.py#L64-L67,仅参考逻辑构造；stored shape/dtype/payload 未审计
vision-30,vision,Vision,,2D RoPE / 双向 attention / SwiGLU,vision.blocks.29.mlp.w2.weight,1024 × 2816,2883584,1,https://huggingface.co/deepseek-ai/DeepSeek-V4.1-Flash/blob/2cba9e42aa026125f3ed06c6d98c1db82f7ca027/inference/vision.py#L64-L67,仅参考逻辑构造；stored shape/dtype/payload 未审计
vision-30,vision,Vision,,2D RoPE / 双向 attention / SwiGLU,vision.blocks.29.norm1.weight,1024,1024,1,https://huggingface.co/deepseek-ai/DeepSeek-V4.1-Flash/blob/2cba9e42aa026125f3ed06c6d98c1db82f7ca027/inference/vision.py#L75-L80,仅参考逻辑构造；stored shape/dtype/payload 未审计
vision-30,vision,Vision,,2D RoPE / 双向 attention / SwiGLU,vision.blocks.29.norm2.weight,1024,1024,1,https://huggingface.co/deepseek-ai/DeepSeek-V4.1-Flash/blob/2cba9e42aa026125f3ed06c6d98c1db82f7ca027/inference/vision.py#L75-L80,仅参考逻辑构造；stored shape/dtype/payload 未审计
vision-31,vision,Vision,,2D RoPE / 双向 attention / SwiGLU,vision.blocks.30.attn.wqkv.weight,3072 × 1024,3145728,1,https://huggingface.co/deepseek-ai/DeepSeek-V4.1-Flash/blob/2cba9e42aa026125f3ed06c6d98c1db82f7ca027/inference/vision.py#L47-L52,仅参考逻辑构造；stored shape/dtype/payload 未审计
vision-31,vision,Vision,,2D RoPE / 双向 attention / SwiGLU,vision.blocks.30.attn.wqkv.bias,3072,3072,1,https://huggingface.co/deepseek-ai/DeepSeek-V4.1-Flash/blob/2cba9e42aa026125f3ed06c6d98c1db82f7ca027/inference/vision.py#L47-L52,仅参考逻辑构造；stored shape/dtype/payload 未审计
vision-31,vision,Vision,,2D RoPE / 双向 attention / SwiGLU,vision.blocks.30.attn.wo.weight,1024 × 1024,1048576,1,https://huggingface.co/deepseek-ai/DeepSeek-V4.1-Flash/blob/2cba9e42aa026125f3ed06c6d98c1db82f7ca027/inference/vision.py#L47-L52,仅参考逻辑构造；stored shape/dtype/payload 未审计
vision-31,vision,Vision,,2D RoPE / 双向 attention / SwiGLU,vision.blocks.30.attn.wo.bias,1024,1024,1,https://huggingface.co/deepseek-ai/DeepSeek-V4.1-Flash/blob/2cba9e42aa026125f3ed06c6d98c1db82f7ca027/inference/vision.py#L47-L52,仅参考逻辑构造；stored shape/dtype/payload 未审计
vision-31,vision,Vision,,2D RoPE / 双向 attention / SwiGLU,vision.blocks.30.mlp.w1.weight,5632 × 1024,5767168,1,https://huggingface.co/deepseek-ai/DeepSeek-V4.1-Flash/blob/2cba9e42aa026125f3ed06c6d98c1db82f7ca027/inference/vision.py#L64-L67,仅参考逻辑构造；stored shape/dtype/payload 未审计
vision-31,vision,Vision,,2D RoPE / 双向 attention / SwiGLU,vision.blocks.30.mlp.w2.weight,1024 × 2816,2883584,1,https://huggingface.co/deepseek-ai/DeepSeek-V4.1-Flash/blob/2cba9e42aa026125f3ed06c6d98c1db82f7ca027/inference/vision.py#L64-L67,仅参考逻辑构造；stored shape/dtype/payload 未审计
vision-31,vision,Vision,,2D RoPE / 双向 attention / SwiGLU,vision.blocks.30.norm1.weight,1024,1024,1,https://huggingface.co/deepseek-ai/DeepSeek-V4.1-Flash/blob/2cba9e42aa026125f3ed06c6d98c1db82f7ca027/inference/vision.py#L75-L80,仅参考逻辑构造；stored shape/dtype/payload 未审计
vision-31,vision,Vision,,2D RoPE / 双向 attention / SwiGLU,vision.blocks.30.norm2.weight,1024,1024,1,https://huggingface.co/deepseek-ai/DeepSeek-V4.1-Flash/blob/2cba9e42aa026125f3ed06c6d98c1db82f7ca027/inference/vision.py#L75-L80,仅参考逻辑构造；stored shape/dtype/payload 未审计
vision-32,vision,Vision,,2D RoPE / 双向 attention / SwiGLU,vision.blocks.31.attn.wqkv.weight,3072 × 1024,3145728,1,https://huggingface.co/deepseek-ai/DeepSeek-V4.1-Flash/blob/2cba9e42aa026125f3ed06c6d98c1db82f7ca027/inference/vision.py#L47-L52,仅参考逻辑构造；stored shape/dtype/payload 未审计
vision-32,vision,Vision,,2D RoPE / 双向 attention / SwiGLU,vision.blocks.31.attn.wqkv.bias,3072,3072,1,https://huggingface.co/deepseek-ai/DeepSeek-V4.1-Flash/blob/2cba9e42aa026125f3ed06c6d98c1db82f7ca027/inference/vision.py#L47-L52,仅参考逻辑构造；stored shape/dtype/payload 未审计
vision-32,vision,Vision,,2D RoPE / 双向 attention / SwiGLU,vision.blocks.31.attn.wo.weight,1024 × 1024,1048576,1,https://huggingface.co/deepseek-ai/DeepSeek-V4.1-Flash/blob/2cba9e42aa026125f3ed06c6d98c1db82f7ca027/inference/vision.py#L47-L52,仅参考逻辑构造；stored shape/dtype/payload 未审计
vision-32,vision,Vision,,2D RoPE / 双向 attention / SwiGLU,vision.blocks.31.attn.wo.bias,1024,1024,1,https://huggingface.co/deepseek-ai/DeepSeek-V4.1-Flash/blob/2cba9e42aa026125f3ed06c6d98c1db82f7ca027/inference/vision.py#L47-L52,仅参考逻辑构造；stored shape/dtype/payload 未审计
vision-32,vision,Vision,,2D RoPE / 双向 attention / SwiGLU,vision.blocks.31.mlp.w1.weight,5632 × 1024,5767168,1,https://huggingface.co/deepseek-ai/DeepSeek-V4.1-Flash/blob/2cba9e42aa026125f3ed06c6d98c1db82f7ca027/inference/vision.py#L64-L67,仅参考逻辑构造；stored shape/dtype/payload 未审计
vision-32,vision,Vision,,2D RoPE / 双向 attention / SwiGLU,vision.blocks.31.mlp.w2.weight,1024 × 2816,2883584,1,https://huggingface.co/deepseek-ai/DeepSeek-V4.1-Flash/blob/2cba9e42aa026125f3ed06c6d98c1db82f7ca027/inference/vision.py#L64-L67,仅参考逻辑构造；stored shape/dtype/payload 未审计
vision-32,vision,Vision,,2D RoPE / 双向 attention / SwiGLU,vision.blocks.31.norm1.weight,1024,1024,1,https://huggingface.co/deepseek-ai/DeepSeek-V4.1-Flash/blob/2cba9e42aa026125f3ed06c6d98c1db82f7ca027/inference/vision.py#L75-L80,仅参考逻辑构造；stored shape/dtype/payload 未审计
vision-32,vision,Vision,,2D RoPE / 双向 attention / SwiGLU,vision.blocks.31.norm2.weight,1024,1024,1,https://huggingface.co/deepseek-ai/DeepSeek-V4.1-Flash/blob/2cba9e42aa026125f3ed06c6d98c1db82f7ca027/inference/vision.py#L75-L80,仅参考逻辑构造；stored shape/dtype/payload 未审计
embedding,global,embedding,,embedding,embed.weight,129280 × 5120,661913600,1,https://huggingface.co/deepseek-ai/DeepSeek-V4.1-Flash/blob/2cba9e42aa026125f3ed06c6d98c1db82f7ca027/inference/model.py#L1187-L1222,仅参考逻辑构造；stored shape/dtype/payload 未审计
output-head,global,output-head,,output-head,norm.weight,5120,5120,1,https://huggingface.co/deepseek-ai/DeepSeek-V4.1-Flash/blob/2cba9e42aa026125f3ed06c6d98c1db82f7ca027/inference/model.py#L1187-L1222,仅参考逻辑构造；stored shape/dtype/payload 未审计
output-head,global,output-head,,output-head,head.weight,129280 × 5120,661913600,1,https://huggingface.co/deepseek-ai/DeepSeek-V4.1-Flash/blob/2cba9e42aa026125f3ed06c6d98c1db82f7ca027/inference/model.py#L998-L1006,仅参考逻辑构造；stored shape/dtype/payload 未审计
vision-input,global,vision-input,,vision-input,vision.patch_embed.proj.weight,1024 × 588,602112,1,https://huggingface.co/deepseek-ai/DeepSeek-V4.1-Flash/blob/2cba9e42aa026125f3ed06c6d98c1db82f7ca027/inference/vision.py#L38-L40,仅参考逻辑构造；stored shape/dtype/payload 未审计
vision-input,global,vision-input,,vision-input,vision.patch_embed.proj.bias,1024,1024,1,https://huggingface.co/deepseek-ai/DeepSeek-V4.1-Flash/blob/2cba9e42aa026125f3ed06c6d98c1db82f7ca027/inference/vision.py#L38-L40,仅参考逻辑构造；stored shape/dtype/payload 未审计
vision-input,global,vision-input,,vision-input,vision.norm.weight,1024,1024,1,https://huggingface.co/deepseek-ai/DeepSeek-V4.1-Flash/blob/2cba9e42aa026125f3ed06c6d98c1db82f7ca027/inference/vision.py#L90-L96,仅参考逻辑构造；stored shape/dtype/payload 未审计
vision-input,global,vision-input,,vision-input,aligner.w1.weight,5120 × 9216,47185920,1,https://huggingface.co/deepseek-ai/DeepSeek-V4.1-Flash/blob/2cba9e42aa026125f3ed06c6d98c1db82f7ca027/inference/vision.py#L107-L112,仅参考逻辑构造；stored shape/dtype/payload 未审计
vision-input,global,vision-input,,vision-input,aligner.w1.bias,5120,5120,1,https://huggingface.co/deepseek-ai/DeepSeek-V4.1-Flash/blob/2cba9e42aa026125f3ed06c6d98c1db82f7ca027/inference/vision.py#L107-L112,仅参考逻辑构造；stored shape/dtype/payload 未审计
vision-input,global,vision-input,,vision-input,aligner.w2.weight,5120 × 5120,26214400,1,https://huggingface.co/deepseek-ai/DeepSeek-V4.1-Flash/blob/2cba9e42aa026125f3ed06c6d98c1db82f7ca027/inference/vision.py#L107-L112,仅参考逻辑构造；stored shape/dtype/payload 未审计
vision-input,global,vision-input,,vision-input,aligner.w2.bias,5120,5120,1,https://huggingface.co/deepseek-ai/DeepSeek-V4.1-Flash/blob/2cba9e42aa026125f3ed06c6d98c1db82f7ca027/inference/vision.py#L107-L112,仅参考逻辑构造；stored shape/dtype/payload 未审计
image-delimiters,global,image-delimiters,,image-delimiters,image_start,5120,5120,1,https://huggingface.co/deepseek-ai/DeepSeek-V4.1-Flash/blob/2cba9e42aa026125f3ed06c6d98c1db82f7ca027/inference/model.py#L1187-L1222,仅参考逻辑构造；stored shape/dtype/payload 未审计
image-delimiters,global,image-delimiters,,image-delimiters,image_end,5120,5120,1,https://huggingface.co/deepseek-ai/DeepSeek-V4.1-Flash/blob/2cba9e42aa026125f3ed06c6d98c1db82f7ca027/inference/model.py#L1187-L1222,仅参考逻辑构造；stored shape/dtype/payload 未审计
image-delimiters,global,image-delimiters,,image-delimiters,image_newline,5120,5120,1,https://huggingface.co/deepseek-ai/DeepSeek-V4.1-Flash/blob/2cba9e42aa026125f3ed06c6d98c1db82f7ca027/inference/model.py#L1187-L1222,仅参考逻辑构造；stored shape/dtype/payload 未审计
