model,component,layer_1based,config_revision,config_source,config_pointer,attention_type,hidden_size,heads,kv_heads,head_dim,intermediate_size,head_dim_evidence,layer_scope
MiniCPM-2B-sft-bf16,root,1,4ec16344ac13e6ef5010aeecaa533369ac8eb53c,https://huggingface.co/openbmb/MiniCPM-2B-sft-bf16/resolve/4ec16344ac13e6ef5010aeecaa533369ac8eb53c/config.json,/,full_attention,2304,36,36,64,5760,hidden_size/heads 推导,配置层；drop/truncation/运行路径另行核验
MiniCPM-2B-sft-bf16,root,2,4ec16344ac13e6ef5010aeecaa533369ac8eb53c,https://huggingface.co/openbmb/MiniCPM-2B-sft-bf16/resolve/4ec16344ac13e6ef5010aeecaa533369ac8eb53c/config.json,/,full_attention,2304,36,36,64,5760,hidden_size/heads 推导,配置层；drop/truncation/运行路径另行核验
MiniCPM-2B-sft-bf16,root,3,4ec16344ac13e6ef5010aeecaa533369ac8eb53c,https://huggingface.co/openbmb/MiniCPM-2B-sft-bf16/resolve/4ec16344ac13e6ef5010aeecaa533369ac8eb53c/config.json,/,full_attention,2304,36,36,64,5760,hidden_size/heads 推导,配置层；drop/truncation/运行路径另行核验
MiniCPM-2B-sft-bf16,root,4,4ec16344ac13e6ef5010aeecaa533369ac8eb53c,https://huggingface.co/openbmb/MiniCPM-2B-sft-bf16/resolve/4ec16344ac13e6ef5010aeecaa533369ac8eb53c/config.json,/,full_attention,2304,36,36,64,5760,hidden_size/heads 推导,配置层；drop/truncation/运行路径另行核验
MiniCPM-2B-sft-bf16,root,5,4ec16344ac13e6ef5010aeecaa533369ac8eb53c,https://huggingface.co/openbmb/MiniCPM-2B-sft-bf16/resolve/4ec16344ac13e6ef5010aeecaa533369ac8eb53c/config.json,/,full_attention,2304,36,36,64,5760,hidden_size/heads 推导,配置层；drop/truncation/运行路径另行核验
MiniCPM-2B-sft-bf16,root,6,4ec16344ac13e6ef5010aeecaa533369ac8eb53c,https://huggingface.co/openbmb/MiniCPM-2B-sft-bf16/resolve/4ec16344ac13e6ef5010aeecaa533369ac8eb53c/config.json,/,full_attention,2304,36,36,64,5760,hidden_size/heads 推导,配置层；drop/truncation/运行路径另行核验
MiniCPM-2B-sft-bf16,root,7,4ec16344ac13e6ef5010aeecaa533369ac8eb53c,https://huggingface.co/openbmb/MiniCPM-2B-sft-bf16/resolve/4ec16344ac13e6ef5010aeecaa533369ac8eb53c/config.json,/,full_attention,2304,36,36,64,5760,hidden_size/heads 推导,配置层；drop/truncation/运行路径另行核验
MiniCPM-2B-sft-bf16,root,8,4ec16344ac13e6ef5010aeecaa533369ac8eb53c,https://huggingface.co/openbmb/MiniCPM-2B-sft-bf16/resolve/4ec16344ac13e6ef5010aeecaa533369ac8eb53c/config.json,/,full_attention,2304,36,36,64,5760,hidden_size/heads 推导,配置层；drop/truncation/运行路径另行核验
MiniCPM-2B-sft-bf16,root,9,4ec16344ac13e6ef5010aeecaa533369ac8eb53c,https://huggingface.co/openbmb/MiniCPM-2B-sft-bf16/resolve/4ec16344ac13e6ef5010aeecaa533369ac8eb53c/config.json,/,full_attention,2304,36,36,64,5760,hidden_size/heads 推导,配置层；drop/truncation/运行路径另行核验
MiniCPM-2B-sft-bf16,root,10,4ec16344ac13e6ef5010aeecaa533369ac8eb53c,https://huggingface.co/openbmb/MiniCPM-2B-sft-bf16/resolve/4ec16344ac13e6ef5010aeecaa533369ac8eb53c/config.json,/,full_attention,2304,36,36,64,5760,hidden_size/heads 推导,配置层；drop/truncation/运行路径另行核验
MiniCPM-2B-sft-bf16,root,11,4ec16344ac13e6ef5010aeecaa533369ac8eb53c,https://huggingface.co/openbmb/MiniCPM-2B-sft-bf16/resolve/4ec16344ac13e6ef5010aeecaa533369ac8eb53c/config.json,/,full_attention,2304,36,36,64,5760,hidden_size/heads 推导,配置层；drop/truncation/运行路径另行核验
MiniCPM-2B-sft-bf16,root,12,4ec16344ac13e6ef5010aeecaa533369ac8eb53c,https://huggingface.co/openbmb/MiniCPM-2B-sft-bf16/resolve/4ec16344ac13e6ef5010aeecaa533369ac8eb53c/config.json,/,full_attention,2304,36,36,64,5760,hidden_size/heads 推导,配置层；drop/truncation/运行路径另行核验
MiniCPM-2B-sft-bf16,root,13,4ec16344ac13e6ef5010aeecaa533369ac8eb53c,https://huggingface.co/openbmb/MiniCPM-2B-sft-bf16/resolve/4ec16344ac13e6ef5010aeecaa533369ac8eb53c/config.json,/,full_attention,2304,36,36,64,5760,hidden_size/heads 推导,配置层；drop/truncation/运行路径另行核验
MiniCPM-2B-sft-bf16,root,14,4ec16344ac13e6ef5010aeecaa533369ac8eb53c,https://huggingface.co/openbmb/MiniCPM-2B-sft-bf16/resolve/4ec16344ac13e6ef5010aeecaa533369ac8eb53c/config.json,/,full_attention,2304,36,36,64,5760,hidden_size/heads 推导,配置层；drop/truncation/运行路径另行核验
MiniCPM-2B-sft-bf16,root,15,4ec16344ac13e6ef5010aeecaa533369ac8eb53c,https://huggingface.co/openbmb/MiniCPM-2B-sft-bf16/resolve/4ec16344ac13e6ef5010aeecaa533369ac8eb53c/config.json,/,full_attention,2304,36,36,64,5760,hidden_size/heads 推导,配置层；drop/truncation/运行路径另行核验
MiniCPM-2B-sft-bf16,root,16,4ec16344ac13e6ef5010aeecaa533369ac8eb53c,https://huggingface.co/openbmb/MiniCPM-2B-sft-bf16/resolve/4ec16344ac13e6ef5010aeecaa533369ac8eb53c/config.json,/,full_attention,2304,36,36,64,5760,hidden_size/heads 推导,配置层；drop/truncation/运行路径另行核验
MiniCPM-2B-sft-bf16,root,17,4ec16344ac13e6ef5010aeecaa533369ac8eb53c,https://huggingface.co/openbmb/MiniCPM-2B-sft-bf16/resolve/4ec16344ac13e6ef5010aeecaa533369ac8eb53c/config.json,/,full_attention,2304,36,36,64,5760,hidden_size/heads 推导,配置层；drop/truncation/运行路径另行核验
MiniCPM-2B-sft-bf16,root,18,4ec16344ac13e6ef5010aeecaa533369ac8eb53c,https://huggingface.co/openbmb/MiniCPM-2B-sft-bf16/resolve/4ec16344ac13e6ef5010aeecaa533369ac8eb53c/config.json,/,full_attention,2304,36,36,64,5760,hidden_size/heads 推导,配置层；drop/truncation/运行路径另行核验
MiniCPM-2B-sft-bf16,root,19,4ec16344ac13e6ef5010aeecaa533369ac8eb53c,https://huggingface.co/openbmb/MiniCPM-2B-sft-bf16/resolve/4ec16344ac13e6ef5010aeecaa533369ac8eb53c/config.json,/,full_attention,2304,36,36,64,5760,hidden_size/heads 推导,配置层；drop/truncation/运行路径另行核验
MiniCPM-2B-sft-bf16,root,20,4ec16344ac13e6ef5010aeecaa533369ac8eb53c,https://huggingface.co/openbmb/MiniCPM-2B-sft-bf16/resolve/4ec16344ac13e6ef5010aeecaa533369ac8eb53c/config.json,/,full_attention,2304,36,36,64,5760,hidden_size/heads 推导,配置层；drop/truncation/运行路径另行核验
MiniCPM-2B-sft-bf16,root,21,4ec16344ac13e6ef5010aeecaa533369ac8eb53c,https://huggingface.co/openbmb/MiniCPM-2B-sft-bf16/resolve/4ec16344ac13e6ef5010aeecaa533369ac8eb53c/config.json,/,full_attention,2304,36,36,64,5760,hidden_size/heads 推导,配置层；drop/truncation/运行路径另行核验
MiniCPM-2B-sft-bf16,root,22,4ec16344ac13e6ef5010aeecaa533369ac8eb53c,https://huggingface.co/openbmb/MiniCPM-2B-sft-bf16/resolve/4ec16344ac13e6ef5010aeecaa533369ac8eb53c/config.json,/,full_attention,2304,36,36,64,5760,hidden_size/heads 推导,配置层；drop/truncation/运行路径另行核验
MiniCPM-2B-sft-bf16,root,23,4ec16344ac13e6ef5010aeecaa533369ac8eb53c,https://huggingface.co/openbmb/MiniCPM-2B-sft-bf16/resolve/4ec16344ac13e6ef5010aeecaa533369ac8eb53c/config.json,/,full_attention,2304,36,36,64,5760,hidden_size/heads 推导,配置层；drop/truncation/运行路径另行核验
MiniCPM-2B-sft-bf16,root,24,4ec16344ac13e6ef5010aeecaa533369ac8eb53c,https://huggingface.co/openbmb/MiniCPM-2B-sft-bf16/resolve/4ec16344ac13e6ef5010aeecaa533369ac8eb53c/config.json,/,full_attention,2304,36,36,64,5760,hidden_size/heads 推导,配置层；drop/truncation/运行路径另行核验
MiniCPM-2B-sft-bf16,root,25,4ec16344ac13e6ef5010aeecaa533369ac8eb53c,https://huggingface.co/openbmb/MiniCPM-2B-sft-bf16/resolve/4ec16344ac13e6ef5010aeecaa533369ac8eb53c/config.json,/,full_attention,2304,36,36,64,5760,hidden_size/heads 推导,配置层；drop/truncation/运行路径另行核验
MiniCPM-2B-sft-bf16,root,26,4ec16344ac13e6ef5010aeecaa533369ac8eb53c,https://huggingface.co/openbmb/MiniCPM-2B-sft-bf16/resolve/4ec16344ac13e6ef5010aeecaa533369ac8eb53c/config.json,/,full_attention,2304,36,36,64,5760,hidden_size/heads 推导,配置层；drop/truncation/运行路径另行核验
MiniCPM-2B-sft-bf16,root,27,4ec16344ac13e6ef5010aeecaa533369ac8eb53c,https://huggingface.co/openbmb/MiniCPM-2B-sft-bf16/resolve/4ec16344ac13e6ef5010aeecaa533369ac8eb53c/config.json,/,full_attention,2304,36,36,64,5760,hidden_size/heads 推导,配置层；drop/truncation/运行路径另行核验
MiniCPM-2B-sft-bf16,root,28,4ec16344ac13e6ef5010aeecaa533369ac8eb53c,https://huggingface.co/openbmb/MiniCPM-2B-sft-bf16/resolve/4ec16344ac13e6ef5010aeecaa533369ac8eb53c/config.json,/,full_attention,2304,36,36,64,5760,hidden_size/heads 推导,配置层；drop/truncation/运行路径另行核验
MiniCPM-2B-sft-bf16,root,29,4ec16344ac13e6ef5010aeecaa533369ac8eb53c,https://huggingface.co/openbmb/MiniCPM-2B-sft-bf16/resolve/4ec16344ac13e6ef5010aeecaa533369ac8eb53c/config.json,/,full_attention,2304,36,36,64,5760,hidden_size/heads 推导,配置层；drop/truncation/运行路径另行核验
MiniCPM-2B-sft-bf16,root,30,4ec16344ac13e6ef5010aeecaa533369ac8eb53c,https://huggingface.co/openbmb/MiniCPM-2B-sft-bf16/resolve/4ec16344ac13e6ef5010aeecaa533369ac8eb53c/config.json,/,full_attention,2304,36,36,64,5760,hidden_size/heads 推导,配置层；drop/truncation/运行路径另行核验
MiniCPM-2B-sft-bf16,root,31,4ec16344ac13e6ef5010aeecaa533369ac8eb53c,https://huggingface.co/openbmb/MiniCPM-2B-sft-bf16/resolve/4ec16344ac13e6ef5010aeecaa533369ac8eb53c/config.json,/,full_attention,2304,36,36,64,5760,hidden_size/heads 推导,配置层；drop/truncation/运行路径另行核验
MiniCPM-2B-sft-bf16,root,32,4ec16344ac13e6ef5010aeecaa533369ac8eb53c,https://huggingface.co/openbmb/MiniCPM-2B-sft-bf16/resolve/4ec16344ac13e6ef5010aeecaa533369ac8eb53c/config.json,/,full_attention,2304,36,36,64,5760,hidden_size/heads 推导,配置层；drop/truncation/运行路径另行核验
MiniCPM-2B-sft-bf16,root,33,4ec16344ac13e6ef5010aeecaa533369ac8eb53c,https://huggingface.co/openbmb/MiniCPM-2B-sft-bf16/resolve/4ec16344ac13e6ef5010aeecaa533369ac8eb53c/config.json,/,full_attention,2304,36,36,64,5760,hidden_size/heads 推导,配置层；drop/truncation/运行路径另行核验
MiniCPM-2B-sft-bf16,root,34,4ec16344ac13e6ef5010aeecaa533369ac8eb53c,https://huggingface.co/openbmb/MiniCPM-2B-sft-bf16/resolve/4ec16344ac13e6ef5010aeecaa533369ac8eb53c/config.json,/,full_attention,2304,36,36,64,5760,hidden_size/heads 推导,配置层；drop/truncation/运行路径另行核验
MiniCPM-2B-sft-bf16,root,35,4ec16344ac13e6ef5010aeecaa533369ac8eb53c,https://huggingface.co/openbmb/MiniCPM-2B-sft-bf16/resolve/4ec16344ac13e6ef5010aeecaa533369ac8eb53c/config.json,/,full_attention,2304,36,36,64,5760,hidden_size/heads 推导,配置层；drop/truncation/运行路径另行核验
MiniCPM-2B-sft-bf16,root,36,4ec16344ac13e6ef5010aeecaa533369ac8eb53c,https://huggingface.co/openbmb/MiniCPM-2B-sft-bf16/resolve/4ec16344ac13e6ef5010aeecaa533369ac8eb53c/config.json,/,full_attention,2304,36,36,64,5760,hidden_size/heads 推导,配置层；drop/truncation/运行路径另行核验
MiniCPM-2B-sft-bf16,root,37,4ec16344ac13e6ef5010aeecaa533369ac8eb53c,https://huggingface.co/openbmb/MiniCPM-2B-sft-bf16/resolve/4ec16344ac13e6ef5010aeecaa533369ac8eb53c/config.json,/,full_attention,2304,36,36,64,5760,hidden_size/heads 推导,配置层；drop/truncation/运行路径另行核验
MiniCPM-2B-sft-bf16,root,38,4ec16344ac13e6ef5010aeecaa533369ac8eb53c,https://huggingface.co/openbmb/MiniCPM-2B-sft-bf16/resolve/4ec16344ac13e6ef5010aeecaa533369ac8eb53c/config.json,/,full_attention,2304,36,36,64,5760,hidden_size/heads 推导,配置层；drop/truncation/运行路径另行核验
MiniCPM-2B-sft-bf16,root,39,4ec16344ac13e6ef5010aeecaa533369ac8eb53c,https://huggingface.co/openbmb/MiniCPM-2B-sft-bf16/resolve/4ec16344ac13e6ef5010aeecaa533369ac8eb53c/config.json,/,full_attention,2304,36,36,64,5760,hidden_size/heads 推导,配置层；drop/truncation/运行路径另行核验
MiniCPM-2B-sft-bf16,root,40,4ec16344ac13e6ef5010aeecaa533369ac8eb53c,https://huggingface.co/openbmb/MiniCPM-2B-sft-bf16/resolve/4ec16344ac13e6ef5010aeecaa533369ac8eb53c/config.json,/,full_attention,2304,36,36,64,5760,hidden_size/heads 推导,配置层；drop/truncation/运行路径另行核验
MiniCPM-MoE-8x2B,root,1,7495286593bc56a524a42e26eeaee5e185cb7f9c,https://huggingface.co/openbmb/MiniCPM-MoE-8x2B/resolve/7495286593bc56a524a42e26eeaee5e185cb7f9c/config.json,/,full_attention,2304,36,36,64,5760,hidden_size/heads 推导,配置层；drop/truncation/运行路径另行核验
MiniCPM-MoE-8x2B,root,2,7495286593bc56a524a42e26eeaee5e185cb7f9c,https://huggingface.co/openbmb/MiniCPM-MoE-8x2B/resolve/7495286593bc56a524a42e26eeaee5e185cb7f9c/config.json,/,full_attention,2304,36,36,64,5760,hidden_size/heads 推导,配置层；drop/truncation/运行路径另行核验
MiniCPM-MoE-8x2B,root,3,7495286593bc56a524a42e26eeaee5e185cb7f9c,https://huggingface.co/openbmb/MiniCPM-MoE-8x2B/resolve/7495286593bc56a524a42e26eeaee5e185cb7f9c/config.json,/,full_attention,2304,36,36,64,5760,hidden_size/heads 推导,配置层；drop/truncation/运行路径另行核验
MiniCPM-MoE-8x2B,root,4,7495286593bc56a524a42e26eeaee5e185cb7f9c,https://huggingface.co/openbmb/MiniCPM-MoE-8x2B/resolve/7495286593bc56a524a42e26eeaee5e185cb7f9c/config.json,/,full_attention,2304,36,36,64,5760,hidden_size/heads 推导,配置层；drop/truncation/运行路径另行核验
MiniCPM-MoE-8x2B,root,5,7495286593bc56a524a42e26eeaee5e185cb7f9c,https://huggingface.co/openbmb/MiniCPM-MoE-8x2B/resolve/7495286593bc56a524a42e26eeaee5e185cb7f9c/config.json,/,full_attention,2304,36,36,64,5760,hidden_size/heads 推导,配置层；drop/truncation/运行路径另行核验
MiniCPM-MoE-8x2B,root,6,7495286593bc56a524a42e26eeaee5e185cb7f9c,https://huggingface.co/openbmb/MiniCPM-MoE-8x2B/resolve/7495286593bc56a524a42e26eeaee5e185cb7f9c/config.json,/,full_attention,2304,36,36,64,5760,hidden_size/heads 推导,配置层；drop/truncation/运行路径另行核验
MiniCPM-MoE-8x2B,root,7,7495286593bc56a524a42e26eeaee5e185cb7f9c,https://huggingface.co/openbmb/MiniCPM-MoE-8x2B/resolve/7495286593bc56a524a42e26eeaee5e185cb7f9c/config.json,/,full_attention,2304,36,36,64,5760,hidden_size/heads 推导,配置层；drop/truncation/运行路径另行核验
MiniCPM-MoE-8x2B,root,8,7495286593bc56a524a42e26eeaee5e185cb7f9c,https://huggingface.co/openbmb/MiniCPM-MoE-8x2B/resolve/7495286593bc56a524a42e26eeaee5e185cb7f9c/config.json,/,full_attention,2304,36,36,64,5760,hidden_size/heads 推导,配置层；drop/truncation/运行路径另行核验
MiniCPM-MoE-8x2B,root,9,7495286593bc56a524a42e26eeaee5e185cb7f9c,https://huggingface.co/openbmb/MiniCPM-MoE-8x2B/resolve/7495286593bc56a524a42e26eeaee5e185cb7f9c/config.json,/,full_attention,2304,36,36,64,5760,hidden_size/heads 推导,配置层；drop/truncation/运行路径另行核验
MiniCPM-MoE-8x2B,root,10,7495286593bc56a524a42e26eeaee5e185cb7f9c,https://huggingface.co/openbmb/MiniCPM-MoE-8x2B/resolve/7495286593bc56a524a42e26eeaee5e185cb7f9c/config.json,/,full_attention,2304,36,36,64,5760,hidden_size/heads 推导,配置层；drop/truncation/运行路径另行核验
MiniCPM-MoE-8x2B,root,11,7495286593bc56a524a42e26eeaee5e185cb7f9c,https://huggingface.co/openbmb/MiniCPM-MoE-8x2B/resolve/7495286593bc56a524a42e26eeaee5e185cb7f9c/config.json,/,full_attention,2304,36,36,64,5760,hidden_size/heads 推导,配置层；drop/truncation/运行路径另行核验
MiniCPM-MoE-8x2B,root,12,7495286593bc56a524a42e26eeaee5e185cb7f9c,https://huggingface.co/openbmb/MiniCPM-MoE-8x2B/resolve/7495286593bc56a524a42e26eeaee5e185cb7f9c/config.json,/,full_attention,2304,36,36,64,5760,hidden_size/heads 推导,配置层；drop/truncation/运行路径另行核验
MiniCPM-MoE-8x2B,root,13,7495286593bc56a524a42e26eeaee5e185cb7f9c,https://huggingface.co/openbmb/MiniCPM-MoE-8x2B/resolve/7495286593bc56a524a42e26eeaee5e185cb7f9c/config.json,/,full_attention,2304,36,36,64,5760,hidden_size/heads 推导,配置层；drop/truncation/运行路径另行核验
MiniCPM-MoE-8x2B,root,14,7495286593bc56a524a42e26eeaee5e185cb7f9c,https://huggingface.co/openbmb/MiniCPM-MoE-8x2B/resolve/7495286593bc56a524a42e26eeaee5e185cb7f9c/config.json,/,full_attention,2304,36,36,64,5760,hidden_size/heads 推导,配置层；drop/truncation/运行路径另行核验
MiniCPM-MoE-8x2B,root,15,7495286593bc56a524a42e26eeaee5e185cb7f9c,https://huggingface.co/openbmb/MiniCPM-MoE-8x2B/resolve/7495286593bc56a524a42e26eeaee5e185cb7f9c/config.json,/,full_attention,2304,36,36,64,5760,hidden_size/heads 推导,配置层；drop/truncation/运行路径另行核验
MiniCPM-MoE-8x2B,root,16,7495286593bc56a524a42e26eeaee5e185cb7f9c,https://huggingface.co/openbmb/MiniCPM-MoE-8x2B/resolve/7495286593bc56a524a42e26eeaee5e185cb7f9c/config.json,/,full_attention,2304,36,36,64,5760,hidden_size/heads 推导,配置层；drop/truncation/运行路径另行核验
MiniCPM-MoE-8x2B,root,17,7495286593bc56a524a42e26eeaee5e185cb7f9c,https://huggingface.co/openbmb/MiniCPM-MoE-8x2B/resolve/7495286593bc56a524a42e26eeaee5e185cb7f9c/config.json,/,full_attention,2304,36,36,64,5760,hidden_size/heads 推导,配置层；drop/truncation/运行路径另行核验
MiniCPM-MoE-8x2B,root,18,7495286593bc56a524a42e26eeaee5e185cb7f9c,https://huggingface.co/openbmb/MiniCPM-MoE-8x2B/resolve/7495286593bc56a524a42e26eeaee5e185cb7f9c/config.json,/,full_attention,2304,36,36,64,5760,hidden_size/heads 推导,配置层；drop/truncation/运行路径另行核验
MiniCPM-MoE-8x2B,root,19,7495286593bc56a524a42e26eeaee5e185cb7f9c,https://huggingface.co/openbmb/MiniCPM-MoE-8x2B/resolve/7495286593bc56a524a42e26eeaee5e185cb7f9c/config.json,/,full_attention,2304,36,36,64,5760,hidden_size/heads 推导,配置层；drop/truncation/运行路径另行核验
MiniCPM-MoE-8x2B,root,20,7495286593bc56a524a42e26eeaee5e185cb7f9c,https://huggingface.co/openbmb/MiniCPM-MoE-8x2B/resolve/7495286593bc56a524a42e26eeaee5e185cb7f9c/config.json,/,full_attention,2304,36,36,64,5760,hidden_size/heads 推导,配置层；drop/truncation/运行路径另行核验
MiniCPM-MoE-8x2B,root,21,7495286593bc56a524a42e26eeaee5e185cb7f9c,https://huggingface.co/openbmb/MiniCPM-MoE-8x2B/resolve/7495286593bc56a524a42e26eeaee5e185cb7f9c/config.json,/,full_attention,2304,36,36,64,5760,hidden_size/heads 推导,配置层；drop/truncation/运行路径另行核验
MiniCPM-MoE-8x2B,root,22,7495286593bc56a524a42e26eeaee5e185cb7f9c,https://huggingface.co/openbmb/MiniCPM-MoE-8x2B/resolve/7495286593bc56a524a42e26eeaee5e185cb7f9c/config.json,/,full_attention,2304,36,36,64,5760,hidden_size/heads 推导,配置层；drop/truncation/运行路径另行核验
MiniCPM-MoE-8x2B,root,23,7495286593bc56a524a42e26eeaee5e185cb7f9c,https://huggingface.co/openbmb/MiniCPM-MoE-8x2B/resolve/7495286593bc56a524a42e26eeaee5e185cb7f9c/config.json,/,full_attention,2304,36,36,64,5760,hidden_size/heads 推导,配置层；drop/truncation/运行路径另行核验
MiniCPM-MoE-8x2B,root,24,7495286593bc56a524a42e26eeaee5e185cb7f9c,https://huggingface.co/openbmb/MiniCPM-MoE-8x2B/resolve/7495286593bc56a524a42e26eeaee5e185cb7f9c/config.json,/,full_attention,2304,36,36,64,5760,hidden_size/heads 推导,配置层；drop/truncation/运行路径另行核验
MiniCPM-MoE-8x2B,root,25,7495286593bc56a524a42e26eeaee5e185cb7f9c,https://huggingface.co/openbmb/MiniCPM-MoE-8x2B/resolve/7495286593bc56a524a42e26eeaee5e185cb7f9c/config.json,/,full_attention,2304,36,36,64,5760,hidden_size/heads 推导,配置层；drop/truncation/运行路径另行核验
MiniCPM-MoE-8x2B,root,26,7495286593bc56a524a42e26eeaee5e185cb7f9c,https://huggingface.co/openbmb/MiniCPM-MoE-8x2B/resolve/7495286593bc56a524a42e26eeaee5e185cb7f9c/config.json,/,full_attention,2304,36,36,64,5760,hidden_size/heads 推导,配置层；drop/truncation/运行路径另行核验
MiniCPM-MoE-8x2B,root,27,7495286593bc56a524a42e26eeaee5e185cb7f9c,https://huggingface.co/openbmb/MiniCPM-MoE-8x2B/resolve/7495286593bc56a524a42e26eeaee5e185cb7f9c/config.json,/,full_attention,2304,36,36,64,5760,hidden_size/heads 推导,配置层；drop/truncation/运行路径另行核验
MiniCPM-MoE-8x2B,root,28,7495286593bc56a524a42e26eeaee5e185cb7f9c,https://huggingface.co/openbmb/MiniCPM-MoE-8x2B/resolve/7495286593bc56a524a42e26eeaee5e185cb7f9c/config.json,/,full_attention,2304,36,36,64,5760,hidden_size/heads 推导,配置层；drop/truncation/运行路径另行核验
MiniCPM-MoE-8x2B,root,29,7495286593bc56a524a42e26eeaee5e185cb7f9c,https://huggingface.co/openbmb/MiniCPM-MoE-8x2B/resolve/7495286593bc56a524a42e26eeaee5e185cb7f9c/config.json,/,full_attention,2304,36,36,64,5760,hidden_size/heads 推导,配置层；drop/truncation/运行路径另行核验
MiniCPM-MoE-8x2B,root,30,7495286593bc56a524a42e26eeaee5e185cb7f9c,https://huggingface.co/openbmb/MiniCPM-MoE-8x2B/resolve/7495286593bc56a524a42e26eeaee5e185cb7f9c/config.json,/,full_attention,2304,36,36,64,5760,hidden_size/heads 推导,配置层；drop/truncation/运行路径另行核验
MiniCPM-MoE-8x2B,root,31,7495286593bc56a524a42e26eeaee5e185cb7f9c,https://huggingface.co/openbmb/MiniCPM-MoE-8x2B/resolve/7495286593bc56a524a42e26eeaee5e185cb7f9c/config.json,/,full_attention,2304,36,36,64,5760,hidden_size/heads 推导,配置层；drop/truncation/运行路径另行核验
MiniCPM-MoE-8x2B,root,32,7495286593bc56a524a42e26eeaee5e185cb7f9c,https://huggingface.co/openbmb/MiniCPM-MoE-8x2B/resolve/7495286593bc56a524a42e26eeaee5e185cb7f9c/config.json,/,full_attention,2304,36,36,64,5760,hidden_size/heads 推导,配置层；drop/truncation/运行路径另行核验
MiniCPM-MoE-8x2B,root,33,7495286593bc56a524a42e26eeaee5e185cb7f9c,https://huggingface.co/openbmb/MiniCPM-MoE-8x2B/resolve/7495286593bc56a524a42e26eeaee5e185cb7f9c/config.json,/,full_attention,2304,36,36,64,5760,hidden_size/heads 推导,配置层；drop/truncation/运行路径另行核验
MiniCPM-MoE-8x2B,root,34,7495286593bc56a524a42e26eeaee5e185cb7f9c,https://huggingface.co/openbmb/MiniCPM-MoE-8x2B/resolve/7495286593bc56a524a42e26eeaee5e185cb7f9c/config.json,/,full_attention,2304,36,36,64,5760,hidden_size/heads 推导,配置层；drop/truncation/运行路径另行核验
MiniCPM-MoE-8x2B,root,35,7495286593bc56a524a42e26eeaee5e185cb7f9c,https://huggingface.co/openbmb/MiniCPM-MoE-8x2B/resolve/7495286593bc56a524a42e26eeaee5e185cb7f9c/config.json,/,full_attention,2304,36,36,64,5760,hidden_size/heads 推导,配置层；drop/truncation/运行路径另行核验
MiniCPM-MoE-8x2B,root,36,7495286593bc56a524a42e26eeaee5e185cb7f9c,https://huggingface.co/openbmb/MiniCPM-MoE-8x2B/resolve/7495286593bc56a524a42e26eeaee5e185cb7f9c/config.json,/,full_attention,2304,36,36,64,5760,hidden_size/heads 推导,配置层；drop/truncation/运行路径另行核验
MiniCPM-MoE-8x2B,root,37,7495286593bc56a524a42e26eeaee5e185cb7f9c,https://huggingface.co/openbmb/MiniCPM-MoE-8x2B/resolve/7495286593bc56a524a42e26eeaee5e185cb7f9c/config.json,/,full_attention,2304,36,36,64,5760,hidden_size/heads 推导,配置层；drop/truncation/运行路径另行核验
MiniCPM-MoE-8x2B,root,38,7495286593bc56a524a42e26eeaee5e185cb7f9c,https://huggingface.co/openbmb/MiniCPM-MoE-8x2B/resolve/7495286593bc56a524a42e26eeaee5e185cb7f9c/config.json,/,full_attention,2304,36,36,64,5760,hidden_size/heads 推导,配置层；drop/truncation/运行路径另行核验
MiniCPM-MoE-8x2B,root,39,7495286593bc56a524a42e26eeaee5e185cb7f9c,https://huggingface.co/openbmb/MiniCPM-MoE-8x2B/resolve/7495286593bc56a524a42e26eeaee5e185cb7f9c/config.json,/,full_attention,2304,36,36,64,5760,hidden_size/heads 推导,配置层；drop/truncation/运行路径另行核验
MiniCPM-MoE-8x2B,root,40,7495286593bc56a524a42e26eeaee5e185cb7f9c,https://huggingface.co/openbmb/MiniCPM-MoE-8x2B/resolve/7495286593bc56a524a42e26eeaee5e185cb7f9c/config.json,/,full_attention,2304,36,36,64,5760,hidden_size/heads 推导,配置层；drop/truncation/运行路径另行核验
MiniCPM3-4B,root,1,d6b14ddaefdb11c624dd75c3c779549bc90b08cb,https://huggingface.co/openbmb/MiniCPM3-4B/resolve/d6b14ddaefdb11c624dd75c3c779549bc90b08cb/config.json,/,MLA,2560,40,40,64,6400,hidden_size/heads 推导,配置层；drop/truncation/运行路径另行核验
MiniCPM3-4B,root,2,d6b14ddaefdb11c624dd75c3c779549bc90b08cb,https://huggingface.co/openbmb/MiniCPM3-4B/resolve/d6b14ddaefdb11c624dd75c3c779549bc90b08cb/config.json,/,MLA,2560,40,40,64,6400,hidden_size/heads 推导,配置层；drop/truncation/运行路径另行核验
MiniCPM3-4B,root,3,d6b14ddaefdb11c624dd75c3c779549bc90b08cb,https://huggingface.co/openbmb/MiniCPM3-4B/resolve/d6b14ddaefdb11c624dd75c3c779549bc90b08cb/config.json,/,MLA,2560,40,40,64,6400,hidden_size/heads 推导,配置层；drop/truncation/运行路径另行核验
MiniCPM3-4B,root,4,d6b14ddaefdb11c624dd75c3c779549bc90b08cb,https://huggingface.co/openbmb/MiniCPM3-4B/resolve/d6b14ddaefdb11c624dd75c3c779549bc90b08cb/config.json,/,MLA,2560,40,40,64,6400,hidden_size/heads 推导,配置层；drop/truncation/运行路径另行核验
MiniCPM3-4B,root,5,d6b14ddaefdb11c624dd75c3c779549bc90b08cb,https://huggingface.co/openbmb/MiniCPM3-4B/resolve/d6b14ddaefdb11c624dd75c3c779549bc90b08cb/config.json,/,MLA,2560,40,40,64,6400,hidden_size/heads 推导,配置层；drop/truncation/运行路径另行核验
MiniCPM3-4B,root,6,d6b14ddaefdb11c624dd75c3c779549bc90b08cb,https://huggingface.co/openbmb/MiniCPM3-4B/resolve/d6b14ddaefdb11c624dd75c3c779549bc90b08cb/config.json,/,MLA,2560,40,40,64,6400,hidden_size/heads 推导,配置层；drop/truncation/运行路径另行核验
MiniCPM3-4B,root,7,d6b14ddaefdb11c624dd75c3c779549bc90b08cb,https://huggingface.co/openbmb/MiniCPM3-4B/resolve/d6b14ddaefdb11c624dd75c3c779549bc90b08cb/config.json,/,MLA,2560,40,40,64,6400,hidden_size/heads 推导,配置层；drop/truncation/运行路径另行核验
MiniCPM3-4B,root,8,d6b14ddaefdb11c624dd75c3c779549bc90b08cb,https://huggingface.co/openbmb/MiniCPM3-4B/resolve/d6b14ddaefdb11c624dd75c3c779549bc90b08cb/config.json,/,MLA,2560,40,40,64,6400,hidden_size/heads 推导,配置层；drop/truncation/运行路径另行核验
MiniCPM3-4B,root,9,d6b14ddaefdb11c624dd75c3c779549bc90b08cb,https://huggingface.co/openbmb/MiniCPM3-4B/resolve/d6b14ddaefdb11c624dd75c3c779549bc90b08cb/config.json,/,MLA,2560,40,40,64,6400,hidden_size/heads 推导,配置层；drop/truncation/运行路径另行核验
MiniCPM3-4B,root,10,d6b14ddaefdb11c624dd75c3c779549bc90b08cb,https://huggingface.co/openbmb/MiniCPM3-4B/resolve/d6b14ddaefdb11c624dd75c3c779549bc90b08cb/config.json,/,MLA,2560,40,40,64,6400,hidden_size/heads 推导,配置层；drop/truncation/运行路径另行核验
MiniCPM3-4B,root,11,d6b14ddaefdb11c624dd75c3c779549bc90b08cb,https://huggingface.co/openbmb/MiniCPM3-4B/resolve/d6b14ddaefdb11c624dd75c3c779549bc90b08cb/config.json,/,MLA,2560,40,40,64,6400,hidden_size/heads 推导,配置层；drop/truncation/运行路径另行核验
MiniCPM3-4B,root,12,d6b14ddaefdb11c624dd75c3c779549bc90b08cb,https://huggingface.co/openbmb/MiniCPM3-4B/resolve/d6b14ddaefdb11c624dd75c3c779549bc90b08cb/config.json,/,MLA,2560,40,40,64,6400,hidden_size/heads 推导,配置层；drop/truncation/运行路径另行核验
MiniCPM3-4B,root,13,d6b14ddaefdb11c624dd75c3c779549bc90b08cb,https://huggingface.co/openbmb/MiniCPM3-4B/resolve/d6b14ddaefdb11c624dd75c3c779549bc90b08cb/config.json,/,MLA,2560,40,40,64,6400,hidden_size/heads 推导,配置层；drop/truncation/运行路径另行核验
MiniCPM3-4B,root,14,d6b14ddaefdb11c624dd75c3c779549bc90b08cb,https://huggingface.co/openbmb/MiniCPM3-4B/resolve/d6b14ddaefdb11c624dd75c3c779549bc90b08cb/config.json,/,MLA,2560,40,40,64,6400,hidden_size/heads 推导,配置层；drop/truncation/运行路径另行核验
MiniCPM3-4B,root,15,d6b14ddaefdb11c624dd75c3c779549bc90b08cb,https://huggingface.co/openbmb/MiniCPM3-4B/resolve/d6b14ddaefdb11c624dd75c3c779549bc90b08cb/config.json,/,MLA,2560,40,40,64,6400,hidden_size/heads 推导,配置层；drop/truncation/运行路径另行核验
MiniCPM3-4B,root,16,d6b14ddaefdb11c624dd75c3c779549bc90b08cb,https://huggingface.co/openbmb/MiniCPM3-4B/resolve/d6b14ddaefdb11c624dd75c3c779549bc90b08cb/config.json,/,MLA,2560,40,40,64,6400,hidden_size/heads 推导,配置层；drop/truncation/运行路径另行核验
MiniCPM3-4B,root,17,d6b14ddaefdb11c624dd75c3c779549bc90b08cb,https://huggingface.co/openbmb/MiniCPM3-4B/resolve/d6b14ddaefdb11c624dd75c3c779549bc90b08cb/config.json,/,MLA,2560,40,40,64,6400,hidden_size/heads 推导,配置层；drop/truncation/运行路径另行核验
MiniCPM3-4B,root,18,d6b14ddaefdb11c624dd75c3c779549bc90b08cb,https://huggingface.co/openbmb/MiniCPM3-4B/resolve/d6b14ddaefdb11c624dd75c3c779549bc90b08cb/config.json,/,MLA,2560,40,40,64,6400,hidden_size/heads 推导,配置层；drop/truncation/运行路径另行核验
MiniCPM3-4B,root,19,d6b14ddaefdb11c624dd75c3c779549bc90b08cb,https://huggingface.co/openbmb/MiniCPM3-4B/resolve/d6b14ddaefdb11c624dd75c3c779549bc90b08cb/config.json,/,MLA,2560,40,40,64,6400,hidden_size/heads 推导,配置层；drop/truncation/运行路径另行核验
MiniCPM3-4B,root,20,d6b14ddaefdb11c624dd75c3c779549bc90b08cb,https://huggingface.co/openbmb/MiniCPM3-4B/resolve/d6b14ddaefdb11c624dd75c3c779549bc90b08cb/config.json,/,MLA,2560,40,40,64,6400,hidden_size/heads 推导,配置层；drop/truncation/运行路径另行核验
MiniCPM3-4B,root,21,d6b14ddaefdb11c624dd75c3c779549bc90b08cb,https://huggingface.co/openbmb/MiniCPM3-4B/resolve/d6b14ddaefdb11c624dd75c3c779549bc90b08cb/config.json,/,MLA,2560,40,40,64,6400,hidden_size/heads 推导,配置层；drop/truncation/运行路径另行核验
MiniCPM3-4B,root,22,d6b14ddaefdb11c624dd75c3c779549bc90b08cb,https://huggingface.co/openbmb/MiniCPM3-4B/resolve/d6b14ddaefdb11c624dd75c3c779549bc90b08cb/config.json,/,MLA,2560,40,40,64,6400,hidden_size/heads 推导,配置层；drop/truncation/运行路径另行核验
MiniCPM3-4B,root,23,d6b14ddaefdb11c624dd75c3c779549bc90b08cb,https://huggingface.co/openbmb/MiniCPM3-4B/resolve/d6b14ddaefdb11c624dd75c3c779549bc90b08cb/config.json,/,MLA,2560,40,40,64,6400,hidden_size/heads 推导,配置层；drop/truncation/运行路径另行核验
MiniCPM3-4B,root,24,d6b14ddaefdb11c624dd75c3c779549bc90b08cb,https://huggingface.co/openbmb/MiniCPM3-4B/resolve/d6b14ddaefdb11c624dd75c3c779549bc90b08cb/config.json,/,MLA,2560,40,40,64,6400,hidden_size/heads 推导,配置层；drop/truncation/运行路径另行核验
MiniCPM3-4B,root,25,d6b14ddaefdb11c624dd75c3c779549bc90b08cb,https://huggingface.co/openbmb/MiniCPM3-4B/resolve/d6b14ddaefdb11c624dd75c3c779549bc90b08cb/config.json,/,MLA,2560,40,40,64,6400,hidden_size/heads 推导,配置层；drop/truncation/运行路径另行核验
MiniCPM3-4B,root,26,d6b14ddaefdb11c624dd75c3c779549bc90b08cb,https://huggingface.co/openbmb/MiniCPM3-4B/resolve/d6b14ddaefdb11c624dd75c3c779549bc90b08cb/config.json,/,MLA,2560,40,40,64,6400,hidden_size/heads 推导,配置层；drop/truncation/运行路径另行核验
MiniCPM3-4B,root,27,d6b14ddaefdb11c624dd75c3c779549bc90b08cb,https://huggingface.co/openbmb/MiniCPM3-4B/resolve/d6b14ddaefdb11c624dd75c3c779549bc90b08cb/config.json,/,MLA,2560,40,40,64,6400,hidden_size/heads 推导,配置层；drop/truncation/运行路径另行核验
MiniCPM3-4B,root,28,d6b14ddaefdb11c624dd75c3c779549bc90b08cb,https://huggingface.co/openbmb/MiniCPM3-4B/resolve/d6b14ddaefdb11c624dd75c3c779549bc90b08cb/config.json,/,MLA,2560,40,40,64,6400,hidden_size/heads 推导,配置层；drop/truncation/运行路径另行核验
MiniCPM3-4B,root,29,d6b14ddaefdb11c624dd75c3c779549bc90b08cb,https://huggingface.co/openbmb/MiniCPM3-4B/resolve/d6b14ddaefdb11c624dd75c3c779549bc90b08cb/config.json,/,MLA,2560,40,40,64,6400,hidden_size/heads 推导,配置层；drop/truncation/运行路径另行核验
MiniCPM3-4B,root,30,d6b14ddaefdb11c624dd75c3c779549bc90b08cb,https://huggingface.co/openbmb/MiniCPM3-4B/resolve/d6b14ddaefdb11c624dd75c3c779549bc90b08cb/config.json,/,MLA,2560,40,40,64,6400,hidden_size/heads 推导,配置层；drop/truncation/运行路径另行核验
MiniCPM3-4B,root,31,d6b14ddaefdb11c624dd75c3c779549bc90b08cb,https://huggingface.co/openbmb/MiniCPM3-4B/resolve/d6b14ddaefdb11c624dd75c3c779549bc90b08cb/config.json,/,MLA,2560,40,40,64,6400,hidden_size/heads 推导,配置层；drop/truncation/运行路径另行核验
MiniCPM3-4B,root,32,d6b14ddaefdb11c624dd75c3c779549bc90b08cb,https://huggingface.co/openbmb/MiniCPM3-4B/resolve/d6b14ddaefdb11c624dd75c3c779549bc90b08cb/config.json,/,MLA,2560,40,40,64,6400,hidden_size/heads 推导,配置层；drop/truncation/运行路径另行核验
MiniCPM3-4B,root,33,d6b14ddaefdb11c624dd75c3c779549bc90b08cb,https://huggingface.co/openbmb/MiniCPM3-4B/resolve/d6b14ddaefdb11c624dd75c3c779549bc90b08cb/config.json,/,MLA,2560,40,40,64,6400,hidden_size/heads 推导,配置层；drop/truncation/运行路径另行核验
MiniCPM3-4B,root,34,d6b14ddaefdb11c624dd75c3c779549bc90b08cb,https://huggingface.co/openbmb/MiniCPM3-4B/resolve/d6b14ddaefdb11c624dd75c3c779549bc90b08cb/config.json,/,MLA,2560,40,40,64,6400,hidden_size/heads 推导,配置层；drop/truncation/运行路径另行核验
MiniCPM3-4B,root,35,d6b14ddaefdb11c624dd75c3c779549bc90b08cb,https://huggingface.co/openbmb/MiniCPM3-4B/resolve/d6b14ddaefdb11c624dd75c3c779549bc90b08cb/config.json,/,MLA,2560,40,40,64,6400,hidden_size/heads 推导,配置层；drop/truncation/运行路径另行核验
MiniCPM3-4B,root,36,d6b14ddaefdb11c624dd75c3c779549bc90b08cb,https://huggingface.co/openbmb/MiniCPM3-4B/resolve/d6b14ddaefdb11c624dd75c3c779549bc90b08cb/config.json,/,MLA,2560,40,40,64,6400,hidden_size/heads 推导,配置层；drop/truncation/运行路径另行核验
MiniCPM3-4B,root,37,d6b14ddaefdb11c624dd75c3c779549bc90b08cb,https://huggingface.co/openbmb/MiniCPM3-4B/resolve/d6b14ddaefdb11c624dd75c3c779549bc90b08cb/config.json,/,MLA,2560,40,40,64,6400,hidden_size/heads 推导,配置层；drop/truncation/运行路径另行核验
MiniCPM3-4B,root,38,d6b14ddaefdb11c624dd75c3c779549bc90b08cb,https://huggingface.co/openbmb/MiniCPM3-4B/resolve/d6b14ddaefdb11c624dd75c3c779549bc90b08cb/config.json,/,MLA,2560,40,40,64,6400,hidden_size/heads 推导,配置层；drop/truncation/运行路径另行核验
MiniCPM3-4B,root,39,d6b14ddaefdb11c624dd75c3c779549bc90b08cb,https://huggingface.co/openbmb/MiniCPM3-4B/resolve/d6b14ddaefdb11c624dd75c3c779549bc90b08cb/config.json,/,MLA,2560,40,40,64,6400,hidden_size/heads 推导,配置层；drop/truncation/运行路径另行核验
MiniCPM3-4B,root,40,d6b14ddaefdb11c624dd75c3c779549bc90b08cb,https://huggingface.co/openbmb/MiniCPM3-4B/resolve/d6b14ddaefdb11c624dd75c3c779549bc90b08cb/config.json,/,MLA,2560,40,40,64,6400,hidden_size/heads 推导,配置层；drop/truncation/运行路径另行核验
MiniCPM3-4B,root,41,d6b14ddaefdb11c624dd75c3c779549bc90b08cb,https://huggingface.co/openbmb/MiniCPM3-4B/resolve/d6b14ddaefdb11c624dd75c3c779549bc90b08cb/config.json,/,MLA,2560,40,40,64,6400,hidden_size/heads 推导,配置层；drop/truncation/运行路径另行核验
MiniCPM3-4B,root,42,d6b14ddaefdb11c624dd75c3c779549bc90b08cb,https://huggingface.co/openbmb/MiniCPM3-4B/resolve/d6b14ddaefdb11c624dd75c3c779549bc90b08cb/config.json,/,MLA,2560,40,40,64,6400,hidden_size/heads 推导,配置层；drop/truncation/运行路径另行核验
MiniCPM3-4B,root,43,d6b14ddaefdb11c624dd75c3c779549bc90b08cb,https://huggingface.co/openbmb/MiniCPM3-4B/resolve/d6b14ddaefdb11c624dd75c3c779549bc90b08cb/config.json,/,MLA,2560,40,40,64,6400,hidden_size/heads 推导,配置层；drop/truncation/运行路径另行核验
MiniCPM3-4B,root,44,d6b14ddaefdb11c624dd75c3c779549bc90b08cb,https://huggingface.co/openbmb/MiniCPM3-4B/resolve/d6b14ddaefdb11c624dd75c3c779549bc90b08cb/config.json,/,MLA,2560,40,40,64,6400,hidden_size/heads 推导,配置层；drop/truncation/运行路径另行核验
MiniCPM3-4B,root,45,d6b14ddaefdb11c624dd75c3c779549bc90b08cb,https://huggingface.co/openbmb/MiniCPM3-4B/resolve/d6b14ddaefdb11c624dd75c3c779549bc90b08cb/config.json,/,MLA,2560,40,40,64,6400,hidden_size/heads 推导,配置层；drop/truncation/运行路径另行核验
MiniCPM3-4B,root,46,d6b14ddaefdb11c624dd75c3c779549bc90b08cb,https://huggingface.co/openbmb/MiniCPM3-4B/resolve/d6b14ddaefdb11c624dd75c3c779549bc90b08cb/config.json,/,MLA,2560,40,40,64,6400,hidden_size/heads 推导,配置层；drop/truncation/运行路径另行核验
MiniCPM3-4B,root,47,d6b14ddaefdb11c624dd75c3c779549bc90b08cb,https://huggingface.co/openbmb/MiniCPM3-4B/resolve/d6b14ddaefdb11c624dd75c3c779549bc90b08cb/config.json,/,MLA,2560,40,40,64,6400,hidden_size/heads 推导,配置层；drop/truncation/运行路径另行核验
MiniCPM3-4B,root,48,d6b14ddaefdb11c624dd75c3c779549bc90b08cb,https://huggingface.co/openbmb/MiniCPM3-4B/resolve/d6b14ddaefdb11c624dd75c3c779549bc90b08cb/config.json,/,MLA,2560,40,40,64,6400,hidden_size/heads 推导,配置层；drop/truncation/运行路径另行核验
MiniCPM3-4B,root,49,d6b14ddaefdb11c624dd75c3c779549bc90b08cb,https://huggingface.co/openbmb/MiniCPM3-4B/resolve/d6b14ddaefdb11c624dd75c3c779549bc90b08cb/config.json,/,MLA,2560,40,40,64,6400,hidden_size/heads 推导,配置层；drop/truncation/运行路径另行核验
MiniCPM3-4B,root,50,d6b14ddaefdb11c624dd75c3c779549bc90b08cb,https://huggingface.co/openbmb/MiniCPM3-4B/resolve/d6b14ddaefdb11c624dd75c3c779549bc90b08cb/config.json,/,MLA,2560,40,40,64,6400,hidden_size/heads 推导,配置层；drop/truncation/运行路径另行核验
MiniCPM3-4B,root,51,d6b14ddaefdb11c624dd75c3c779549bc90b08cb,https://huggingface.co/openbmb/MiniCPM3-4B/resolve/d6b14ddaefdb11c624dd75c3c779549bc90b08cb/config.json,/,MLA,2560,40,40,64,6400,hidden_size/heads 推导,配置层；drop/truncation/运行路径另行核验
MiniCPM3-4B,root,52,d6b14ddaefdb11c624dd75c3c779549bc90b08cb,https://huggingface.co/openbmb/MiniCPM3-4B/resolve/d6b14ddaefdb11c624dd75c3c779549bc90b08cb/config.json,/,MLA,2560,40,40,64,6400,hidden_size/heads 推导,配置层；drop/truncation/运行路径另行核验
MiniCPM3-4B,root,53,d6b14ddaefdb11c624dd75c3c779549bc90b08cb,https://huggingface.co/openbmb/MiniCPM3-4B/resolve/d6b14ddaefdb11c624dd75c3c779549bc90b08cb/config.json,/,MLA,2560,40,40,64,6400,hidden_size/heads 推导,配置层；drop/truncation/运行路径另行核验
MiniCPM3-4B,root,54,d6b14ddaefdb11c624dd75c3c779549bc90b08cb,https://huggingface.co/openbmb/MiniCPM3-4B/resolve/d6b14ddaefdb11c624dd75c3c779549bc90b08cb/config.json,/,MLA,2560,40,40,64,6400,hidden_size/heads 推导,配置层；drop/truncation/运行路径另行核验
MiniCPM3-4B,root,55,d6b14ddaefdb11c624dd75c3c779549bc90b08cb,https://huggingface.co/openbmb/MiniCPM3-4B/resolve/d6b14ddaefdb11c624dd75c3c779549bc90b08cb/config.json,/,MLA,2560,40,40,64,6400,hidden_size/heads 推导,配置层；drop/truncation/运行路径另行核验
MiniCPM3-4B,root,56,d6b14ddaefdb11c624dd75c3c779549bc90b08cb,https://huggingface.co/openbmb/MiniCPM3-4B/resolve/d6b14ddaefdb11c624dd75c3c779549bc90b08cb/config.json,/,MLA,2560,40,40,64,6400,hidden_size/heads 推导,配置层；drop/truncation/运行路径另行核验
MiniCPM3-4B,root,57,d6b14ddaefdb11c624dd75c3c779549bc90b08cb,https://huggingface.co/openbmb/MiniCPM3-4B/resolve/d6b14ddaefdb11c624dd75c3c779549bc90b08cb/config.json,/,MLA,2560,40,40,64,6400,hidden_size/heads 推导,配置层；drop/truncation/运行路径另行核验
MiniCPM3-4B,root,58,d6b14ddaefdb11c624dd75c3c779549bc90b08cb,https://huggingface.co/openbmb/MiniCPM3-4B/resolve/d6b14ddaefdb11c624dd75c3c779549bc90b08cb/config.json,/,MLA,2560,40,40,64,6400,hidden_size/heads 推导,配置层；drop/truncation/运行路径另行核验
MiniCPM3-4B,root,59,d6b14ddaefdb11c624dd75c3c779549bc90b08cb,https://huggingface.co/openbmb/MiniCPM3-4B/resolve/d6b14ddaefdb11c624dd75c3c779549bc90b08cb/config.json,/,MLA,2560,40,40,64,6400,hidden_size/heads 推导,配置层；drop/truncation/运行路径另行核验
MiniCPM3-4B,root,60,d6b14ddaefdb11c624dd75c3c779549bc90b08cb,https://huggingface.co/openbmb/MiniCPM3-4B/resolve/d6b14ddaefdb11c624dd75c3c779549bc90b08cb/config.json,/,MLA,2560,40,40,64,6400,hidden_size/heads 推导,配置层；drop/truncation/运行路径另行核验
MiniCPM3-4B,root,61,d6b14ddaefdb11c624dd75c3c779549bc90b08cb,https://huggingface.co/openbmb/MiniCPM3-4B/resolve/d6b14ddaefdb11c624dd75c3c779549bc90b08cb/config.json,/,MLA,2560,40,40,64,6400,hidden_size/heads 推导,配置层；drop/truncation/运行路径另行核验
MiniCPM3-4B,root,62,d6b14ddaefdb11c624dd75c3c779549bc90b08cb,https://huggingface.co/openbmb/MiniCPM3-4B/resolve/d6b14ddaefdb11c624dd75c3c779549bc90b08cb/config.json,/,MLA,2560,40,40,64,6400,hidden_size/heads 推导,配置层；drop/truncation/运行路径另行核验
MiniCPM4-8B,root,1,bb2ae14cf59d4ca769c4e42ece54cc3b82a58ef7,https://huggingface.co/openbmb/MiniCPM4-8B/resolve/bb2ae14cf59d4ca769c4e42ece54cc3b82a58ef7/config.json,/,full_attention,4096,32,2,128,16384,hidden_size/heads 推导,配置层；drop/truncation/运行路径另行核验
MiniCPM4-8B,root,2,bb2ae14cf59d4ca769c4e42ece54cc3b82a58ef7,https://huggingface.co/openbmb/MiniCPM4-8B/resolve/bb2ae14cf59d4ca769c4e42ece54cc3b82a58ef7/config.json,/,full_attention,4096,32,2,128,16384,hidden_size/heads 推导,配置层；drop/truncation/运行路径另行核验
MiniCPM4-8B,root,3,bb2ae14cf59d4ca769c4e42ece54cc3b82a58ef7,https://huggingface.co/openbmb/MiniCPM4-8B/resolve/bb2ae14cf59d4ca769c4e42ece54cc3b82a58ef7/config.json,/,full_attention,4096,32,2,128,16384,hidden_size/heads 推导,配置层；drop/truncation/运行路径另行核验
MiniCPM4-8B,root,4,bb2ae14cf59d4ca769c4e42ece54cc3b82a58ef7,https://huggingface.co/openbmb/MiniCPM4-8B/resolve/bb2ae14cf59d4ca769c4e42ece54cc3b82a58ef7/config.json,/,full_attention,4096,32,2,128,16384,hidden_size/heads 推导,配置层；drop/truncation/运行路径另行核验
MiniCPM4-8B,root,5,bb2ae14cf59d4ca769c4e42ece54cc3b82a58ef7,https://huggingface.co/openbmb/MiniCPM4-8B/resolve/bb2ae14cf59d4ca769c4e42ece54cc3b82a58ef7/config.json,/,full_attention,4096,32,2,128,16384,hidden_size/heads 推导,配置层；drop/truncation/运行路径另行核验
MiniCPM4-8B,root,6,bb2ae14cf59d4ca769c4e42ece54cc3b82a58ef7,https://huggingface.co/openbmb/MiniCPM4-8B/resolve/bb2ae14cf59d4ca769c4e42ece54cc3b82a58ef7/config.json,/,full_attention,4096,32,2,128,16384,hidden_size/heads 推导,配置层；drop/truncation/运行路径另行核验
MiniCPM4-8B,root,7,bb2ae14cf59d4ca769c4e42ece54cc3b82a58ef7,https://huggingface.co/openbmb/MiniCPM4-8B/resolve/bb2ae14cf59d4ca769c4e42ece54cc3b82a58ef7/config.json,/,full_attention,4096,32,2,128,16384,hidden_size/heads 推导,配置层；drop/truncation/运行路径另行核验
MiniCPM4-8B,root,8,bb2ae14cf59d4ca769c4e42ece54cc3b82a58ef7,https://huggingface.co/openbmb/MiniCPM4-8B/resolve/bb2ae14cf59d4ca769c4e42ece54cc3b82a58ef7/config.json,/,full_attention,4096,32,2,128,16384,hidden_size/heads 推导,配置层；drop/truncation/运行路径另行核验
MiniCPM4-8B,root,9,bb2ae14cf59d4ca769c4e42ece54cc3b82a58ef7,https://huggingface.co/openbmb/MiniCPM4-8B/resolve/bb2ae14cf59d4ca769c4e42ece54cc3b82a58ef7/config.json,/,full_attention,4096,32,2,128,16384,hidden_size/heads 推导,配置层；drop/truncation/运行路径另行核验
MiniCPM4-8B,root,10,bb2ae14cf59d4ca769c4e42ece54cc3b82a58ef7,https://huggingface.co/openbmb/MiniCPM4-8B/resolve/bb2ae14cf59d4ca769c4e42ece54cc3b82a58ef7/config.json,/,full_attention,4096,32,2,128,16384,hidden_size/heads 推导,配置层；drop/truncation/运行路径另行核验
MiniCPM4-8B,root,11,bb2ae14cf59d4ca769c4e42ece54cc3b82a58ef7,https://huggingface.co/openbmb/MiniCPM4-8B/resolve/bb2ae14cf59d4ca769c4e42ece54cc3b82a58ef7/config.json,/,full_attention,4096,32,2,128,16384,hidden_size/heads 推导,配置层；drop/truncation/运行路径另行核验
MiniCPM4-8B,root,12,bb2ae14cf59d4ca769c4e42ece54cc3b82a58ef7,https://huggingface.co/openbmb/MiniCPM4-8B/resolve/bb2ae14cf59d4ca769c4e42ece54cc3b82a58ef7/config.json,/,full_attention,4096,32,2,128,16384,hidden_size/heads 推导,配置层；drop/truncation/运行路径另行核验
MiniCPM4-8B,root,13,bb2ae14cf59d4ca769c4e42ece54cc3b82a58ef7,https://huggingface.co/openbmb/MiniCPM4-8B/resolve/bb2ae14cf59d4ca769c4e42ece54cc3b82a58ef7/config.json,/,full_attention,4096,32,2,128,16384,hidden_size/heads 推导,配置层；drop/truncation/运行路径另行核验
MiniCPM4-8B,root,14,bb2ae14cf59d4ca769c4e42ece54cc3b82a58ef7,https://huggingface.co/openbmb/MiniCPM4-8B/resolve/bb2ae14cf59d4ca769c4e42ece54cc3b82a58ef7/config.json,/,full_attention,4096,32,2,128,16384,hidden_size/heads 推导,配置层；drop/truncation/运行路径另行核验
MiniCPM4-8B,root,15,bb2ae14cf59d4ca769c4e42ece54cc3b82a58ef7,https://huggingface.co/openbmb/MiniCPM4-8B/resolve/bb2ae14cf59d4ca769c4e42ece54cc3b82a58ef7/config.json,/,full_attention,4096,32,2,128,16384,hidden_size/heads 推导,配置层；drop/truncation/运行路径另行核验
MiniCPM4-8B,root,16,bb2ae14cf59d4ca769c4e42ece54cc3b82a58ef7,https://huggingface.co/openbmb/MiniCPM4-8B/resolve/bb2ae14cf59d4ca769c4e42ece54cc3b82a58ef7/config.json,/,full_attention,4096,32,2,128,16384,hidden_size/heads 推导,配置层；drop/truncation/运行路径另行核验
MiniCPM4-8B,root,17,bb2ae14cf59d4ca769c4e42ece54cc3b82a58ef7,https://huggingface.co/openbmb/MiniCPM4-8B/resolve/bb2ae14cf59d4ca769c4e42ece54cc3b82a58ef7/config.json,/,full_attention,4096,32,2,128,16384,hidden_size/heads 推导,配置层；drop/truncation/运行路径另行核验
MiniCPM4-8B,root,18,bb2ae14cf59d4ca769c4e42ece54cc3b82a58ef7,https://huggingface.co/openbmb/MiniCPM4-8B/resolve/bb2ae14cf59d4ca769c4e42ece54cc3b82a58ef7/config.json,/,full_attention,4096,32,2,128,16384,hidden_size/heads 推导,配置层；drop/truncation/运行路径另行核验
MiniCPM4-8B,root,19,bb2ae14cf59d4ca769c4e42ece54cc3b82a58ef7,https://huggingface.co/openbmb/MiniCPM4-8B/resolve/bb2ae14cf59d4ca769c4e42ece54cc3b82a58ef7/config.json,/,full_attention,4096,32,2,128,16384,hidden_size/heads 推导,配置层；drop/truncation/运行路径另行核验
MiniCPM4-8B,root,20,bb2ae14cf59d4ca769c4e42ece54cc3b82a58ef7,https://huggingface.co/openbmb/MiniCPM4-8B/resolve/bb2ae14cf59d4ca769c4e42ece54cc3b82a58ef7/config.json,/,full_attention,4096,32,2,128,16384,hidden_size/heads 推导,配置层；drop/truncation/运行路径另行核验
MiniCPM4-8B,root,21,bb2ae14cf59d4ca769c4e42ece54cc3b82a58ef7,https://huggingface.co/openbmb/MiniCPM4-8B/resolve/bb2ae14cf59d4ca769c4e42ece54cc3b82a58ef7/config.json,/,full_attention,4096,32,2,128,16384,hidden_size/heads 推导,配置层；drop/truncation/运行路径另行核验
MiniCPM4-8B,root,22,bb2ae14cf59d4ca769c4e42ece54cc3b82a58ef7,https://huggingface.co/openbmb/MiniCPM4-8B/resolve/bb2ae14cf59d4ca769c4e42ece54cc3b82a58ef7/config.json,/,full_attention,4096,32,2,128,16384,hidden_size/heads 推导,配置层；drop/truncation/运行路径另行核验
MiniCPM4-8B,root,23,bb2ae14cf59d4ca769c4e42ece54cc3b82a58ef7,https://huggingface.co/openbmb/MiniCPM4-8B/resolve/bb2ae14cf59d4ca769c4e42ece54cc3b82a58ef7/config.json,/,full_attention,4096,32,2,128,16384,hidden_size/heads 推导,配置层；drop/truncation/运行路径另行核验
MiniCPM4-8B,root,24,bb2ae14cf59d4ca769c4e42ece54cc3b82a58ef7,https://huggingface.co/openbmb/MiniCPM4-8B/resolve/bb2ae14cf59d4ca769c4e42ece54cc3b82a58ef7/config.json,/,full_attention,4096,32,2,128,16384,hidden_size/heads 推导,配置层；drop/truncation/运行路径另行核验
MiniCPM4-8B,root,25,bb2ae14cf59d4ca769c4e42ece54cc3b82a58ef7,https://huggingface.co/openbmb/MiniCPM4-8B/resolve/bb2ae14cf59d4ca769c4e42ece54cc3b82a58ef7/config.json,/,full_attention,4096,32,2,128,16384,hidden_size/heads 推导,配置层；drop/truncation/运行路径另行核验
MiniCPM4-8B,root,26,bb2ae14cf59d4ca769c4e42ece54cc3b82a58ef7,https://huggingface.co/openbmb/MiniCPM4-8B/resolve/bb2ae14cf59d4ca769c4e42ece54cc3b82a58ef7/config.json,/,full_attention,4096,32,2,128,16384,hidden_size/heads 推导,配置层；drop/truncation/运行路径另行核验
MiniCPM4-8B,root,27,bb2ae14cf59d4ca769c4e42ece54cc3b82a58ef7,https://huggingface.co/openbmb/MiniCPM4-8B/resolve/bb2ae14cf59d4ca769c4e42ece54cc3b82a58ef7/config.json,/,full_attention,4096,32,2,128,16384,hidden_size/heads 推导,配置层；drop/truncation/运行路径另行核验
MiniCPM4-8B,root,28,bb2ae14cf59d4ca769c4e42ece54cc3b82a58ef7,https://huggingface.co/openbmb/MiniCPM4-8B/resolve/bb2ae14cf59d4ca769c4e42ece54cc3b82a58ef7/config.json,/,full_attention,4096,32,2,128,16384,hidden_size/heads 推导,配置层；drop/truncation/运行路径另行核验
MiniCPM4-8B,root,29,bb2ae14cf59d4ca769c4e42ece54cc3b82a58ef7,https://huggingface.co/openbmb/MiniCPM4-8B/resolve/bb2ae14cf59d4ca769c4e42ece54cc3b82a58ef7/config.json,/,full_attention,4096,32,2,128,16384,hidden_size/heads 推导,配置层；drop/truncation/运行路径另行核验
MiniCPM4-8B,root,30,bb2ae14cf59d4ca769c4e42ece54cc3b82a58ef7,https://huggingface.co/openbmb/MiniCPM4-8B/resolve/bb2ae14cf59d4ca769c4e42ece54cc3b82a58ef7/config.json,/,full_attention,4096,32,2,128,16384,hidden_size/heads 推导,配置层；drop/truncation/运行路径另行核验
MiniCPM4-8B,root,31,bb2ae14cf59d4ca769c4e42ece54cc3b82a58ef7,https://huggingface.co/openbmb/MiniCPM4-8B/resolve/bb2ae14cf59d4ca769c4e42ece54cc3b82a58ef7/config.json,/,full_attention,4096,32,2,128,16384,hidden_size/heads 推导,配置层；drop/truncation/运行路径另行核验
MiniCPM4-8B,root,32,bb2ae14cf59d4ca769c4e42ece54cc3b82a58ef7,https://huggingface.co/openbmb/MiniCPM4-8B/resolve/bb2ae14cf59d4ca769c4e42ece54cc3b82a58ef7/config.json,/,full_attention,4096,32,2,128,16384,hidden_size/heads 推导,配置层；drop/truncation/运行路径另行核验
MiniCPM4.1-8B,root,1,3a8dfed9c79a45e07dbff95bcd49d792343fa1a3,https://huggingface.co/openbmb/MiniCPM4.1-8B/resolve/3a8dfed9c79a45e07dbff95bcd49d792343fa1a3/config.json,/,full_attention,4096,32,2,128,16384,hidden_size/heads 推导,配置层；drop/truncation/运行路径另行核验
MiniCPM4.1-8B,root,2,3a8dfed9c79a45e07dbff95bcd49d792343fa1a3,https://huggingface.co/openbmb/MiniCPM4.1-8B/resolve/3a8dfed9c79a45e07dbff95bcd49d792343fa1a3/config.json,/,full_attention,4096,32,2,128,16384,hidden_size/heads 推导,配置层；drop/truncation/运行路径另行核验
MiniCPM4.1-8B,root,3,3a8dfed9c79a45e07dbff95bcd49d792343fa1a3,https://huggingface.co/openbmb/MiniCPM4.1-8B/resolve/3a8dfed9c79a45e07dbff95bcd49d792343fa1a3/config.json,/,full_attention,4096,32,2,128,16384,hidden_size/heads 推导,配置层；drop/truncation/运行路径另行核验
MiniCPM4.1-8B,root,4,3a8dfed9c79a45e07dbff95bcd49d792343fa1a3,https://huggingface.co/openbmb/MiniCPM4.1-8B/resolve/3a8dfed9c79a45e07dbff95bcd49d792343fa1a3/config.json,/,full_attention,4096,32,2,128,16384,hidden_size/heads 推导,配置层；drop/truncation/运行路径另行核验
MiniCPM4.1-8B,root,5,3a8dfed9c79a45e07dbff95bcd49d792343fa1a3,https://huggingface.co/openbmb/MiniCPM4.1-8B/resolve/3a8dfed9c79a45e07dbff95bcd49d792343fa1a3/config.json,/,full_attention,4096,32,2,128,16384,hidden_size/heads 推导,配置层；drop/truncation/运行路径另行核验
MiniCPM4.1-8B,root,6,3a8dfed9c79a45e07dbff95bcd49d792343fa1a3,https://huggingface.co/openbmb/MiniCPM4.1-8B/resolve/3a8dfed9c79a45e07dbff95bcd49d792343fa1a3/config.json,/,full_attention,4096,32,2,128,16384,hidden_size/heads 推导,配置层；drop/truncation/运行路径另行核验
MiniCPM4.1-8B,root,7,3a8dfed9c79a45e07dbff95bcd49d792343fa1a3,https://huggingface.co/openbmb/MiniCPM4.1-8B/resolve/3a8dfed9c79a45e07dbff95bcd49d792343fa1a3/config.json,/,full_attention,4096,32,2,128,16384,hidden_size/heads 推导,配置层；drop/truncation/运行路径另行核验
MiniCPM4.1-8B,root,8,3a8dfed9c79a45e07dbff95bcd49d792343fa1a3,https://huggingface.co/openbmb/MiniCPM4.1-8B/resolve/3a8dfed9c79a45e07dbff95bcd49d792343fa1a3/config.json,/,full_attention,4096,32,2,128,16384,hidden_size/heads 推导,配置层；drop/truncation/运行路径另行核验
MiniCPM4.1-8B,root,9,3a8dfed9c79a45e07dbff95bcd49d792343fa1a3,https://huggingface.co/openbmb/MiniCPM4.1-8B/resolve/3a8dfed9c79a45e07dbff95bcd49d792343fa1a3/config.json,/,full_attention,4096,32,2,128,16384,hidden_size/heads 推导,配置层；drop/truncation/运行路径另行核验
MiniCPM4.1-8B,root,10,3a8dfed9c79a45e07dbff95bcd49d792343fa1a3,https://huggingface.co/openbmb/MiniCPM4.1-8B/resolve/3a8dfed9c79a45e07dbff95bcd49d792343fa1a3/config.json,/,full_attention,4096,32,2,128,16384,hidden_size/heads 推导,配置层；drop/truncation/运行路径另行核验
MiniCPM4.1-8B,root,11,3a8dfed9c79a45e07dbff95bcd49d792343fa1a3,https://huggingface.co/openbmb/MiniCPM4.1-8B/resolve/3a8dfed9c79a45e07dbff95bcd49d792343fa1a3/config.json,/,full_attention,4096,32,2,128,16384,hidden_size/heads 推导,配置层；drop/truncation/运行路径另行核验
MiniCPM4.1-8B,root,12,3a8dfed9c79a45e07dbff95bcd49d792343fa1a3,https://huggingface.co/openbmb/MiniCPM4.1-8B/resolve/3a8dfed9c79a45e07dbff95bcd49d792343fa1a3/config.json,/,full_attention,4096,32,2,128,16384,hidden_size/heads 推导,配置层；drop/truncation/运行路径另行核验
MiniCPM4.1-8B,root,13,3a8dfed9c79a45e07dbff95bcd49d792343fa1a3,https://huggingface.co/openbmb/MiniCPM4.1-8B/resolve/3a8dfed9c79a45e07dbff95bcd49d792343fa1a3/config.json,/,full_attention,4096,32,2,128,16384,hidden_size/heads 推导,配置层；drop/truncation/运行路径另行核验
MiniCPM4.1-8B,root,14,3a8dfed9c79a45e07dbff95bcd49d792343fa1a3,https://huggingface.co/openbmb/MiniCPM4.1-8B/resolve/3a8dfed9c79a45e07dbff95bcd49d792343fa1a3/config.json,/,full_attention,4096,32,2,128,16384,hidden_size/heads 推导,配置层；drop/truncation/运行路径另行核验
MiniCPM4.1-8B,root,15,3a8dfed9c79a45e07dbff95bcd49d792343fa1a3,https://huggingface.co/openbmb/MiniCPM4.1-8B/resolve/3a8dfed9c79a45e07dbff95bcd49d792343fa1a3/config.json,/,full_attention,4096,32,2,128,16384,hidden_size/heads 推导,配置层；drop/truncation/运行路径另行核验
MiniCPM4.1-8B,root,16,3a8dfed9c79a45e07dbff95bcd49d792343fa1a3,https://huggingface.co/openbmb/MiniCPM4.1-8B/resolve/3a8dfed9c79a45e07dbff95bcd49d792343fa1a3/config.json,/,full_attention,4096,32,2,128,16384,hidden_size/heads 推导,配置层；drop/truncation/运行路径另行核验
MiniCPM4.1-8B,root,17,3a8dfed9c79a45e07dbff95bcd49d792343fa1a3,https://huggingface.co/openbmb/MiniCPM4.1-8B/resolve/3a8dfed9c79a45e07dbff95bcd49d792343fa1a3/config.json,/,full_attention,4096,32,2,128,16384,hidden_size/heads 推导,配置层；drop/truncation/运行路径另行核验
MiniCPM4.1-8B,root,18,3a8dfed9c79a45e07dbff95bcd49d792343fa1a3,https://huggingface.co/openbmb/MiniCPM4.1-8B/resolve/3a8dfed9c79a45e07dbff95bcd49d792343fa1a3/config.json,/,full_attention,4096,32,2,128,16384,hidden_size/heads 推导,配置层；drop/truncation/运行路径另行核验
MiniCPM4.1-8B,root,19,3a8dfed9c79a45e07dbff95bcd49d792343fa1a3,https://huggingface.co/openbmb/MiniCPM4.1-8B/resolve/3a8dfed9c79a45e07dbff95bcd49d792343fa1a3/config.json,/,full_attention,4096,32,2,128,16384,hidden_size/heads 推导,配置层；drop/truncation/运行路径另行核验
MiniCPM4.1-8B,root,20,3a8dfed9c79a45e07dbff95bcd49d792343fa1a3,https://huggingface.co/openbmb/MiniCPM4.1-8B/resolve/3a8dfed9c79a45e07dbff95bcd49d792343fa1a3/config.json,/,full_attention,4096,32,2,128,16384,hidden_size/heads 推导,配置层；drop/truncation/运行路径另行核验
MiniCPM4.1-8B,root,21,3a8dfed9c79a45e07dbff95bcd49d792343fa1a3,https://huggingface.co/openbmb/MiniCPM4.1-8B/resolve/3a8dfed9c79a45e07dbff95bcd49d792343fa1a3/config.json,/,full_attention,4096,32,2,128,16384,hidden_size/heads 推导,配置层；drop/truncation/运行路径另行核验
MiniCPM4.1-8B,root,22,3a8dfed9c79a45e07dbff95bcd49d792343fa1a3,https://huggingface.co/openbmb/MiniCPM4.1-8B/resolve/3a8dfed9c79a45e07dbff95bcd49d792343fa1a3/config.json,/,full_attention,4096,32,2,128,16384,hidden_size/heads 推导,配置层；drop/truncation/运行路径另行核验
MiniCPM4.1-8B,root,23,3a8dfed9c79a45e07dbff95bcd49d792343fa1a3,https://huggingface.co/openbmb/MiniCPM4.1-8B/resolve/3a8dfed9c79a45e07dbff95bcd49d792343fa1a3/config.json,/,full_attention,4096,32,2,128,16384,hidden_size/heads 推导,配置层；drop/truncation/运行路径另行核验
MiniCPM4.1-8B,root,24,3a8dfed9c79a45e07dbff95bcd49d792343fa1a3,https://huggingface.co/openbmb/MiniCPM4.1-8B/resolve/3a8dfed9c79a45e07dbff95bcd49d792343fa1a3/config.json,/,full_attention,4096,32,2,128,16384,hidden_size/heads 推导,配置层；drop/truncation/运行路径另行核验
MiniCPM4.1-8B,root,25,3a8dfed9c79a45e07dbff95bcd49d792343fa1a3,https://huggingface.co/openbmb/MiniCPM4.1-8B/resolve/3a8dfed9c79a45e07dbff95bcd49d792343fa1a3/config.json,/,full_attention,4096,32,2,128,16384,hidden_size/heads 推导,配置层；drop/truncation/运行路径另行核验
MiniCPM4.1-8B,root,26,3a8dfed9c79a45e07dbff95bcd49d792343fa1a3,https://huggingface.co/openbmb/MiniCPM4.1-8B/resolve/3a8dfed9c79a45e07dbff95bcd49d792343fa1a3/config.json,/,full_attention,4096,32,2,128,16384,hidden_size/heads 推导,配置层；drop/truncation/运行路径另行核验
MiniCPM4.1-8B,root,27,3a8dfed9c79a45e07dbff95bcd49d792343fa1a3,https://huggingface.co/openbmb/MiniCPM4.1-8B/resolve/3a8dfed9c79a45e07dbff95bcd49d792343fa1a3/config.json,/,full_attention,4096,32,2,128,16384,hidden_size/heads 推导,配置层；drop/truncation/运行路径另行核验
MiniCPM4.1-8B,root,28,3a8dfed9c79a45e07dbff95bcd49d792343fa1a3,https://huggingface.co/openbmb/MiniCPM4.1-8B/resolve/3a8dfed9c79a45e07dbff95bcd49d792343fa1a3/config.json,/,full_attention,4096,32,2,128,16384,hidden_size/heads 推导,配置层；drop/truncation/运行路径另行核验
MiniCPM4.1-8B,root,29,3a8dfed9c79a45e07dbff95bcd49d792343fa1a3,https://huggingface.co/openbmb/MiniCPM4.1-8B/resolve/3a8dfed9c79a45e07dbff95bcd49d792343fa1a3/config.json,/,full_attention,4096,32,2,128,16384,hidden_size/heads 推导,配置层；drop/truncation/运行路径另行核验
MiniCPM4.1-8B,root,30,3a8dfed9c79a45e07dbff95bcd49d792343fa1a3,https://huggingface.co/openbmb/MiniCPM4.1-8B/resolve/3a8dfed9c79a45e07dbff95bcd49d792343fa1a3/config.json,/,full_attention,4096,32,2,128,16384,hidden_size/heads 推导,配置层；drop/truncation/运行路径另行核验
MiniCPM4.1-8B,root,31,3a8dfed9c79a45e07dbff95bcd49d792343fa1a3,https://huggingface.co/openbmb/MiniCPM4.1-8B/resolve/3a8dfed9c79a45e07dbff95bcd49d792343fa1a3/config.json,/,full_attention,4096,32,2,128,16384,hidden_size/heads 推导,配置层；drop/truncation/运行路径另行核验
MiniCPM4.1-8B,root,32,3a8dfed9c79a45e07dbff95bcd49d792343fa1a3,https://huggingface.co/openbmb/MiniCPM4.1-8B/resolve/3a8dfed9c79a45e07dbff95bcd49d792343fa1a3/config.json,/,full_attention,4096,32,2,128,16384,hidden_size/heads 推导,配置层；drop/truncation/运行路径另行核验
MiniCPM-SALA,root,1,9180fe1db74f71fb81bc7105efe88f6b19c959b0,https://huggingface.co/openbmb/MiniCPM-SALA/resolve/9180fe1db74f71fb81bc7105efe88f6b19c959b0/config.json,/,minicpm4,4096,32,2,128,16384,config,配置层；drop/truncation/运行路径另行核验
MiniCPM-SALA,root,2,9180fe1db74f71fb81bc7105efe88f6b19c959b0,https://huggingface.co/openbmb/MiniCPM-SALA/resolve/9180fe1db74f71fb81bc7105efe88f6b19c959b0/config.json,/,lightning-attn,4096,32,2,128,16384,config,配置层；drop/truncation/运行路径另行核验
MiniCPM-SALA,root,3,9180fe1db74f71fb81bc7105efe88f6b19c959b0,https://huggingface.co/openbmb/MiniCPM-SALA/resolve/9180fe1db74f71fb81bc7105efe88f6b19c959b0/config.json,/,lightning-attn,4096,32,2,128,16384,config,配置层；drop/truncation/运行路径另行核验
MiniCPM-SALA,root,4,9180fe1db74f71fb81bc7105efe88f6b19c959b0,https://huggingface.co/openbmb/MiniCPM-SALA/resolve/9180fe1db74f71fb81bc7105efe88f6b19c959b0/config.json,/,lightning-attn,4096,32,2,128,16384,config,配置层；drop/truncation/运行路径另行核验
MiniCPM-SALA,root,5,9180fe1db74f71fb81bc7105efe88f6b19c959b0,https://huggingface.co/openbmb/MiniCPM-SALA/resolve/9180fe1db74f71fb81bc7105efe88f6b19c959b0/config.json,/,lightning-attn,4096,32,2,128,16384,config,配置层；drop/truncation/运行路径另行核验
MiniCPM-SALA,root,6,9180fe1db74f71fb81bc7105efe88f6b19c959b0,https://huggingface.co/openbmb/MiniCPM-SALA/resolve/9180fe1db74f71fb81bc7105efe88f6b19c959b0/config.json,/,lightning-attn,4096,32,2,128,16384,config,配置层；drop/truncation/运行路径另行核验
MiniCPM-SALA,root,7,9180fe1db74f71fb81bc7105efe88f6b19c959b0,https://huggingface.co/openbmb/MiniCPM-SALA/resolve/9180fe1db74f71fb81bc7105efe88f6b19c959b0/config.json,/,lightning-attn,4096,32,2,128,16384,config,配置层；drop/truncation/运行路径另行核验
MiniCPM-SALA,root,8,9180fe1db74f71fb81bc7105efe88f6b19c959b0,https://huggingface.co/openbmb/MiniCPM-SALA/resolve/9180fe1db74f71fb81bc7105efe88f6b19c959b0/config.json,/,lightning-attn,4096,32,2,128,16384,config,配置层；drop/truncation/运行路径另行核验
MiniCPM-SALA,root,9,9180fe1db74f71fb81bc7105efe88f6b19c959b0,https://huggingface.co/openbmb/MiniCPM-SALA/resolve/9180fe1db74f71fb81bc7105efe88f6b19c959b0/config.json,/,lightning-attn,4096,32,2,128,16384,config,配置层；drop/truncation/运行路径另行核验
MiniCPM-SALA,root,10,9180fe1db74f71fb81bc7105efe88f6b19c959b0,https://huggingface.co/openbmb/MiniCPM-SALA/resolve/9180fe1db74f71fb81bc7105efe88f6b19c959b0/config.json,/,minicpm4,4096,32,2,128,16384,config,配置层；drop/truncation/运行路径另行核验
MiniCPM-SALA,root,11,9180fe1db74f71fb81bc7105efe88f6b19c959b0,https://huggingface.co/openbmb/MiniCPM-SALA/resolve/9180fe1db74f71fb81bc7105efe88f6b19c959b0/config.json,/,lightning-attn,4096,32,2,128,16384,config,配置层；drop/truncation/运行路径另行核验
MiniCPM-SALA,root,12,9180fe1db74f71fb81bc7105efe88f6b19c959b0,https://huggingface.co/openbmb/MiniCPM-SALA/resolve/9180fe1db74f71fb81bc7105efe88f6b19c959b0/config.json,/,lightning-attn,4096,32,2,128,16384,config,配置层；drop/truncation/运行路径另行核验
MiniCPM-SALA,root,13,9180fe1db74f71fb81bc7105efe88f6b19c959b0,https://huggingface.co/openbmb/MiniCPM-SALA/resolve/9180fe1db74f71fb81bc7105efe88f6b19c959b0/config.json,/,lightning-attn,4096,32,2,128,16384,config,配置层；drop/truncation/运行路径另行核验
MiniCPM-SALA,root,14,9180fe1db74f71fb81bc7105efe88f6b19c959b0,https://huggingface.co/openbmb/MiniCPM-SALA/resolve/9180fe1db74f71fb81bc7105efe88f6b19c959b0/config.json,/,lightning-attn,4096,32,2,128,16384,config,配置层；drop/truncation/运行路径另行核验
MiniCPM-SALA,root,15,9180fe1db74f71fb81bc7105efe88f6b19c959b0,https://huggingface.co/openbmb/MiniCPM-SALA/resolve/9180fe1db74f71fb81bc7105efe88f6b19c959b0/config.json,/,lightning-attn,4096,32,2,128,16384,config,配置层；drop/truncation/运行路径另行核验
MiniCPM-SALA,root,16,9180fe1db74f71fb81bc7105efe88f6b19c959b0,https://huggingface.co/openbmb/MiniCPM-SALA/resolve/9180fe1db74f71fb81bc7105efe88f6b19c959b0/config.json,/,lightning-attn,4096,32,2,128,16384,config,配置层；drop/truncation/运行路径另行核验
MiniCPM-SALA,root,17,9180fe1db74f71fb81bc7105efe88f6b19c959b0,https://huggingface.co/openbmb/MiniCPM-SALA/resolve/9180fe1db74f71fb81bc7105efe88f6b19c959b0/config.json,/,minicpm4,4096,32,2,128,16384,config,配置层；drop/truncation/运行路径另行核验
MiniCPM-SALA,root,18,9180fe1db74f71fb81bc7105efe88f6b19c959b0,https://huggingface.co/openbmb/MiniCPM-SALA/resolve/9180fe1db74f71fb81bc7105efe88f6b19c959b0/config.json,/,minicpm4,4096,32,2,128,16384,config,配置层；drop/truncation/运行路径另行核验
MiniCPM-SALA,root,19,9180fe1db74f71fb81bc7105efe88f6b19c959b0,https://huggingface.co/openbmb/MiniCPM-SALA/resolve/9180fe1db74f71fb81bc7105efe88f6b19c959b0/config.json,/,lightning-attn,4096,32,2,128,16384,config,配置层；drop/truncation/运行路径另行核验
MiniCPM-SALA,root,20,9180fe1db74f71fb81bc7105efe88f6b19c959b0,https://huggingface.co/openbmb/MiniCPM-SALA/resolve/9180fe1db74f71fb81bc7105efe88f6b19c959b0/config.json,/,lightning-attn,4096,32,2,128,16384,config,配置层；drop/truncation/运行路径另行核验
MiniCPM-SALA,root,21,9180fe1db74f71fb81bc7105efe88f6b19c959b0,https://huggingface.co/openbmb/MiniCPM-SALA/resolve/9180fe1db74f71fb81bc7105efe88f6b19c959b0/config.json,/,lightning-attn,4096,32,2,128,16384,config,配置层；drop/truncation/运行路径另行核验
MiniCPM-SALA,root,22,9180fe1db74f71fb81bc7105efe88f6b19c959b0,https://huggingface.co/openbmb/MiniCPM-SALA/resolve/9180fe1db74f71fb81bc7105efe88f6b19c959b0/config.json,/,lightning-attn,4096,32,2,128,16384,config,配置层；drop/truncation/运行路径另行核验
MiniCPM-SALA,root,23,9180fe1db74f71fb81bc7105efe88f6b19c959b0,https://huggingface.co/openbmb/MiniCPM-SALA/resolve/9180fe1db74f71fb81bc7105efe88f6b19c959b0/config.json,/,minicpm4,4096,32,2,128,16384,config,配置层；drop/truncation/运行路径另行核验
MiniCPM-SALA,root,24,9180fe1db74f71fb81bc7105efe88f6b19c959b0,https://huggingface.co/openbmb/MiniCPM-SALA/resolve/9180fe1db74f71fb81bc7105efe88f6b19c959b0/config.json,/,lightning-attn,4096,32,2,128,16384,config,配置层；drop/truncation/运行路径另行核验
MiniCPM-SALA,root,25,9180fe1db74f71fb81bc7105efe88f6b19c959b0,https://huggingface.co/openbmb/MiniCPM-SALA/resolve/9180fe1db74f71fb81bc7105efe88f6b19c959b0/config.json,/,lightning-attn,4096,32,2,128,16384,config,配置层；drop/truncation/运行路径另行核验
MiniCPM-SALA,root,26,9180fe1db74f71fb81bc7105efe88f6b19c959b0,https://huggingface.co/openbmb/MiniCPM-SALA/resolve/9180fe1db74f71fb81bc7105efe88f6b19c959b0/config.json,/,lightning-attn,4096,32,2,128,16384,config,配置层；drop/truncation/运行路径另行核验
MiniCPM-SALA,root,27,9180fe1db74f71fb81bc7105efe88f6b19c959b0,https://huggingface.co/openbmb/MiniCPM-SALA/resolve/9180fe1db74f71fb81bc7105efe88f6b19c959b0/config.json,/,lightning-attn,4096,32,2,128,16384,config,配置层；drop/truncation/运行路径另行核验
MiniCPM-SALA,root,28,9180fe1db74f71fb81bc7105efe88f6b19c959b0,https://huggingface.co/openbmb/MiniCPM-SALA/resolve/9180fe1db74f71fb81bc7105efe88f6b19c959b0/config.json,/,lightning-attn,4096,32,2,128,16384,config,配置层；drop/truncation/运行路径另行核验
MiniCPM-SALA,root,29,9180fe1db74f71fb81bc7105efe88f6b19c959b0,https://huggingface.co/openbmb/MiniCPM-SALA/resolve/9180fe1db74f71fb81bc7105efe88f6b19c959b0/config.json,/,lightning-attn,4096,32,2,128,16384,config,配置层；drop/truncation/运行路径另行核验
MiniCPM-SALA,root,30,9180fe1db74f71fb81bc7105efe88f6b19c959b0,https://huggingface.co/openbmb/MiniCPM-SALA/resolve/9180fe1db74f71fb81bc7105efe88f6b19c959b0/config.json,/,minicpm4,4096,32,2,128,16384,config,配置层；drop/truncation/运行路径另行核验
MiniCPM-SALA,root,31,9180fe1db74f71fb81bc7105efe88f6b19c959b0,https://huggingface.co/openbmb/MiniCPM-SALA/resolve/9180fe1db74f71fb81bc7105efe88f6b19c959b0/config.json,/,minicpm4,4096,32,2,128,16384,config,配置层；drop/truncation/运行路径另行核验
MiniCPM-SALA,root,32,9180fe1db74f71fb81bc7105efe88f6b19c959b0,https://huggingface.co/openbmb/MiniCPM-SALA/resolve/9180fe1db74f71fb81bc7105efe88f6b19c959b0/config.json,/,minicpm4,4096,32,2,128,16384,config,配置层；drop/truncation/运行路径另行核验
MiniCPM5-1B,root,1,87179e5c1f455ef22e6223592d2d61351b525bfc,https://huggingface.co/openbmb/MiniCPM5-1B/resolve/87179e5c1f455ef22e6223592d2d61351b525bfc/config.json,/,full_attention,1536,16,2,128,4608,config,配置层；drop/truncation/运行路径另行核验
MiniCPM5-1B,root,2,87179e5c1f455ef22e6223592d2d61351b525bfc,https://huggingface.co/openbmb/MiniCPM5-1B/resolve/87179e5c1f455ef22e6223592d2d61351b525bfc/config.json,/,full_attention,1536,16,2,128,4608,config,配置层；drop/truncation/运行路径另行核验
MiniCPM5-1B,root,3,87179e5c1f455ef22e6223592d2d61351b525bfc,https://huggingface.co/openbmb/MiniCPM5-1B/resolve/87179e5c1f455ef22e6223592d2d61351b525bfc/config.json,/,full_attention,1536,16,2,128,4608,config,配置层；drop/truncation/运行路径另行核验
MiniCPM5-1B,root,4,87179e5c1f455ef22e6223592d2d61351b525bfc,https://huggingface.co/openbmb/MiniCPM5-1B/resolve/87179e5c1f455ef22e6223592d2d61351b525bfc/config.json,/,full_attention,1536,16,2,128,4608,config,配置层；drop/truncation/运行路径另行核验
MiniCPM5-1B,root,5,87179e5c1f455ef22e6223592d2d61351b525bfc,https://huggingface.co/openbmb/MiniCPM5-1B/resolve/87179e5c1f455ef22e6223592d2d61351b525bfc/config.json,/,full_attention,1536,16,2,128,4608,config,配置层；drop/truncation/运行路径另行核验
MiniCPM5-1B,root,6,87179e5c1f455ef22e6223592d2d61351b525bfc,https://huggingface.co/openbmb/MiniCPM5-1B/resolve/87179e5c1f455ef22e6223592d2d61351b525bfc/config.json,/,full_attention,1536,16,2,128,4608,config,配置层；drop/truncation/运行路径另行核验
MiniCPM5-1B,root,7,87179e5c1f455ef22e6223592d2d61351b525bfc,https://huggingface.co/openbmb/MiniCPM5-1B/resolve/87179e5c1f455ef22e6223592d2d61351b525bfc/config.json,/,full_attention,1536,16,2,128,4608,config,配置层；drop/truncation/运行路径另行核验
MiniCPM5-1B,root,8,87179e5c1f455ef22e6223592d2d61351b525bfc,https://huggingface.co/openbmb/MiniCPM5-1B/resolve/87179e5c1f455ef22e6223592d2d61351b525bfc/config.json,/,full_attention,1536,16,2,128,4608,config,配置层；drop/truncation/运行路径另行核验
MiniCPM5-1B,root,9,87179e5c1f455ef22e6223592d2d61351b525bfc,https://huggingface.co/openbmb/MiniCPM5-1B/resolve/87179e5c1f455ef22e6223592d2d61351b525bfc/config.json,/,full_attention,1536,16,2,128,4608,config,配置层；drop/truncation/运行路径另行核验
MiniCPM5-1B,root,10,87179e5c1f455ef22e6223592d2d61351b525bfc,https://huggingface.co/openbmb/MiniCPM5-1B/resolve/87179e5c1f455ef22e6223592d2d61351b525bfc/config.json,/,full_attention,1536,16,2,128,4608,config,配置层；drop/truncation/运行路径另行核验
MiniCPM5-1B,root,11,87179e5c1f455ef22e6223592d2d61351b525bfc,https://huggingface.co/openbmb/MiniCPM5-1B/resolve/87179e5c1f455ef22e6223592d2d61351b525bfc/config.json,/,full_attention,1536,16,2,128,4608,config,配置层；drop/truncation/运行路径另行核验
MiniCPM5-1B,root,12,87179e5c1f455ef22e6223592d2d61351b525bfc,https://huggingface.co/openbmb/MiniCPM5-1B/resolve/87179e5c1f455ef22e6223592d2d61351b525bfc/config.json,/,full_attention,1536,16,2,128,4608,config,配置层；drop/truncation/运行路径另行核验
MiniCPM5-1B,root,13,87179e5c1f455ef22e6223592d2d61351b525bfc,https://huggingface.co/openbmb/MiniCPM5-1B/resolve/87179e5c1f455ef22e6223592d2d61351b525bfc/config.json,/,full_attention,1536,16,2,128,4608,config,配置层；drop/truncation/运行路径另行核验
MiniCPM5-1B,root,14,87179e5c1f455ef22e6223592d2d61351b525bfc,https://huggingface.co/openbmb/MiniCPM5-1B/resolve/87179e5c1f455ef22e6223592d2d61351b525bfc/config.json,/,full_attention,1536,16,2,128,4608,config,配置层；drop/truncation/运行路径另行核验
MiniCPM5-1B,root,15,87179e5c1f455ef22e6223592d2d61351b525bfc,https://huggingface.co/openbmb/MiniCPM5-1B/resolve/87179e5c1f455ef22e6223592d2d61351b525bfc/config.json,/,full_attention,1536,16,2,128,4608,config,配置层；drop/truncation/运行路径另行核验
MiniCPM5-1B,root,16,87179e5c1f455ef22e6223592d2d61351b525bfc,https://huggingface.co/openbmb/MiniCPM5-1B/resolve/87179e5c1f455ef22e6223592d2d61351b525bfc/config.json,/,full_attention,1536,16,2,128,4608,config,配置层；drop/truncation/运行路径另行核验
MiniCPM5-1B,root,17,87179e5c1f455ef22e6223592d2d61351b525bfc,https://huggingface.co/openbmb/MiniCPM5-1B/resolve/87179e5c1f455ef22e6223592d2d61351b525bfc/config.json,/,full_attention,1536,16,2,128,4608,config,配置层；drop/truncation/运行路径另行核验
MiniCPM5-1B,root,18,87179e5c1f455ef22e6223592d2d61351b525bfc,https://huggingface.co/openbmb/MiniCPM5-1B/resolve/87179e5c1f455ef22e6223592d2d61351b525bfc/config.json,/,full_attention,1536,16,2,128,4608,config,配置层；drop/truncation/运行路径另行核验
MiniCPM5-1B,root,19,87179e5c1f455ef22e6223592d2d61351b525bfc,https://huggingface.co/openbmb/MiniCPM5-1B/resolve/87179e5c1f455ef22e6223592d2d61351b525bfc/config.json,/,full_attention,1536,16,2,128,4608,config,配置层；drop/truncation/运行路径另行核验
MiniCPM5-1B,root,20,87179e5c1f455ef22e6223592d2d61351b525bfc,https://huggingface.co/openbmb/MiniCPM5-1B/resolve/87179e5c1f455ef22e6223592d2d61351b525bfc/config.json,/,full_attention,1536,16,2,128,4608,config,配置层；drop/truncation/运行路径另行核验
MiniCPM5-1B,root,21,87179e5c1f455ef22e6223592d2d61351b525bfc,https://huggingface.co/openbmb/MiniCPM5-1B/resolve/87179e5c1f455ef22e6223592d2d61351b525bfc/config.json,/,full_attention,1536,16,2,128,4608,config,配置层；drop/truncation/运行路径另行核验
MiniCPM5-1B,root,22,87179e5c1f455ef22e6223592d2d61351b525bfc,https://huggingface.co/openbmb/MiniCPM5-1B/resolve/87179e5c1f455ef22e6223592d2d61351b525bfc/config.json,/,full_attention,1536,16,2,128,4608,config,配置层；drop/truncation/运行路径另行核验
MiniCPM5-1B,root,23,87179e5c1f455ef22e6223592d2d61351b525bfc,https://huggingface.co/openbmb/MiniCPM5-1B/resolve/87179e5c1f455ef22e6223592d2d61351b525bfc/config.json,/,full_attention,1536,16,2,128,4608,config,配置层；drop/truncation/运行路径另行核验
MiniCPM5-1B,root,24,87179e5c1f455ef22e6223592d2d61351b525bfc,https://huggingface.co/openbmb/MiniCPM5-1B/resolve/87179e5c1f455ef22e6223592d2d61351b525bfc/config.json,/,full_attention,1536,16,2,128,4608,config,配置层；drop/truncation/运行路径另行核验
MiniCPM5-2B,root,1,12a3808a956f869c767195e9266b59c4d21d92e2,https://huggingface.co/openbmb/MiniCPM5-2B/resolve/12a3808a956f869c767195e9266b59c4d21d92e2/config.json,/,full_attention,2048,16,2,128,6144,config,配置层；drop/truncation/运行路径另行核验
MiniCPM5-2B,root,2,12a3808a956f869c767195e9266b59c4d21d92e2,https://huggingface.co/openbmb/MiniCPM5-2B/resolve/12a3808a956f869c767195e9266b59c4d21d92e2/config.json,/,full_attention,2048,16,2,128,6144,config,配置层；drop/truncation/运行路径另行核验
MiniCPM5-2B,root,3,12a3808a956f869c767195e9266b59c4d21d92e2,https://huggingface.co/openbmb/MiniCPM5-2B/resolve/12a3808a956f869c767195e9266b59c4d21d92e2/config.json,/,full_attention,2048,16,2,128,6144,config,配置层；drop/truncation/运行路径另行核验
MiniCPM5-2B,root,4,12a3808a956f869c767195e9266b59c4d21d92e2,https://huggingface.co/openbmb/MiniCPM5-2B/resolve/12a3808a956f869c767195e9266b59c4d21d92e2/config.json,/,full_attention,2048,16,2,128,6144,config,配置层；drop/truncation/运行路径另行核验
MiniCPM5-2B,root,5,12a3808a956f869c767195e9266b59c4d21d92e2,https://huggingface.co/openbmb/MiniCPM5-2B/resolve/12a3808a956f869c767195e9266b59c4d21d92e2/config.json,/,full_attention,2048,16,2,128,6144,config,配置层；drop/truncation/运行路径另行核验
MiniCPM5-2B,root,6,12a3808a956f869c767195e9266b59c4d21d92e2,https://huggingface.co/openbmb/MiniCPM5-2B/resolve/12a3808a956f869c767195e9266b59c4d21d92e2/config.json,/,full_attention,2048,16,2,128,6144,config,配置层；drop/truncation/运行路径另行核验
MiniCPM5-2B,root,7,12a3808a956f869c767195e9266b59c4d21d92e2,https://huggingface.co/openbmb/MiniCPM5-2B/resolve/12a3808a956f869c767195e9266b59c4d21d92e2/config.json,/,full_attention,2048,16,2,128,6144,config,配置层；drop/truncation/运行路径另行核验
MiniCPM5-2B,root,8,12a3808a956f869c767195e9266b59c4d21d92e2,https://huggingface.co/openbmb/MiniCPM5-2B/resolve/12a3808a956f869c767195e9266b59c4d21d92e2/config.json,/,full_attention,2048,16,2,128,6144,config,配置层；drop/truncation/运行路径另行核验
MiniCPM5-2B,root,9,12a3808a956f869c767195e9266b59c4d21d92e2,https://huggingface.co/openbmb/MiniCPM5-2B/resolve/12a3808a956f869c767195e9266b59c4d21d92e2/config.json,/,full_attention,2048,16,2,128,6144,config,配置层；drop/truncation/运行路径另行核验
MiniCPM5-2B,root,10,12a3808a956f869c767195e9266b59c4d21d92e2,https://huggingface.co/openbmb/MiniCPM5-2B/resolve/12a3808a956f869c767195e9266b59c4d21d92e2/config.json,/,full_attention,2048,16,2,128,6144,config,配置层；drop/truncation/运行路径另行核验
MiniCPM5-2B,root,11,12a3808a956f869c767195e9266b59c4d21d92e2,https://huggingface.co/openbmb/MiniCPM5-2B/resolve/12a3808a956f869c767195e9266b59c4d21d92e2/config.json,/,full_attention,2048,16,2,128,6144,config,配置层；drop/truncation/运行路径另行核验
MiniCPM5-2B,root,12,12a3808a956f869c767195e9266b59c4d21d92e2,https://huggingface.co/openbmb/MiniCPM5-2B/resolve/12a3808a956f869c767195e9266b59c4d21d92e2/config.json,/,full_attention,2048,16,2,128,6144,config,配置层；drop/truncation/运行路径另行核验
MiniCPM5-2B,root,13,12a3808a956f869c767195e9266b59c4d21d92e2,https://huggingface.co/openbmb/MiniCPM5-2B/resolve/12a3808a956f869c767195e9266b59c4d21d92e2/config.json,/,full_attention,2048,16,2,128,6144,config,配置层；drop/truncation/运行路径另行核验
MiniCPM5-2B,root,14,12a3808a956f869c767195e9266b59c4d21d92e2,https://huggingface.co/openbmb/MiniCPM5-2B/resolve/12a3808a956f869c767195e9266b59c4d21d92e2/config.json,/,full_attention,2048,16,2,128,6144,config,配置层；drop/truncation/运行路径另行核验
MiniCPM5-2B,root,15,12a3808a956f869c767195e9266b59c4d21d92e2,https://huggingface.co/openbmb/MiniCPM5-2B/resolve/12a3808a956f869c767195e9266b59c4d21d92e2/config.json,/,full_attention,2048,16,2,128,6144,config,配置层；drop/truncation/运行路径另行核验
MiniCPM5-2B,root,16,12a3808a956f869c767195e9266b59c4d21d92e2,https://huggingface.co/openbmb/MiniCPM5-2B/resolve/12a3808a956f869c767195e9266b59c4d21d92e2/config.json,/,full_attention,2048,16,2,128,6144,config,配置层；drop/truncation/运行路径另行核验
MiniCPM5-2B,root,17,12a3808a956f869c767195e9266b59c4d21d92e2,https://huggingface.co/openbmb/MiniCPM5-2B/resolve/12a3808a956f869c767195e9266b59c4d21d92e2/config.json,/,full_attention,2048,16,2,128,6144,config,配置层；drop/truncation/运行路径另行核验
MiniCPM5-2B,root,18,12a3808a956f869c767195e9266b59c4d21d92e2,https://huggingface.co/openbmb/MiniCPM5-2B/resolve/12a3808a956f869c767195e9266b59c4d21d92e2/config.json,/,full_attention,2048,16,2,128,6144,config,配置层；drop/truncation/运行路径另行核验
MiniCPM5-2B,root,19,12a3808a956f869c767195e9266b59c4d21d92e2,https://huggingface.co/openbmb/MiniCPM5-2B/resolve/12a3808a956f869c767195e9266b59c4d21d92e2/config.json,/,full_attention,2048,16,2,128,6144,config,配置层；drop/truncation/运行路径另行核验
MiniCPM5-2B,root,20,12a3808a956f869c767195e9266b59c4d21d92e2,https://huggingface.co/openbmb/MiniCPM5-2B/resolve/12a3808a956f869c767195e9266b59c4d21d92e2/config.json,/,full_attention,2048,16,2,128,6144,config,配置层；drop/truncation/运行路径另行核验
MiniCPM5-2B,root,21,12a3808a956f869c767195e9266b59c4d21d92e2,https://huggingface.co/openbmb/MiniCPM5-2B/resolve/12a3808a956f869c767195e9266b59c4d21d92e2/config.json,/,full_attention,2048,16,2,128,6144,config,配置层；drop/truncation/运行路径另行核验
MiniCPM5-2B,root,22,12a3808a956f869c767195e9266b59c4d21d92e2,https://huggingface.co/openbmb/MiniCPM5-2B/resolve/12a3808a956f869c767195e9266b59c4d21d92e2/config.json,/,full_attention,2048,16,2,128,6144,config,配置层；drop/truncation/运行路径另行核验
MiniCPM5-2B,root,23,12a3808a956f869c767195e9266b59c4d21d92e2,https://huggingface.co/openbmb/MiniCPM5-2B/resolve/12a3808a956f869c767195e9266b59c4d21d92e2/config.json,/,full_attention,2048,16,2,128,6144,config,配置层；drop/truncation/运行路径另行核验
MiniCPM5-2B,root,24,12a3808a956f869c767195e9266b59c4d21d92e2,https://huggingface.co/openbmb/MiniCPM5-2B/resolve/12a3808a956f869c767195e9266b59c4d21d92e2/config.json,/,full_attention,2048,16,2,128,6144,config,配置层；drop/truncation/运行路径另行核验
MiniCPM5-2B,root,25,12a3808a956f869c767195e9266b59c4d21d92e2,https://huggingface.co/openbmb/MiniCPM5-2B/resolve/12a3808a956f869c767195e9266b59c4d21d92e2/config.json,/,full_attention,2048,16,2,128,6144,config,配置层；drop/truncation/运行路径另行核验
MiniCPM5-2B,root,26,12a3808a956f869c767195e9266b59c4d21d92e2,https://huggingface.co/openbmb/MiniCPM5-2B/resolve/12a3808a956f869c767195e9266b59c4d21d92e2/config.json,/,full_attention,2048,16,2,128,6144,config,配置层；drop/truncation/运行路径另行核验
MiniCPM5-2B,root,27,12a3808a956f869c767195e9266b59c4d21d92e2,https://huggingface.co/openbmb/MiniCPM5-2B/resolve/12a3808a956f869c767195e9266b59c4d21d92e2/config.json,/,full_attention,2048,16,2,128,6144,config,配置层；drop/truncation/运行路径另行核验
MiniCPM5-2B,root,28,12a3808a956f869c767195e9266b59c4d21d92e2,https://huggingface.co/openbmb/MiniCPM5-2B/resolve/12a3808a956f869c767195e9266b59c4d21d92e2/config.json,/,full_attention,2048,16,2,128,6144,config,配置层；drop/truncation/运行路径另行核验
MiniCPM5-2B,root,29,12a3808a956f869c767195e9266b59c4d21d92e2,https://huggingface.co/openbmb/MiniCPM5-2B/resolve/12a3808a956f869c767195e9266b59c4d21d92e2/config.json,/,full_attention,2048,16,2,128,6144,config,配置层；drop/truncation/运行路径另行核验
MiniCPM5-2B,root,30,12a3808a956f869c767195e9266b59c4d21d92e2,https://huggingface.co/openbmb/MiniCPM5-2B/resolve/12a3808a956f869c767195e9266b59c4d21d92e2/config.json,/,full_attention,2048,16,2,128,6144,config,配置层；drop/truncation/运行路径另行核验
MiniCPM5-2B,root,31,12a3808a956f869c767195e9266b59c4d21d92e2,https://huggingface.co/openbmb/MiniCPM5-2B/resolve/12a3808a956f869c767195e9266b59c4d21d92e2/config.json,/,full_attention,2048,16,2,128,6144,config,配置层；drop/truncation/运行路径另行核验
MiniCPM5-2B,root,32,12a3808a956f869c767195e9266b59c4d21d92e2,https://huggingface.co/openbmb/MiniCPM5-2B/resolve/12a3808a956f869c767195e9266b59c4d21d92e2/config.json,/,full_attention,2048,16,2,128,6144,config,配置层；drop/truncation/运行路径另行核验
MiniCPM5-2B,root,33,12a3808a956f869c767195e9266b59c4d21d92e2,https://huggingface.co/openbmb/MiniCPM5-2B/resolve/12a3808a956f869c767195e9266b59c4d21d92e2/config.json,/,full_attention,2048,16,2,128,6144,config,配置层；drop/truncation/运行路径另行核验
MiniCPM5-2B,root,34,12a3808a956f869c767195e9266b59c4d21d92e2,https://huggingface.co/openbmb/MiniCPM5-2B/resolve/12a3808a956f869c767195e9266b59c4d21d92e2/config.json,/,full_attention,2048,16,2,128,6144,config,配置层；drop/truncation/运行路径另行核验
MiniCPM5-2B,root,35,12a3808a956f869c767195e9266b59c4d21d92e2,https://huggingface.co/openbmb/MiniCPM5-2B/resolve/12a3808a956f869c767195e9266b59c4d21d92e2/config.json,/,full_attention,2048,16,2,128,6144,config,配置层；drop/truncation/运行路径另行核验
MiniCPM5-2B,root,36,12a3808a956f869c767195e9266b59c4d21d92e2,https://huggingface.co/openbmb/MiniCPM5-2B/resolve/12a3808a956f869c767195e9266b59c4d21d92e2/config.json,/,full_attention,2048,16,2,128,6144,config,配置层；drop/truncation/运行路径另行核验
MiniCPM5-2B,root,37,12a3808a956f869c767195e9266b59c4d21d92e2,https://huggingface.co/openbmb/MiniCPM5-2B/resolve/12a3808a956f869c767195e9266b59c4d21d92e2/config.json,/,full_attention,2048,16,2,128,6144,config,配置层；drop/truncation/运行路径另行核验
MiniCPM5-2B,root,38,12a3808a956f869c767195e9266b59c4d21d92e2,https://huggingface.co/openbmb/MiniCPM5-2B/resolve/12a3808a956f869c767195e9266b59c4d21d92e2/config.json,/,full_attention,2048,16,2,128,6144,config,配置层；drop/truncation/运行路径另行核验
MiniCPM5-2B,root,39,12a3808a956f869c767195e9266b59c4d21d92e2,https://huggingface.co/openbmb/MiniCPM5-2B/resolve/12a3808a956f869c767195e9266b59c4d21d92e2/config.json,/,full_attention,2048,16,2,128,6144,config,配置层；drop/truncation/运行路径另行核验
MiniCPM5-2B,root,40,12a3808a956f869c767195e9266b59c4d21d92e2,https://huggingface.co/openbmb/MiniCPM5-2B/resolve/12a3808a956f869c767195e9266b59c4d21d92e2/config.json,/,full_attention,2048,16,2,128,6144,config,配置层；drop/truncation/运行路径另行核验
MiniCPM5-2B,root,41,12a3808a956f869c767195e9266b59c4d21d92e2,https://huggingface.co/openbmb/MiniCPM5-2B/resolve/12a3808a956f869c767195e9266b59c4d21d92e2/config.json,/,full_attention,2048,16,2,128,6144,config,配置层；drop/truncation/运行路径另行核验
MiniCPM5-2B,root,42,12a3808a956f869c767195e9266b59c4d21d92e2,https://huggingface.co/openbmb/MiniCPM5-2B/resolve/12a3808a956f869c767195e9266b59c4d21d92e2/config.json,/,full_attention,2048,16,2,128,6144,config,配置层；drop/truncation/运行路径另行核验
MiniCPM-V-4.6,vision_config,1,36f34a661a4bd35d0dc2294cb044d2584646c7d3,https://huggingface.co/openbmb/MiniCPM-V-4.6/resolve/36f34a661a4bd35d0dc2294cb044d2584646c7d3/config.json,/vision_config,vision_attention,1152,16,16,72,4304,hidden_size/heads 推导,配置层；drop/truncation/运行路径另行核验
MiniCPM-V-4.6,vision_config,2,36f34a661a4bd35d0dc2294cb044d2584646c7d3,https://huggingface.co/openbmb/MiniCPM-V-4.6/resolve/36f34a661a4bd35d0dc2294cb044d2584646c7d3/config.json,/vision_config,vision_attention,1152,16,16,72,4304,hidden_size/heads 推导,配置层；drop/truncation/运行路径另行核验
MiniCPM-V-4.6,vision_config,3,36f34a661a4bd35d0dc2294cb044d2584646c7d3,https://huggingface.co/openbmb/MiniCPM-V-4.6/resolve/36f34a661a4bd35d0dc2294cb044d2584646c7d3/config.json,/vision_config,vision_attention,1152,16,16,72,4304,hidden_size/heads 推导,配置层；drop/truncation/运行路径另行核验
MiniCPM-V-4.6,vision_config,4,36f34a661a4bd35d0dc2294cb044d2584646c7d3,https://huggingface.co/openbmb/MiniCPM-V-4.6/resolve/36f34a661a4bd35d0dc2294cb044d2584646c7d3/config.json,/vision_config,vision_attention,1152,16,16,72,4304,hidden_size/heads 推导,配置层；drop/truncation/运行路径另行核验
MiniCPM-V-4.6,vision_config,5,36f34a661a4bd35d0dc2294cb044d2584646c7d3,https://huggingface.co/openbmb/MiniCPM-V-4.6/resolve/36f34a661a4bd35d0dc2294cb044d2584646c7d3/config.json,/vision_config,vision_attention,1152,16,16,72,4304,hidden_size/heads 推导,配置层；drop/truncation/运行路径另行核验
MiniCPM-V-4.6,vision_config,6,36f34a661a4bd35d0dc2294cb044d2584646c7d3,https://huggingface.co/openbmb/MiniCPM-V-4.6/resolve/36f34a661a4bd35d0dc2294cb044d2584646c7d3/config.json,/vision_config,vision_attention,1152,16,16,72,4304,hidden_size/heads 推导,配置层；drop/truncation/运行路径另行核验
MiniCPM-V-4.6,vision_config,7,36f34a661a4bd35d0dc2294cb044d2584646c7d3,https://huggingface.co/openbmb/MiniCPM-V-4.6/resolve/36f34a661a4bd35d0dc2294cb044d2584646c7d3/config.json,/vision_config,vision_attention,1152,16,16,72,4304,hidden_size/heads 推导,配置层；drop/truncation/运行路径另行核验
MiniCPM-V-4.6,vision_config,8,36f34a661a4bd35d0dc2294cb044d2584646c7d3,https://huggingface.co/openbmb/MiniCPM-V-4.6/resolve/36f34a661a4bd35d0dc2294cb044d2584646c7d3/config.json,/vision_config,vision_attention,1152,16,16,72,4304,hidden_size/heads 推导,配置层；drop/truncation/运行路径另行核验
MiniCPM-V-4.6,vision_config,9,36f34a661a4bd35d0dc2294cb044d2584646c7d3,https://huggingface.co/openbmb/MiniCPM-V-4.6/resolve/36f34a661a4bd35d0dc2294cb044d2584646c7d3/config.json,/vision_config,vision_attention,1152,16,16,72,4304,hidden_size/heads 推导,配置层；drop/truncation/运行路径另行核验
MiniCPM-V-4.6,vision_config,10,36f34a661a4bd35d0dc2294cb044d2584646c7d3,https://huggingface.co/openbmb/MiniCPM-V-4.6/resolve/36f34a661a4bd35d0dc2294cb044d2584646c7d3/config.json,/vision_config,vision_attention,1152,16,16,72,4304,hidden_size/heads 推导,配置层；drop/truncation/运行路径另行核验
MiniCPM-V-4.6,vision_config,11,36f34a661a4bd35d0dc2294cb044d2584646c7d3,https://huggingface.co/openbmb/MiniCPM-V-4.6/resolve/36f34a661a4bd35d0dc2294cb044d2584646c7d3/config.json,/vision_config,vision_attention,1152,16,16,72,4304,hidden_size/heads 推导,配置层；drop/truncation/运行路径另行核验
MiniCPM-V-4.6,vision_config,12,36f34a661a4bd35d0dc2294cb044d2584646c7d3,https://huggingface.co/openbmb/MiniCPM-V-4.6/resolve/36f34a661a4bd35d0dc2294cb044d2584646c7d3/config.json,/vision_config,vision_attention,1152,16,16,72,4304,hidden_size/heads 推导,配置层；drop/truncation/运行路径另行核验
MiniCPM-V-4.6,vision_config,13,36f34a661a4bd35d0dc2294cb044d2584646c7d3,https://huggingface.co/openbmb/MiniCPM-V-4.6/resolve/36f34a661a4bd35d0dc2294cb044d2584646c7d3/config.json,/vision_config,vision_attention,1152,16,16,72,4304,hidden_size/heads 推导,配置层；drop/truncation/运行路径另行核验
MiniCPM-V-4.6,vision_config,14,36f34a661a4bd35d0dc2294cb044d2584646c7d3,https://huggingface.co/openbmb/MiniCPM-V-4.6/resolve/36f34a661a4bd35d0dc2294cb044d2584646c7d3/config.json,/vision_config,vision_attention,1152,16,16,72,4304,hidden_size/heads 推导,配置层；drop/truncation/运行路径另行核验
MiniCPM-V-4.6,vision_config,15,36f34a661a4bd35d0dc2294cb044d2584646c7d3,https://huggingface.co/openbmb/MiniCPM-V-4.6/resolve/36f34a661a4bd35d0dc2294cb044d2584646c7d3/config.json,/vision_config,vision_attention,1152,16,16,72,4304,hidden_size/heads 推导,配置层；drop/truncation/运行路径另行核验
MiniCPM-V-4.6,vision_config,16,36f34a661a4bd35d0dc2294cb044d2584646c7d3,https://huggingface.co/openbmb/MiniCPM-V-4.6/resolve/36f34a661a4bd35d0dc2294cb044d2584646c7d3/config.json,/vision_config,vision_attention,1152,16,16,72,4304,hidden_size/heads 推导,配置层；drop/truncation/运行路径另行核验
MiniCPM-V-4.6,vision_config,17,36f34a661a4bd35d0dc2294cb044d2584646c7d3,https://huggingface.co/openbmb/MiniCPM-V-4.6/resolve/36f34a661a4bd35d0dc2294cb044d2584646c7d3/config.json,/vision_config,vision_attention,1152,16,16,72,4304,hidden_size/heads 推导,配置层；drop/truncation/运行路径另行核验
MiniCPM-V-4.6,vision_config,18,36f34a661a4bd35d0dc2294cb044d2584646c7d3,https://huggingface.co/openbmb/MiniCPM-V-4.6/resolve/36f34a661a4bd35d0dc2294cb044d2584646c7d3/config.json,/vision_config,vision_attention,1152,16,16,72,4304,hidden_size/heads 推导,配置层；drop/truncation/运行路径另行核验
MiniCPM-V-4.6,vision_config,19,36f34a661a4bd35d0dc2294cb044d2584646c7d3,https://huggingface.co/openbmb/MiniCPM-V-4.6/resolve/36f34a661a4bd35d0dc2294cb044d2584646c7d3/config.json,/vision_config,vision_attention,1152,16,16,72,4304,hidden_size/heads 推导,配置层；drop/truncation/运行路径另行核验
MiniCPM-V-4.6,vision_config,20,36f34a661a4bd35d0dc2294cb044d2584646c7d3,https://huggingface.co/openbmb/MiniCPM-V-4.6/resolve/36f34a661a4bd35d0dc2294cb044d2584646c7d3/config.json,/vision_config,vision_attention,1152,16,16,72,4304,hidden_size/heads 推导,配置层；drop/truncation/运行路径另行核验
MiniCPM-V-4.6,vision_config,21,36f34a661a4bd35d0dc2294cb044d2584646c7d3,https://huggingface.co/openbmb/MiniCPM-V-4.6/resolve/36f34a661a4bd35d0dc2294cb044d2584646c7d3/config.json,/vision_config,vision_attention,1152,16,16,72,4304,hidden_size/heads 推导,配置层；drop/truncation/运行路径另行核验
MiniCPM-V-4.6,vision_config,22,36f34a661a4bd35d0dc2294cb044d2584646c7d3,https://huggingface.co/openbmb/MiniCPM-V-4.6/resolve/36f34a661a4bd35d0dc2294cb044d2584646c7d3/config.json,/vision_config,vision_attention,1152,16,16,72,4304,hidden_size/heads 推导,配置层；drop/truncation/运行路径另行核验
MiniCPM-V-4.6,vision_config,23,36f34a661a4bd35d0dc2294cb044d2584646c7d3,https://huggingface.co/openbmb/MiniCPM-V-4.6/resolve/36f34a661a4bd35d0dc2294cb044d2584646c7d3/config.json,/vision_config,vision_attention,1152,16,16,72,4304,hidden_size/heads 推导,配置层；drop/truncation/运行路径另行核验
MiniCPM-V-4.6,vision_config,24,36f34a661a4bd35d0dc2294cb044d2584646c7d3,https://huggingface.co/openbmb/MiniCPM-V-4.6/resolve/36f34a661a4bd35d0dc2294cb044d2584646c7d3/config.json,/vision_config,vision_attention,1152,16,16,72,4304,hidden_size/heads 推导,配置层；drop/truncation/运行路径另行核验
MiniCPM-V-4.6,vision_config,25,36f34a661a4bd35d0dc2294cb044d2584646c7d3,https://huggingface.co/openbmb/MiniCPM-V-4.6/resolve/36f34a661a4bd35d0dc2294cb044d2584646c7d3/config.json,/vision_config,vision_attention,1152,16,16,72,4304,hidden_size/heads 推导,配置层；drop/truncation/运行路径另行核验
MiniCPM-V-4.6,vision_config,26,36f34a661a4bd35d0dc2294cb044d2584646c7d3,https://huggingface.co/openbmb/MiniCPM-V-4.6/resolve/36f34a661a4bd35d0dc2294cb044d2584646c7d3/config.json,/vision_config,vision_attention,1152,16,16,72,4304,hidden_size/heads 推导,配置层；drop/truncation/运行路径另行核验
MiniCPM-V-4.6,vision_config,27,36f34a661a4bd35d0dc2294cb044d2584646c7d3,https://huggingface.co/openbmb/MiniCPM-V-4.6/resolve/36f34a661a4bd35d0dc2294cb044d2584646c7d3/config.json,/vision_config,vision_attention,1152,16,16,72,4304,hidden_size/heads 推导,配置层；drop/truncation/运行路径另行核验
MiniCPM-V-4.6,text_config,1,36f34a661a4bd35d0dc2294cb044d2584646c7d3,https://huggingface.co/openbmb/MiniCPM-V-4.6/resolve/36f34a661a4bd35d0dc2294cb044d2584646c7d3/config.json,/text_config,linear_attention,1024,8,2,256,3584,config,配置层；drop/truncation/运行路径另行核验
MiniCPM-V-4.6,text_config,2,36f34a661a4bd35d0dc2294cb044d2584646c7d3,https://huggingface.co/openbmb/MiniCPM-V-4.6/resolve/36f34a661a4bd35d0dc2294cb044d2584646c7d3/config.json,/text_config,linear_attention,1024,8,2,256,3584,config,配置层；drop/truncation/运行路径另行核验
MiniCPM-V-4.6,text_config,3,36f34a661a4bd35d0dc2294cb044d2584646c7d3,https://huggingface.co/openbmb/MiniCPM-V-4.6/resolve/36f34a661a4bd35d0dc2294cb044d2584646c7d3/config.json,/text_config,linear_attention,1024,8,2,256,3584,config,配置层；drop/truncation/运行路径另行核验
MiniCPM-V-4.6,text_config,4,36f34a661a4bd35d0dc2294cb044d2584646c7d3,https://huggingface.co/openbmb/MiniCPM-V-4.6/resolve/36f34a661a4bd35d0dc2294cb044d2584646c7d3/config.json,/text_config,full_attention,1024,8,2,256,3584,config,配置层；drop/truncation/运行路径另行核验
MiniCPM-V-4.6,text_config,5,36f34a661a4bd35d0dc2294cb044d2584646c7d3,https://huggingface.co/openbmb/MiniCPM-V-4.6/resolve/36f34a661a4bd35d0dc2294cb044d2584646c7d3/config.json,/text_config,linear_attention,1024,8,2,256,3584,config,配置层；drop/truncation/运行路径另行核验
MiniCPM-V-4.6,text_config,6,36f34a661a4bd35d0dc2294cb044d2584646c7d3,https://huggingface.co/openbmb/MiniCPM-V-4.6/resolve/36f34a661a4bd35d0dc2294cb044d2584646c7d3/config.json,/text_config,linear_attention,1024,8,2,256,3584,config,配置层；drop/truncation/运行路径另行核验
MiniCPM-V-4.6,text_config,7,36f34a661a4bd35d0dc2294cb044d2584646c7d3,https://huggingface.co/openbmb/MiniCPM-V-4.6/resolve/36f34a661a4bd35d0dc2294cb044d2584646c7d3/config.json,/text_config,linear_attention,1024,8,2,256,3584,config,配置层；drop/truncation/运行路径另行核验
MiniCPM-V-4.6,text_config,8,36f34a661a4bd35d0dc2294cb044d2584646c7d3,https://huggingface.co/openbmb/MiniCPM-V-4.6/resolve/36f34a661a4bd35d0dc2294cb044d2584646c7d3/config.json,/text_config,full_attention,1024,8,2,256,3584,config,配置层；drop/truncation/运行路径另行核验
MiniCPM-V-4.6,text_config,9,36f34a661a4bd35d0dc2294cb044d2584646c7d3,https://huggingface.co/openbmb/MiniCPM-V-4.6/resolve/36f34a661a4bd35d0dc2294cb044d2584646c7d3/config.json,/text_config,linear_attention,1024,8,2,256,3584,config,配置层；drop/truncation/运行路径另行核验
MiniCPM-V-4.6,text_config,10,36f34a661a4bd35d0dc2294cb044d2584646c7d3,https://huggingface.co/openbmb/MiniCPM-V-4.6/resolve/36f34a661a4bd35d0dc2294cb044d2584646c7d3/config.json,/text_config,linear_attention,1024,8,2,256,3584,config,配置层；drop/truncation/运行路径另行核验
MiniCPM-V-4.6,text_config,11,36f34a661a4bd35d0dc2294cb044d2584646c7d3,https://huggingface.co/openbmb/MiniCPM-V-4.6/resolve/36f34a661a4bd35d0dc2294cb044d2584646c7d3/config.json,/text_config,linear_attention,1024,8,2,256,3584,config,配置层；drop/truncation/运行路径另行核验
MiniCPM-V-4.6,text_config,12,36f34a661a4bd35d0dc2294cb044d2584646c7d3,https://huggingface.co/openbmb/MiniCPM-V-4.6/resolve/36f34a661a4bd35d0dc2294cb044d2584646c7d3/config.json,/text_config,full_attention,1024,8,2,256,3584,config,配置层；drop/truncation/运行路径另行核验
MiniCPM-V-4.6,text_config,13,36f34a661a4bd35d0dc2294cb044d2584646c7d3,https://huggingface.co/openbmb/MiniCPM-V-4.6/resolve/36f34a661a4bd35d0dc2294cb044d2584646c7d3/config.json,/text_config,linear_attention,1024,8,2,256,3584,config,配置层；drop/truncation/运行路径另行核验
MiniCPM-V-4.6,text_config,14,36f34a661a4bd35d0dc2294cb044d2584646c7d3,https://huggingface.co/openbmb/MiniCPM-V-4.6/resolve/36f34a661a4bd35d0dc2294cb044d2584646c7d3/config.json,/text_config,linear_attention,1024,8,2,256,3584,config,配置层；drop/truncation/运行路径另行核验
MiniCPM-V-4.6,text_config,15,36f34a661a4bd35d0dc2294cb044d2584646c7d3,https://huggingface.co/openbmb/MiniCPM-V-4.6/resolve/36f34a661a4bd35d0dc2294cb044d2584646c7d3/config.json,/text_config,linear_attention,1024,8,2,256,3584,config,配置层；drop/truncation/运行路径另行核验
MiniCPM-V-4.6,text_config,16,36f34a661a4bd35d0dc2294cb044d2584646c7d3,https://huggingface.co/openbmb/MiniCPM-V-4.6/resolve/36f34a661a4bd35d0dc2294cb044d2584646c7d3/config.json,/text_config,full_attention,1024,8,2,256,3584,config,配置层；drop/truncation/运行路径另行核验
MiniCPM-V-4.6,text_config,17,36f34a661a4bd35d0dc2294cb044d2584646c7d3,https://huggingface.co/openbmb/MiniCPM-V-4.6/resolve/36f34a661a4bd35d0dc2294cb044d2584646c7d3/config.json,/text_config,linear_attention,1024,8,2,256,3584,config,配置层；drop/truncation/运行路径另行核验
MiniCPM-V-4.6,text_config,18,36f34a661a4bd35d0dc2294cb044d2584646c7d3,https://huggingface.co/openbmb/MiniCPM-V-4.6/resolve/36f34a661a4bd35d0dc2294cb044d2584646c7d3/config.json,/text_config,linear_attention,1024,8,2,256,3584,config,配置层；drop/truncation/运行路径另行核验
MiniCPM-V-4.6,text_config,19,36f34a661a4bd35d0dc2294cb044d2584646c7d3,https://huggingface.co/openbmb/MiniCPM-V-4.6/resolve/36f34a661a4bd35d0dc2294cb044d2584646c7d3/config.json,/text_config,linear_attention,1024,8,2,256,3584,config,配置层；drop/truncation/运行路径另行核验
MiniCPM-V-4.6,text_config,20,36f34a661a4bd35d0dc2294cb044d2584646c7d3,https://huggingface.co/openbmb/MiniCPM-V-4.6/resolve/36f34a661a4bd35d0dc2294cb044d2584646c7d3/config.json,/text_config,full_attention,1024,8,2,256,3584,config,配置层；drop/truncation/运行路径另行核验
MiniCPM-V-4.6,text_config,21,36f34a661a4bd35d0dc2294cb044d2584646c7d3,https://huggingface.co/openbmb/MiniCPM-V-4.6/resolve/36f34a661a4bd35d0dc2294cb044d2584646c7d3/config.json,/text_config,linear_attention,1024,8,2,256,3584,config,配置层；drop/truncation/运行路径另行核验
MiniCPM-V-4.6,text_config,22,36f34a661a4bd35d0dc2294cb044d2584646c7d3,https://huggingface.co/openbmb/MiniCPM-V-4.6/resolve/36f34a661a4bd35d0dc2294cb044d2584646c7d3/config.json,/text_config,linear_attention,1024,8,2,256,3584,config,配置层；drop/truncation/运行路径另行核验
MiniCPM-V-4.6,text_config,23,36f34a661a4bd35d0dc2294cb044d2584646c7d3,https://huggingface.co/openbmb/MiniCPM-V-4.6/resolve/36f34a661a4bd35d0dc2294cb044d2584646c7d3/config.json,/text_config,linear_attention,1024,8,2,256,3584,config,配置层；drop/truncation/运行路径另行核验
MiniCPM-V-4.6,text_config,24,36f34a661a4bd35d0dc2294cb044d2584646c7d3,https://huggingface.co/openbmb/MiniCPM-V-4.6/resolve/36f34a661a4bd35d0dc2294cb044d2584646c7d3/config.json,/text_config,full_attention,1024,8,2,256,3584,config,配置层；drop/truncation/运行路径另行核验
MiniCPM-o-4_5,root,1,503e754207c94da6bb26850b4469f367c9ea3582,https://huggingface.co/openbmb/MiniCPM-o-4_5/resolve/503e754207c94da6bb26850b4469f367c9ea3582/config.json,/,full_attention,4096,32,8,128,12288,config,配置层；drop/truncation/运行路径另行核验
MiniCPM-o-4_5,root,2,503e754207c94da6bb26850b4469f367c9ea3582,https://huggingface.co/openbmb/MiniCPM-o-4_5/resolve/503e754207c94da6bb26850b4469f367c9ea3582/config.json,/,full_attention,4096,32,8,128,12288,config,配置层；drop/truncation/运行路径另行核验
MiniCPM-o-4_5,root,3,503e754207c94da6bb26850b4469f367c9ea3582,https://huggingface.co/openbmb/MiniCPM-o-4_5/resolve/503e754207c94da6bb26850b4469f367c9ea3582/config.json,/,full_attention,4096,32,8,128,12288,config,配置层；drop/truncation/运行路径另行核验
MiniCPM-o-4_5,root,4,503e754207c94da6bb26850b4469f367c9ea3582,https://huggingface.co/openbmb/MiniCPM-o-4_5/resolve/503e754207c94da6bb26850b4469f367c9ea3582/config.json,/,full_attention,4096,32,8,128,12288,config,配置层；drop/truncation/运行路径另行核验
MiniCPM-o-4_5,root,5,503e754207c94da6bb26850b4469f367c9ea3582,https://huggingface.co/openbmb/MiniCPM-o-4_5/resolve/503e754207c94da6bb26850b4469f367c9ea3582/config.json,/,full_attention,4096,32,8,128,12288,config,配置层；drop/truncation/运行路径另行核验
MiniCPM-o-4_5,root,6,503e754207c94da6bb26850b4469f367c9ea3582,https://huggingface.co/openbmb/MiniCPM-o-4_5/resolve/503e754207c94da6bb26850b4469f367c9ea3582/config.json,/,full_attention,4096,32,8,128,12288,config,配置层；drop/truncation/运行路径另行核验
MiniCPM-o-4_5,root,7,503e754207c94da6bb26850b4469f367c9ea3582,https://huggingface.co/openbmb/MiniCPM-o-4_5/resolve/503e754207c94da6bb26850b4469f367c9ea3582/config.json,/,full_attention,4096,32,8,128,12288,config,配置层；drop/truncation/运行路径另行核验
MiniCPM-o-4_5,root,8,503e754207c94da6bb26850b4469f367c9ea3582,https://huggingface.co/openbmb/MiniCPM-o-4_5/resolve/503e754207c94da6bb26850b4469f367c9ea3582/config.json,/,full_attention,4096,32,8,128,12288,config,配置层；drop/truncation/运行路径另行核验
MiniCPM-o-4_5,root,9,503e754207c94da6bb26850b4469f367c9ea3582,https://huggingface.co/openbmb/MiniCPM-o-4_5/resolve/503e754207c94da6bb26850b4469f367c9ea3582/config.json,/,full_attention,4096,32,8,128,12288,config,配置层；drop/truncation/运行路径另行核验
MiniCPM-o-4_5,root,10,503e754207c94da6bb26850b4469f367c9ea3582,https://huggingface.co/openbmb/MiniCPM-o-4_5/resolve/503e754207c94da6bb26850b4469f367c9ea3582/config.json,/,full_attention,4096,32,8,128,12288,config,配置层；drop/truncation/运行路径另行核验
MiniCPM-o-4_5,root,11,503e754207c94da6bb26850b4469f367c9ea3582,https://huggingface.co/openbmb/MiniCPM-o-4_5/resolve/503e754207c94da6bb26850b4469f367c9ea3582/config.json,/,full_attention,4096,32,8,128,12288,config,配置层；drop/truncation/运行路径另行核验
MiniCPM-o-4_5,root,12,503e754207c94da6bb26850b4469f367c9ea3582,https://huggingface.co/openbmb/MiniCPM-o-4_5/resolve/503e754207c94da6bb26850b4469f367c9ea3582/config.json,/,full_attention,4096,32,8,128,12288,config,配置层；drop/truncation/运行路径另行核验
MiniCPM-o-4_5,root,13,503e754207c94da6bb26850b4469f367c9ea3582,https://huggingface.co/openbmb/MiniCPM-o-4_5/resolve/503e754207c94da6bb26850b4469f367c9ea3582/config.json,/,full_attention,4096,32,8,128,12288,config,配置层；drop/truncation/运行路径另行核验
MiniCPM-o-4_5,root,14,503e754207c94da6bb26850b4469f367c9ea3582,https://huggingface.co/openbmb/MiniCPM-o-4_5/resolve/503e754207c94da6bb26850b4469f367c9ea3582/config.json,/,full_attention,4096,32,8,128,12288,config,配置层；drop/truncation/运行路径另行核验
MiniCPM-o-4_5,root,15,503e754207c94da6bb26850b4469f367c9ea3582,https://huggingface.co/openbmb/MiniCPM-o-4_5/resolve/503e754207c94da6bb26850b4469f367c9ea3582/config.json,/,full_attention,4096,32,8,128,12288,config,配置层；drop/truncation/运行路径另行核验
MiniCPM-o-4_5,root,16,503e754207c94da6bb26850b4469f367c9ea3582,https://huggingface.co/openbmb/MiniCPM-o-4_5/resolve/503e754207c94da6bb26850b4469f367c9ea3582/config.json,/,full_attention,4096,32,8,128,12288,config,配置层；drop/truncation/运行路径另行核验
MiniCPM-o-4_5,root,17,503e754207c94da6bb26850b4469f367c9ea3582,https://huggingface.co/openbmb/MiniCPM-o-4_5/resolve/503e754207c94da6bb26850b4469f367c9ea3582/config.json,/,full_attention,4096,32,8,128,12288,config,配置层；drop/truncation/运行路径另行核验
MiniCPM-o-4_5,root,18,503e754207c94da6bb26850b4469f367c9ea3582,https://huggingface.co/openbmb/MiniCPM-o-4_5/resolve/503e754207c94da6bb26850b4469f367c9ea3582/config.json,/,full_attention,4096,32,8,128,12288,config,配置层；drop/truncation/运行路径另行核验
MiniCPM-o-4_5,root,19,503e754207c94da6bb26850b4469f367c9ea3582,https://huggingface.co/openbmb/MiniCPM-o-4_5/resolve/503e754207c94da6bb26850b4469f367c9ea3582/config.json,/,full_attention,4096,32,8,128,12288,config,配置层；drop/truncation/运行路径另行核验
MiniCPM-o-4_5,root,20,503e754207c94da6bb26850b4469f367c9ea3582,https://huggingface.co/openbmb/MiniCPM-o-4_5/resolve/503e754207c94da6bb26850b4469f367c9ea3582/config.json,/,full_attention,4096,32,8,128,12288,config,配置层；drop/truncation/运行路径另行核验
MiniCPM-o-4_5,root,21,503e754207c94da6bb26850b4469f367c9ea3582,https://huggingface.co/openbmb/MiniCPM-o-4_5/resolve/503e754207c94da6bb26850b4469f367c9ea3582/config.json,/,full_attention,4096,32,8,128,12288,config,配置层；drop/truncation/运行路径另行核验
MiniCPM-o-4_5,root,22,503e754207c94da6bb26850b4469f367c9ea3582,https://huggingface.co/openbmb/MiniCPM-o-4_5/resolve/503e754207c94da6bb26850b4469f367c9ea3582/config.json,/,full_attention,4096,32,8,128,12288,config,配置层；drop/truncation/运行路径另行核验
MiniCPM-o-4_5,root,23,503e754207c94da6bb26850b4469f367c9ea3582,https://huggingface.co/openbmb/MiniCPM-o-4_5/resolve/503e754207c94da6bb26850b4469f367c9ea3582/config.json,/,full_attention,4096,32,8,128,12288,config,配置层；drop/truncation/运行路径另行核验
MiniCPM-o-4_5,root,24,503e754207c94da6bb26850b4469f367c9ea3582,https://huggingface.co/openbmb/MiniCPM-o-4_5/resolve/503e754207c94da6bb26850b4469f367c9ea3582/config.json,/,full_attention,4096,32,8,128,12288,config,配置层；drop/truncation/运行路径另行核验
MiniCPM-o-4_5,root,25,503e754207c94da6bb26850b4469f367c9ea3582,https://huggingface.co/openbmb/MiniCPM-o-4_5/resolve/503e754207c94da6bb26850b4469f367c9ea3582/config.json,/,full_attention,4096,32,8,128,12288,config,配置层；drop/truncation/运行路径另行核验
MiniCPM-o-4_5,root,26,503e754207c94da6bb26850b4469f367c9ea3582,https://huggingface.co/openbmb/MiniCPM-o-4_5/resolve/503e754207c94da6bb26850b4469f367c9ea3582/config.json,/,full_attention,4096,32,8,128,12288,config,配置层；drop/truncation/运行路径另行核验
MiniCPM-o-4_5,root,27,503e754207c94da6bb26850b4469f367c9ea3582,https://huggingface.co/openbmb/MiniCPM-o-4_5/resolve/503e754207c94da6bb26850b4469f367c9ea3582/config.json,/,full_attention,4096,32,8,128,12288,config,配置层；drop/truncation/运行路径另行核验
MiniCPM-o-4_5,root,28,503e754207c94da6bb26850b4469f367c9ea3582,https://huggingface.co/openbmb/MiniCPM-o-4_5/resolve/503e754207c94da6bb26850b4469f367c9ea3582/config.json,/,full_attention,4096,32,8,128,12288,config,配置层；drop/truncation/运行路径另行核验
MiniCPM-o-4_5,root,29,503e754207c94da6bb26850b4469f367c9ea3582,https://huggingface.co/openbmb/MiniCPM-o-4_5/resolve/503e754207c94da6bb26850b4469f367c9ea3582/config.json,/,full_attention,4096,32,8,128,12288,config,配置层；drop/truncation/运行路径另行核验
MiniCPM-o-4_5,root,30,503e754207c94da6bb26850b4469f367c9ea3582,https://huggingface.co/openbmb/MiniCPM-o-4_5/resolve/503e754207c94da6bb26850b4469f367c9ea3582/config.json,/,full_attention,4096,32,8,128,12288,config,配置层；drop/truncation/运行路径另行核验
MiniCPM-o-4_5,root,31,503e754207c94da6bb26850b4469f367c9ea3582,https://huggingface.co/openbmb/MiniCPM-o-4_5/resolve/503e754207c94da6bb26850b4469f367c9ea3582/config.json,/,full_attention,4096,32,8,128,12288,config,配置层；drop/truncation/运行路径另行核验
MiniCPM-o-4_5,root,32,503e754207c94da6bb26850b4469f367c9ea3582,https://huggingface.co/openbmb/MiniCPM-o-4_5/resolve/503e754207c94da6bb26850b4469f367c9ea3582/config.json,/,full_attention,4096,32,8,128,12288,config,配置层；drop/truncation/运行路径另行核验
MiniCPM-o-4_5,root,33,503e754207c94da6bb26850b4469f367c9ea3582,https://huggingface.co/openbmb/MiniCPM-o-4_5/resolve/503e754207c94da6bb26850b4469f367c9ea3582/config.json,/,full_attention,4096,32,8,128,12288,config,配置层；drop/truncation/运行路径另行核验
MiniCPM-o-4_5,root,34,503e754207c94da6bb26850b4469f367c9ea3582,https://huggingface.co/openbmb/MiniCPM-o-4_5/resolve/503e754207c94da6bb26850b4469f367c9ea3582/config.json,/,full_attention,4096,32,8,128,12288,config,配置层；drop/truncation/运行路径另行核验
MiniCPM-o-4_5,root,35,503e754207c94da6bb26850b4469f367c9ea3582,https://huggingface.co/openbmb/MiniCPM-o-4_5/resolve/503e754207c94da6bb26850b4469f367c9ea3582/config.json,/,full_attention,4096,32,8,128,12288,config,配置层；drop/truncation/运行路径另行核验
MiniCPM-o-4_5,root,36,503e754207c94da6bb26850b4469f367c9ea3582,https://huggingface.co/openbmb/MiniCPM-o-4_5/resolve/503e754207c94da6bb26850b4469f367c9ea3582/config.json,/,full_attention,4096,32,8,128,12288,config,配置层；drop/truncation/运行路径另行核验
MiniCPM-o-4_5,audio_config,1,503e754207c94da6bb26850b4469f367c9ea3582,https://huggingface.co/openbmb/MiniCPM-o-4_5/resolve/503e754207c94da6bb26850b4469f367c9ea3582/config.json,/audio_config,full_attention,1024,16,16,64,4096,hidden_size/heads 推导,配置层；drop/truncation/运行路径另行核验
MiniCPM-o-4_5,audio_config,2,503e754207c94da6bb26850b4469f367c9ea3582,https://huggingface.co/openbmb/MiniCPM-o-4_5/resolve/503e754207c94da6bb26850b4469f367c9ea3582/config.json,/audio_config,full_attention,1024,16,16,64,4096,hidden_size/heads 推导,配置层；drop/truncation/运行路径另行核验
MiniCPM-o-4_5,audio_config,3,503e754207c94da6bb26850b4469f367c9ea3582,https://huggingface.co/openbmb/MiniCPM-o-4_5/resolve/503e754207c94da6bb26850b4469f367c9ea3582/config.json,/audio_config,full_attention,1024,16,16,64,4096,hidden_size/heads 推导,配置层；drop/truncation/运行路径另行核验
MiniCPM-o-4_5,audio_config,4,503e754207c94da6bb26850b4469f367c9ea3582,https://huggingface.co/openbmb/MiniCPM-o-4_5/resolve/503e754207c94da6bb26850b4469f367c9ea3582/config.json,/audio_config,full_attention,1024,16,16,64,4096,hidden_size/heads 推导,配置层；drop/truncation/运行路径另行核验
MiniCPM-o-4_5,audio_config,5,503e754207c94da6bb26850b4469f367c9ea3582,https://huggingface.co/openbmb/MiniCPM-o-4_5/resolve/503e754207c94da6bb26850b4469f367c9ea3582/config.json,/audio_config,full_attention,1024,16,16,64,4096,hidden_size/heads 推导,配置层；drop/truncation/运行路径另行核验
MiniCPM-o-4_5,audio_config,6,503e754207c94da6bb26850b4469f367c9ea3582,https://huggingface.co/openbmb/MiniCPM-o-4_5/resolve/503e754207c94da6bb26850b4469f367c9ea3582/config.json,/audio_config,full_attention,1024,16,16,64,4096,hidden_size/heads 推导,配置层；drop/truncation/运行路径另行核验
MiniCPM-o-4_5,audio_config,7,503e754207c94da6bb26850b4469f367c9ea3582,https://huggingface.co/openbmb/MiniCPM-o-4_5/resolve/503e754207c94da6bb26850b4469f367c9ea3582/config.json,/audio_config,full_attention,1024,16,16,64,4096,hidden_size/heads 推导,配置层；drop/truncation/运行路径另行核验
MiniCPM-o-4_5,audio_config,8,503e754207c94da6bb26850b4469f367c9ea3582,https://huggingface.co/openbmb/MiniCPM-o-4_5/resolve/503e754207c94da6bb26850b4469f367c9ea3582/config.json,/audio_config,full_attention,1024,16,16,64,4096,hidden_size/heads 推导,配置层；drop/truncation/运行路径另行核验
MiniCPM-o-4_5,audio_config,9,503e754207c94da6bb26850b4469f367c9ea3582,https://huggingface.co/openbmb/MiniCPM-o-4_5/resolve/503e754207c94da6bb26850b4469f367c9ea3582/config.json,/audio_config,full_attention,1024,16,16,64,4096,hidden_size/heads 推导,配置层；drop/truncation/运行路径另行核验
MiniCPM-o-4_5,audio_config,10,503e754207c94da6bb26850b4469f367c9ea3582,https://huggingface.co/openbmb/MiniCPM-o-4_5/resolve/503e754207c94da6bb26850b4469f367c9ea3582/config.json,/audio_config,full_attention,1024,16,16,64,4096,hidden_size/heads 推导,配置层；drop/truncation/运行路径另行核验
MiniCPM-o-4_5,audio_config,11,503e754207c94da6bb26850b4469f367c9ea3582,https://huggingface.co/openbmb/MiniCPM-o-4_5/resolve/503e754207c94da6bb26850b4469f367c9ea3582/config.json,/audio_config,full_attention,1024,16,16,64,4096,hidden_size/heads 推导,配置层；drop/truncation/运行路径另行核验
MiniCPM-o-4_5,audio_config,12,503e754207c94da6bb26850b4469f367c9ea3582,https://huggingface.co/openbmb/MiniCPM-o-4_5/resolve/503e754207c94da6bb26850b4469f367c9ea3582/config.json,/audio_config,full_attention,1024,16,16,64,4096,hidden_size/heads 推导,配置层；drop/truncation/运行路径另行核验
MiniCPM-o-4_5,audio_config,13,503e754207c94da6bb26850b4469f367c9ea3582,https://huggingface.co/openbmb/MiniCPM-o-4_5/resolve/503e754207c94da6bb26850b4469f367c9ea3582/config.json,/audio_config,full_attention,1024,16,16,64,4096,hidden_size/heads 推导,配置层；drop/truncation/运行路径另行核验
MiniCPM-o-4_5,audio_config,14,503e754207c94da6bb26850b4469f367c9ea3582,https://huggingface.co/openbmb/MiniCPM-o-4_5/resolve/503e754207c94da6bb26850b4469f367c9ea3582/config.json,/audio_config,full_attention,1024,16,16,64,4096,hidden_size/heads 推导,配置层；drop/truncation/运行路径另行核验
MiniCPM-o-4_5,audio_config,15,503e754207c94da6bb26850b4469f367c9ea3582,https://huggingface.co/openbmb/MiniCPM-o-4_5/resolve/503e754207c94da6bb26850b4469f367c9ea3582/config.json,/audio_config,full_attention,1024,16,16,64,4096,hidden_size/heads 推导,配置层；drop/truncation/运行路径另行核验
MiniCPM-o-4_5,audio_config,16,503e754207c94da6bb26850b4469f367c9ea3582,https://huggingface.co/openbmb/MiniCPM-o-4_5/resolve/503e754207c94da6bb26850b4469f367c9ea3582/config.json,/audio_config,full_attention,1024,16,16,64,4096,hidden_size/heads 推导,配置层；drop/truncation/运行路径另行核验
MiniCPM-o-4_5,audio_config,17,503e754207c94da6bb26850b4469f367c9ea3582,https://huggingface.co/openbmb/MiniCPM-o-4_5/resolve/503e754207c94da6bb26850b4469f367c9ea3582/config.json,/audio_config,full_attention,1024,16,16,64,4096,hidden_size/heads 推导,配置层；drop/truncation/运行路径另行核验
MiniCPM-o-4_5,audio_config,18,503e754207c94da6bb26850b4469f367c9ea3582,https://huggingface.co/openbmb/MiniCPM-o-4_5/resolve/503e754207c94da6bb26850b4469f367c9ea3582/config.json,/audio_config,full_attention,1024,16,16,64,4096,hidden_size/heads 推导,配置层；drop/truncation/运行路径另行核验
MiniCPM-o-4_5,audio_config,19,503e754207c94da6bb26850b4469f367c9ea3582,https://huggingface.co/openbmb/MiniCPM-o-4_5/resolve/503e754207c94da6bb26850b4469f367c9ea3582/config.json,/audio_config,full_attention,1024,16,16,64,4096,hidden_size/heads 推导,配置层；drop/truncation/运行路径另行核验
MiniCPM-o-4_5,audio_config,20,503e754207c94da6bb26850b4469f367c9ea3582,https://huggingface.co/openbmb/MiniCPM-o-4_5/resolve/503e754207c94da6bb26850b4469f367c9ea3582/config.json,/audio_config,full_attention,1024,16,16,64,4096,hidden_size/heads 推导,配置层；drop/truncation/运行路径另行核验
MiniCPM-o-4_5,audio_config,21,503e754207c94da6bb26850b4469f367c9ea3582,https://huggingface.co/openbmb/MiniCPM-o-4_5/resolve/503e754207c94da6bb26850b4469f367c9ea3582/config.json,/audio_config,full_attention,1024,16,16,64,4096,hidden_size/heads 推导,配置层；drop/truncation/运行路径另行核验
MiniCPM-o-4_5,audio_config,22,503e754207c94da6bb26850b4469f367c9ea3582,https://huggingface.co/openbmb/MiniCPM-o-4_5/resolve/503e754207c94da6bb26850b4469f367c9ea3582/config.json,/audio_config,full_attention,1024,16,16,64,4096,hidden_size/heads 推导,配置层；drop/truncation/运行路径另行核验
MiniCPM-o-4_5,audio_config,23,503e754207c94da6bb26850b4469f367c9ea3582,https://huggingface.co/openbmb/MiniCPM-o-4_5/resolve/503e754207c94da6bb26850b4469f367c9ea3582/config.json,/audio_config,full_attention,1024,16,16,64,4096,hidden_size/heads 推导,配置层；drop/truncation/运行路径另行核验
MiniCPM-o-4_5,audio_config,24,503e754207c94da6bb26850b4469f367c9ea3582,https://huggingface.co/openbmb/MiniCPM-o-4_5/resolve/503e754207c94da6bb26850b4469f367c9ea3582/config.json,/audio_config,full_attention,1024,16,16,64,4096,hidden_size/heads 推导,配置层；drop/truncation/运行路径另行核验
MiniCPM-o-4_5,tts_config,1,503e754207c94da6bb26850b4469f367c9ea3582,https://huggingface.co/openbmb/MiniCPM-o-4_5/resolve/503e754207c94da6bb26850b4469f367c9ea3582/config.json,/tts_config,full_attention,768,12,12,64,3072,hidden_size/heads 推导,配置层；drop/truncation/运行路径另行核验
MiniCPM-o-4_5,tts_config,2,503e754207c94da6bb26850b4469f367c9ea3582,https://huggingface.co/openbmb/MiniCPM-o-4_5/resolve/503e754207c94da6bb26850b4469f367c9ea3582/config.json,/tts_config,full_attention,768,12,12,64,3072,hidden_size/heads 推导,配置层；drop/truncation/运行路径另行核验
MiniCPM-o-4_5,tts_config,3,503e754207c94da6bb26850b4469f367c9ea3582,https://huggingface.co/openbmb/MiniCPM-o-4_5/resolve/503e754207c94da6bb26850b4469f367c9ea3582/config.json,/tts_config,full_attention,768,12,12,64,3072,hidden_size/heads 推导,配置层；drop/truncation/运行路径另行核验
MiniCPM-o-4_5,tts_config,4,503e754207c94da6bb26850b4469f367c9ea3582,https://huggingface.co/openbmb/MiniCPM-o-4_5/resolve/503e754207c94da6bb26850b4469f367c9ea3582/config.json,/tts_config,full_attention,768,12,12,64,3072,hidden_size/heads 推导,配置层；drop/truncation/运行路径另行核验
MiniCPM-o-4_5,tts_config,5,503e754207c94da6bb26850b4469f367c9ea3582,https://huggingface.co/openbmb/MiniCPM-o-4_5/resolve/503e754207c94da6bb26850b4469f367c9ea3582/config.json,/tts_config,full_attention,768,12,12,64,3072,hidden_size/heads 推导,配置层；drop/truncation/运行路径另行核验
MiniCPM-o-4_5,tts_config,6,503e754207c94da6bb26850b4469f367c9ea3582,https://huggingface.co/openbmb/MiniCPM-o-4_5/resolve/503e754207c94da6bb26850b4469f367c9ea3582/config.json,/tts_config,full_attention,768,12,12,64,3072,hidden_size/heads 推导,配置层；drop/truncation/运行路径另行核验
MiniCPM-o-4_5,tts_config,7,503e754207c94da6bb26850b4469f367c9ea3582,https://huggingface.co/openbmb/MiniCPM-o-4_5/resolve/503e754207c94da6bb26850b4469f367c9ea3582/config.json,/tts_config,full_attention,768,12,12,64,3072,hidden_size/heads 推导,配置层；drop/truncation/运行路径另行核验
MiniCPM-o-4_5,tts_config,8,503e754207c94da6bb26850b4469f367c9ea3582,https://huggingface.co/openbmb/MiniCPM-o-4_5/resolve/503e754207c94da6bb26850b4469f367c9ea3582/config.json,/tts_config,full_attention,768,12,12,64,3072,hidden_size/heads 推导,配置层；drop/truncation/运行路径另行核验
MiniCPM-o-4_5,tts_config,9,503e754207c94da6bb26850b4469f367c9ea3582,https://huggingface.co/openbmb/MiniCPM-o-4_5/resolve/503e754207c94da6bb26850b4469f367c9ea3582/config.json,/tts_config,full_attention,768,12,12,64,3072,hidden_size/heads 推导,配置层；drop/truncation/运行路径另行核验
MiniCPM-o-4_5,tts_config,10,503e754207c94da6bb26850b4469f367c9ea3582,https://huggingface.co/openbmb/MiniCPM-o-4_5/resolve/503e754207c94da6bb26850b4469f367c9ea3582/config.json,/tts_config,full_attention,768,12,12,64,3072,hidden_size/heads 推导,配置层；drop/truncation/运行路径另行核验
MiniCPM-o-4_5,tts_config,11,503e754207c94da6bb26850b4469f367c9ea3582,https://huggingface.co/openbmb/MiniCPM-o-4_5/resolve/503e754207c94da6bb26850b4469f367c9ea3582/config.json,/tts_config,full_attention,768,12,12,64,3072,hidden_size/heads 推导,配置层；drop/truncation/运行路径另行核验
MiniCPM-o-4_5,tts_config,12,503e754207c94da6bb26850b4469f367c9ea3582,https://huggingface.co/openbmb/MiniCPM-o-4_5/resolve/503e754207c94da6bb26850b4469f367c9ea3582/config.json,/tts_config,full_attention,768,12,12,64,3072,hidden_size/heads 推导,配置层；drop/truncation/运行路径另行核验
MiniCPM-o-4_5,tts_config,13,503e754207c94da6bb26850b4469f367c9ea3582,https://huggingface.co/openbmb/MiniCPM-o-4_5/resolve/503e754207c94da6bb26850b4469f367c9ea3582/config.json,/tts_config,full_attention,768,12,12,64,3072,hidden_size/heads 推导,配置层；drop/truncation/运行路径另行核验
MiniCPM-o-4_5,tts_config,14,503e754207c94da6bb26850b4469f367c9ea3582,https://huggingface.co/openbmb/MiniCPM-o-4_5/resolve/503e754207c94da6bb26850b4469f367c9ea3582/config.json,/tts_config,full_attention,768,12,12,64,3072,hidden_size/heads 推导,配置层；drop/truncation/运行路径另行核验
MiniCPM-o-4_5,tts_config,15,503e754207c94da6bb26850b4469f367c9ea3582,https://huggingface.co/openbmb/MiniCPM-o-4_5/resolve/503e754207c94da6bb26850b4469f367c9ea3582/config.json,/tts_config,full_attention,768,12,12,64,3072,hidden_size/heads 推导,配置层；drop/truncation/运行路径另行核验
MiniCPM-o-4_5,tts_config,16,503e754207c94da6bb26850b4469f367c9ea3582,https://huggingface.co/openbmb/MiniCPM-o-4_5/resolve/503e754207c94da6bb26850b4469f367c9ea3582/config.json,/tts_config,full_attention,768,12,12,64,3072,hidden_size/heads 推导,配置层；drop/truncation/运行路径另行核验
MiniCPM-o-4_5,tts_config,17,503e754207c94da6bb26850b4469f367c9ea3582,https://huggingface.co/openbmb/MiniCPM-o-4_5/resolve/503e754207c94da6bb26850b4469f367c9ea3582/config.json,/tts_config,full_attention,768,12,12,64,3072,hidden_size/heads 推导,配置层；drop/truncation/运行路径另行核验
MiniCPM-o-4_5,tts_config,18,503e754207c94da6bb26850b4469f367c9ea3582,https://huggingface.co/openbmb/MiniCPM-o-4_5/resolve/503e754207c94da6bb26850b4469f367c9ea3582/config.json,/tts_config,full_attention,768,12,12,64,3072,hidden_size/heads 推导,配置层；drop/truncation/运行路径另行核验
MiniCPM-o-4_5,tts_config,19,503e754207c94da6bb26850b4469f367c9ea3582,https://huggingface.co/openbmb/MiniCPM-o-4_5/resolve/503e754207c94da6bb26850b4469f367c9ea3582/config.json,/tts_config,full_attention,768,12,12,64,3072,hidden_size/heads 推导,配置层；drop/truncation/运行路径另行核验
MiniCPM-o-4_5,tts_config,20,503e754207c94da6bb26850b4469f367c9ea3582,https://huggingface.co/openbmb/MiniCPM-o-4_5/resolve/503e754207c94da6bb26850b4469f367c9ea3582/config.json,/tts_config,full_attention,768,12,12,64,3072,hidden_size/heads 推导,配置层；drop/truncation/运行路径另行核验
MiniCPM-o-4_5,vision_config,1,503e754207c94da6bb26850b4469f367c9ea3582,https://huggingface.co/openbmb/MiniCPM-o-4_5/resolve/503e754207c94da6bb26850b4469f367c9ea3582/config.json,/vision_config,vision_attention,1152,16,16,72,4304,hidden_size/heads 推导,配置层；drop/truncation/运行路径另行核验
MiniCPM-o-4_5,vision_config,2,503e754207c94da6bb26850b4469f367c9ea3582,https://huggingface.co/openbmb/MiniCPM-o-4_5/resolve/503e754207c94da6bb26850b4469f367c9ea3582/config.json,/vision_config,vision_attention,1152,16,16,72,4304,hidden_size/heads 推导,配置层；drop/truncation/运行路径另行核验
MiniCPM-o-4_5,vision_config,3,503e754207c94da6bb26850b4469f367c9ea3582,https://huggingface.co/openbmb/MiniCPM-o-4_5/resolve/503e754207c94da6bb26850b4469f367c9ea3582/config.json,/vision_config,vision_attention,1152,16,16,72,4304,hidden_size/heads 推导,配置层；drop/truncation/运行路径另行核验
MiniCPM-o-4_5,vision_config,4,503e754207c94da6bb26850b4469f367c9ea3582,https://huggingface.co/openbmb/MiniCPM-o-4_5/resolve/503e754207c94da6bb26850b4469f367c9ea3582/config.json,/vision_config,vision_attention,1152,16,16,72,4304,hidden_size/heads 推导,配置层；drop/truncation/运行路径另行核验
MiniCPM-o-4_5,vision_config,5,503e754207c94da6bb26850b4469f367c9ea3582,https://huggingface.co/openbmb/MiniCPM-o-4_5/resolve/503e754207c94da6bb26850b4469f367c9ea3582/config.json,/vision_config,vision_attention,1152,16,16,72,4304,hidden_size/heads 推导,配置层；drop/truncation/运行路径另行核验
MiniCPM-o-4_5,vision_config,6,503e754207c94da6bb26850b4469f367c9ea3582,https://huggingface.co/openbmb/MiniCPM-o-4_5/resolve/503e754207c94da6bb26850b4469f367c9ea3582/config.json,/vision_config,vision_attention,1152,16,16,72,4304,hidden_size/heads 推导,配置层；drop/truncation/运行路径另行核验
MiniCPM-o-4_5,vision_config,7,503e754207c94da6bb26850b4469f367c9ea3582,https://huggingface.co/openbmb/MiniCPM-o-4_5/resolve/503e754207c94da6bb26850b4469f367c9ea3582/config.json,/vision_config,vision_attention,1152,16,16,72,4304,hidden_size/heads 推导,配置层；drop/truncation/运行路径另行核验
MiniCPM-o-4_5,vision_config,8,503e754207c94da6bb26850b4469f367c9ea3582,https://huggingface.co/openbmb/MiniCPM-o-4_5/resolve/503e754207c94da6bb26850b4469f367c9ea3582/config.json,/vision_config,vision_attention,1152,16,16,72,4304,hidden_size/heads 推导,配置层；drop/truncation/运行路径另行核验
MiniCPM-o-4_5,vision_config,9,503e754207c94da6bb26850b4469f367c9ea3582,https://huggingface.co/openbmb/MiniCPM-o-4_5/resolve/503e754207c94da6bb26850b4469f367c9ea3582/config.json,/vision_config,vision_attention,1152,16,16,72,4304,hidden_size/heads 推导,配置层；drop/truncation/运行路径另行核验
MiniCPM-o-4_5,vision_config,10,503e754207c94da6bb26850b4469f367c9ea3582,https://huggingface.co/openbmb/MiniCPM-o-4_5/resolve/503e754207c94da6bb26850b4469f367c9ea3582/config.json,/vision_config,vision_attention,1152,16,16,72,4304,hidden_size/heads 推导,配置层；drop/truncation/运行路径另行核验
MiniCPM-o-4_5,vision_config,11,503e754207c94da6bb26850b4469f367c9ea3582,https://huggingface.co/openbmb/MiniCPM-o-4_5/resolve/503e754207c94da6bb26850b4469f367c9ea3582/config.json,/vision_config,vision_attention,1152,16,16,72,4304,hidden_size/heads 推导,配置层；drop/truncation/运行路径另行核验
MiniCPM-o-4_5,vision_config,12,503e754207c94da6bb26850b4469f367c9ea3582,https://huggingface.co/openbmb/MiniCPM-o-4_5/resolve/503e754207c94da6bb26850b4469f367c9ea3582/config.json,/vision_config,vision_attention,1152,16,16,72,4304,hidden_size/heads 推导,配置层；drop/truncation/运行路径另行核验
MiniCPM-o-4_5,vision_config,13,503e754207c94da6bb26850b4469f367c9ea3582,https://huggingface.co/openbmb/MiniCPM-o-4_5/resolve/503e754207c94da6bb26850b4469f367c9ea3582/config.json,/vision_config,vision_attention,1152,16,16,72,4304,hidden_size/heads 推导,配置层；drop/truncation/运行路径另行核验
MiniCPM-o-4_5,vision_config,14,503e754207c94da6bb26850b4469f367c9ea3582,https://huggingface.co/openbmb/MiniCPM-o-4_5/resolve/503e754207c94da6bb26850b4469f367c9ea3582/config.json,/vision_config,vision_attention,1152,16,16,72,4304,hidden_size/heads 推导,配置层；drop/truncation/运行路径另行核验
MiniCPM-o-4_5,vision_config,15,503e754207c94da6bb26850b4469f367c9ea3582,https://huggingface.co/openbmb/MiniCPM-o-4_5/resolve/503e754207c94da6bb26850b4469f367c9ea3582/config.json,/vision_config,vision_attention,1152,16,16,72,4304,hidden_size/heads 推导,配置层；drop/truncation/运行路径另行核验
MiniCPM-o-4_5,vision_config,16,503e754207c94da6bb26850b4469f367c9ea3582,https://huggingface.co/openbmb/MiniCPM-o-4_5/resolve/503e754207c94da6bb26850b4469f367c9ea3582/config.json,/vision_config,vision_attention,1152,16,16,72,4304,hidden_size/heads 推导,配置层；drop/truncation/运行路径另行核验
MiniCPM-o-4_5,vision_config,17,503e754207c94da6bb26850b4469f367c9ea3582,https://huggingface.co/openbmb/MiniCPM-o-4_5/resolve/503e754207c94da6bb26850b4469f367c9ea3582/config.json,/vision_config,vision_attention,1152,16,16,72,4304,hidden_size/heads 推导,配置层；drop/truncation/运行路径另行核验
MiniCPM-o-4_5,vision_config,18,503e754207c94da6bb26850b4469f367c9ea3582,https://huggingface.co/openbmb/MiniCPM-o-4_5/resolve/503e754207c94da6bb26850b4469f367c9ea3582/config.json,/vision_config,vision_attention,1152,16,16,72,4304,hidden_size/heads 推导,配置层；drop/truncation/运行路径另行核验
MiniCPM-o-4_5,vision_config,19,503e754207c94da6bb26850b4469f367c9ea3582,https://huggingface.co/openbmb/MiniCPM-o-4_5/resolve/503e754207c94da6bb26850b4469f367c9ea3582/config.json,/vision_config,vision_attention,1152,16,16,72,4304,hidden_size/heads 推导,配置层；drop/truncation/运行路径另行核验
MiniCPM-o-4_5,vision_config,20,503e754207c94da6bb26850b4469f367c9ea3582,https://huggingface.co/openbmb/MiniCPM-o-4_5/resolve/503e754207c94da6bb26850b4469f367c9ea3582/config.json,/vision_config,vision_attention,1152,16,16,72,4304,hidden_size/heads 推导,配置层；drop/truncation/运行路径另行核验
MiniCPM-o-4_5,vision_config,21,503e754207c94da6bb26850b4469f367c9ea3582,https://huggingface.co/openbmb/MiniCPM-o-4_5/resolve/503e754207c94da6bb26850b4469f367c9ea3582/config.json,/vision_config,vision_attention,1152,16,16,72,4304,hidden_size/heads 推导,配置层；drop/truncation/运行路径另行核验
MiniCPM-o-4_5,vision_config,22,503e754207c94da6bb26850b4469f367c9ea3582,https://huggingface.co/openbmb/MiniCPM-o-4_5/resolve/503e754207c94da6bb26850b4469f367c9ea3582/config.json,/vision_config,vision_attention,1152,16,16,72,4304,hidden_size/heads 推导,配置层；drop/truncation/运行路径另行核验
MiniCPM-o-4_5,vision_config,23,503e754207c94da6bb26850b4469f367c9ea3582,https://huggingface.co/openbmb/MiniCPM-o-4_5/resolve/503e754207c94da6bb26850b4469f367c9ea3582/config.json,/vision_config,vision_attention,1152,16,16,72,4304,hidden_size/heads 推导,配置层；drop/truncation/运行路径另行核验
MiniCPM-o-4_5,vision_config,24,503e754207c94da6bb26850b4469f367c9ea3582,https://huggingface.co/openbmb/MiniCPM-o-4_5/resolve/503e754207c94da6bb26850b4469f367c9ea3582/config.json,/vision_config,vision_attention,1152,16,16,72,4304,hidden_size/heads 推导,配置层；drop/truncation/运行路径另行核验
MiniCPM-o-4_5,vision_config,25,503e754207c94da6bb26850b4469f367c9ea3582,https://huggingface.co/openbmb/MiniCPM-o-4_5/resolve/503e754207c94da6bb26850b4469f367c9ea3582/config.json,/vision_config,vision_attention,1152,16,16,72,4304,hidden_size/heads 推导,配置层；drop/truncation/运行路径另行核验
MiniCPM-o-4_5,vision_config,26,503e754207c94da6bb26850b4469f367c9ea3582,https://huggingface.co/openbmb/MiniCPM-o-4_5/resolve/503e754207c94da6bb26850b4469f367c9ea3582/config.json,/vision_config,vision_attention,1152,16,16,72,4304,hidden_size/heads 推导,配置层；drop/truncation/运行路径另行核验
MiniCPM-o-4_5,vision_config,27,503e754207c94da6bb26850b4469f367c9ea3582,https://huggingface.co/openbmb/MiniCPM-o-4_5/resolve/503e754207c94da6bb26850b4469f367c9ea3582/config.json,/vision_config,vision_attention,1152,16,16,72,4304,hidden_size/heads 推导,配置层；drop/truncation/运行路径另行核验
VoxCPM-0.5B,lm_config,1,b2e656f7524303fdaf84591c75bbb87203d7c98d,https://huggingface.co/openbmb/VoxCPM-0.5B/resolve/b2e656f7524303fdaf84591c75bbb87203d7c98d/config.json,/lm_config,full_attention,1024,16,2,64,4096,hidden_size/heads 推导,配置层；drop/truncation/运行路径另行核验
VoxCPM-0.5B,lm_config,2,b2e656f7524303fdaf84591c75bbb87203d7c98d,https://huggingface.co/openbmb/VoxCPM-0.5B/resolve/b2e656f7524303fdaf84591c75bbb87203d7c98d/config.json,/lm_config,full_attention,1024,16,2,64,4096,hidden_size/heads 推导,配置层；drop/truncation/运行路径另行核验
VoxCPM-0.5B,lm_config,3,b2e656f7524303fdaf84591c75bbb87203d7c98d,https://huggingface.co/openbmb/VoxCPM-0.5B/resolve/b2e656f7524303fdaf84591c75bbb87203d7c98d/config.json,/lm_config,full_attention,1024,16,2,64,4096,hidden_size/heads 推导,配置层；drop/truncation/运行路径另行核验
VoxCPM-0.5B,lm_config,4,b2e656f7524303fdaf84591c75bbb87203d7c98d,https://huggingface.co/openbmb/VoxCPM-0.5B/resolve/b2e656f7524303fdaf84591c75bbb87203d7c98d/config.json,/lm_config,full_attention,1024,16,2,64,4096,hidden_size/heads 推导,配置层；drop/truncation/运行路径另行核验
VoxCPM-0.5B,lm_config,5,b2e656f7524303fdaf84591c75bbb87203d7c98d,https://huggingface.co/openbmb/VoxCPM-0.5B/resolve/b2e656f7524303fdaf84591c75bbb87203d7c98d/config.json,/lm_config,full_attention,1024,16,2,64,4096,hidden_size/heads 推导,配置层；drop/truncation/运行路径另行核验
VoxCPM-0.5B,lm_config,6,b2e656f7524303fdaf84591c75bbb87203d7c98d,https://huggingface.co/openbmb/VoxCPM-0.5B/resolve/b2e656f7524303fdaf84591c75bbb87203d7c98d/config.json,/lm_config,full_attention,1024,16,2,64,4096,hidden_size/heads 推导,配置层；drop/truncation/运行路径另行核验
VoxCPM-0.5B,lm_config,7,b2e656f7524303fdaf84591c75bbb87203d7c98d,https://huggingface.co/openbmb/VoxCPM-0.5B/resolve/b2e656f7524303fdaf84591c75bbb87203d7c98d/config.json,/lm_config,full_attention,1024,16,2,64,4096,hidden_size/heads 推导,配置层；drop/truncation/运行路径另行核验
VoxCPM-0.5B,lm_config,8,b2e656f7524303fdaf84591c75bbb87203d7c98d,https://huggingface.co/openbmb/VoxCPM-0.5B/resolve/b2e656f7524303fdaf84591c75bbb87203d7c98d/config.json,/lm_config,full_attention,1024,16,2,64,4096,hidden_size/heads 推导,配置层；drop/truncation/运行路径另行核验
VoxCPM-0.5B,lm_config,9,b2e656f7524303fdaf84591c75bbb87203d7c98d,https://huggingface.co/openbmb/VoxCPM-0.5B/resolve/b2e656f7524303fdaf84591c75bbb87203d7c98d/config.json,/lm_config,full_attention,1024,16,2,64,4096,hidden_size/heads 推导,配置层；drop/truncation/运行路径另行核验
VoxCPM-0.5B,lm_config,10,b2e656f7524303fdaf84591c75bbb87203d7c98d,https://huggingface.co/openbmb/VoxCPM-0.5B/resolve/b2e656f7524303fdaf84591c75bbb87203d7c98d/config.json,/lm_config,full_attention,1024,16,2,64,4096,hidden_size/heads 推导,配置层；drop/truncation/运行路径另行核验
VoxCPM-0.5B,lm_config,11,b2e656f7524303fdaf84591c75bbb87203d7c98d,https://huggingface.co/openbmb/VoxCPM-0.5B/resolve/b2e656f7524303fdaf84591c75bbb87203d7c98d/config.json,/lm_config,full_attention,1024,16,2,64,4096,hidden_size/heads 推导,配置层；drop/truncation/运行路径另行核验
VoxCPM-0.5B,lm_config,12,b2e656f7524303fdaf84591c75bbb87203d7c98d,https://huggingface.co/openbmb/VoxCPM-0.5B/resolve/b2e656f7524303fdaf84591c75bbb87203d7c98d/config.json,/lm_config,full_attention,1024,16,2,64,4096,hidden_size/heads 推导,配置层；drop/truncation/运行路径另行核验
VoxCPM-0.5B,lm_config,13,b2e656f7524303fdaf84591c75bbb87203d7c98d,https://huggingface.co/openbmb/VoxCPM-0.5B/resolve/b2e656f7524303fdaf84591c75bbb87203d7c98d/config.json,/lm_config,full_attention,1024,16,2,64,4096,hidden_size/heads 推导,配置层；drop/truncation/运行路径另行核验
VoxCPM-0.5B,lm_config,14,b2e656f7524303fdaf84591c75bbb87203d7c98d,https://huggingface.co/openbmb/VoxCPM-0.5B/resolve/b2e656f7524303fdaf84591c75bbb87203d7c98d/config.json,/lm_config,full_attention,1024,16,2,64,4096,hidden_size/heads 推导,配置层；drop/truncation/运行路径另行核验
VoxCPM-0.5B,lm_config,15,b2e656f7524303fdaf84591c75bbb87203d7c98d,https://huggingface.co/openbmb/VoxCPM-0.5B/resolve/b2e656f7524303fdaf84591c75bbb87203d7c98d/config.json,/lm_config,full_attention,1024,16,2,64,4096,hidden_size/heads 推导,配置层；drop/truncation/运行路径另行核验
VoxCPM-0.5B,lm_config,16,b2e656f7524303fdaf84591c75bbb87203d7c98d,https://huggingface.co/openbmb/VoxCPM-0.5B/resolve/b2e656f7524303fdaf84591c75bbb87203d7c98d/config.json,/lm_config,full_attention,1024,16,2,64,4096,hidden_size/heads 推导,配置层；drop/truncation/运行路径另行核验
VoxCPM-0.5B,lm_config,17,b2e656f7524303fdaf84591c75bbb87203d7c98d,https://huggingface.co/openbmb/VoxCPM-0.5B/resolve/b2e656f7524303fdaf84591c75bbb87203d7c98d/config.json,/lm_config,full_attention,1024,16,2,64,4096,hidden_size/heads 推导,配置层；drop/truncation/运行路径另行核验
VoxCPM-0.5B,lm_config,18,b2e656f7524303fdaf84591c75bbb87203d7c98d,https://huggingface.co/openbmb/VoxCPM-0.5B/resolve/b2e656f7524303fdaf84591c75bbb87203d7c98d/config.json,/lm_config,full_attention,1024,16,2,64,4096,hidden_size/heads 推导,配置层；drop/truncation/运行路径另行核验
VoxCPM-0.5B,lm_config,19,b2e656f7524303fdaf84591c75bbb87203d7c98d,https://huggingface.co/openbmb/VoxCPM-0.5B/resolve/b2e656f7524303fdaf84591c75bbb87203d7c98d/config.json,/lm_config,full_attention,1024,16,2,64,4096,hidden_size/heads 推导,配置层；drop/truncation/运行路径另行核验
VoxCPM-0.5B,lm_config,20,b2e656f7524303fdaf84591c75bbb87203d7c98d,https://huggingface.co/openbmb/VoxCPM-0.5B/resolve/b2e656f7524303fdaf84591c75bbb87203d7c98d/config.json,/lm_config,full_attention,1024,16,2,64,4096,hidden_size/heads 推导,配置层；drop/truncation/运行路径另行核验
VoxCPM-0.5B,lm_config,21,b2e656f7524303fdaf84591c75bbb87203d7c98d,https://huggingface.co/openbmb/VoxCPM-0.5B/resolve/b2e656f7524303fdaf84591c75bbb87203d7c98d/config.json,/lm_config,full_attention,1024,16,2,64,4096,hidden_size/heads 推导,配置层；drop/truncation/运行路径另行核验
VoxCPM-0.5B,lm_config,22,b2e656f7524303fdaf84591c75bbb87203d7c98d,https://huggingface.co/openbmb/VoxCPM-0.5B/resolve/b2e656f7524303fdaf84591c75bbb87203d7c98d/config.json,/lm_config,full_attention,1024,16,2,64,4096,hidden_size/heads 推导,配置层；drop/truncation/运行路径另行核验
VoxCPM-0.5B,lm_config,23,b2e656f7524303fdaf84591c75bbb87203d7c98d,https://huggingface.co/openbmb/VoxCPM-0.5B/resolve/b2e656f7524303fdaf84591c75bbb87203d7c98d/config.json,/lm_config,full_attention,1024,16,2,64,4096,hidden_size/heads 推导,配置层；drop/truncation/运行路径另行核验
VoxCPM-0.5B,lm_config,24,b2e656f7524303fdaf84591c75bbb87203d7c98d,https://huggingface.co/openbmb/VoxCPM-0.5B/resolve/b2e656f7524303fdaf84591c75bbb87203d7c98d/config.json,/lm_config,full_attention,1024,16,2,64,4096,hidden_size/heads 推导,配置层；drop/truncation/运行路径另行核验
VoxCPM-0.5B,encoder_config,1,b2e656f7524303fdaf84591c75bbb87203d7c98d,https://huggingface.co/openbmb/VoxCPM-0.5B/resolve/b2e656f7524303fdaf84591c75bbb87203d7c98d/config.json,/encoder_config,specialized_unverified,1024,16,16,64,4096,hidden_size/heads 推导,配置层；drop/truncation/运行路径另行核验
VoxCPM-0.5B,encoder_config,2,b2e656f7524303fdaf84591c75bbb87203d7c98d,https://huggingface.co/openbmb/VoxCPM-0.5B/resolve/b2e656f7524303fdaf84591c75bbb87203d7c98d/config.json,/encoder_config,specialized_unverified,1024,16,16,64,4096,hidden_size/heads 推导,配置层；drop/truncation/运行路径另行核验
VoxCPM-0.5B,encoder_config,3,b2e656f7524303fdaf84591c75bbb87203d7c98d,https://huggingface.co/openbmb/VoxCPM-0.5B/resolve/b2e656f7524303fdaf84591c75bbb87203d7c98d/config.json,/encoder_config,specialized_unverified,1024,16,16,64,4096,hidden_size/heads 推导,配置层；drop/truncation/运行路径另行核验
VoxCPM-0.5B,encoder_config,4,b2e656f7524303fdaf84591c75bbb87203d7c98d,https://huggingface.co/openbmb/VoxCPM-0.5B/resolve/b2e656f7524303fdaf84591c75bbb87203d7c98d/config.json,/encoder_config,specialized_unverified,1024,16,16,64,4096,hidden_size/heads 推导,配置层；drop/truncation/运行路径另行核验
VoxCPM-0.5B,dit_config,1,b2e656f7524303fdaf84591c75bbb87203d7c98d,https://huggingface.co/openbmb/VoxCPM-0.5B/resolve/b2e656f7524303fdaf84591c75bbb87203d7c98d/config.json,/dit_config,specialized_unverified,1024,16,16,64,4096,hidden_size/heads 推导,配置层；drop/truncation/运行路径另行核验
VoxCPM-0.5B,dit_config,2,b2e656f7524303fdaf84591c75bbb87203d7c98d,https://huggingface.co/openbmb/VoxCPM-0.5B/resolve/b2e656f7524303fdaf84591c75bbb87203d7c98d/config.json,/dit_config,specialized_unverified,1024,16,16,64,4096,hidden_size/heads 推导,配置层；drop/truncation/运行路径另行核验
VoxCPM-0.5B,dit_config,3,b2e656f7524303fdaf84591c75bbb87203d7c98d,https://huggingface.co/openbmb/VoxCPM-0.5B/resolve/b2e656f7524303fdaf84591c75bbb87203d7c98d/config.json,/dit_config,specialized_unverified,1024,16,16,64,4096,hidden_size/heads 推导,配置层；drop/truncation/运行路径另行核验
VoxCPM-0.5B,dit_config,4,b2e656f7524303fdaf84591c75bbb87203d7c98d,https://huggingface.co/openbmb/VoxCPM-0.5B/resolve/b2e656f7524303fdaf84591c75bbb87203d7c98d/config.json,/dit_config,specialized_unverified,1024,16,16,64,4096,hidden_size/heads 推导,配置层；drop/truncation/运行路径另行核验
VoxCPM-0.5B,residual_lm,1,b2e656f7524303fdaf84591c75bbb87203d7c98d,https://huggingface.co/openbmb/VoxCPM-0.5B/resolve/b2e656f7524303fdaf84591c75bbb87203d7c98d/config.json,/residual_lm,specialized_unverified,1024,16,2,64,4096,hidden_size/heads 推导,配置层；drop/truncation/运行路径另行核验
VoxCPM-0.5B,residual_lm,2,b2e656f7524303fdaf84591c75bbb87203d7c98d,https://huggingface.co/openbmb/VoxCPM-0.5B/resolve/b2e656f7524303fdaf84591c75bbb87203d7c98d/config.json,/residual_lm,specialized_unverified,1024,16,2,64,4096,hidden_size/heads 推导,配置层；drop/truncation/运行路径另行核验
VoxCPM-0.5B,residual_lm,3,b2e656f7524303fdaf84591c75bbb87203d7c98d,https://huggingface.co/openbmb/VoxCPM-0.5B/resolve/b2e656f7524303fdaf84591c75bbb87203d7c98d/config.json,/residual_lm,specialized_unverified,1024,16,2,64,4096,hidden_size/heads 推导,配置层；drop/truncation/运行路径另行核验
VoxCPM-0.5B,residual_lm,4,b2e656f7524303fdaf84591c75bbb87203d7c98d,https://huggingface.co/openbmb/VoxCPM-0.5B/resolve/b2e656f7524303fdaf84591c75bbb87203d7c98d/config.json,/residual_lm,specialized_unverified,1024,16,2,64,4096,hidden_size/heads 推导,配置层；drop/truncation/运行路径另行核验
VoxCPM-0.5B,residual_lm,5,b2e656f7524303fdaf84591c75bbb87203d7c98d,https://huggingface.co/openbmb/VoxCPM-0.5B/resolve/b2e656f7524303fdaf84591c75bbb87203d7c98d/config.json,/residual_lm,specialized_unverified,1024,16,2,64,4096,hidden_size/heads 推导,配置层；drop/truncation/运行路径另行核验
VoxCPM-0.5B,residual_lm,6,b2e656f7524303fdaf84591c75bbb87203d7c98d,https://huggingface.co/openbmb/VoxCPM-0.5B/resolve/b2e656f7524303fdaf84591c75bbb87203d7c98d/config.json,/residual_lm,specialized_unverified,1024,16,2,64,4096,hidden_size/heads 推导,配置层；drop/truncation/运行路径另行核验
VoxCPM1.5,lm_config,1,8cdc403854cda0e3af12252d27da038fda5982ac,https://huggingface.co/openbmb/VoxCPM1.5/resolve/8cdc403854cda0e3af12252d27da038fda5982ac/config.json,/lm_config,full_attention,1024,16,2,64,4096,hidden_size/heads 推导,配置层；drop/truncation/运行路径另行核验
VoxCPM1.5,lm_config,2,8cdc403854cda0e3af12252d27da038fda5982ac,https://huggingface.co/openbmb/VoxCPM1.5/resolve/8cdc403854cda0e3af12252d27da038fda5982ac/config.json,/lm_config,full_attention,1024,16,2,64,4096,hidden_size/heads 推导,配置层；drop/truncation/运行路径另行核验
VoxCPM1.5,lm_config,3,8cdc403854cda0e3af12252d27da038fda5982ac,https://huggingface.co/openbmb/VoxCPM1.5/resolve/8cdc403854cda0e3af12252d27da038fda5982ac/config.json,/lm_config,full_attention,1024,16,2,64,4096,hidden_size/heads 推导,配置层；drop/truncation/运行路径另行核验
VoxCPM1.5,lm_config,4,8cdc403854cda0e3af12252d27da038fda5982ac,https://huggingface.co/openbmb/VoxCPM1.5/resolve/8cdc403854cda0e3af12252d27da038fda5982ac/config.json,/lm_config,full_attention,1024,16,2,64,4096,hidden_size/heads 推导,配置层；drop/truncation/运行路径另行核验
VoxCPM1.5,lm_config,5,8cdc403854cda0e3af12252d27da038fda5982ac,https://huggingface.co/openbmb/VoxCPM1.5/resolve/8cdc403854cda0e3af12252d27da038fda5982ac/config.json,/lm_config,full_attention,1024,16,2,64,4096,hidden_size/heads 推导,配置层；drop/truncation/运行路径另行核验
VoxCPM1.5,lm_config,6,8cdc403854cda0e3af12252d27da038fda5982ac,https://huggingface.co/openbmb/VoxCPM1.5/resolve/8cdc403854cda0e3af12252d27da038fda5982ac/config.json,/lm_config,full_attention,1024,16,2,64,4096,hidden_size/heads 推导,配置层；drop/truncation/运行路径另行核验
VoxCPM1.5,lm_config,7,8cdc403854cda0e3af12252d27da038fda5982ac,https://huggingface.co/openbmb/VoxCPM1.5/resolve/8cdc403854cda0e3af12252d27da038fda5982ac/config.json,/lm_config,full_attention,1024,16,2,64,4096,hidden_size/heads 推导,配置层；drop/truncation/运行路径另行核验
VoxCPM1.5,lm_config,8,8cdc403854cda0e3af12252d27da038fda5982ac,https://huggingface.co/openbmb/VoxCPM1.5/resolve/8cdc403854cda0e3af12252d27da038fda5982ac/config.json,/lm_config,full_attention,1024,16,2,64,4096,hidden_size/heads 推导,配置层；drop/truncation/运行路径另行核验
VoxCPM1.5,lm_config,9,8cdc403854cda0e3af12252d27da038fda5982ac,https://huggingface.co/openbmb/VoxCPM1.5/resolve/8cdc403854cda0e3af12252d27da038fda5982ac/config.json,/lm_config,full_attention,1024,16,2,64,4096,hidden_size/heads 推导,配置层；drop/truncation/运行路径另行核验
VoxCPM1.5,lm_config,10,8cdc403854cda0e3af12252d27da038fda5982ac,https://huggingface.co/openbmb/VoxCPM1.5/resolve/8cdc403854cda0e3af12252d27da038fda5982ac/config.json,/lm_config,full_attention,1024,16,2,64,4096,hidden_size/heads 推导,配置层；drop/truncation/运行路径另行核验
VoxCPM1.5,lm_config,11,8cdc403854cda0e3af12252d27da038fda5982ac,https://huggingface.co/openbmb/VoxCPM1.5/resolve/8cdc403854cda0e3af12252d27da038fda5982ac/config.json,/lm_config,full_attention,1024,16,2,64,4096,hidden_size/heads 推导,配置层；drop/truncation/运行路径另行核验
VoxCPM1.5,lm_config,12,8cdc403854cda0e3af12252d27da038fda5982ac,https://huggingface.co/openbmb/VoxCPM1.5/resolve/8cdc403854cda0e3af12252d27da038fda5982ac/config.json,/lm_config,full_attention,1024,16,2,64,4096,hidden_size/heads 推导,配置层；drop/truncation/运行路径另行核验
VoxCPM1.5,lm_config,13,8cdc403854cda0e3af12252d27da038fda5982ac,https://huggingface.co/openbmb/VoxCPM1.5/resolve/8cdc403854cda0e3af12252d27da038fda5982ac/config.json,/lm_config,full_attention,1024,16,2,64,4096,hidden_size/heads 推导,配置层；drop/truncation/运行路径另行核验
VoxCPM1.5,lm_config,14,8cdc403854cda0e3af12252d27da038fda5982ac,https://huggingface.co/openbmb/VoxCPM1.5/resolve/8cdc403854cda0e3af12252d27da038fda5982ac/config.json,/lm_config,full_attention,1024,16,2,64,4096,hidden_size/heads 推导,配置层；drop/truncation/运行路径另行核验
VoxCPM1.5,lm_config,15,8cdc403854cda0e3af12252d27da038fda5982ac,https://huggingface.co/openbmb/VoxCPM1.5/resolve/8cdc403854cda0e3af12252d27da038fda5982ac/config.json,/lm_config,full_attention,1024,16,2,64,4096,hidden_size/heads 推导,配置层；drop/truncation/运行路径另行核验
VoxCPM1.5,lm_config,16,8cdc403854cda0e3af12252d27da038fda5982ac,https://huggingface.co/openbmb/VoxCPM1.5/resolve/8cdc403854cda0e3af12252d27da038fda5982ac/config.json,/lm_config,full_attention,1024,16,2,64,4096,hidden_size/heads 推导,配置层；drop/truncation/运行路径另行核验
VoxCPM1.5,lm_config,17,8cdc403854cda0e3af12252d27da038fda5982ac,https://huggingface.co/openbmb/VoxCPM1.5/resolve/8cdc403854cda0e3af12252d27da038fda5982ac/config.json,/lm_config,full_attention,1024,16,2,64,4096,hidden_size/heads 推导,配置层；drop/truncation/运行路径另行核验
VoxCPM1.5,lm_config,18,8cdc403854cda0e3af12252d27da038fda5982ac,https://huggingface.co/openbmb/VoxCPM1.5/resolve/8cdc403854cda0e3af12252d27da038fda5982ac/config.json,/lm_config,full_attention,1024,16,2,64,4096,hidden_size/heads 推导,配置层；drop/truncation/运行路径另行核验
VoxCPM1.5,lm_config,19,8cdc403854cda0e3af12252d27da038fda5982ac,https://huggingface.co/openbmb/VoxCPM1.5/resolve/8cdc403854cda0e3af12252d27da038fda5982ac/config.json,/lm_config,full_attention,1024,16,2,64,4096,hidden_size/heads 推导,配置层；drop/truncation/运行路径另行核验
VoxCPM1.5,lm_config,20,8cdc403854cda0e3af12252d27da038fda5982ac,https://huggingface.co/openbmb/VoxCPM1.5/resolve/8cdc403854cda0e3af12252d27da038fda5982ac/config.json,/lm_config,full_attention,1024,16,2,64,4096,hidden_size/heads 推导,配置层；drop/truncation/运行路径另行核验
VoxCPM1.5,lm_config,21,8cdc403854cda0e3af12252d27da038fda5982ac,https://huggingface.co/openbmb/VoxCPM1.5/resolve/8cdc403854cda0e3af12252d27da038fda5982ac/config.json,/lm_config,full_attention,1024,16,2,64,4096,hidden_size/heads 推导,配置层；drop/truncation/运行路径另行核验
VoxCPM1.5,lm_config,22,8cdc403854cda0e3af12252d27da038fda5982ac,https://huggingface.co/openbmb/VoxCPM1.5/resolve/8cdc403854cda0e3af12252d27da038fda5982ac/config.json,/lm_config,full_attention,1024,16,2,64,4096,hidden_size/heads 推导,配置层；drop/truncation/运行路径另行核验
VoxCPM1.5,lm_config,23,8cdc403854cda0e3af12252d27da038fda5982ac,https://huggingface.co/openbmb/VoxCPM1.5/resolve/8cdc403854cda0e3af12252d27da038fda5982ac/config.json,/lm_config,full_attention,1024,16,2,64,4096,hidden_size/heads 推导,配置层；drop/truncation/运行路径另行核验
VoxCPM1.5,lm_config,24,8cdc403854cda0e3af12252d27da038fda5982ac,https://huggingface.co/openbmb/VoxCPM1.5/resolve/8cdc403854cda0e3af12252d27da038fda5982ac/config.json,/lm_config,full_attention,1024,16,2,64,4096,hidden_size/heads 推导,配置层；drop/truncation/运行路径另行核验
VoxCPM1.5,encoder_config,1,8cdc403854cda0e3af12252d27da038fda5982ac,https://huggingface.co/openbmb/VoxCPM1.5/resolve/8cdc403854cda0e3af12252d27da038fda5982ac/config.json,/encoder_config,specialized_unverified,1024,16,16,64,4096,hidden_size/heads 推导,配置层；drop/truncation/运行路径另行核验
VoxCPM1.5,encoder_config,2,8cdc403854cda0e3af12252d27da038fda5982ac,https://huggingface.co/openbmb/VoxCPM1.5/resolve/8cdc403854cda0e3af12252d27da038fda5982ac/config.json,/encoder_config,specialized_unverified,1024,16,16,64,4096,hidden_size/heads 推导,配置层；drop/truncation/运行路径另行核验
VoxCPM1.5,encoder_config,3,8cdc403854cda0e3af12252d27da038fda5982ac,https://huggingface.co/openbmb/VoxCPM1.5/resolve/8cdc403854cda0e3af12252d27da038fda5982ac/config.json,/encoder_config,specialized_unverified,1024,16,16,64,4096,hidden_size/heads 推导,配置层；drop/truncation/运行路径另行核验
VoxCPM1.5,encoder_config,4,8cdc403854cda0e3af12252d27da038fda5982ac,https://huggingface.co/openbmb/VoxCPM1.5/resolve/8cdc403854cda0e3af12252d27da038fda5982ac/config.json,/encoder_config,specialized_unverified,1024,16,16,64,4096,hidden_size/heads 推导,配置层；drop/truncation/运行路径另行核验
VoxCPM1.5,encoder_config,5,8cdc403854cda0e3af12252d27da038fda5982ac,https://huggingface.co/openbmb/VoxCPM1.5/resolve/8cdc403854cda0e3af12252d27da038fda5982ac/config.json,/encoder_config,specialized_unverified,1024,16,16,64,4096,hidden_size/heads 推导,配置层；drop/truncation/运行路径另行核验
VoxCPM1.5,encoder_config,6,8cdc403854cda0e3af12252d27da038fda5982ac,https://huggingface.co/openbmb/VoxCPM1.5/resolve/8cdc403854cda0e3af12252d27da038fda5982ac/config.json,/encoder_config,specialized_unverified,1024,16,16,64,4096,hidden_size/heads 推导,配置层；drop/truncation/运行路径另行核验
VoxCPM1.5,encoder_config,7,8cdc403854cda0e3af12252d27da038fda5982ac,https://huggingface.co/openbmb/VoxCPM1.5/resolve/8cdc403854cda0e3af12252d27da038fda5982ac/config.json,/encoder_config,specialized_unverified,1024,16,16,64,4096,hidden_size/heads 推导,配置层；drop/truncation/运行路径另行核验
VoxCPM1.5,encoder_config,8,8cdc403854cda0e3af12252d27da038fda5982ac,https://huggingface.co/openbmb/VoxCPM1.5/resolve/8cdc403854cda0e3af12252d27da038fda5982ac/config.json,/encoder_config,specialized_unverified,1024,16,16,64,4096,hidden_size/heads 推导,配置层；drop/truncation/运行路径另行核验
VoxCPM1.5,dit_config,1,8cdc403854cda0e3af12252d27da038fda5982ac,https://huggingface.co/openbmb/VoxCPM1.5/resolve/8cdc403854cda0e3af12252d27da038fda5982ac/config.json,/dit_config,specialized_unverified,1024,16,16,64,4096,hidden_size/heads 推导,配置层；drop/truncation/运行路径另行核验
VoxCPM1.5,dit_config,2,8cdc403854cda0e3af12252d27da038fda5982ac,https://huggingface.co/openbmb/VoxCPM1.5/resolve/8cdc403854cda0e3af12252d27da038fda5982ac/config.json,/dit_config,specialized_unverified,1024,16,16,64,4096,hidden_size/heads 推导,配置层；drop/truncation/运行路径另行核验
VoxCPM1.5,dit_config,3,8cdc403854cda0e3af12252d27da038fda5982ac,https://huggingface.co/openbmb/VoxCPM1.5/resolve/8cdc403854cda0e3af12252d27da038fda5982ac/config.json,/dit_config,specialized_unverified,1024,16,16,64,4096,hidden_size/heads 推导,配置层；drop/truncation/运行路径另行核验
VoxCPM1.5,dit_config,4,8cdc403854cda0e3af12252d27da038fda5982ac,https://huggingface.co/openbmb/VoxCPM1.5/resolve/8cdc403854cda0e3af12252d27da038fda5982ac/config.json,/dit_config,specialized_unverified,1024,16,16,64,4096,hidden_size/heads 推导,配置层；drop/truncation/运行路径另行核验
VoxCPM1.5,dit_config,5,8cdc403854cda0e3af12252d27da038fda5982ac,https://huggingface.co/openbmb/VoxCPM1.5/resolve/8cdc403854cda0e3af12252d27da038fda5982ac/config.json,/dit_config,specialized_unverified,1024,16,16,64,4096,hidden_size/heads 推导,配置层；drop/truncation/运行路径另行核验
VoxCPM1.5,dit_config,6,8cdc403854cda0e3af12252d27da038fda5982ac,https://huggingface.co/openbmb/VoxCPM1.5/resolve/8cdc403854cda0e3af12252d27da038fda5982ac/config.json,/dit_config,specialized_unverified,1024,16,16,64,4096,hidden_size/heads 推导,配置层；drop/truncation/运行路径另行核验
VoxCPM1.5,dit_config,7,8cdc403854cda0e3af12252d27da038fda5982ac,https://huggingface.co/openbmb/VoxCPM1.5/resolve/8cdc403854cda0e3af12252d27da038fda5982ac/config.json,/dit_config,specialized_unverified,1024,16,16,64,4096,hidden_size/heads 推导,配置层；drop/truncation/运行路径另行核验
VoxCPM1.5,dit_config,8,8cdc403854cda0e3af12252d27da038fda5982ac,https://huggingface.co/openbmb/VoxCPM1.5/resolve/8cdc403854cda0e3af12252d27da038fda5982ac/config.json,/dit_config,specialized_unverified,1024,16,16,64,4096,hidden_size/heads 推导,配置层；drop/truncation/运行路径另行核验
VoxCPM1.5,residual_lm,1,8cdc403854cda0e3af12252d27da038fda5982ac,https://huggingface.co/openbmb/VoxCPM1.5/resolve/8cdc403854cda0e3af12252d27da038fda5982ac/config.json,/residual_lm,specialized_unverified,1024,16,2,64,4096,hidden_size/heads 推导,配置层；drop/truncation/运行路径另行核验
VoxCPM1.5,residual_lm,2,8cdc403854cda0e3af12252d27da038fda5982ac,https://huggingface.co/openbmb/VoxCPM1.5/resolve/8cdc403854cda0e3af12252d27da038fda5982ac/config.json,/residual_lm,specialized_unverified,1024,16,2,64,4096,hidden_size/heads 推导,配置层；drop/truncation/运行路径另行核验
VoxCPM1.5,residual_lm,3,8cdc403854cda0e3af12252d27da038fda5982ac,https://huggingface.co/openbmb/VoxCPM1.5/resolve/8cdc403854cda0e3af12252d27da038fda5982ac/config.json,/residual_lm,specialized_unverified,1024,16,2,64,4096,hidden_size/heads 推导,配置层；drop/truncation/运行路径另行核验
VoxCPM1.5,residual_lm,4,8cdc403854cda0e3af12252d27da038fda5982ac,https://huggingface.co/openbmb/VoxCPM1.5/resolve/8cdc403854cda0e3af12252d27da038fda5982ac/config.json,/residual_lm,specialized_unverified,1024,16,2,64,4096,hidden_size/heads 推导,配置层；drop/truncation/运行路径另行核验
VoxCPM1.5,residual_lm,5,8cdc403854cda0e3af12252d27da038fda5982ac,https://huggingface.co/openbmb/VoxCPM1.5/resolve/8cdc403854cda0e3af12252d27da038fda5982ac/config.json,/residual_lm,specialized_unverified,1024,16,2,64,4096,hidden_size/heads 推导,配置层；drop/truncation/运行路径另行核验
VoxCPM1.5,residual_lm,6,8cdc403854cda0e3af12252d27da038fda5982ac,https://huggingface.co/openbmb/VoxCPM1.5/resolve/8cdc403854cda0e3af12252d27da038fda5982ac/config.json,/residual_lm,specialized_unverified,1024,16,2,64,4096,hidden_size/heads 推导,配置层；drop/truncation/运行路径另行核验
VoxCPM1.5,residual_lm,7,8cdc403854cda0e3af12252d27da038fda5982ac,https://huggingface.co/openbmb/VoxCPM1.5/resolve/8cdc403854cda0e3af12252d27da038fda5982ac/config.json,/residual_lm,specialized_unverified,1024,16,2,64,4096,hidden_size/heads 推导,配置层；drop/truncation/运行路径另行核验
VoxCPM1.5,residual_lm,8,8cdc403854cda0e3af12252d27da038fda5982ac,https://huggingface.co/openbmb/VoxCPM1.5/resolve/8cdc403854cda0e3af12252d27da038fda5982ac/config.json,/residual_lm,specialized_unverified,1024,16,2,64,4096,hidden_size/heads 推导,配置层；drop/truncation/运行路径另行核验
VoxCPM2,lm_config,1,32279effe8c19989596f05d353d1447f51d9e915,https://huggingface.co/openbmb/VoxCPM2/resolve/32279effe8c19989596f05d353d1447f51d9e915/config.json,/lm_config,full_attention,2048,16,2,128,6144,config,配置层；drop/truncation/运行路径另行核验
VoxCPM2,lm_config,2,32279effe8c19989596f05d353d1447f51d9e915,https://huggingface.co/openbmb/VoxCPM2/resolve/32279effe8c19989596f05d353d1447f51d9e915/config.json,/lm_config,full_attention,2048,16,2,128,6144,config,配置层；drop/truncation/运行路径另行核验
VoxCPM2,lm_config,3,32279effe8c19989596f05d353d1447f51d9e915,https://huggingface.co/openbmb/VoxCPM2/resolve/32279effe8c19989596f05d353d1447f51d9e915/config.json,/lm_config,full_attention,2048,16,2,128,6144,config,配置层；drop/truncation/运行路径另行核验
VoxCPM2,lm_config,4,32279effe8c19989596f05d353d1447f51d9e915,https://huggingface.co/openbmb/VoxCPM2/resolve/32279effe8c19989596f05d353d1447f51d9e915/config.json,/lm_config,full_attention,2048,16,2,128,6144,config,配置层；drop/truncation/运行路径另行核验
VoxCPM2,lm_config,5,32279effe8c19989596f05d353d1447f51d9e915,https://huggingface.co/openbmb/VoxCPM2/resolve/32279effe8c19989596f05d353d1447f51d9e915/config.json,/lm_config,full_attention,2048,16,2,128,6144,config,配置层；drop/truncation/运行路径另行核验
VoxCPM2,lm_config,6,32279effe8c19989596f05d353d1447f51d9e915,https://huggingface.co/openbmb/VoxCPM2/resolve/32279effe8c19989596f05d353d1447f51d9e915/config.json,/lm_config,full_attention,2048,16,2,128,6144,config,配置层；drop/truncation/运行路径另行核验
VoxCPM2,lm_config,7,32279effe8c19989596f05d353d1447f51d9e915,https://huggingface.co/openbmb/VoxCPM2/resolve/32279effe8c19989596f05d353d1447f51d9e915/config.json,/lm_config,full_attention,2048,16,2,128,6144,config,配置层；drop/truncation/运行路径另行核验
VoxCPM2,lm_config,8,32279effe8c19989596f05d353d1447f51d9e915,https://huggingface.co/openbmb/VoxCPM2/resolve/32279effe8c19989596f05d353d1447f51d9e915/config.json,/lm_config,full_attention,2048,16,2,128,6144,config,配置层；drop/truncation/运行路径另行核验
VoxCPM2,lm_config,9,32279effe8c19989596f05d353d1447f51d9e915,https://huggingface.co/openbmb/VoxCPM2/resolve/32279effe8c19989596f05d353d1447f51d9e915/config.json,/lm_config,full_attention,2048,16,2,128,6144,config,配置层；drop/truncation/运行路径另行核验
VoxCPM2,lm_config,10,32279effe8c19989596f05d353d1447f51d9e915,https://huggingface.co/openbmb/VoxCPM2/resolve/32279effe8c19989596f05d353d1447f51d9e915/config.json,/lm_config,full_attention,2048,16,2,128,6144,config,配置层；drop/truncation/运行路径另行核验
VoxCPM2,lm_config,11,32279effe8c19989596f05d353d1447f51d9e915,https://huggingface.co/openbmb/VoxCPM2/resolve/32279effe8c19989596f05d353d1447f51d9e915/config.json,/lm_config,full_attention,2048,16,2,128,6144,config,配置层；drop/truncation/运行路径另行核验
VoxCPM2,lm_config,12,32279effe8c19989596f05d353d1447f51d9e915,https://huggingface.co/openbmb/VoxCPM2/resolve/32279effe8c19989596f05d353d1447f51d9e915/config.json,/lm_config,full_attention,2048,16,2,128,6144,config,配置层；drop/truncation/运行路径另行核验
VoxCPM2,lm_config,13,32279effe8c19989596f05d353d1447f51d9e915,https://huggingface.co/openbmb/VoxCPM2/resolve/32279effe8c19989596f05d353d1447f51d9e915/config.json,/lm_config,full_attention,2048,16,2,128,6144,config,配置层；drop/truncation/运行路径另行核验
VoxCPM2,lm_config,14,32279effe8c19989596f05d353d1447f51d9e915,https://huggingface.co/openbmb/VoxCPM2/resolve/32279effe8c19989596f05d353d1447f51d9e915/config.json,/lm_config,full_attention,2048,16,2,128,6144,config,配置层；drop/truncation/运行路径另行核验
VoxCPM2,lm_config,15,32279effe8c19989596f05d353d1447f51d9e915,https://huggingface.co/openbmb/VoxCPM2/resolve/32279effe8c19989596f05d353d1447f51d9e915/config.json,/lm_config,full_attention,2048,16,2,128,6144,config,配置层；drop/truncation/运行路径另行核验
VoxCPM2,lm_config,16,32279effe8c19989596f05d353d1447f51d9e915,https://huggingface.co/openbmb/VoxCPM2/resolve/32279effe8c19989596f05d353d1447f51d9e915/config.json,/lm_config,full_attention,2048,16,2,128,6144,config,配置层；drop/truncation/运行路径另行核验
VoxCPM2,lm_config,17,32279effe8c19989596f05d353d1447f51d9e915,https://huggingface.co/openbmb/VoxCPM2/resolve/32279effe8c19989596f05d353d1447f51d9e915/config.json,/lm_config,full_attention,2048,16,2,128,6144,config,配置层；drop/truncation/运行路径另行核验
VoxCPM2,lm_config,18,32279effe8c19989596f05d353d1447f51d9e915,https://huggingface.co/openbmb/VoxCPM2/resolve/32279effe8c19989596f05d353d1447f51d9e915/config.json,/lm_config,full_attention,2048,16,2,128,6144,config,配置层；drop/truncation/运行路径另行核验
VoxCPM2,lm_config,19,32279effe8c19989596f05d353d1447f51d9e915,https://huggingface.co/openbmb/VoxCPM2/resolve/32279effe8c19989596f05d353d1447f51d9e915/config.json,/lm_config,full_attention,2048,16,2,128,6144,config,配置层；drop/truncation/运行路径另行核验
VoxCPM2,lm_config,20,32279effe8c19989596f05d353d1447f51d9e915,https://huggingface.co/openbmb/VoxCPM2/resolve/32279effe8c19989596f05d353d1447f51d9e915/config.json,/lm_config,full_attention,2048,16,2,128,6144,config,配置层；drop/truncation/运行路径另行核验
VoxCPM2,lm_config,21,32279effe8c19989596f05d353d1447f51d9e915,https://huggingface.co/openbmb/VoxCPM2/resolve/32279effe8c19989596f05d353d1447f51d9e915/config.json,/lm_config,full_attention,2048,16,2,128,6144,config,配置层；drop/truncation/运行路径另行核验
VoxCPM2,lm_config,22,32279effe8c19989596f05d353d1447f51d9e915,https://huggingface.co/openbmb/VoxCPM2/resolve/32279effe8c19989596f05d353d1447f51d9e915/config.json,/lm_config,full_attention,2048,16,2,128,6144,config,配置层；drop/truncation/运行路径另行核验
VoxCPM2,lm_config,23,32279effe8c19989596f05d353d1447f51d9e915,https://huggingface.co/openbmb/VoxCPM2/resolve/32279effe8c19989596f05d353d1447f51d9e915/config.json,/lm_config,full_attention,2048,16,2,128,6144,config,配置层；drop/truncation/运行路径另行核验
VoxCPM2,lm_config,24,32279effe8c19989596f05d353d1447f51d9e915,https://huggingface.co/openbmb/VoxCPM2/resolve/32279effe8c19989596f05d353d1447f51d9e915/config.json,/lm_config,full_attention,2048,16,2,128,6144,config,配置层；drop/truncation/运行路径另行核验
VoxCPM2,lm_config,25,32279effe8c19989596f05d353d1447f51d9e915,https://huggingface.co/openbmb/VoxCPM2/resolve/32279effe8c19989596f05d353d1447f51d9e915/config.json,/lm_config,full_attention,2048,16,2,128,6144,config,配置层；drop/truncation/运行路径另行核验
VoxCPM2,lm_config,26,32279effe8c19989596f05d353d1447f51d9e915,https://huggingface.co/openbmb/VoxCPM2/resolve/32279effe8c19989596f05d353d1447f51d9e915/config.json,/lm_config,full_attention,2048,16,2,128,6144,config,配置层；drop/truncation/运行路径另行核验
VoxCPM2,lm_config,27,32279effe8c19989596f05d353d1447f51d9e915,https://huggingface.co/openbmb/VoxCPM2/resolve/32279effe8c19989596f05d353d1447f51d9e915/config.json,/lm_config,full_attention,2048,16,2,128,6144,config,配置层；drop/truncation/运行路径另行核验
VoxCPM2,lm_config,28,32279effe8c19989596f05d353d1447f51d9e915,https://huggingface.co/openbmb/VoxCPM2/resolve/32279effe8c19989596f05d353d1447f51d9e915/config.json,/lm_config,full_attention,2048,16,2,128,6144,config,配置层；drop/truncation/运行路径另行核验
VoxCPM2,encoder_config,1,32279effe8c19989596f05d353d1447f51d9e915,https://huggingface.co/openbmb/VoxCPM2/resolve/32279effe8c19989596f05d353d1447f51d9e915/config.json,/encoder_config,specialized_unverified,1024,16,16,128,4096,config,配置层；drop/truncation/运行路径另行核验
VoxCPM2,encoder_config,2,32279effe8c19989596f05d353d1447f51d9e915,https://huggingface.co/openbmb/VoxCPM2/resolve/32279effe8c19989596f05d353d1447f51d9e915/config.json,/encoder_config,specialized_unverified,1024,16,16,128,4096,config,配置层；drop/truncation/运行路径另行核验
VoxCPM2,encoder_config,3,32279effe8c19989596f05d353d1447f51d9e915,https://huggingface.co/openbmb/VoxCPM2/resolve/32279effe8c19989596f05d353d1447f51d9e915/config.json,/encoder_config,specialized_unverified,1024,16,16,128,4096,config,配置层；drop/truncation/运行路径另行核验
VoxCPM2,encoder_config,4,32279effe8c19989596f05d353d1447f51d9e915,https://huggingface.co/openbmb/VoxCPM2/resolve/32279effe8c19989596f05d353d1447f51d9e915/config.json,/encoder_config,specialized_unverified,1024,16,16,128,4096,config,配置层；drop/truncation/运行路径另行核验
VoxCPM2,encoder_config,5,32279effe8c19989596f05d353d1447f51d9e915,https://huggingface.co/openbmb/VoxCPM2/resolve/32279effe8c19989596f05d353d1447f51d9e915/config.json,/encoder_config,specialized_unverified,1024,16,16,128,4096,config,配置层；drop/truncation/运行路径另行核验
VoxCPM2,encoder_config,6,32279effe8c19989596f05d353d1447f51d9e915,https://huggingface.co/openbmb/VoxCPM2/resolve/32279effe8c19989596f05d353d1447f51d9e915/config.json,/encoder_config,specialized_unverified,1024,16,16,128,4096,config,配置层；drop/truncation/运行路径另行核验
VoxCPM2,encoder_config,7,32279effe8c19989596f05d353d1447f51d9e915,https://huggingface.co/openbmb/VoxCPM2/resolve/32279effe8c19989596f05d353d1447f51d9e915/config.json,/encoder_config,specialized_unverified,1024,16,16,128,4096,config,配置层；drop/truncation/运行路径另行核验
VoxCPM2,encoder_config,8,32279effe8c19989596f05d353d1447f51d9e915,https://huggingface.co/openbmb/VoxCPM2/resolve/32279effe8c19989596f05d353d1447f51d9e915/config.json,/encoder_config,specialized_unverified,1024,16,16,128,4096,config,配置层；drop/truncation/运行路径另行核验
VoxCPM2,encoder_config,9,32279effe8c19989596f05d353d1447f51d9e915,https://huggingface.co/openbmb/VoxCPM2/resolve/32279effe8c19989596f05d353d1447f51d9e915/config.json,/encoder_config,specialized_unverified,1024,16,16,128,4096,config,配置层；drop/truncation/运行路径另行核验
VoxCPM2,encoder_config,10,32279effe8c19989596f05d353d1447f51d9e915,https://huggingface.co/openbmb/VoxCPM2/resolve/32279effe8c19989596f05d353d1447f51d9e915/config.json,/encoder_config,specialized_unverified,1024,16,16,128,4096,config,配置层；drop/truncation/运行路径另行核验
VoxCPM2,encoder_config,11,32279effe8c19989596f05d353d1447f51d9e915,https://huggingface.co/openbmb/VoxCPM2/resolve/32279effe8c19989596f05d353d1447f51d9e915/config.json,/encoder_config,specialized_unverified,1024,16,16,128,4096,config,配置层；drop/truncation/运行路径另行核验
VoxCPM2,encoder_config,12,32279effe8c19989596f05d353d1447f51d9e915,https://huggingface.co/openbmb/VoxCPM2/resolve/32279effe8c19989596f05d353d1447f51d9e915/config.json,/encoder_config,specialized_unverified,1024,16,16,128,4096,config,配置层；drop/truncation/运行路径另行核验
VoxCPM2,dit_config,1,32279effe8c19989596f05d353d1447f51d9e915,https://huggingface.co/openbmb/VoxCPM2/resolve/32279effe8c19989596f05d353d1447f51d9e915/config.json,/dit_config,specialized_unverified,1024,16,16,128,4096,config,配置层；drop/truncation/运行路径另行核验
VoxCPM2,dit_config,2,32279effe8c19989596f05d353d1447f51d9e915,https://huggingface.co/openbmb/VoxCPM2/resolve/32279effe8c19989596f05d353d1447f51d9e915/config.json,/dit_config,specialized_unverified,1024,16,16,128,4096,config,配置层；drop/truncation/运行路径另行核验
VoxCPM2,dit_config,3,32279effe8c19989596f05d353d1447f51d9e915,https://huggingface.co/openbmb/VoxCPM2/resolve/32279effe8c19989596f05d353d1447f51d9e915/config.json,/dit_config,specialized_unverified,1024,16,16,128,4096,config,配置层；drop/truncation/运行路径另行核验
VoxCPM2,dit_config,4,32279effe8c19989596f05d353d1447f51d9e915,https://huggingface.co/openbmb/VoxCPM2/resolve/32279effe8c19989596f05d353d1447f51d9e915/config.json,/dit_config,specialized_unverified,1024,16,16,128,4096,config,配置层；drop/truncation/运行路径另行核验
VoxCPM2,dit_config,5,32279effe8c19989596f05d353d1447f51d9e915,https://huggingface.co/openbmb/VoxCPM2/resolve/32279effe8c19989596f05d353d1447f51d9e915/config.json,/dit_config,specialized_unverified,1024,16,16,128,4096,config,配置层；drop/truncation/运行路径另行核验
VoxCPM2,dit_config,6,32279effe8c19989596f05d353d1447f51d9e915,https://huggingface.co/openbmb/VoxCPM2/resolve/32279effe8c19989596f05d353d1447f51d9e915/config.json,/dit_config,specialized_unverified,1024,16,16,128,4096,config,配置层；drop/truncation/运行路径另行核验
VoxCPM2,dit_config,7,32279effe8c19989596f05d353d1447f51d9e915,https://huggingface.co/openbmb/VoxCPM2/resolve/32279effe8c19989596f05d353d1447f51d9e915/config.json,/dit_config,specialized_unverified,1024,16,16,128,4096,config,配置层；drop/truncation/运行路径另行核验
VoxCPM2,dit_config,8,32279effe8c19989596f05d353d1447f51d9e915,https://huggingface.co/openbmb/VoxCPM2/resolve/32279effe8c19989596f05d353d1447f51d9e915/config.json,/dit_config,specialized_unverified,1024,16,16,128,4096,config,配置层；drop/truncation/运行路径另行核验
VoxCPM2,dit_config,9,32279effe8c19989596f05d353d1447f51d9e915,https://huggingface.co/openbmb/VoxCPM2/resolve/32279effe8c19989596f05d353d1447f51d9e915/config.json,/dit_config,specialized_unverified,1024,16,16,128,4096,config,配置层；drop/truncation/运行路径另行核验
VoxCPM2,dit_config,10,32279effe8c19989596f05d353d1447f51d9e915,https://huggingface.co/openbmb/VoxCPM2/resolve/32279effe8c19989596f05d353d1447f51d9e915/config.json,/dit_config,specialized_unverified,1024,16,16,128,4096,config,配置层；drop/truncation/运行路径另行核验
VoxCPM2,dit_config,11,32279effe8c19989596f05d353d1447f51d9e915,https://huggingface.co/openbmb/VoxCPM2/resolve/32279effe8c19989596f05d353d1447f51d9e915/config.json,/dit_config,specialized_unverified,1024,16,16,128,4096,config,配置层；drop/truncation/运行路径另行核验
VoxCPM2,dit_config,12,32279effe8c19989596f05d353d1447f51d9e915,https://huggingface.co/openbmb/VoxCPM2/resolve/32279effe8c19989596f05d353d1447f51d9e915/config.json,/dit_config,specialized_unverified,1024,16,16,128,4096,config,配置层；drop/truncation/运行路径另行核验
VoxCPM2,residual_lm,1,32279effe8c19989596f05d353d1447f51d9e915,https://huggingface.co/openbmb/VoxCPM2/resolve/32279effe8c19989596f05d353d1447f51d9e915/config.json,/residual_lm,full_attention,2048,16,2,128,6144,config,配置层；drop/truncation/运行路径另行核验
VoxCPM2,residual_lm,2,32279effe8c19989596f05d353d1447f51d9e915,https://huggingface.co/openbmb/VoxCPM2/resolve/32279effe8c19989596f05d353d1447f51d9e915/config.json,/residual_lm,full_attention,2048,16,2,128,6144,config,配置层；drop/truncation/运行路径另行核验
VoxCPM2,residual_lm,3,32279effe8c19989596f05d353d1447f51d9e915,https://huggingface.co/openbmb/VoxCPM2/resolve/32279effe8c19989596f05d353d1447f51d9e915/config.json,/residual_lm,full_attention,2048,16,2,128,6144,config,配置层；drop/truncation/运行路径另行核验
VoxCPM2,residual_lm,4,32279effe8c19989596f05d353d1447f51d9e915,https://huggingface.co/openbmb/VoxCPM2/resolve/32279effe8c19989596f05d353d1447f51d9e915/config.json,/residual_lm,full_attention,2048,16,2,128,6144,config,配置层；drop/truncation/运行路径另行核验
VoxCPM2,residual_lm,5,32279effe8c19989596f05d353d1447f51d9e915,https://huggingface.co/openbmb/VoxCPM2/resolve/32279effe8c19989596f05d353d1447f51d9e915/config.json,/residual_lm,full_attention,2048,16,2,128,6144,config,配置层；drop/truncation/运行路径另行核验
VoxCPM2,residual_lm,6,32279effe8c19989596f05d353d1447f51d9e915,https://huggingface.co/openbmb/VoxCPM2/resolve/32279effe8c19989596f05d353d1447f51d9e915/config.json,/residual_lm,full_attention,2048,16,2,128,6144,config,配置层；drop/truncation/运行路径另行核验
VoxCPM2,residual_lm,7,32279effe8c19989596f05d353d1447f51d9e915,https://huggingface.co/openbmb/VoxCPM2/resolve/32279effe8c19989596f05d353d1447f51d9e915/config.json,/residual_lm,full_attention,2048,16,2,128,6144,config,配置层；drop/truncation/运行路径另行核验
VoxCPM2,residual_lm,8,32279effe8c19989596f05d353d1447f51d9e915,https://huggingface.co/openbmb/VoxCPM2/resolve/32279effe8c19989596f05d353d1447f51d9e915/config.json,/residual_lm,full_attention,2048,16,2,128,6144,config,配置层；drop/truncation/运行路径另行核验
MiniCPM-RobotManip,vlm_config.text_config,1,29cb257541e9f96f493abe21174f8892e5dffe3f,https://huggingface.co/openbmb/MiniCPM-RobotManip/resolve/29cb257541e9f96f493abe21174f8892e5dffe3f/config.json,/vlm_config/text_config,linear_attention,1024,8,2,256,3584,config,配置层；drop/truncation/运行路径另行核验
MiniCPM-RobotManip,vlm_config.text_config,2,29cb257541e9f96f493abe21174f8892e5dffe3f,https://huggingface.co/openbmb/MiniCPM-RobotManip/resolve/29cb257541e9f96f493abe21174f8892e5dffe3f/config.json,/vlm_config/text_config,linear_attention,1024,8,2,256,3584,config,配置层；drop/truncation/运行路径另行核验
MiniCPM-RobotManip,vlm_config.text_config,3,29cb257541e9f96f493abe21174f8892e5dffe3f,https://huggingface.co/openbmb/MiniCPM-RobotManip/resolve/29cb257541e9f96f493abe21174f8892e5dffe3f/config.json,/vlm_config/text_config,linear_attention,1024,8,2,256,3584,config,配置层；drop/truncation/运行路径另行核验
MiniCPM-RobotManip,vlm_config.text_config,4,29cb257541e9f96f493abe21174f8892e5dffe3f,https://huggingface.co/openbmb/MiniCPM-RobotManip/resolve/29cb257541e9f96f493abe21174f8892e5dffe3f/config.json,/vlm_config/text_config,full_attention,1024,8,2,256,3584,config,配置层；drop/truncation/运行路径另行核验
MiniCPM-RobotManip,vlm_config.text_config,5,29cb257541e9f96f493abe21174f8892e5dffe3f,https://huggingface.co/openbmb/MiniCPM-RobotManip/resolve/29cb257541e9f96f493abe21174f8892e5dffe3f/config.json,/vlm_config/text_config,linear_attention,1024,8,2,256,3584,config,配置层；drop/truncation/运行路径另行核验
MiniCPM-RobotManip,vlm_config.text_config,6,29cb257541e9f96f493abe21174f8892e5dffe3f,https://huggingface.co/openbmb/MiniCPM-RobotManip/resolve/29cb257541e9f96f493abe21174f8892e5dffe3f/config.json,/vlm_config/text_config,linear_attention,1024,8,2,256,3584,config,配置层；drop/truncation/运行路径另行核验
MiniCPM-RobotManip,vlm_config.text_config,7,29cb257541e9f96f493abe21174f8892e5dffe3f,https://huggingface.co/openbmb/MiniCPM-RobotManip/resolve/29cb257541e9f96f493abe21174f8892e5dffe3f/config.json,/vlm_config/text_config,linear_attention,1024,8,2,256,3584,config,配置层；drop/truncation/运行路径另行核验
MiniCPM-RobotManip,vlm_config.text_config,8,29cb257541e9f96f493abe21174f8892e5dffe3f,https://huggingface.co/openbmb/MiniCPM-RobotManip/resolve/29cb257541e9f96f493abe21174f8892e5dffe3f/config.json,/vlm_config/text_config,full_attention,1024,8,2,256,3584,config,配置层；drop/truncation/运行路径另行核验
MiniCPM-RobotManip,vlm_config.text_config,9,29cb257541e9f96f493abe21174f8892e5dffe3f,https://huggingface.co/openbmb/MiniCPM-RobotManip/resolve/29cb257541e9f96f493abe21174f8892e5dffe3f/config.json,/vlm_config/text_config,linear_attention,1024,8,2,256,3584,config,配置层；drop/truncation/运行路径另行核验
MiniCPM-RobotManip,vlm_config.text_config,10,29cb257541e9f96f493abe21174f8892e5dffe3f,https://huggingface.co/openbmb/MiniCPM-RobotManip/resolve/29cb257541e9f96f493abe21174f8892e5dffe3f/config.json,/vlm_config/text_config,linear_attention,1024,8,2,256,3584,config,配置层；drop/truncation/运行路径另行核验
MiniCPM-RobotManip,vlm_config.text_config,11,29cb257541e9f96f493abe21174f8892e5dffe3f,https://huggingface.co/openbmb/MiniCPM-RobotManip/resolve/29cb257541e9f96f493abe21174f8892e5dffe3f/config.json,/vlm_config/text_config,linear_attention,1024,8,2,256,3584,config,配置层；drop/truncation/运行路径另行核验
MiniCPM-RobotManip,vlm_config.text_config,12,29cb257541e9f96f493abe21174f8892e5dffe3f,https://huggingface.co/openbmb/MiniCPM-RobotManip/resolve/29cb257541e9f96f493abe21174f8892e5dffe3f/config.json,/vlm_config/text_config,full_attention,1024,8,2,256,3584,config,配置层；drop/truncation/运行路径另行核验
MiniCPM-RobotManip,vlm_config.text_config,13,29cb257541e9f96f493abe21174f8892e5dffe3f,https://huggingface.co/openbmb/MiniCPM-RobotManip/resolve/29cb257541e9f96f493abe21174f8892e5dffe3f/config.json,/vlm_config/text_config,linear_attention,1024,8,2,256,3584,config,配置层；drop/truncation/运行路径另行核验
MiniCPM-RobotManip,vlm_config.text_config,14,29cb257541e9f96f493abe21174f8892e5dffe3f,https://huggingface.co/openbmb/MiniCPM-RobotManip/resolve/29cb257541e9f96f493abe21174f8892e5dffe3f/config.json,/vlm_config/text_config,linear_attention,1024,8,2,256,3584,config,配置层；drop/truncation/运行路径另行核验
MiniCPM-RobotManip,vlm_config.text_config,15,29cb257541e9f96f493abe21174f8892e5dffe3f,https://huggingface.co/openbmb/MiniCPM-RobotManip/resolve/29cb257541e9f96f493abe21174f8892e5dffe3f/config.json,/vlm_config/text_config,linear_attention,1024,8,2,256,3584,config,配置层；drop/truncation/运行路径另行核验
MiniCPM-RobotManip,vlm_config.text_config,16,29cb257541e9f96f493abe21174f8892e5dffe3f,https://huggingface.co/openbmb/MiniCPM-RobotManip/resolve/29cb257541e9f96f493abe21174f8892e5dffe3f/config.json,/vlm_config/text_config,full_attention,1024,8,2,256,3584,config,配置层；drop/truncation/运行路径另行核验
MiniCPM-RobotManip,vlm_config.text_config,17,29cb257541e9f96f493abe21174f8892e5dffe3f,https://huggingface.co/openbmb/MiniCPM-RobotManip/resolve/29cb257541e9f96f493abe21174f8892e5dffe3f/config.json,/vlm_config/text_config,linear_attention,1024,8,2,256,3584,config,配置层；drop/truncation/运行路径另行核验
MiniCPM-RobotManip,vlm_config.text_config,18,29cb257541e9f96f493abe21174f8892e5dffe3f,https://huggingface.co/openbmb/MiniCPM-RobotManip/resolve/29cb257541e9f96f493abe21174f8892e5dffe3f/config.json,/vlm_config/text_config,linear_attention,1024,8,2,256,3584,config,配置层；drop/truncation/运行路径另行核验
MiniCPM-RobotManip,vlm_config.text_config,19,29cb257541e9f96f493abe21174f8892e5dffe3f,https://huggingface.co/openbmb/MiniCPM-RobotManip/resolve/29cb257541e9f96f493abe21174f8892e5dffe3f/config.json,/vlm_config/text_config,linear_attention,1024,8,2,256,3584,config,配置层；drop/truncation/运行路径另行核验
MiniCPM-RobotManip,vlm_config.text_config,20,29cb257541e9f96f493abe21174f8892e5dffe3f,https://huggingface.co/openbmb/MiniCPM-RobotManip/resolve/29cb257541e9f96f493abe21174f8892e5dffe3f/config.json,/vlm_config/text_config,full_attention,1024,8,2,256,3584,config,配置层；drop/truncation/运行路径另行核验
MiniCPM-RobotManip,vlm_config.text_config,21,29cb257541e9f96f493abe21174f8892e5dffe3f,https://huggingface.co/openbmb/MiniCPM-RobotManip/resolve/29cb257541e9f96f493abe21174f8892e5dffe3f/config.json,/vlm_config/text_config,linear_attention,1024,8,2,256,3584,config,配置层；drop/truncation/运行路径另行核验
MiniCPM-RobotManip,vlm_config.text_config,22,29cb257541e9f96f493abe21174f8892e5dffe3f,https://huggingface.co/openbmb/MiniCPM-RobotManip/resolve/29cb257541e9f96f493abe21174f8892e5dffe3f/config.json,/vlm_config/text_config,linear_attention,1024,8,2,256,3584,config,配置层；drop/truncation/运行路径另行核验
MiniCPM-RobotManip,vlm_config.text_config,23,29cb257541e9f96f493abe21174f8892e5dffe3f,https://huggingface.co/openbmb/MiniCPM-RobotManip/resolve/29cb257541e9f96f493abe21174f8892e5dffe3f/config.json,/vlm_config/text_config,linear_attention,1024,8,2,256,3584,config,配置层；drop/truncation/运行路径另行核验
MiniCPM-RobotManip,vlm_config.text_config,24,29cb257541e9f96f493abe21174f8892e5dffe3f,https://huggingface.co/openbmb/MiniCPM-RobotManip/resolve/29cb257541e9f96f493abe21174f8892e5dffe3f/config.json,/vlm_config/text_config,full_attention,1024,8,2,256,3584,config,配置层；drop/truncation/运行路径另行核验
MiniCPM-RobotManip,vlm_config.vision_config,1,29cb257541e9f96f493abe21174f8892e5dffe3f,https://huggingface.co/openbmb/MiniCPM-RobotManip/resolve/29cb257541e9f96f493abe21174f8892e5dffe3f/config.json,/vlm_config/vision_config,vision_attention,1152,16,16,72,4304,hidden_size/heads 推导,配置层；drop/truncation/运行路径另行核验
MiniCPM-RobotManip,vlm_config.vision_config,2,29cb257541e9f96f493abe21174f8892e5dffe3f,https://huggingface.co/openbmb/MiniCPM-RobotManip/resolve/29cb257541e9f96f493abe21174f8892e5dffe3f/config.json,/vlm_config/vision_config,vision_attention,1152,16,16,72,4304,hidden_size/heads 推导,配置层；drop/truncation/运行路径另行核验
MiniCPM-RobotManip,vlm_config.vision_config,3,29cb257541e9f96f493abe21174f8892e5dffe3f,https://huggingface.co/openbmb/MiniCPM-RobotManip/resolve/29cb257541e9f96f493abe21174f8892e5dffe3f/config.json,/vlm_config/vision_config,vision_attention,1152,16,16,72,4304,hidden_size/heads 推导,配置层；drop/truncation/运行路径另行核验
MiniCPM-RobotManip,vlm_config.vision_config,4,29cb257541e9f96f493abe21174f8892e5dffe3f,https://huggingface.co/openbmb/MiniCPM-RobotManip/resolve/29cb257541e9f96f493abe21174f8892e5dffe3f/config.json,/vlm_config/vision_config,vision_attention,1152,16,16,72,4304,hidden_size/heads 推导,配置层；drop/truncation/运行路径另行核验
MiniCPM-RobotManip,vlm_config.vision_config,5,29cb257541e9f96f493abe21174f8892e5dffe3f,https://huggingface.co/openbmb/MiniCPM-RobotManip/resolve/29cb257541e9f96f493abe21174f8892e5dffe3f/config.json,/vlm_config/vision_config,vision_attention,1152,16,16,72,4304,hidden_size/heads 推导,配置层；drop/truncation/运行路径另行核验
MiniCPM-RobotManip,vlm_config.vision_config,6,29cb257541e9f96f493abe21174f8892e5dffe3f,https://huggingface.co/openbmb/MiniCPM-RobotManip/resolve/29cb257541e9f96f493abe21174f8892e5dffe3f/config.json,/vlm_config/vision_config,vision_attention,1152,16,16,72,4304,hidden_size/heads 推导,配置层；drop/truncation/运行路径另行核验
MiniCPM-RobotManip,vlm_config.vision_config,7,29cb257541e9f96f493abe21174f8892e5dffe3f,https://huggingface.co/openbmb/MiniCPM-RobotManip/resolve/29cb257541e9f96f493abe21174f8892e5dffe3f/config.json,/vlm_config/vision_config,vision_attention,1152,16,16,72,4304,hidden_size/heads 推导,配置层；drop/truncation/运行路径另行核验
MiniCPM-RobotManip,vlm_config.vision_config,8,29cb257541e9f96f493abe21174f8892e5dffe3f,https://huggingface.co/openbmb/MiniCPM-RobotManip/resolve/29cb257541e9f96f493abe21174f8892e5dffe3f/config.json,/vlm_config/vision_config,vision_attention,1152,16,16,72,4304,hidden_size/heads 推导,配置层；drop/truncation/运行路径另行核验
MiniCPM-RobotManip,vlm_config.vision_config,9,29cb257541e9f96f493abe21174f8892e5dffe3f,https://huggingface.co/openbmb/MiniCPM-RobotManip/resolve/29cb257541e9f96f493abe21174f8892e5dffe3f/config.json,/vlm_config/vision_config,vision_attention,1152,16,16,72,4304,hidden_size/heads 推导,配置层；drop/truncation/运行路径另行核验
MiniCPM-RobotManip,vlm_config.vision_config,10,29cb257541e9f96f493abe21174f8892e5dffe3f,https://huggingface.co/openbmb/MiniCPM-RobotManip/resolve/29cb257541e9f96f493abe21174f8892e5dffe3f/config.json,/vlm_config/vision_config,vision_attention,1152,16,16,72,4304,hidden_size/heads 推导,配置层；drop/truncation/运行路径另行核验
MiniCPM-RobotManip,vlm_config.vision_config,11,29cb257541e9f96f493abe21174f8892e5dffe3f,https://huggingface.co/openbmb/MiniCPM-RobotManip/resolve/29cb257541e9f96f493abe21174f8892e5dffe3f/config.json,/vlm_config/vision_config,vision_attention,1152,16,16,72,4304,hidden_size/heads 推导,配置层；drop/truncation/运行路径另行核验
MiniCPM-RobotManip,vlm_config.vision_config,12,29cb257541e9f96f493abe21174f8892e5dffe3f,https://huggingface.co/openbmb/MiniCPM-RobotManip/resolve/29cb257541e9f96f493abe21174f8892e5dffe3f/config.json,/vlm_config/vision_config,vision_attention,1152,16,16,72,4304,hidden_size/heads 推导,配置层；drop/truncation/运行路径另行核验
MiniCPM-RobotManip,vlm_config.vision_config,13,29cb257541e9f96f493abe21174f8892e5dffe3f,https://huggingface.co/openbmb/MiniCPM-RobotManip/resolve/29cb257541e9f96f493abe21174f8892e5dffe3f/config.json,/vlm_config/vision_config,vision_attention,1152,16,16,72,4304,hidden_size/heads 推导,配置层；drop/truncation/运行路径另行核验
MiniCPM-RobotManip,vlm_config.vision_config,14,29cb257541e9f96f493abe21174f8892e5dffe3f,https://huggingface.co/openbmb/MiniCPM-RobotManip/resolve/29cb257541e9f96f493abe21174f8892e5dffe3f/config.json,/vlm_config/vision_config,vision_attention,1152,16,16,72,4304,hidden_size/heads 推导,配置层；drop/truncation/运行路径另行核验
MiniCPM-RobotManip,vlm_config.vision_config,15,29cb257541e9f96f493abe21174f8892e5dffe3f,https://huggingface.co/openbmb/MiniCPM-RobotManip/resolve/29cb257541e9f96f493abe21174f8892e5dffe3f/config.json,/vlm_config/vision_config,vision_attention,1152,16,16,72,4304,hidden_size/heads 推导,配置层；drop/truncation/运行路径另行核验
MiniCPM-RobotManip,vlm_config.vision_config,16,29cb257541e9f96f493abe21174f8892e5dffe3f,https://huggingface.co/openbmb/MiniCPM-RobotManip/resolve/29cb257541e9f96f493abe21174f8892e5dffe3f/config.json,/vlm_config/vision_config,vision_attention,1152,16,16,72,4304,hidden_size/heads 推导,配置层；drop/truncation/运行路径另行核验
MiniCPM-RobotManip,vlm_config.vision_config,17,29cb257541e9f96f493abe21174f8892e5dffe3f,https://huggingface.co/openbmb/MiniCPM-RobotManip/resolve/29cb257541e9f96f493abe21174f8892e5dffe3f/config.json,/vlm_config/vision_config,vision_attention,1152,16,16,72,4304,hidden_size/heads 推导,配置层；drop/truncation/运行路径另行核验
MiniCPM-RobotManip,vlm_config.vision_config,18,29cb257541e9f96f493abe21174f8892e5dffe3f,https://huggingface.co/openbmb/MiniCPM-RobotManip/resolve/29cb257541e9f96f493abe21174f8892e5dffe3f/config.json,/vlm_config/vision_config,vision_attention,1152,16,16,72,4304,hidden_size/heads 推导,配置层；drop/truncation/运行路径另行核验
MiniCPM-RobotManip,vlm_config.vision_config,19,29cb257541e9f96f493abe21174f8892e5dffe3f,https://huggingface.co/openbmb/MiniCPM-RobotManip/resolve/29cb257541e9f96f493abe21174f8892e5dffe3f/config.json,/vlm_config/vision_config,vision_attention,1152,16,16,72,4304,hidden_size/heads 推导,配置层；drop/truncation/运行路径另行核验
MiniCPM-RobotManip,vlm_config.vision_config,20,29cb257541e9f96f493abe21174f8892e5dffe3f,https://huggingface.co/openbmb/MiniCPM-RobotManip/resolve/29cb257541e9f96f493abe21174f8892e5dffe3f/config.json,/vlm_config/vision_config,vision_attention,1152,16,16,72,4304,hidden_size/heads 推导,配置层；drop/truncation/运行路径另行核验
MiniCPM-RobotManip,vlm_config.vision_config,21,29cb257541e9f96f493abe21174f8892e5dffe3f,https://huggingface.co/openbmb/MiniCPM-RobotManip/resolve/29cb257541e9f96f493abe21174f8892e5dffe3f/config.json,/vlm_config/vision_config,vision_attention,1152,16,16,72,4304,hidden_size/heads 推导,配置层；drop/truncation/运行路径另行核验
MiniCPM-RobotManip,vlm_config.vision_config,22,29cb257541e9f96f493abe21174f8892e5dffe3f,https://huggingface.co/openbmb/MiniCPM-RobotManip/resolve/29cb257541e9f96f493abe21174f8892e5dffe3f/config.json,/vlm_config/vision_config,vision_attention,1152,16,16,72,4304,hidden_size/heads 推导,配置层；drop/truncation/运行路径另行核验
MiniCPM-RobotManip,vlm_config.vision_config,23,29cb257541e9f96f493abe21174f8892e5dffe3f,https://huggingface.co/openbmb/MiniCPM-RobotManip/resolve/29cb257541e9f96f493abe21174f8892e5dffe3f/config.json,/vlm_config/vision_config,vision_attention,1152,16,16,72,4304,hidden_size/heads 推导,配置层；drop/truncation/运行路径另行核验
MiniCPM-RobotManip,vlm_config.vision_config,24,29cb257541e9f96f493abe21174f8892e5dffe3f,https://huggingface.co/openbmb/MiniCPM-RobotManip/resolve/29cb257541e9f96f493abe21174f8892e5dffe3f/config.json,/vlm_config/vision_config,vision_attention,1152,16,16,72,4304,hidden_size/heads 推导,配置层；drop/truncation/运行路径另行核验
MiniCPM-RobotManip,vlm_config.vision_config,25,29cb257541e9f96f493abe21174f8892e5dffe3f,https://huggingface.co/openbmb/MiniCPM-RobotManip/resolve/29cb257541e9f96f493abe21174f8892e5dffe3f/config.json,/vlm_config/vision_config,vision_attention,1152,16,16,72,4304,hidden_size/heads 推导,配置层；drop/truncation/运行路径另行核验
MiniCPM-RobotManip,vlm_config.vision_config,26,29cb257541e9f96f493abe21174f8892e5dffe3f,https://huggingface.co/openbmb/MiniCPM-RobotManip/resolve/29cb257541e9f96f493abe21174f8892e5dffe3f/config.json,/vlm_config/vision_config,vision_attention,1152,16,16,72,4304,hidden_size/heads 推导,配置层；drop/truncation/运行路径另行核验
MiniCPM-RobotManip,vlm_config.vision_config,27,29cb257541e9f96f493abe21174f8892e5dffe3f,https://huggingface.co/openbmb/MiniCPM-RobotManip/resolve/29cb257541e9f96f493abe21174f8892e5dffe3f/config.json,/vlm_config/vision_config,vision_attention,1152,16,16,72,4304,hidden_size/heads 推导,配置层；drop/truncation/运行路径另行核验
MiniCPM-RobotTrack,backbone_config,1,80d32d0b091c3b340a1e4a6c78d441e8af19590e,https://huggingface.co/openbmb/MiniCPM-RobotTrack/resolve/80d32d0b091c3b340a1e4a6c78d441e8af19590e/config.json,/backbone_config,full_attention,1024,16,2,64,4096,hidden_size/heads 推导,配置层；drop/truncation/运行路径另行核验
MiniCPM-RobotTrack,backbone_config,2,80d32d0b091c3b340a1e4a6c78d441e8af19590e,https://huggingface.co/openbmb/MiniCPM-RobotTrack/resolve/80d32d0b091c3b340a1e4a6c78d441e8af19590e/config.json,/backbone_config,full_attention,1024,16,2,64,4096,hidden_size/heads 推导,配置层；drop/truncation/运行路径另行核验
MiniCPM-RobotTrack,backbone_config,3,80d32d0b091c3b340a1e4a6c78d441e8af19590e,https://huggingface.co/openbmb/MiniCPM-RobotTrack/resolve/80d32d0b091c3b340a1e4a6c78d441e8af19590e/config.json,/backbone_config,full_attention,1024,16,2,64,4096,hidden_size/heads 推导,配置层；drop/truncation/运行路径另行核验
MiniCPM-RobotTrack,backbone_config,4,80d32d0b091c3b340a1e4a6c78d441e8af19590e,https://huggingface.co/openbmb/MiniCPM-RobotTrack/resolve/80d32d0b091c3b340a1e4a6c78d441e8af19590e/config.json,/backbone_config,full_attention,1024,16,2,64,4096,hidden_size/heads 推导,配置层；drop/truncation/运行路径另行核验
MiniCPM-RobotTrack,backbone_config,5,80d32d0b091c3b340a1e4a6c78d441e8af19590e,https://huggingface.co/openbmb/MiniCPM-RobotTrack/resolve/80d32d0b091c3b340a1e4a6c78d441e8af19590e/config.json,/backbone_config,full_attention,1024,16,2,64,4096,hidden_size/heads 推导,配置层；drop/truncation/运行路径另行核验
MiniCPM-RobotTrack,backbone_config,6,80d32d0b091c3b340a1e4a6c78d441e8af19590e,https://huggingface.co/openbmb/MiniCPM-RobotTrack/resolve/80d32d0b091c3b340a1e4a6c78d441e8af19590e/config.json,/backbone_config,full_attention,1024,16,2,64,4096,hidden_size/heads 推导,配置层；drop/truncation/运行路径另行核验
MiniCPM-RobotTrack,backbone_config,7,80d32d0b091c3b340a1e4a6c78d441e8af19590e,https://huggingface.co/openbmb/MiniCPM-RobotTrack/resolve/80d32d0b091c3b340a1e4a6c78d441e8af19590e/config.json,/backbone_config,full_attention,1024,16,2,64,4096,hidden_size/heads 推导,配置层；drop/truncation/运行路径另行核验
MiniCPM-RobotTrack,backbone_config,8,80d32d0b091c3b340a1e4a6c78d441e8af19590e,https://huggingface.co/openbmb/MiniCPM-RobotTrack/resolve/80d32d0b091c3b340a1e4a6c78d441e8af19590e/config.json,/backbone_config,full_attention,1024,16,2,64,4096,hidden_size/heads 推导,配置层；drop/truncation/运行路径另行核验
MiniCPM-RobotTrack,backbone_config,9,80d32d0b091c3b340a1e4a6c78d441e8af19590e,https://huggingface.co/openbmb/MiniCPM-RobotTrack/resolve/80d32d0b091c3b340a1e4a6c78d441e8af19590e/config.json,/backbone_config,full_attention,1024,16,2,64,4096,hidden_size/heads 推导,配置层；drop/truncation/运行路径另行核验
MiniCPM-RobotTrack,backbone_config,10,80d32d0b091c3b340a1e4a6c78d441e8af19590e,https://huggingface.co/openbmb/MiniCPM-RobotTrack/resolve/80d32d0b091c3b340a1e4a6c78d441e8af19590e/config.json,/backbone_config,full_attention,1024,16,2,64,4096,hidden_size/heads 推导,配置层；drop/truncation/运行路径另行核验
MiniCPM-RobotTrack,backbone_config,11,80d32d0b091c3b340a1e4a6c78d441e8af19590e,https://huggingface.co/openbmb/MiniCPM-RobotTrack/resolve/80d32d0b091c3b340a1e4a6c78d441e8af19590e/config.json,/backbone_config,full_attention,1024,16,2,64,4096,hidden_size/heads 推导,配置层；drop/truncation/运行路径另行核验
MiniCPM-RobotTrack,backbone_config,12,80d32d0b091c3b340a1e4a6c78d441e8af19590e,https://huggingface.co/openbmb/MiniCPM-RobotTrack/resolve/80d32d0b091c3b340a1e4a6c78d441e8af19590e/config.json,/backbone_config,full_attention,1024,16,2,64,4096,hidden_size/heads 推导,配置层；drop/truncation/运行路径另行核验
MiniCPM-RobotTrack,backbone_config,13,80d32d0b091c3b340a1e4a6c78d441e8af19590e,https://huggingface.co/openbmb/MiniCPM-RobotTrack/resolve/80d32d0b091c3b340a1e4a6c78d441e8af19590e/config.json,/backbone_config,full_attention,1024,16,2,64,4096,hidden_size/heads 推导,配置层；drop/truncation/运行路径另行核验
MiniCPM-RobotTrack,backbone_config,14,80d32d0b091c3b340a1e4a6c78d441e8af19590e,https://huggingface.co/openbmb/MiniCPM-RobotTrack/resolve/80d32d0b091c3b340a1e4a6c78d441e8af19590e/config.json,/backbone_config,full_attention,1024,16,2,64,4096,hidden_size/heads 推导,配置层；drop/truncation/运行路径另行核验
MiniCPM-RobotTrack,backbone_config,15,80d32d0b091c3b340a1e4a6c78d441e8af19590e,https://huggingface.co/openbmb/MiniCPM-RobotTrack/resolve/80d32d0b091c3b340a1e4a6c78d441e8af19590e/config.json,/backbone_config,full_attention,1024,16,2,64,4096,hidden_size/heads 推导,配置层；drop/truncation/运行路径另行核验
MiniCPM-RobotTrack,backbone_config,16,80d32d0b091c3b340a1e4a6c78d441e8af19590e,https://huggingface.co/openbmb/MiniCPM-RobotTrack/resolve/80d32d0b091c3b340a1e4a6c78d441e8af19590e/config.json,/backbone_config,full_attention,1024,16,2,64,4096,hidden_size/heads 推导,配置层；drop/truncation/运行路径另行核验
MiniCPM-RobotTrack,backbone_config,17,80d32d0b091c3b340a1e4a6c78d441e8af19590e,https://huggingface.co/openbmb/MiniCPM-RobotTrack/resolve/80d32d0b091c3b340a1e4a6c78d441e8af19590e/config.json,/backbone_config,full_attention,1024,16,2,64,4096,hidden_size/heads 推导,配置层；drop/truncation/运行路径另行核验
MiniCPM-RobotTrack,backbone_config,18,80d32d0b091c3b340a1e4a6c78d441e8af19590e,https://huggingface.co/openbmb/MiniCPM-RobotTrack/resolve/80d32d0b091c3b340a1e4a6c78d441e8af19590e/config.json,/backbone_config,full_attention,1024,16,2,64,4096,hidden_size/heads 推导,配置层；drop/truncation/运行路径另行核验
MiniCPM-RobotTrack,backbone_config,19,80d32d0b091c3b340a1e4a6c78d441e8af19590e,https://huggingface.co/openbmb/MiniCPM-RobotTrack/resolve/80d32d0b091c3b340a1e4a6c78d441e8af19590e/config.json,/backbone_config,full_attention,1024,16,2,64,4096,hidden_size/heads 推导,配置层；drop/truncation/运行路径另行核验
MiniCPM-RobotTrack,backbone_config,20,80d32d0b091c3b340a1e4a6c78d441e8af19590e,https://huggingface.co/openbmb/MiniCPM-RobotTrack/resolve/80d32d0b091c3b340a1e4a6c78d441e8af19590e/config.json,/backbone_config,full_attention,1024,16,2,64,4096,hidden_size/heads 推导,配置层；drop/truncation/运行路径另行核验
MiniCPM-RobotTrack,backbone_config,21,80d32d0b091c3b340a1e4a6c78d441e8af19590e,https://huggingface.co/openbmb/MiniCPM-RobotTrack/resolve/80d32d0b091c3b340a1e4a6c78d441e8af19590e/config.json,/backbone_config,full_attention,1024,16,2,64,4096,hidden_size/heads 推导,配置层；drop/truncation/运行路径另行核验
MiniCPM-RobotTrack,backbone_config,22,80d32d0b091c3b340a1e4a6c78d441e8af19590e,https://huggingface.co/openbmb/MiniCPM-RobotTrack/resolve/80d32d0b091c3b340a1e4a6c78d441e8af19590e/config.json,/backbone_config,full_attention,1024,16,2,64,4096,hidden_size/heads 推导,配置层；drop/truncation/运行路径另行核验
MiniCPM-RobotTrack,backbone_config,23,80d32d0b091c3b340a1e4a6c78d441e8af19590e,https://huggingface.co/openbmb/MiniCPM-RobotTrack/resolve/80d32d0b091c3b340a1e4a6c78d441e8af19590e/config.json,/backbone_config,full_attention,1024,16,2,64,4096,hidden_size/heads 推导,配置层；drop/truncation/运行路径另行核验
MiniCPM-RobotTrack,backbone_config,24,80d32d0b091c3b340a1e4a6c78d441e8af19590e,https://huggingface.co/openbmb/MiniCPM-RobotTrack/resolve/80d32d0b091c3b340a1e4a6c78d441e8af19590e/config.json,/backbone_config,full_attention,1024,16,2,64,4096,hidden_size/heads 推导,配置层；drop/truncation/运行路径另行核验
AgentCPM-Explore,root,1,f528bbb55317bd291387ba3347551dd3414e698e,https://huggingface.co/openbmb/AgentCPM-Explore/resolve/f528bbb55317bd291387ba3347551dd3414e698e/config.json,/,full_attention,2560,32,8,128,9728,config,配置层；drop/truncation/运行路径另行核验
AgentCPM-Explore,root,2,f528bbb55317bd291387ba3347551dd3414e698e,https://huggingface.co/openbmb/AgentCPM-Explore/resolve/f528bbb55317bd291387ba3347551dd3414e698e/config.json,/,full_attention,2560,32,8,128,9728,config,配置层；drop/truncation/运行路径另行核验
AgentCPM-Explore,root,3,f528bbb55317bd291387ba3347551dd3414e698e,https://huggingface.co/openbmb/AgentCPM-Explore/resolve/f528bbb55317bd291387ba3347551dd3414e698e/config.json,/,full_attention,2560,32,8,128,9728,config,配置层；drop/truncation/运行路径另行核验
AgentCPM-Explore,root,4,f528bbb55317bd291387ba3347551dd3414e698e,https://huggingface.co/openbmb/AgentCPM-Explore/resolve/f528bbb55317bd291387ba3347551dd3414e698e/config.json,/,full_attention,2560,32,8,128,9728,config,配置层；drop/truncation/运行路径另行核验
AgentCPM-Explore,root,5,f528bbb55317bd291387ba3347551dd3414e698e,https://huggingface.co/openbmb/AgentCPM-Explore/resolve/f528bbb55317bd291387ba3347551dd3414e698e/config.json,/,full_attention,2560,32,8,128,9728,config,配置层；drop/truncation/运行路径另行核验
AgentCPM-Explore,root,6,f528bbb55317bd291387ba3347551dd3414e698e,https://huggingface.co/openbmb/AgentCPM-Explore/resolve/f528bbb55317bd291387ba3347551dd3414e698e/config.json,/,full_attention,2560,32,8,128,9728,config,配置层；drop/truncation/运行路径另行核验
AgentCPM-Explore,root,7,f528bbb55317bd291387ba3347551dd3414e698e,https://huggingface.co/openbmb/AgentCPM-Explore/resolve/f528bbb55317bd291387ba3347551dd3414e698e/config.json,/,full_attention,2560,32,8,128,9728,config,配置层；drop/truncation/运行路径另行核验
AgentCPM-Explore,root,8,f528bbb55317bd291387ba3347551dd3414e698e,https://huggingface.co/openbmb/AgentCPM-Explore/resolve/f528bbb55317bd291387ba3347551dd3414e698e/config.json,/,full_attention,2560,32,8,128,9728,config,配置层；drop/truncation/运行路径另行核验
AgentCPM-Explore,root,9,f528bbb55317bd291387ba3347551dd3414e698e,https://huggingface.co/openbmb/AgentCPM-Explore/resolve/f528bbb55317bd291387ba3347551dd3414e698e/config.json,/,full_attention,2560,32,8,128,9728,config,配置层；drop/truncation/运行路径另行核验
AgentCPM-Explore,root,10,f528bbb55317bd291387ba3347551dd3414e698e,https://huggingface.co/openbmb/AgentCPM-Explore/resolve/f528bbb55317bd291387ba3347551dd3414e698e/config.json,/,full_attention,2560,32,8,128,9728,config,配置层；drop/truncation/运行路径另行核验
AgentCPM-Explore,root,11,f528bbb55317bd291387ba3347551dd3414e698e,https://huggingface.co/openbmb/AgentCPM-Explore/resolve/f528bbb55317bd291387ba3347551dd3414e698e/config.json,/,full_attention,2560,32,8,128,9728,config,配置层；drop/truncation/运行路径另行核验
AgentCPM-Explore,root,12,f528bbb55317bd291387ba3347551dd3414e698e,https://huggingface.co/openbmb/AgentCPM-Explore/resolve/f528bbb55317bd291387ba3347551dd3414e698e/config.json,/,full_attention,2560,32,8,128,9728,config,配置层；drop/truncation/运行路径另行核验
AgentCPM-Explore,root,13,f528bbb55317bd291387ba3347551dd3414e698e,https://huggingface.co/openbmb/AgentCPM-Explore/resolve/f528bbb55317bd291387ba3347551dd3414e698e/config.json,/,full_attention,2560,32,8,128,9728,config,配置层；drop/truncation/运行路径另行核验
AgentCPM-Explore,root,14,f528bbb55317bd291387ba3347551dd3414e698e,https://huggingface.co/openbmb/AgentCPM-Explore/resolve/f528bbb55317bd291387ba3347551dd3414e698e/config.json,/,full_attention,2560,32,8,128,9728,config,配置层；drop/truncation/运行路径另行核验
AgentCPM-Explore,root,15,f528bbb55317bd291387ba3347551dd3414e698e,https://huggingface.co/openbmb/AgentCPM-Explore/resolve/f528bbb55317bd291387ba3347551dd3414e698e/config.json,/,full_attention,2560,32,8,128,9728,config,配置层；drop/truncation/运行路径另行核验
AgentCPM-Explore,root,16,f528bbb55317bd291387ba3347551dd3414e698e,https://huggingface.co/openbmb/AgentCPM-Explore/resolve/f528bbb55317bd291387ba3347551dd3414e698e/config.json,/,full_attention,2560,32,8,128,9728,config,配置层；drop/truncation/运行路径另行核验
AgentCPM-Explore,root,17,f528bbb55317bd291387ba3347551dd3414e698e,https://huggingface.co/openbmb/AgentCPM-Explore/resolve/f528bbb55317bd291387ba3347551dd3414e698e/config.json,/,full_attention,2560,32,8,128,9728,config,配置层；drop/truncation/运行路径另行核验
AgentCPM-Explore,root,18,f528bbb55317bd291387ba3347551dd3414e698e,https://huggingface.co/openbmb/AgentCPM-Explore/resolve/f528bbb55317bd291387ba3347551dd3414e698e/config.json,/,full_attention,2560,32,8,128,9728,config,配置层；drop/truncation/运行路径另行核验
AgentCPM-Explore,root,19,f528bbb55317bd291387ba3347551dd3414e698e,https://huggingface.co/openbmb/AgentCPM-Explore/resolve/f528bbb55317bd291387ba3347551dd3414e698e/config.json,/,full_attention,2560,32,8,128,9728,config,配置层；drop/truncation/运行路径另行核验
AgentCPM-Explore,root,20,f528bbb55317bd291387ba3347551dd3414e698e,https://huggingface.co/openbmb/AgentCPM-Explore/resolve/f528bbb55317bd291387ba3347551dd3414e698e/config.json,/,full_attention,2560,32,8,128,9728,config,配置层；drop/truncation/运行路径另行核验
AgentCPM-Explore,root,21,f528bbb55317bd291387ba3347551dd3414e698e,https://huggingface.co/openbmb/AgentCPM-Explore/resolve/f528bbb55317bd291387ba3347551dd3414e698e/config.json,/,full_attention,2560,32,8,128,9728,config,配置层；drop/truncation/运行路径另行核验
AgentCPM-Explore,root,22,f528bbb55317bd291387ba3347551dd3414e698e,https://huggingface.co/openbmb/AgentCPM-Explore/resolve/f528bbb55317bd291387ba3347551dd3414e698e/config.json,/,full_attention,2560,32,8,128,9728,config,配置层；drop/truncation/运行路径另行核验
AgentCPM-Explore,root,23,f528bbb55317bd291387ba3347551dd3414e698e,https://huggingface.co/openbmb/AgentCPM-Explore/resolve/f528bbb55317bd291387ba3347551dd3414e698e/config.json,/,full_attention,2560,32,8,128,9728,config,配置层；drop/truncation/运行路径另行核验
AgentCPM-Explore,root,24,f528bbb55317bd291387ba3347551dd3414e698e,https://huggingface.co/openbmb/AgentCPM-Explore/resolve/f528bbb55317bd291387ba3347551dd3414e698e/config.json,/,full_attention,2560,32,8,128,9728,config,配置层；drop/truncation/运行路径另行核验
AgentCPM-Explore,root,25,f528bbb55317bd291387ba3347551dd3414e698e,https://huggingface.co/openbmb/AgentCPM-Explore/resolve/f528bbb55317bd291387ba3347551dd3414e698e/config.json,/,full_attention,2560,32,8,128,9728,config,配置层；drop/truncation/运行路径另行核验
AgentCPM-Explore,root,26,f528bbb55317bd291387ba3347551dd3414e698e,https://huggingface.co/openbmb/AgentCPM-Explore/resolve/f528bbb55317bd291387ba3347551dd3414e698e/config.json,/,full_attention,2560,32,8,128,9728,config,配置层；drop/truncation/运行路径另行核验
AgentCPM-Explore,root,27,f528bbb55317bd291387ba3347551dd3414e698e,https://huggingface.co/openbmb/AgentCPM-Explore/resolve/f528bbb55317bd291387ba3347551dd3414e698e/config.json,/,full_attention,2560,32,8,128,9728,config,配置层；drop/truncation/运行路径另行核验
AgentCPM-Explore,root,28,f528bbb55317bd291387ba3347551dd3414e698e,https://huggingface.co/openbmb/AgentCPM-Explore/resolve/f528bbb55317bd291387ba3347551dd3414e698e/config.json,/,full_attention,2560,32,8,128,9728,config,配置层；drop/truncation/运行路径另行核验
AgentCPM-Explore,root,29,f528bbb55317bd291387ba3347551dd3414e698e,https://huggingface.co/openbmb/AgentCPM-Explore/resolve/f528bbb55317bd291387ba3347551dd3414e698e/config.json,/,full_attention,2560,32,8,128,9728,config,配置层；drop/truncation/运行路径另行核验
AgentCPM-Explore,root,30,f528bbb55317bd291387ba3347551dd3414e698e,https://huggingface.co/openbmb/AgentCPM-Explore/resolve/f528bbb55317bd291387ba3347551dd3414e698e/config.json,/,full_attention,2560,32,8,128,9728,config,配置层；drop/truncation/运行路径另行核验
AgentCPM-Explore,root,31,f528bbb55317bd291387ba3347551dd3414e698e,https://huggingface.co/openbmb/AgentCPM-Explore/resolve/f528bbb55317bd291387ba3347551dd3414e698e/config.json,/,full_attention,2560,32,8,128,9728,config,配置层；drop/truncation/运行路径另行核验
AgentCPM-Explore,root,32,f528bbb55317bd291387ba3347551dd3414e698e,https://huggingface.co/openbmb/AgentCPM-Explore/resolve/f528bbb55317bd291387ba3347551dd3414e698e/config.json,/,full_attention,2560,32,8,128,9728,config,配置层；drop/truncation/运行路径另行核验
AgentCPM-Explore,root,33,f528bbb55317bd291387ba3347551dd3414e698e,https://huggingface.co/openbmb/AgentCPM-Explore/resolve/f528bbb55317bd291387ba3347551dd3414e698e/config.json,/,full_attention,2560,32,8,128,9728,config,配置层；drop/truncation/运行路径另行核验
AgentCPM-Explore,root,34,f528bbb55317bd291387ba3347551dd3414e698e,https://huggingface.co/openbmb/AgentCPM-Explore/resolve/f528bbb55317bd291387ba3347551dd3414e698e/config.json,/,full_attention,2560,32,8,128,9728,config,配置层；drop/truncation/运行路径另行核验
AgentCPM-Explore,root,35,f528bbb55317bd291387ba3347551dd3414e698e,https://huggingface.co/openbmb/AgentCPM-Explore/resolve/f528bbb55317bd291387ba3347551dd3414e698e/config.json,/,full_attention,2560,32,8,128,9728,config,配置层；drop/truncation/运行路径另行核验
AgentCPM-Explore,root,36,f528bbb55317bd291387ba3347551dd3414e698e,https://huggingface.co/openbmb/AgentCPM-Explore/resolve/f528bbb55317bd291387ba3347551dd3414e698e/config.json,/,full_attention,2560,32,8,128,9728,config,配置层；drop/truncation/运行路径另行核验
AgentCPM-Report,root,1,c6232d64a47ccfa0c4aed240d325cbc0fb9cbc62,https://huggingface.co/openbmb/AgentCPM-Report/resolve/c6232d64a47ccfa0c4aed240d325cbc0fb9cbc62/config.json,/,full_attention,4096,32,2,128,16384,hidden_size/heads 推导,配置层；drop/truncation/运行路径另行核验
AgentCPM-Report,root,2,c6232d64a47ccfa0c4aed240d325cbc0fb9cbc62,https://huggingface.co/openbmb/AgentCPM-Report/resolve/c6232d64a47ccfa0c4aed240d325cbc0fb9cbc62/config.json,/,full_attention,4096,32,2,128,16384,hidden_size/heads 推导,配置层；drop/truncation/运行路径另行核验
AgentCPM-Report,root,3,c6232d64a47ccfa0c4aed240d325cbc0fb9cbc62,https://huggingface.co/openbmb/AgentCPM-Report/resolve/c6232d64a47ccfa0c4aed240d325cbc0fb9cbc62/config.json,/,full_attention,4096,32,2,128,16384,hidden_size/heads 推导,配置层；drop/truncation/运行路径另行核验
AgentCPM-Report,root,4,c6232d64a47ccfa0c4aed240d325cbc0fb9cbc62,https://huggingface.co/openbmb/AgentCPM-Report/resolve/c6232d64a47ccfa0c4aed240d325cbc0fb9cbc62/config.json,/,full_attention,4096,32,2,128,16384,hidden_size/heads 推导,配置层；drop/truncation/运行路径另行核验
AgentCPM-Report,root,5,c6232d64a47ccfa0c4aed240d325cbc0fb9cbc62,https://huggingface.co/openbmb/AgentCPM-Report/resolve/c6232d64a47ccfa0c4aed240d325cbc0fb9cbc62/config.json,/,full_attention,4096,32,2,128,16384,hidden_size/heads 推导,配置层；drop/truncation/运行路径另行核验
AgentCPM-Report,root,6,c6232d64a47ccfa0c4aed240d325cbc0fb9cbc62,https://huggingface.co/openbmb/AgentCPM-Report/resolve/c6232d64a47ccfa0c4aed240d325cbc0fb9cbc62/config.json,/,full_attention,4096,32,2,128,16384,hidden_size/heads 推导,配置层；drop/truncation/运行路径另行核验
AgentCPM-Report,root,7,c6232d64a47ccfa0c4aed240d325cbc0fb9cbc62,https://huggingface.co/openbmb/AgentCPM-Report/resolve/c6232d64a47ccfa0c4aed240d325cbc0fb9cbc62/config.json,/,full_attention,4096,32,2,128,16384,hidden_size/heads 推导,配置层；drop/truncation/运行路径另行核验
AgentCPM-Report,root,8,c6232d64a47ccfa0c4aed240d325cbc0fb9cbc62,https://huggingface.co/openbmb/AgentCPM-Report/resolve/c6232d64a47ccfa0c4aed240d325cbc0fb9cbc62/config.json,/,full_attention,4096,32,2,128,16384,hidden_size/heads 推导,配置层；drop/truncation/运行路径另行核验
AgentCPM-Report,root,9,c6232d64a47ccfa0c4aed240d325cbc0fb9cbc62,https://huggingface.co/openbmb/AgentCPM-Report/resolve/c6232d64a47ccfa0c4aed240d325cbc0fb9cbc62/config.json,/,full_attention,4096,32,2,128,16384,hidden_size/heads 推导,配置层；drop/truncation/运行路径另行核验
AgentCPM-Report,root,10,c6232d64a47ccfa0c4aed240d325cbc0fb9cbc62,https://huggingface.co/openbmb/AgentCPM-Report/resolve/c6232d64a47ccfa0c4aed240d325cbc0fb9cbc62/config.json,/,full_attention,4096,32,2,128,16384,hidden_size/heads 推导,配置层；drop/truncation/运行路径另行核验
AgentCPM-Report,root,11,c6232d64a47ccfa0c4aed240d325cbc0fb9cbc62,https://huggingface.co/openbmb/AgentCPM-Report/resolve/c6232d64a47ccfa0c4aed240d325cbc0fb9cbc62/config.json,/,full_attention,4096,32,2,128,16384,hidden_size/heads 推导,配置层；drop/truncation/运行路径另行核验
AgentCPM-Report,root,12,c6232d64a47ccfa0c4aed240d325cbc0fb9cbc62,https://huggingface.co/openbmb/AgentCPM-Report/resolve/c6232d64a47ccfa0c4aed240d325cbc0fb9cbc62/config.json,/,full_attention,4096,32,2,128,16384,hidden_size/heads 推导,配置层；drop/truncation/运行路径另行核验
AgentCPM-Report,root,13,c6232d64a47ccfa0c4aed240d325cbc0fb9cbc62,https://huggingface.co/openbmb/AgentCPM-Report/resolve/c6232d64a47ccfa0c4aed240d325cbc0fb9cbc62/config.json,/,full_attention,4096,32,2,128,16384,hidden_size/heads 推导,配置层；drop/truncation/运行路径另行核验
AgentCPM-Report,root,14,c6232d64a47ccfa0c4aed240d325cbc0fb9cbc62,https://huggingface.co/openbmb/AgentCPM-Report/resolve/c6232d64a47ccfa0c4aed240d325cbc0fb9cbc62/config.json,/,full_attention,4096,32,2,128,16384,hidden_size/heads 推导,配置层；drop/truncation/运行路径另行核验
AgentCPM-Report,root,15,c6232d64a47ccfa0c4aed240d325cbc0fb9cbc62,https://huggingface.co/openbmb/AgentCPM-Report/resolve/c6232d64a47ccfa0c4aed240d325cbc0fb9cbc62/config.json,/,full_attention,4096,32,2,128,16384,hidden_size/heads 推导,配置层；drop/truncation/运行路径另行核验
AgentCPM-Report,root,16,c6232d64a47ccfa0c4aed240d325cbc0fb9cbc62,https://huggingface.co/openbmb/AgentCPM-Report/resolve/c6232d64a47ccfa0c4aed240d325cbc0fb9cbc62/config.json,/,full_attention,4096,32,2,128,16384,hidden_size/heads 推导,配置层；drop/truncation/运行路径另行核验
AgentCPM-Report,root,17,c6232d64a47ccfa0c4aed240d325cbc0fb9cbc62,https://huggingface.co/openbmb/AgentCPM-Report/resolve/c6232d64a47ccfa0c4aed240d325cbc0fb9cbc62/config.json,/,full_attention,4096,32,2,128,16384,hidden_size/heads 推导,配置层；drop/truncation/运行路径另行核验
AgentCPM-Report,root,18,c6232d64a47ccfa0c4aed240d325cbc0fb9cbc62,https://huggingface.co/openbmb/AgentCPM-Report/resolve/c6232d64a47ccfa0c4aed240d325cbc0fb9cbc62/config.json,/,full_attention,4096,32,2,128,16384,hidden_size/heads 推导,配置层；drop/truncation/运行路径另行核验
AgentCPM-Report,root,19,c6232d64a47ccfa0c4aed240d325cbc0fb9cbc62,https://huggingface.co/openbmb/AgentCPM-Report/resolve/c6232d64a47ccfa0c4aed240d325cbc0fb9cbc62/config.json,/,full_attention,4096,32,2,128,16384,hidden_size/heads 推导,配置层；drop/truncation/运行路径另行核验
AgentCPM-Report,root,20,c6232d64a47ccfa0c4aed240d325cbc0fb9cbc62,https://huggingface.co/openbmb/AgentCPM-Report/resolve/c6232d64a47ccfa0c4aed240d325cbc0fb9cbc62/config.json,/,full_attention,4096,32,2,128,16384,hidden_size/heads 推导,配置层；drop/truncation/运行路径另行核验
AgentCPM-Report,root,21,c6232d64a47ccfa0c4aed240d325cbc0fb9cbc62,https://huggingface.co/openbmb/AgentCPM-Report/resolve/c6232d64a47ccfa0c4aed240d325cbc0fb9cbc62/config.json,/,full_attention,4096,32,2,128,16384,hidden_size/heads 推导,配置层；drop/truncation/运行路径另行核验
AgentCPM-Report,root,22,c6232d64a47ccfa0c4aed240d325cbc0fb9cbc62,https://huggingface.co/openbmb/AgentCPM-Report/resolve/c6232d64a47ccfa0c4aed240d325cbc0fb9cbc62/config.json,/,full_attention,4096,32,2,128,16384,hidden_size/heads 推导,配置层；drop/truncation/运行路径另行核验
AgentCPM-Report,root,23,c6232d64a47ccfa0c4aed240d325cbc0fb9cbc62,https://huggingface.co/openbmb/AgentCPM-Report/resolve/c6232d64a47ccfa0c4aed240d325cbc0fb9cbc62/config.json,/,full_attention,4096,32,2,128,16384,hidden_size/heads 推导,配置层；drop/truncation/运行路径另行核验
AgentCPM-Report,root,24,c6232d64a47ccfa0c4aed240d325cbc0fb9cbc62,https://huggingface.co/openbmb/AgentCPM-Report/resolve/c6232d64a47ccfa0c4aed240d325cbc0fb9cbc62/config.json,/,full_attention,4096,32,2,128,16384,hidden_size/heads 推导,配置层；drop/truncation/运行路径另行核验
AgentCPM-Report,root,25,c6232d64a47ccfa0c4aed240d325cbc0fb9cbc62,https://huggingface.co/openbmb/AgentCPM-Report/resolve/c6232d64a47ccfa0c4aed240d325cbc0fb9cbc62/config.json,/,full_attention,4096,32,2,128,16384,hidden_size/heads 推导,配置层；drop/truncation/运行路径另行核验
AgentCPM-Report,root,26,c6232d64a47ccfa0c4aed240d325cbc0fb9cbc62,https://huggingface.co/openbmb/AgentCPM-Report/resolve/c6232d64a47ccfa0c4aed240d325cbc0fb9cbc62/config.json,/,full_attention,4096,32,2,128,16384,hidden_size/heads 推导,配置层；drop/truncation/运行路径另行核验
AgentCPM-Report,root,27,c6232d64a47ccfa0c4aed240d325cbc0fb9cbc62,https://huggingface.co/openbmb/AgentCPM-Report/resolve/c6232d64a47ccfa0c4aed240d325cbc0fb9cbc62/config.json,/,full_attention,4096,32,2,128,16384,hidden_size/heads 推导,配置层；drop/truncation/运行路径另行核验
AgentCPM-Report,root,28,c6232d64a47ccfa0c4aed240d325cbc0fb9cbc62,https://huggingface.co/openbmb/AgentCPM-Report/resolve/c6232d64a47ccfa0c4aed240d325cbc0fb9cbc62/config.json,/,full_attention,4096,32,2,128,16384,hidden_size/heads 推导,配置层；drop/truncation/运行路径另行核验
AgentCPM-Report,root,29,c6232d64a47ccfa0c4aed240d325cbc0fb9cbc62,https://huggingface.co/openbmb/AgentCPM-Report/resolve/c6232d64a47ccfa0c4aed240d325cbc0fb9cbc62/config.json,/,full_attention,4096,32,2,128,16384,hidden_size/heads 推导,配置层；drop/truncation/运行路径另行核验
AgentCPM-Report,root,30,c6232d64a47ccfa0c4aed240d325cbc0fb9cbc62,https://huggingface.co/openbmb/AgentCPM-Report/resolve/c6232d64a47ccfa0c4aed240d325cbc0fb9cbc62/config.json,/,full_attention,4096,32,2,128,16384,hidden_size/heads 推导,配置层；drop/truncation/运行路径另行核验
AgentCPM-Report,root,31,c6232d64a47ccfa0c4aed240d325cbc0fb9cbc62,https://huggingface.co/openbmb/AgentCPM-Report/resolve/c6232d64a47ccfa0c4aed240d325cbc0fb9cbc62/config.json,/,full_attention,4096,32,2,128,16384,hidden_size/heads 推导,配置层；drop/truncation/运行路径另行核验
AgentCPM-Report,root,32,c6232d64a47ccfa0c4aed240d325cbc0fb9cbc62,https://huggingface.co/openbmb/AgentCPM-Report/resolve/c6232d64a47ccfa0c4aed240d325cbc0fb9cbc62/config.json,/,full_attention,4096,32,2,128,16384,hidden_size/heads 推导,配置层；drop/truncation/运行路径另行核验
