model_id,model,component,group,source_index_0based,display_layer,type,phase,path,step_id,operation,input_shape,output_shape,dtype,logical_weight_reference_parameters,stored_weight_evidence,source_ids,reference_functions,source_urls,math_relation,duration,scope
r1-distill-llama-8b,DeepSeek-R1-Distill-Llama-8B,decoder-1,decoder,0,1,GQA,prefill,gqa,prefill-gqa-attention-0,逻辑投影：model.layers.{i}.self_attn.q_proj.weight,"x=[B,L_q,4096]; W=[4096,4096]","y=[B,L_q,4096]",激活/中间精度见固定参考函数；存储类型只由文件头证据填写,16777216,本 checkpoint 全分片 header：291 张量；逻辑主干、MTP/DSpark、共享副本和量化元数据分开。未读取权重值或运行模型。,hf-transformers-modeling_llama-py,LlamaAttention.__init__,https://github.com/huggingface/transformers/blob/984bc11b0882ff1e5b34ba717ea357e069ceced9/src/transformers/models/llama/modeling_llama.py#L329-L362,"y=x @ W^T；权重按[输出,输入]；专家模板另用 N_e 动态 token 数",,
r1-distill-llama-8b,DeepSeek-R1-Distill-Llama-8B,decoder-1,decoder,0,1,GQA,prefill,gqa,prefill-gqa-attention-1,逻辑投影：model.layers.{i}.self_attn.k_proj.weight,"x=[B,L_q,4096]; W=[1024,4096]","y=[B,L_q,1024]",激活/中间精度见固定参考函数；存储类型只由文件头证据填写,4194304,本 checkpoint 全分片 header：291 张量；逻辑主干、MTP/DSpark、共享副本和量化元数据分开。未读取权重值或运行模型。,hf-transformers-modeling_llama-py,LlamaAttention.__init__,https://github.com/huggingface/transformers/blob/984bc11b0882ff1e5b34ba717ea357e069ceced9/src/transformers/models/llama/modeling_llama.py#L329-L362,"y=x @ W^T；权重按[输出,输入]；专家模板另用 N_e 动态 token 数",,
r1-distill-llama-8b,DeepSeek-R1-Distill-Llama-8B,decoder-1,decoder,0,1,GQA,prefill,gqa,prefill-gqa-attention-2,逻辑投影：model.layers.{i}.self_attn.v_proj.weight,"x=[B,L_q,4096]; W=[1024,4096]","y=[B,L_q,1024]",激活/中间精度见固定参考函数；存储类型只由文件头证据填写,4194304,本 checkpoint 全分片 header：291 张量；逻辑主干、MTP/DSpark、共享副本和量化元数据分开。未读取权重值或运行模型。,hf-transformers-modeling_llama-py,LlamaAttention.__init__,https://github.com/huggingface/transformers/blob/984bc11b0882ff1e5b34ba717ea357e069ceced9/src/transformers/models/llama/modeling_llama.py#L329-L362,"y=x @ W^T；权重按[输出,输入]；专家模板另用 N_e 动态 token 数",,
r1-distill-llama-8b,DeepSeek-R1-Distill-Llama-8B,decoder-1,decoder,0,1,GQA,prefill,gqa,prefill-gqa-attention-3,逻辑投影：model.layers.{i}.self_attn.o_proj.weight,"x=[B,L_q,4096]; W=[4096,4096]","y=[B,L_q,4096]",激活/中间精度见固定参考函数；存储类型只由文件头证据填写,16777216,本 checkpoint 全分片 header：291 张量；逻辑主干、MTP/DSpark、共享副本和量化元数据分开。未读取权重值或运行模型。,hf-transformers-modeling_llama-py,LlamaAttention.__init__,https://github.com/huggingface/transformers/blob/984bc11b0882ff1e5b34ba717ea357e069ceced9/src/transformers/models/llama/modeling_llama.py#L329-L362,"y=x @ W^T；权重按[输出,输入]；专家模板另用 N_e 动态 token 数",,
r1-distill-llama-8b,DeepSeek-R1-Distill-Llama-8B,decoder-1,decoder,0,1,GQA,prefill,gqa,prefill-gqa-ffn-0,逻辑投影：model.layers.{i}.mlp.gate_proj.weight,"x=[B,L_q,4096]; W=[14336,4096]","y=[B,L_q,14336]",激活/中间精度见固定参考函数；存储类型只由文件头证据填写,58720256,本 checkpoint 全分片 header：291 张量；逻辑主干、MTP/DSpark、共享副本和量化元数据分开。未读取权重值或运行模型。,hf-transformers-modeling_llama-py,LlamaMLP.__init__,https://github.com/huggingface/transformers/blob/984bc11b0882ff1e5b34ba717ea357e069ceced9/src/transformers/models/llama/modeling_llama.py#L281-L289,"y=x @ W^T；权重按[输出,输入]；专家模板另用 N_e 动态 token 数",,
r1-distill-llama-8b,DeepSeek-R1-Distill-Llama-8B,decoder-1,decoder,0,1,GQA,prefill,gqa,prefill-gqa-ffn-1,逻辑投影：model.layers.{i}.mlp.up_proj.weight,"x=[B,L_q,4096]; W=[14336,4096]","y=[B,L_q,14336]",激活/中间精度见固定参考函数；存储类型只由文件头证据填写,58720256,本 checkpoint 全分片 header：291 张量；逻辑主干、MTP/DSpark、共享副本和量化元数据分开。未读取权重值或运行模型。,hf-transformers-modeling_llama-py,LlamaMLP.__init__,https://github.com/huggingface/transformers/blob/984bc11b0882ff1e5b34ba717ea357e069ceced9/src/transformers/models/llama/modeling_llama.py#L281-L289,"y=x @ W^T；权重按[输出,输入]；专家模板另用 N_e 动态 token 数",,
r1-distill-llama-8b,DeepSeek-R1-Distill-Llama-8B,decoder-1,decoder,0,1,GQA,prefill,gqa,prefill-gqa-ffn-2,逻辑投影：model.layers.{i}.mlp.down_proj.weight,"x=[B,L_q,14336]; W=[4096,14336]","y=[B,L_q,4096]",激活/中间精度见固定参考函数；存储类型只由文件头证据填写,58720256,本 checkpoint 全分片 header：291 张量；逻辑主干、MTP/DSpark、共享副本和量化元数据分开。未读取权重值或运行模型。,hf-transformers-modeling_llama-py,LlamaMLP.__init__,https://github.com/huggingface/transformers/blob/984bc11b0882ff1e5b34ba717ea357e069ceced9/src/transformers/models/llama/modeling_llama.py#L281-L289,"y=x @ W^T；权重按[输出,输入]；专家模板另用 N_e 动态 token 数",,
r1-distill-llama-8b,DeepSeek-R1-Distill-Llama-8B,decoder-1,decoder,0,1,GQA,prefill,gqa,prefill-gqa-norm-0,向量参数：model.layers.{i}.input_layernorm.weight,parameter=[4096],parameter=[4096],激活/中间精度见固定参考函数；存储类型只由文件头证据填写,4096,本 checkpoint 全分片 header：291 张量；逻辑主干、MTP/DSpark、共享副本和量化元数据分开。未读取权重值或运行模型。,hf-transformers-modeling_llama-py,LlamaDecoderLayer.__init__,https://github.com/huggingface/transformers/blob/984bc11b0882ff1e5b34ba717ea357e069ceced9/src/transformers/models/llama/modeling_llama.py#L685-L693,参数声明；具体 norm、bias、sink 或 mix scale 计算由后续数据流说明,,
r1-distill-llama-8b,DeepSeek-R1-Distill-Llama-8B,decoder-1,decoder,0,1,GQA,prefill,gqa,prefill-gqa-norm-1,向量参数：model.layers.{i}.post_attention_layernorm.weight,parameter=[4096],parameter=[4096],激活/中间精度见固定参考函数；存储类型只由文件头证据填写,4096,本 checkpoint 全分片 header：291 张量；逻辑主干、MTP/DSpark、共享副本和量化元数据分开。未读取权重值或运行模型。,hf-transformers-modeling_llama-py,LlamaDecoderLayer.__init__,https://github.com/huggingface/transformers/blob/984bc11b0882ff1e5b34ba717ea357e069ceced9/src/transformers/models/llama/modeling_llama.py#L685-L693,参数声明；具体 norm、bias、sink 或 mix scale 计算由后续数据流说明,,
r1-distill-llama-8b,DeepSeek-R1-Distill-Llama-8B,decoder-1,decoder,0,1,GQA,prefill,gqa,prefill-gqa-gqa-scores,GQA Key/Value 广播与 attention,"Q=[B,32,L_q,128]; K_cache=[B,8,L_kv,128]; V_cache=[B,8,L_kv,128]","scores=[B,32,L_q,L_kv]; out=[B,32,L_q,128]",激活/中间精度见固定参考函数；存储类型只由文件头证据填写,0,本 checkpoint 全分片 header：291 张量；逻辑主干、MTP/DSpark、共享副本和量化元数据分开。未读取权重值或运行模型。,hf-transformers-modeling_llama-py,LlamaAttention.forward,https://github.com/huggingface/transformers/blob/984bc11b0882ff1e5b34ba717ea357e069ceced9/src/transformers/models/llama/modeling_llama.py#L364-L455,RoPE → cache.update → repeat_kv(N_head/N_KV) → QK^T/√D → mask/FP32 softmax → PV,,参考 eager 数学路径；实际 SDPA/FlashAttention、分页与设备分派另核验
r1-distill-llama-8b,DeepSeek-R1-Distill-Llama-8B,decoder-1,decoder,0,1,GQA,prefill,gqa,prefill-gqa-swiglu,Dense SwiGLU,"gate=[N_tok,14336]; up=[N_tok,14336]","act=[N_tok,14336]",激活/中间精度见固定参考函数；存储类型只由文件头证据填写,0,本 checkpoint 全分片 header：291 张量；逻辑主干、MTP/DSpark、共享副本和量化元数据分开。未读取权重值或运行模型。,hf-transformers-modeling_llama-py,LlamaMLP.forward,https://github.com/huggingface/transformers/blob/984bc11b0882ff1e5b34ba717ea357e069ceced9/src/transformers/models/llama/modeling_llama.py#L291-L311,SiLU(gate)*up → down；两次 pre-norm residual 分开,,
r1-distill-llama-8b,DeepSeek-R1-Distill-Llama-8B,decoder-1,decoder,0,1,GQA,decode,gqa,decode-gqa-attention-0,逻辑投影：model.layers.{i}.self_attn.q_proj.weight,"x=[B,L_q,4096]; W=[4096,4096]","y=[B,L_q,4096]",激活/中间精度见固定参考函数；存储类型只由文件头证据填写,16777216,本 checkpoint 全分片 header：291 张量；逻辑主干、MTP/DSpark、共享副本和量化元数据分开。未读取权重值或运行模型。,hf-transformers-modeling_llama-py,LlamaAttention.__init__,https://github.com/huggingface/transformers/blob/984bc11b0882ff1e5b34ba717ea357e069ceced9/src/transformers/models/llama/modeling_llama.py#L329-L362,"y=x @ W^T；权重按[输出,输入]；专家模板另用 N_e 动态 token 数",,
r1-distill-llama-8b,DeepSeek-R1-Distill-Llama-8B,decoder-1,decoder,0,1,GQA,decode,gqa,decode-gqa-attention-1,逻辑投影：model.layers.{i}.self_attn.k_proj.weight,"x=[B,L_q,4096]; W=[1024,4096]","y=[B,L_q,1024]",激活/中间精度见固定参考函数；存储类型只由文件头证据填写,4194304,本 checkpoint 全分片 header：291 张量；逻辑主干、MTP/DSpark、共享副本和量化元数据分开。未读取权重值或运行模型。,hf-transformers-modeling_llama-py,LlamaAttention.__init__,https://github.com/huggingface/transformers/blob/984bc11b0882ff1e5b34ba717ea357e069ceced9/src/transformers/models/llama/modeling_llama.py#L329-L362,"y=x @ W^T；权重按[输出,输入]；专家模板另用 N_e 动态 token 数",,
r1-distill-llama-8b,DeepSeek-R1-Distill-Llama-8B,decoder-1,decoder,0,1,GQA,decode,gqa,decode-gqa-attention-2,逻辑投影：model.layers.{i}.self_attn.v_proj.weight,"x=[B,L_q,4096]; W=[1024,4096]","y=[B,L_q,1024]",激活/中间精度见固定参考函数；存储类型只由文件头证据填写,4194304,本 checkpoint 全分片 header：291 张量；逻辑主干、MTP/DSpark、共享副本和量化元数据分开。未读取权重值或运行模型。,hf-transformers-modeling_llama-py,LlamaAttention.__init__,https://github.com/huggingface/transformers/blob/984bc11b0882ff1e5b34ba717ea357e069ceced9/src/transformers/models/llama/modeling_llama.py#L329-L362,"y=x @ W^T；权重按[输出,输入]；专家模板另用 N_e 动态 token 数",,
r1-distill-llama-8b,DeepSeek-R1-Distill-Llama-8B,decoder-1,decoder,0,1,GQA,decode,gqa,decode-gqa-attention-3,逻辑投影：model.layers.{i}.self_attn.o_proj.weight,"x=[B,L_q,4096]; W=[4096,4096]","y=[B,L_q,4096]",激活/中间精度见固定参考函数；存储类型只由文件头证据填写,16777216,本 checkpoint 全分片 header：291 张量；逻辑主干、MTP/DSpark、共享副本和量化元数据分开。未读取权重值或运行模型。,hf-transformers-modeling_llama-py,LlamaAttention.__init__,https://github.com/huggingface/transformers/blob/984bc11b0882ff1e5b34ba717ea357e069ceced9/src/transformers/models/llama/modeling_llama.py#L329-L362,"y=x @ W^T；权重按[输出,输入]；专家模板另用 N_e 动态 token 数",,
r1-distill-llama-8b,DeepSeek-R1-Distill-Llama-8B,decoder-1,decoder,0,1,GQA,decode,gqa,decode-gqa-ffn-0,逻辑投影：model.layers.{i}.mlp.gate_proj.weight,"x=[B,L_q,4096]; W=[14336,4096]","y=[B,L_q,14336]",激活/中间精度见固定参考函数；存储类型只由文件头证据填写,58720256,本 checkpoint 全分片 header：291 张量；逻辑主干、MTP/DSpark、共享副本和量化元数据分开。未读取权重值或运行模型。,hf-transformers-modeling_llama-py,LlamaMLP.__init__,https://github.com/huggingface/transformers/blob/984bc11b0882ff1e5b34ba717ea357e069ceced9/src/transformers/models/llama/modeling_llama.py#L281-L289,"y=x @ W^T；权重按[输出,输入]；专家模板另用 N_e 动态 token 数",,
r1-distill-llama-8b,DeepSeek-R1-Distill-Llama-8B,decoder-1,decoder,0,1,GQA,decode,gqa,decode-gqa-ffn-1,逻辑投影：model.layers.{i}.mlp.up_proj.weight,"x=[B,L_q,4096]; W=[14336,4096]","y=[B,L_q,14336]",激活/中间精度见固定参考函数；存储类型只由文件头证据填写,58720256,本 checkpoint 全分片 header：291 张量；逻辑主干、MTP/DSpark、共享副本和量化元数据分开。未读取权重值或运行模型。,hf-transformers-modeling_llama-py,LlamaMLP.__init__,https://github.com/huggingface/transformers/blob/984bc11b0882ff1e5b34ba717ea357e069ceced9/src/transformers/models/llama/modeling_llama.py#L281-L289,"y=x @ W^T；权重按[输出,输入]；专家模板另用 N_e 动态 token 数",,
r1-distill-llama-8b,DeepSeek-R1-Distill-Llama-8B,decoder-1,decoder,0,1,GQA,decode,gqa,decode-gqa-ffn-2,逻辑投影：model.layers.{i}.mlp.down_proj.weight,"x=[B,L_q,14336]; W=[4096,14336]","y=[B,L_q,4096]",激活/中间精度见固定参考函数；存储类型只由文件头证据填写,58720256,本 checkpoint 全分片 header：291 张量；逻辑主干、MTP/DSpark、共享副本和量化元数据分开。未读取权重值或运行模型。,hf-transformers-modeling_llama-py,LlamaMLP.__init__,https://github.com/huggingface/transformers/blob/984bc11b0882ff1e5b34ba717ea357e069ceced9/src/transformers/models/llama/modeling_llama.py#L281-L289,"y=x @ W^T；权重按[输出,输入]；专家模板另用 N_e 动态 token 数",,
r1-distill-llama-8b,DeepSeek-R1-Distill-Llama-8B,decoder-1,decoder,0,1,GQA,decode,gqa,decode-gqa-norm-0,向量参数：model.layers.{i}.input_layernorm.weight,parameter=[4096],parameter=[4096],激活/中间精度见固定参考函数；存储类型只由文件头证据填写,4096,本 checkpoint 全分片 header：291 张量；逻辑主干、MTP/DSpark、共享副本和量化元数据分开。未读取权重值或运行模型。,hf-transformers-modeling_llama-py,LlamaDecoderLayer.__init__,https://github.com/huggingface/transformers/blob/984bc11b0882ff1e5b34ba717ea357e069ceced9/src/transformers/models/llama/modeling_llama.py#L685-L693,参数声明；具体 norm、bias、sink 或 mix scale 计算由后续数据流说明,,
r1-distill-llama-8b,DeepSeek-R1-Distill-Llama-8B,decoder-1,decoder,0,1,GQA,decode,gqa,decode-gqa-norm-1,向量参数：model.layers.{i}.post_attention_layernorm.weight,parameter=[4096],parameter=[4096],激活/中间精度见固定参考函数；存储类型只由文件头证据填写,4096,本 checkpoint 全分片 header：291 张量；逻辑主干、MTP/DSpark、共享副本和量化元数据分开。未读取权重值或运行模型。,hf-transformers-modeling_llama-py,LlamaDecoderLayer.__init__,https://github.com/huggingface/transformers/blob/984bc11b0882ff1e5b34ba717ea357e069ceced9/src/transformers/models/llama/modeling_llama.py#L685-L693,参数声明；具体 norm、bias、sink 或 mix scale 计算由后续数据流说明,,
r1-distill-llama-8b,DeepSeek-R1-Distill-Llama-8B,decoder-1,decoder,0,1,GQA,decode,gqa,decode-gqa-gqa-scores,GQA Key/Value 广播与 attention,"Q=[B,32,L_q,128]; K_cache=[B,8,L_kv,128]; V_cache=[B,8,L_kv,128]","scores=[B,32,L_q,L_kv]; out=[B,32,L_q,128]",激活/中间精度见固定参考函数；存储类型只由文件头证据填写,0,本 checkpoint 全分片 header：291 张量；逻辑主干、MTP/DSpark、共享副本和量化元数据分开。未读取权重值或运行模型。,hf-transformers-modeling_llama-py,LlamaAttention.forward,https://github.com/huggingface/transformers/blob/984bc11b0882ff1e5b34ba717ea357e069ceced9/src/transformers/models/llama/modeling_llama.py#L364-L455,RoPE → cache.update → repeat_kv(N_head/N_KV) → QK^T/√D → mask/FP32 softmax → PV,,参考 eager 数学路径；实际 SDPA/FlashAttention、分页与设备分派另核验
r1-distill-llama-8b,DeepSeek-R1-Distill-Llama-8B,decoder-1,decoder,0,1,GQA,decode,gqa,decode-gqa-swiglu,Dense SwiGLU,"gate=[N_tok,14336]; up=[N_tok,14336]","act=[N_tok,14336]",激活/中间精度见固定参考函数；存储类型只由文件头证据填写,0,本 checkpoint 全分片 header：291 张量；逻辑主干、MTP/DSpark、共享副本和量化元数据分开。未读取权重值或运行模型。,hf-transformers-modeling_llama-py,LlamaMLP.forward,https://github.com/huggingface/transformers/blob/984bc11b0882ff1e5b34ba717ea357e069ceced9/src/transformers/models/llama/modeling_llama.py#L291-L311,SiLU(gate)*up → down；两次 pre-norm residual 分开,,
r1-distill-llama-8b,DeepSeek-R1-Distill-Llama-8B,decoder-2,decoder,1,2,GQA,prefill,gqa,prefill-gqa-attention-0,逻辑投影：model.layers.{i}.self_attn.q_proj.weight,"x=[B,L_q,4096]; W=[4096,4096]","y=[B,L_q,4096]",激活/中间精度见固定参考函数；存储类型只由文件头证据填写,16777216,本 checkpoint 全分片 header：291 张量；逻辑主干、MTP/DSpark、共享副本和量化元数据分开。未读取权重值或运行模型。,hf-transformers-modeling_llama-py,LlamaAttention.__init__,https://github.com/huggingface/transformers/blob/984bc11b0882ff1e5b34ba717ea357e069ceced9/src/transformers/models/llama/modeling_llama.py#L329-L362,"y=x @ W^T；权重按[输出,输入]；专家模板另用 N_e 动态 token 数",,
r1-distill-llama-8b,DeepSeek-R1-Distill-Llama-8B,decoder-2,decoder,1,2,GQA,prefill,gqa,prefill-gqa-attention-1,逻辑投影：model.layers.{i}.self_attn.k_proj.weight,"x=[B,L_q,4096]; W=[1024,4096]","y=[B,L_q,1024]",激活/中间精度见固定参考函数；存储类型只由文件头证据填写,4194304,本 checkpoint 全分片 header：291 张量；逻辑主干、MTP/DSpark、共享副本和量化元数据分开。未读取权重值或运行模型。,hf-transformers-modeling_llama-py,LlamaAttention.__init__,https://github.com/huggingface/transformers/blob/984bc11b0882ff1e5b34ba717ea357e069ceced9/src/transformers/models/llama/modeling_llama.py#L329-L362,"y=x @ W^T；权重按[输出,输入]；专家模板另用 N_e 动态 token 数",,
r1-distill-llama-8b,DeepSeek-R1-Distill-Llama-8B,decoder-2,decoder,1,2,GQA,prefill,gqa,prefill-gqa-attention-2,逻辑投影：model.layers.{i}.self_attn.v_proj.weight,"x=[B,L_q,4096]; W=[1024,4096]","y=[B,L_q,1024]",激活/中间精度见固定参考函数；存储类型只由文件头证据填写,4194304,本 checkpoint 全分片 header：291 张量；逻辑主干、MTP/DSpark、共享副本和量化元数据分开。未读取权重值或运行模型。,hf-transformers-modeling_llama-py,LlamaAttention.__init__,https://github.com/huggingface/transformers/blob/984bc11b0882ff1e5b34ba717ea357e069ceced9/src/transformers/models/llama/modeling_llama.py#L329-L362,"y=x @ W^T；权重按[输出,输入]；专家模板另用 N_e 动态 token 数",,
r1-distill-llama-8b,DeepSeek-R1-Distill-Llama-8B,decoder-2,decoder,1,2,GQA,prefill,gqa,prefill-gqa-attention-3,逻辑投影：model.layers.{i}.self_attn.o_proj.weight,"x=[B,L_q,4096]; W=[4096,4096]","y=[B,L_q,4096]",激活/中间精度见固定参考函数；存储类型只由文件头证据填写,16777216,本 checkpoint 全分片 header：291 张量；逻辑主干、MTP/DSpark、共享副本和量化元数据分开。未读取权重值或运行模型。,hf-transformers-modeling_llama-py,LlamaAttention.__init__,https://github.com/huggingface/transformers/blob/984bc11b0882ff1e5b34ba717ea357e069ceced9/src/transformers/models/llama/modeling_llama.py#L329-L362,"y=x @ W^T；权重按[输出,输入]；专家模板另用 N_e 动态 token 数",,
r1-distill-llama-8b,DeepSeek-R1-Distill-Llama-8B,decoder-2,decoder,1,2,GQA,prefill,gqa,prefill-gqa-ffn-0,逻辑投影：model.layers.{i}.mlp.gate_proj.weight,"x=[B,L_q,4096]; W=[14336,4096]","y=[B,L_q,14336]",激活/中间精度见固定参考函数；存储类型只由文件头证据填写,58720256,本 checkpoint 全分片 header：291 张量；逻辑主干、MTP/DSpark、共享副本和量化元数据分开。未读取权重值或运行模型。,hf-transformers-modeling_llama-py,LlamaMLP.__init__,https://github.com/huggingface/transformers/blob/984bc11b0882ff1e5b34ba717ea357e069ceced9/src/transformers/models/llama/modeling_llama.py#L281-L289,"y=x @ W^T；权重按[输出,输入]；专家模板另用 N_e 动态 token 数",,
r1-distill-llama-8b,DeepSeek-R1-Distill-Llama-8B,decoder-2,decoder,1,2,GQA,prefill,gqa,prefill-gqa-ffn-1,逻辑投影：model.layers.{i}.mlp.up_proj.weight,"x=[B,L_q,4096]; W=[14336,4096]","y=[B,L_q,14336]",激活/中间精度见固定参考函数；存储类型只由文件头证据填写,58720256,本 checkpoint 全分片 header：291 张量；逻辑主干、MTP/DSpark、共享副本和量化元数据分开。未读取权重值或运行模型。,hf-transformers-modeling_llama-py,LlamaMLP.__init__,https://github.com/huggingface/transformers/blob/984bc11b0882ff1e5b34ba717ea357e069ceced9/src/transformers/models/llama/modeling_llama.py#L281-L289,"y=x @ W^T；权重按[输出,输入]；专家模板另用 N_e 动态 token 数",,
r1-distill-llama-8b,DeepSeek-R1-Distill-Llama-8B,decoder-2,decoder,1,2,GQA,prefill,gqa,prefill-gqa-ffn-2,逻辑投影：model.layers.{i}.mlp.down_proj.weight,"x=[B,L_q,14336]; W=[4096,14336]","y=[B,L_q,4096]",激活/中间精度见固定参考函数；存储类型只由文件头证据填写,58720256,本 checkpoint 全分片 header：291 张量；逻辑主干、MTP/DSpark、共享副本和量化元数据分开。未读取权重值或运行模型。,hf-transformers-modeling_llama-py,LlamaMLP.__init__,https://github.com/huggingface/transformers/blob/984bc11b0882ff1e5b34ba717ea357e069ceced9/src/transformers/models/llama/modeling_llama.py#L281-L289,"y=x @ W^T；权重按[输出,输入]；专家模板另用 N_e 动态 token 数",,
r1-distill-llama-8b,DeepSeek-R1-Distill-Llama-8B,decoder-2,decoder,1,2,GQA,prefill,gqa,prefill-gqa-norm-0,向量参数：model.layers.{i}.input_layernorm.weight,parameter=[4096],parameter=[4096],激活/中间精度见固定参考函数；存储类型只由文件头证据填写,4096,本 checkpoint 全分片 header：291 张量；逻辑主干、MTP/DSpark、共享副本和量化元数据分开。未读取权重值或运行模型。,hf-transformers-modeling_llama-py,LlamaDecoderLayer.__init__,https://github.com/huggingface/transformers/blob/984bc11b0882ff1e5b34ba717ea357e069ceced9/src/transformers/models/llama/modeling_llama.py#L685-L693,参数声明；具体 norm、bias、sink 或 mix scale 计算由后续数据流说明,,
r1-distill-llama-8b,DeepSeek-R1-Distill-Llama-8B,decoder-2,decoder,1,2,GQA,prefill,gqa,prefill-gqa-norm-1,向量参数：model.layers.{i}.post_attention_layernorm.weight,parameter=[4096],parameter=[4096],激活/中间精度见固定参考函数；存储类型只由文件头证据填写,4096,本 checkpoint 全分片 header：291 张量；逻辑主干、MTP/DSpark、共享副本和量化元数据分开。未读取权重值或运行模型。,hf-transformers-modeling_llama-py,LlamaDecoderLayer.__init__,https://github.com/huggingface/transformers/blob/984bc11b0882ff1e5b34ba717ea357e069ceced9/src/transformers/models/llama/modeling_llama.py#L685-L693,参数声明；具体 norm、bias、sink 或 mix scale 计算由后续数据流说明,,
r1-distill-llama-8b,DeepSeek-R1-Distill-Llama-8B,decoder-2,decoder,1,2,GQA,prefill,gqa,prefill-gqa-gqa-scores,GQA Key/Value 广播与 attention,"Q=[B,32,L_q,128]; K_cache=[B,8,L_kv,128]; V_cache=[B,8,L_kv,128]","scores=[B,32,L_q,L_kv]; out=[B,32,L_q,128]",激活/中间精度见固定参考函数；存储类型只由文件头证据填写,0,本 checkpoint 全分片 header：291 张量；逻辑主干、MTP/DSpark、共享副本和量化元数据分开。未读取权重值或运行模型。,hf-transformers-modeling_llama-py,LlamaAttention.forward,https://github.com/huggingface/transformers/blob/984bc11b0882ff1e5b34ba717ea357e069ceced9/src/transformers/models/llama/modeling_llama.py#L364-L455,RoPE → cache.update → repeat_kv(N_head/N_KV) → QK^T/√D → mask/FP32 softmax → PV,,参考 eager 数学路径；实际 SDPA/FlashAttention、分页与设备分派另核验
r1-distill-llama-8b,DeepSeek-R1-Distill-Llama-8B,decoder-2,decoder,1,2,GQA,prefill,gqa,prefill-gqa-swiglu,Dense SwiGLU,"gate=[N_tok,14336]; up=[N_tok,14336]","act=[N_tok,14336]",激活/中间精度见固定参考函数；存储类型只由文件头证据填写,0,本 checkpoint 全分片 header：291 张量；逻辑主干、MTP/DSpark、共享副本和量化元数据分开。未读取权重值或运行模型。,hf-transformers-modeling_llama-py,LlamaMLP.forward,https://github.com/huggingface/transformers/blob/984bc11b0882ff1e5b34ba717ea357e069ceced9/src/transformers/models/llama/modeling_llama.py#L291-L311,SiLU(gate)*up → down；两次 pre-norm residual 分开,,
r1-distill-llama-8b,DeepSeek-R1-Distill-Llama-8B,decoder-2,decoder,1,2,GQA,decode,gqa,decode-gqa-attention-0,逻辑投影：model.layers.{i}.self_attn.q_proj.weight,"x=[B,L_q,4096]; W=[4096,4096]","y=[B,L_q,4096]",激活/中间精度见固定参考函数；存储类型只由文件头证据填写,16777216,本 checkpoint 全分片 header：291 张量；逻辑主干、MTP/DSpark、共享副本和量化元数据分开。未读取权重值或运行模型。,hf-transformers-modeling_llama-py,LlamaAttention.__init__,https://github.com/huggingface/transformers/blob/984bc11b0882ff1e5b34ba717ea357e069ceced9/src/transformers/models/llama/modeling_llama.py#L329-L362,"y=x @ W^T；权重按[输出,输入]；专家模板另用 N_e 动态 token 数",,
r1-distill-llama-8b,DeepSeek-R1-Distill-Llama-8B,decoder-2,decoder,1,2,GQA,decode,gqa,decode-gqa-attention-1,逻辑投影：model.layers.{i}.self_attn.k_proj.weight,"x=[B,L_q,4096]; W=[1024,4096]","y=[B,L_q,1024]",激活/中间精度见固定参考函数；存储类型只由文件头证据填写,4194304,本 checkpoint 全分片 header：291 张量；逻辑主干、MTP/DSpark、共享副本和量化元数据分开。未读取权重值或运行模型。,hf-transformers-modeling_llama-py,LlamaAttention.__init__,https://github.com/huggingface/transformers/blob/984bc11b0882ff1e5b34ba717ea357e069ceced9/src/transformers/models/llama/modeling_llama.py#L329-L362,"y=x @ W^T；权重按[输出,输入]；专家模板另用 N_e 动态 token 数",,
r1-distill-llama-8b,DeepSeek-R1-Distill-Llama-8B,decoder-2,decoder,1,2,GQA,decode,gqa,decode-gqa-attention-2,逻辑投影：model.layers.{i}.self_attn.v_proj.weight,"x=[B,L_q,4096]; W=[1024,4096]","y=[B,L_q,1024]",激活/中间精度见固定参考函数；存储类型只由文件头证据填写,4194304,本 checkpoint 全分片 header：291 张量；逻辑主干、MTP/DSpark、共享副本和量化元数据分开。未读取权重值或运行模型。,hf-transformers-modeling_llama-py,LlamaAttention.__init__,https://github.com/huggingface/transformers/blob/984bc11b0882ff1e5b34ba717ea357e069ceced9/src/transformers/models/llama/modeling_llama.py#L329-L362,"y=x @ W^T；权重按[输出,输入]；专家模板另用 N_e 动态 token 数",,
r1-distill-llama-8b,DeepSeek-R1-Distill-Llama-8B,decoder-2,decoder,1,2,GQA,decode,gqa,decode-gqa-attention-3,逻辑投影：model.layers.{i}.self_attn.o_proj.weight,"x=[B,L_q,4096]; W=[4096,4096]","y=[B,L_q,4096]",激活/中间精度见固定参考函数；存储类型只由文件头证据填写,16777216,本 checkpoint 全分片 header：291 张量；逻辑主干、MTP/DSpark、共享副本和量化元数据分开。未读取权重值或运行模型。,hf-transformers-modeling_llama-py,LlamaAttention.__init__,https://github.com/huggingface/transformers/blob/984bc11b0882ff1e5b34ba717ea357e069ceced9/src/transformers/models/llama/modeling_llama.py#L329-L362,"y=x @ W^T；权重按[输出,输入]；专家模板另用 N_e 动态 token 数",,
r1-distill-llama-8b,DeepSeek-R1-Distill-Llama-8B,decoder-2,decoder,1,2,GQA,decode,gqa,decode-gqa-ffn-0,逻辑投影：model.layers.{i}.mlp.gate_proj.weight,"x=[B,L_q,4096]; W=[14336,4096]","y=[B,L_q,14336]",激活/中间精度见固定参考函数；存储类型只由文件头证据填写,58720256,本 checkpoint 全分片 header：291 张量；逻辑主干、MTP/DSpark、共享副本和量化元数据分开。未读取权重值或运行模型。,hf-transformers-modeling_llama-py,LlamaMLP.__init__,https://github.com/huggingface/transformers/blob/984bc11b0882ff1e5b34ba717ea357e069ceced9/src/transformers/models/llama/modeling_llama.py#L281-L289,"y=x @ W^T；权重按[输出,输入]；专家模板另用 N_e 动态 token 数",,
r1-distill-llama-8b,DeepSeek-R1-Distill-Llama-8B,decoder-2,decoder,1,2,GQA,decode,gqa,decode-gqa-ffn-1,逻辑投影：model.layers.{i}.mlp.up_proj.weight,"x=[B,L_q,4096]; W=[14336,4096]","y=[B,L_q,14336]",激活/中间精度见固定参考函数；存储类型只由文件头证据填写,58720256,本 checkpoint 全分片 header：291 张量；逻辑主干、MTP/DSpark、共享副本和量化元数据分开。未读取权重值或运行模型。,hf-transformers-modeling_llama-py,LlamaMLP.__init__,https://github.com/huggingface/transformers/blob/984bc11b0882ff1e5b34ba717ea357e069ceced9/src/transformers/models/llama/modeling_llama.py#L281-L289,"y=x @ W^T；权重按[输出,输入]；专家模板另用 N_e 动态 token 数",,
r1-distill-llama-8b,DeepSeek-R1-Distill-Llama-8B,decoder-2,decoder,1,2,GQA,decode,gqa,decode-gqa-ffn-2,逻辑投影：model.layers.{i}.mlp.down_proj.weight,"x=[B,L_q,14336]; W=[4096,14336]","y=[B,L_q,4096]",激活/中间精度见固定参考函数；存储类型只由文件头证据填写,58720256,本 checkpoint 全分片 header：291 张量；逻辑主干、MTP/DSpark、共享副本和量化元数据分开。未读取权重值或运行模型。,hf-transformers-modeling_llama-py,LlamaMLP.__init__,https://github.com/huggingface/transformers/blob/984bc11b0882ff1e5b34ba717ea357e069ceced9/src/transformers/models/llama/modeling_llama.py#L281-L289,"y=x @ W^T；权重按[输出,输入]；专家模板另用 N_e 动态 token 数",,
r1-distill-llama-8b,DeepSeek-R1-Distill-Llama-8B,decoder-2,decoder,1,2,GQA,decode,gqa,decode-gqa-norm-0,向量参数：model.layers.{i}.input_layernorm.weight,parameter=[4096],parameter=[4096],激活/中间精度见固定参考函数；存储类型只由文件头证据填写,4096,本 checkpoint 全分片 header：291 张量；逻辑主干、MTP/DSpark、共享副本和量化元数据分开。未读取权重值或运行模型。,hf-transformers-modeling_llama-py,LlamaDecoderLayer.__init__,https://github.com/huggingface/transformers/blob/984bc11b0882ff1e5b34ba717ea357e069ceced9/src/transformers/models/llama/modeling_llama.py#L685-L693,参数声明；具体 norm、bias、sink 或 mix scale 计算由后续数据流说明,,
r1-distill-llama-8b,DeepSeek-R1-Distill-Llama-8B,decoder-2,decoder,1,2,GQA,decode,gqa,decode-gqa-norm-1,向量参数：model.layers.{i}.post_attention_layernorm.weight,parameter=[4096],parameter=[4096],激活/中间精度见固定参考函数；存储类型只由文件头证据填写,4096,本 checkpoint 全分片 header：291 张量；逻辑主干、MTP/DSpark、共享副本和量化元数据分开。未读取权重值或运行模型。,hf-transformers-modeling_llama-py,LlamaDecoderLayer.__init__,https://github.com/huggingface/transformers/blob/984bc11b0882ff1e5b34ba717ea357e069ceced9/src/transformers/models/llama/modeling_llama.py#L685-L693,参数声明；具体 norm、bias、sink 或 mix scale 计算由后续数据流说明,,
r1-distill-llama-8b,DeepSeek-R1-Distill-Llama-8B,decoder-2,decoder,1,2,GQA,decode,gqa,decode-gqa-gqa-scores,GQA Key/Value 广播与 attention,"Q=[B,32,L_q,128]; K_cache=[B,8,L_kv,128]; V_cache=[B,8,L_kv,128]","scores=[B,32,L_q,L_kv]; out=[B,32,L_q,128]",激活/中间精度见固定参考函数；存储类型只由文件头证据填写,0,本 checkpoint 全分片 header：291 张量；逻辑主干、MTP/DSpark、共享副本和量化元数据分开。未读取权重值或运行模型。,hf-transformers-modeling_llama-py,LlamaAttention.forward,https://github.com/huggingface/transformers/blob/984bc11b0882ff1e5b34ba717ea357e069ceced9/src/transformers/models/llama/modeling_llama.py#L364-L455,RoPE → cache.update → repeat_kv(N_head/N_KV) → QK^T/√D → mask/FP32 softmax → PV,,参考 eager 数学路径；实际 SDPA/FlashAttention、分页与设备分派另核验
r1-distill-llama-8b,DeepSeek-R1-Distill-Llama-8B,decoder-2,decoder,1,2,GQA,decode,gqa,decode-gqa-swiglu,Dense SwiGLU,"gate=[N_tok,14336]; up=[N_tok,14336]","act=[N_tok,14336]",激活/中间精度见固定参考函数；存储类型只由文件头证据填写,0,本 checkpoint 全分片 header：291 张量；逻辑主干、MTP/DSpark、共享副本和量化元数据分开。未读取权重值或运行模型。,hf-transformers-modeling_llama-py,LlamaMLP.forward,https://github.com/huggingface/transformers/blob/984bc11b0882ff1e5b34ba717ea357e069ceced9/src/transformers/models/llama/modeling_llama.py#L291-L311,SiLU(gate)*up → down；两次 pre-norm residual 分开,,
r1-distill-llama-8b,DeepSeek-R1-Distill-Llama-8B,decoder-3,decoder,2,3,GQA,prefill,gqa,prefill-gqa-attention-0,逻辑投影：model.layers.{i}.self_attn.q_proj.weight,"x=[B,L_q,4096]; W=[4096,4096]","y=[B,L_q,4096]",激活/中间精度见固定参考函数；存储类型只由文件头证据填写,16777216,本 checkpoint 全分片 header：291 张量；逻辑主干、MTP/DSpark、共享副本和量化元数据分开。未读取权重值或运行模型。,hf-transformers-modeling_llama-py,LlamaAttention.__init__,https://github.com/huggingface/transformers/blob/984bc11b0882ff1e5b34ba717ea357e069ceced9/src/transformers/models/llama/modeling_llama.py#L329-L362,"y=x @ W^T；权重按[输出,输入]；专家模板另用 N_e 动态 token 数",,
r1-distill-llama-8b,DeepSeek-R1-Distill-Llama-8B,decoder-3,decoder,2,3,GQA,prefill,gqa,prefill-gqa-attention-1,逻辑投影：model.layers.{i}.self_attn.k_proj.weight,"x=[B,L_q,4096]; W=[1024,4096]","y=[B,L_q,1024]",激活/中间精度见固定参考函数；存储类型只由文件头证据填写,4194304,本 checkpoint 全分片 header：291 张量；逻辑主干、MTP/DSpark、共享副本和量化元数据分开。未读取权重值或运行模型。,hf-transformers-modeling_llama-py,LlamaAttention.__init__,https://github.com/huggingface/transformers/blob/984bc11b0882ff1e5b34ba717ea357e069ceced9/src/transformers/models/llama/modeling_llama.py#L329-L362,"y=x @ W^T；权重按[输出,输入]；专家模板另用 N_e 动态 token 数",,
r1-distill-llama-8b,DeepSeek-R1-Distill-Llama-8B,decoder-3,decoder,2,3,GQA,prefill,gqa,prefill-gqa-attention-2,逻辑投影：model.layers.{i}.self_attn.v_proj.weight,"x=[B,L_q,4096]; W=[1024,4096]","y=[B,L_q,1024]",激活/中间精度见固定参考函数；存储类型只由文件头证据填写,4194304,本 checkpoint 全分片 header：291 张量；逻辑主干、MTP/DSpark、共享副本和量化元数据分开。未读取权重值或运行模型。,hf-transformers-modeling_llama-py,LlamaAttention.__init__,https://github.com/huggingface/transformers/blob/984bc11b0882ff1e5b34ba717ea357e069ceced9/src/transformers/models/llama/modeling_llama.py#L329-L362,"y=x @ W^T；权重按[输出,输入]；专家模板另用 N_e 动态 token 数",,
r1-distill-llama-8b,DeepSeek-R1-Distill-Llama-8B,decoder-3,decoder,2,3,GQA,prefill,gqa,prefill-gqa-attention-3,逻辑投影：model.layers.{i}.self_attn.o_proj.weight,"x=[B,L_q,4096]; W=[4096,4096]","y=[B,L_q,4096]",激活/中间精度见固定参考函数；存储类型只由文件头证据填写,16777216,本 checkpoint 全分片 header：291 张量；逻辑主干、MTP/DSpark、共享副本和量化元数据分开。未读取权重值或运行模型。,hf-transformers-modeling_llama-py,LlamaAttention.__init__,https://github.com/huggingface/transformers/blob/984bc11b0882ff1e5b34ba717ea357e069ceced9/src/transformers/models/llama/modeling_llama.py#L329-L362,"y=x @ W^T；权重按[输出,输入]；专家模板另用 N_e 动态 token 数",,
r1-distill-llama-8b,DeepSeek-R1-Distill-Llama-8B,decoder-3,decoder,2,3,GQA,prefill,gqa,prefill-gqa-ffn-0,逻辑投影：model.layers.{i}.mlp.gate_proj.weight,"x=[B,L_q,4096]; W=[14336,4096]","y=[B,L_q,14336]",激活/中间精度见固定参考函数；存储类型只由文件头证据填写,58720256,本 checkpoint 全分片 header：291 张量；逻辑主干、MTP/DSpark、共享副本和量化元数据分开。未读取权重值或运行模型。,hf-transformers-modeling_llama-py,LlamaMLP.__init__,https://github.com/huggingface/transformers/blob/984bc11b0882ff1e5b34ba717ea357e069ceced9/src/transformers/models/llama/modeling_llama.py#L281-L289,"y=x @ W^T；权重按[输出,输入]；专家模板另用 N_e 动态 token 数",,
r1-distill-llama-8b,DeepSeek-R1-Distill-Llama-8B,decoder-3,decoder,2,3,GQA,prefill,gqa,prefill-gqa-ffn-1,逻辑投影：model.layers.{i}.mlp.up_proj.weight,"x=[B,L_q,4096]; W=[14336,4096]","y=[B,L_q,14336]",激活/中间精度见固定参考函数；存储类型只由文件头证据填写,58720256,本 checkpoint 全分片 header：291 张量；逻辑主干、MTP/DSpark、共享副本和量化元数据分开。未读取权重值或运行模型。,hf-transformers-modeling_llama-py,LlamaMLP.__init__,https://github.com/huggingface/transformers/blob/984bc11b0882ff1e5b34ba717ea357e069ceced9/src/transformers/models/llama/modeling_llama.py#L281-L289,"y=x @ W^T；权重按[输出,输入]；专家模板另用 N_e 动态 token 数",,
r1-distill-llama-8b,DeepSeek-R1-Distill-Llama-8B,decoder-3,decoder,2,3,GQA,prefill,gqa,prefill-gqa-ffn-2,逻辑投影：model.layers.{i}.mlp.down_proj.weight,"x=[B,L_q,14336]; W=[4096,14336]","y=[B,L_q,4096]",激活/中间精度见固定参考函数；存储类型只由文件头证据填写,58720256,本 checkpoint 全分片 header：291 张量；逻辑主干、MTP/DSpark、共享副本和量化元数据分开。未读取权重值或运行模型。,hf-transformers-modeling_llama-py,LlamaMLP.__init__,https://github.com/huggingface/transformers/blob/984bc11b0882ff1e5b34ba717ea357e069ceced9/src/transformers/models/llama/modeling_llama.py#L281-L289,"y=x @ W^T；权重按[输出,输入]；专家模板另用 N_e 动态 token 数",,
r1-distill-llama-8b,DeepSeek-R1-Distill-Llama-8B,decoder-3,decoder,2,3,GQA,prefill,gqa,prefill-gqa-norm-0,向量参数：model.layers.{i}.input_layernorm.weight,parameter=[4096],parameter=[4096],激活/中间精度见固定参考函数；存储类型只由文件头证据填写,4096,本 checkpoint 全分片 header：291 张量；逻辑主干、MTP/DSpark、共享副本和量化元数据分开。未读取权重值或运行模型。,hf-transformers-modeling_llama-py,LlamaDecoderLayer.__init__,https://github.com/huggingface/transformers/blob/984bc11b0882ff1e5b34ba717ea357e069ceced9/src/transformers/models/llama/modeling_llama.py#L685-L693,参数声明；具体 norm、bias、sink 或 mix scale 计算由后续数据流说明,,
r1-distill-llama-8b,DeepSeek-R1-Distill-Llama-8B,decoder-3,decoder,2,3,GQA,prefill,gqa,prefill-gqa-norm-1,向量参数：model.layers.{i}.post_attention_layernorm.weight,parameter=[4096],parameter=[4096],激活/中间精度见固定参考函数；存储类型只由文件头证据填写,4096,本 checkpoint 全分片 header：291 张量；逻辑主干、MTP/DSpark、共享副本和量化元数据分开。未读取权重值或运行模型。,hf-transformers-modeling_llama-py,LlamaDecoderLayer.__init__,https://github.com/huggingface/transformers/blob/984bc11b0882ff1e5b34ba717ea357e069ceced9/src/transformers/models/llama/modeling_llama.py#L685-L693,参数声明；具体 norm、bias、sink 或 mix scale 计算由后续数据流说明,,
r1-distill-llama-8b,DeepSeek-R1-Distill-Llama-8B,decoder-3,decoder,2,3,GQA,prefill,gqa,prefill-gqa-gqa-scores,GQA Key/Value 广播与 attention,"Q=[B,32,L_q,128]; K_cache=[B,8,L_kv,128]; V_cache=[B,8,L_kv,128]","scores=[B,32,L_q,L_kv]; out=[B,32,L_q,128]",激活/中间精度见固定参考函数；存储类型只由文件头证据填写,0,本 checkpoint 全分片 header：291 张量；逻辑主干、MTP/DSpark、共享副本和量化元数据分开。未读取权重值或运行模型。,hf-transformers-modeling_llama-py,LlamaAttention.forward,https://github.com/huggingface/transformers/blob/984bc11b0882ff1e5b34ba717ea357e069ceced9/src/transformers/models/llama/modeling_llama.py#L364-L455,RoPE → cache.update → repeat_kv(N_head/N_KV) → QK^T/√D → mask/FP32 softmax → PV,,参考 eager 数学路径；实际 SDPA/FlashAttention、分页与设备分派另核验
r1-distill-llama-8b,DeepSeek-R1-Distill-Llama-8B,decoder-3,decoder,2,3,GQA,prefill,gqa,prefill-gqa-swiglu,Dense SwiGLU,"gate=[N_tok,14336]; up=[N_tok,14336]","act=[N_tok,14336]",激活/中间精度见固定参考函数；存储类型只由文件头证据填写,0,本 checkpoint 全分片 header：291 张量；逻辑主干、MTP/DSpark、共享副本和量化元数据分开。未读取权重值或运行模型。,hf-transformers-modeling_llama-py,LlamaMLP.forward,https://github.com/huggingface/transformers/blob/984bc11b0882ff1e5b34ba717ea357e069ceced9/src/transformers/models/llama/modeling_llama.py#L291-L311,SiLU(gate)*up → down；两次 pre-norm residual 分开,,
r1-distill-llama-8b,DeepSeek-R1-Distill-Llama-8B,decoder-3,decoder,2,3,GQA,decode,gqa,decode-gqa-attention-0,逻辑投影：model.layers.{i}.self_attn.q_proj.weight,"x=[B,L_q,4096]; W=[4096,4096]","y=[B,L_q,4096]",激活/中间精度见固定参考函数；存储类型只由文件头证据填写,16777216,本 checkpoint 全分片 header：291 张量；逻辑主干、MTP/DSpark、共享副本和量化元数据分开。未读取权重值或运行模型。,hf-transformers-modeling_llama-py,LlamaAttention.__init__,https://github.com/huggingface/transformers/blob/984bc11b0882ff1e5b34ba717ea357e069ceced9/src/transformers/models/llama/modeling_llama.py#L329-L362,"y=x @ W^T；权重按[输出,输入]；专家模板另用 N_e 动态 token 数",,
r1-distill-llama-8b,DeepSeek-R1-Distill-Llama-8B,decoder-3,decoder,2,3,GQA,decode,gqa,decode-gqa-attention-1,逻辑投影：model.layers.{i}.self_attn.k_proj.weight,"x=[B,L_q,4096]; W=[1024,4096]","y=[B,L_q,1024]",激活/中间精度见固定参考函数；存储类型只由文件头证据填写,4194304,本 checkpoint 全分片 header：291 张量；逻辑主干、MTP/DSpark、共享副本和量化元数据分开。未读取权重值或运行模型。,hf-transformers-modeling_llama-py,LlamaAttention.__init__,https://github.com/huggingface/transformers/blob/984bc11b0882ff1e5b34ba717ea357e069ceced9/src/transformers/models/llama/modeling_llama.py#L329-L362,"y=x @ W^T；权重按[输出,输入]；专家模板另用 N_e 动态 token 数",,
r1-distill-llama-8b,DeepSeek-R1-Distill-Llama-8B,decoder-3,decoder,2,3,GQA,decode,gqa,decode-gqa-attention-2,逻辑投影：model.layers.{i}.self_attn.v_proj.weight,"x=[B,L_q,4096]; W=[1024,4096]","y=[B,L_q,1024]",激活/中间精度见固定参考函数；存储类型只由文件头证据填写,4194304,本 checkpoint 全分片 header：291 张量；逻辑主干、MTP/DSpark、共享副本和量化元数据分开。未读取权重值或运行模型。,hf-transformers-modeling_llama-py,LlamaAttention.__init__,https://github.com/huggingface/transformers/blob/984bc11b0882ff1e5b34ba717ea357e069ceced9/src/transformers/models/llama/modeling_llama.py#L329-L362,"y=x @ W^T；权重按[输出,输入]；专家模板另用 N_e 动态 token 数",,
r1-distill-llama-8b,DeepSeek-R1-Distill-Llama-8B,decoder-3,decoder,2,3,GQA,decode,gqa,decode-gqa-attention-3,逻辑投影：model.layers.{i}.self_attn.o_proj.weight,"x=[B,L_q,4096]; W=[4096,4096]","y=[B,L_q,4096]",激活/中间精度见固定参考函数；存储类型只由文件头证据填写,16777216,本 checkpoint 全分片 header：291 张量；逻辑主干、MTP/DSpark、共享副本和量化元数据分开。未读取权重值或运行模型。,hf-transformers-modeling_llama-py,LlamaAttention.__init__,https://github.com/huggingface/transformers/blob/984bc11b0882ff1e5b34ba717ea357e069ceced9/src/transformers/models/llama/modeling_llama.py#L329-L362,"y=x @ W^T；权重按[输出,输入]；专家模板另用 N_e 动态 token 数",,
r1-distill-llama-8b,DeepSeek-R1-Distill-Llama-8B,decoder-3,decoder,2,3,GQA,decode,gqa,decode-gqa-ffn-0,逻辑投影：model.layers.{i}.mlp.gate_proj.weight,"x=[B,L_q,4096]; W=[14336,4096]","y=[B,L_q,14336]",激活/中间精度见固定参考函数；存储类型只由文件头证据填写,58720256,本 checkpoint 全分片 header：291 张量；逻辑主干、MTP/DSpark、共享副本和量化元数据分开。未读取权重值或运行模型。,hf-transformers-modeling_llama-py,LlamaMLP.__init__,https://github.com/huggingface/transformers/blob/984bc11b0882ff1e5b34ba717ea357e069ceced9/src/transformers/models/llama/modeling_llama.py#L281-L289,"y=x @ W^T；权重按[输出,输入]；专家模板另用 N_e 动态 token 数",,
r1-distill-llama-8b,DeepSeek-R1-Distill-Llama-8B,decoder-3,decoder,2,3,GQA,decode,gqa,decode-gqa-ffn-1,逻辑投影：model.layers.{i}.mlp.up_proj.weight,"x=[B,L_q,4096]; W=[14336,4096]","y=[B,L_q,14336]",激活/中间精度见固定参考函数；存储类型只由文件头证据填写,58720256,本 checkpoint 全分片 header：291 张量；逻辑主干、MTP/DSpark、共享副本和量化元数据分开。未读取权重值或运行模型。,hf-transformers-modeling_llama-py,LlamaMLP.__init__,https://github.com/huggingface/transformers/blob/984bc11b0882ff1e5b34ba717ea357e069ceced9/src/transformers/models/llama/modeling_llama.py#L281-L289,"y=x @ W^T；权重按[输出,输入]；专家模板另用 N_e 动态 token 数",,
r1-distill-llama-8b,DeepSeek-R1-Distill-Llama-8B,decoder-3,decoder,2,3,GQA,decode,gqa,decode-gqa-ffn-2,逻辑投影：model.layers.{i}.mlp.down_proj.weight,"x=[B,L_q,14336]; W=[4096,14336]","y=[B,L_q,4096]",激活/中间精度见固定参考函数；存储类型只由文件头证据填写,58720256,本 checkpoint 全分片 header：291 张量；逻辑主干、MTP/DSpark、共享副本和量化元数据分开。未读取权重值或运行模型。,hf-transformers-modeling_llama-py,LlamaMLP.__init__,https://github.com/huggingface/transformers/blob/984bc11b0882ff1e5b34ba717ea357e069ceced9/src/transformers/models/llama/modeling_llama.py#L281-L289,"y=x @ W^T；权重按[输出,输入]；专家模板另用 N_e 动态 token 数",,
r1-distill-llama-8b,DeepSeek-R1-Distill-Llama-8B,decoder-3,decoder,2,3,GQA,decode,gqa,decode-gqa-norm-0,向量参数：model.layers.{i}.input_layernorm.weight,parameter=[4096],parameter=[4096],激活/中间精度见固定参考函数；存储类型只由文件头证据填写,4096,本 checkpoint 全分片 header：291 张量；逻辑主干、MTP/DSpark、共享副本和量化元数据分开。未读取权重值或运行模型。,hf-transformers-modeling_llama-py,LlamaDecoderLayer.__init__,https://github.com/huggingface/transformers/blob/984bc11b0882ff1e5b34ba717ea357e069ceced9/src/transformers/models/llama/modeling_llama.py#L685-L693,参数声明；具体 norm、bias、sink 或 mix scale 计算由后续数据流说明,,
r1-distill-llama-8b,DeepSeek-R1-Distill-Llama-8B,decoder-3,decoder,2,3,GQA,decode,gqa,decode-gqa-norm-1,向量参数：model.layers.{i}.post_attention_layernorm.weight,parameter=[4096],parameter=[4096],激活/中间精度见固定参考函数；存储类型只由文件头证据填写,4096,本 checkpoint 全分片 header：291 张量；逻辑主干、MTP/DSpark、共享副本和量化元数据分开。未读取权重值或运行模型。,hf-transformers-modeling_llama-py,LlamaDecoderLayer.__init__,https://github.com/huggingface/transformers/blob/984bc11b0882ff1e5b34ba717ea357e069ceced9/src/transformers/models/llama/modeling_llama.py#L685-L693,参数声明；具体 norm、bias、sink 或 mix scale 计算由后续数据流说明,,
r1-distill-llama-8b,DeepSeek-R1-Distill-Llama-8B,decoder-3,decoder,2,3,GQA,decode,gqa,decode-gqa-gqa-scores,GQA Key/Value 广播与 attention,"Q=[B,32,L_q,128]; K_cache=[B,8,L_kv,128]; V_cache=[B,8,L_kv,128]","scores=[B,32,L_q,L_kv]; out=[B,32,L_q,128]",激活/中间精度见固定参考函数；存储类型只由文件头证据填写,0,本 checkpoint 全分片 header：291 张量；逻辑主干、MTP/DSpark、共享副本和量化元数据分开。未读取权重值或运行模型。,hf-transformers-modeling_llama-py,LlamaAttention.forward,https://github.com/huggingface/transformers/blob/984bc11b0882ff1e5b34ba717ea357e069ceced9/src/transformers/models/llama/modeling_llama.py#L364-L455,RoPE → cache.update → repeat_kv(N_head/N_KV) → QK^T/√D → mask/FP32 softmax → PV,,参考 eager 数学路径；实际 SDPA/FlashAttention、分页与设备分派另核验
r1-distill-llama-8b,DeepSeek-R1-Distill-Llama-8B,decoder-3,decoder,2,3,GQA,decode,gqa,decode-gqa-swiglu,Dense SwiGLU,"gate=[N_tok,14336]; up=[N_tok,14336]","act=[N_tok,14336]",激活/中间精度见固定参考函数；存储类型只由文件头证据填写,0,本 checkpoint 全分片 header：291 张量；逻辑主干、MTP/DSpark、共享副本和量化元数据分开。未读取权重值或运行模型。,hf-transformers-modeling_llama-py,LlamaMLP.forward,https://github.com/huggingface/transformers/blob/984bc11b0882ff1e5b34ba717ea357e069ceced9/src/transformers/models/llama/modeling_llama.py#L291-L311,SiLU(gate)*up → down；两次 pre-norm residual 分开,,
r1-distill-llama-8b,DeepSeek-R1-Distill-Llama-8B,decoder-4,decoder,3,4,GQA,prefill,gqa,prefill-gqa-attention-0,逻辑投影：model.layers.{i}.self_attn.q_proj.weight,"x=[B,L_q,4096]; W=[4096,4096]","y=[B,L_q,4096]",激活/中间精度见固定参考函数；存储类型只由文件头证据填写,16777216,本 checkpoint 全分片 header：291 张量；逻辑主干、MTP/DSpark、共享副本和量化元数据分开。未读取权重值或运行模型。,hf-transformers-modeling_llama-py,LlamaAttention.__init__,https://github.com/huggingface/transformers/blob/984bc11b0882ff1e5b34ba717ea357e069ceced9/src/transformers/models/llama/modeling_llama.py#L329-L362,"y=x @ W^T；权重按[输出,输入]；专家模板另用 N_e 动态 token 数",,
r1-distill-llama-8b,DeepSeek-R1-Distill-Llama-8B,decoder-4,decoder,3,4,GQA,prefill,gqa,prefill-gqa-attention-1,逻辑投影：model.layers.{i}.self_attn.k_proj.weight,"x=[B,L_q,4096]; W=[1024,4096]","y=[B,L_q,1024]",激活/中间精度见固定参考函数；存储类型只由文件头证据填写,4194304,本 checkpoint 全分片 header：291 张量；逻辑主干、MTP/DSpark、共享副本和量化元数据分开。未读取权重值或运行模型。,hf-transformers-modeling_llama-py,LlamaAttention.__init__,https://github.com/huggingface/transformers/blob/984bc11b0882ff1e5b34ba717ea357e069ceced9/src/transformers/models/llama/modeling_llama.py#L329-L362,"y=x @ W^T；权重按[输出,输入]；专家模板另用 N_e 动态 token 数",,
r1-distill-llama-8b,DeepSeek-R1-Distill-Llama-8B,decoder-4,decoder,3,4,GQA,prefill,gqa,prefill-gqa-attention-2,逻辑投影：model.layers.{i}.self_attn.v_proj.weight,"x=[B,L_q,4096]; W=[1024,4096]","y=[B,L_q,1024]",激活/中间精度见固定参考函数；存储类型只由文件头证据填写,4194304,本 checkpoint 全分片 header：291 张量；逻辑主干、MTP/DSpark、共享副本和量化元数据分开。未读取权重值或运行模型。,hf-transformers-modeling_llama-py,LlamaAttention.__init__,https://github.com/huggingface/transformers/blob/984bc11b0882ff1e5b34ba717ea357e069ceced9/src/transformers/models/llama/modeling_llama.py#L329-L362,"y=x @ W^T；权重按[输出,输入]；专家模板另用 N_e 动态 token 数",,
r1-distill-llama-8b,DeepSeek-R1-Distill-Llama-8B,decoder-4,decoder,3,4,GQA,prefill,gqa,prefill-gqa-attention-3,逻辑投影：model.layers.{i}.self_attn.o_proj.weight,"x=[B,L_q,4096]; W=[4096,4096]","y=[B,L_q,4096]",激活/中间精度见固定参考函数；存储类型只由文件头证据填写,16777216,本 checkpoint 全分片 header：291 张量；逻辑主干、MTP/DSpark、共享副本和量化元数据分开。未读取权重值或运行模型。,hf-transformers-modeling_llama-py,LlamaAttention.__init__,https://github.com/huggingface/transformers/blob/984bc11b0882ff1e5b34ba717ea357e069ceced9/src/transformers/models/llama/modeling_llama.py#L329-L362,"y=x @ W^T；权重按[输出,输入]；专家模板另用 N_e 动态 token 数",,
r1-distill-llama-8b,DeepSeek-R1-Distill-Llama-8B,decoder-4,decoder,3,4,GQA,prefill,gqa,prefill-gqa-ffn-0,逻辑投影：model.layers.{i}.mlp.gate_proj.weight,"x=[B,L_q,4096]; W=[14336,4096]","y=[B,L_q,14336]",激活/中间精度见固定参考函数；存储类型只由文件头证据填写,58720256,本 checkpoint 全分片 header：291 张量；逻辑主干、MTP/DSpark、共享副本和量化元数据分开。未读取权重值或运行模型。,hf-transformers-modeling_llama-py,LlamaMLP.__init__,https://github.com/huggingface/transformers/blob/984bc11b0882ff1e5b34ba717ea357e069ceced9/src/transformers/models/llama/modeling_llama.py#L281-L289,"y=x @ W^T；权重按[输出,输入]；专家模板另用 N_e 动态 token 数",,
r1-distill-llama-8b,DeepSeek-R1-Distill-Llama-8B,decoder-4,decoder,3,4,GQA,prefill,gqa,prefill-gqa-ffn-1,逻辑投影：model.layers.{i}.mlp.up_proj.weight,"x=[B,L_q,4096]; W=[14336,4096]","y=[B,L_q,14336]",激活/中间精度见固定参考函数；存储类型只由文件头证据填写,58720256,本 checkpoint 全分片 header：291 张量；逻辑主干、MTP/DSpark、共享副本和量化元数据分开。未读取权重值或运行模型。,hf-transformers-modeling_llama-py,LlamaMLP.__init__,https://github.com/huggingface/transformers/blob/984bc11b0882ff1e5b34ba717ea357e069ceced9/src/transformers/models/llama/modeling_llama.py#L281-L289,"y=x @ W^T；权重按[输出,输入]；专家模板另用 N_e 动态 token 数",,
r1-distill-llama-8b,DeepSeek-R1-Distill-Llama-8B,decoder-4,decoder,3,4,GQA,prefill,gqa,prefill-gqa-ffn-2,逻辑投影：model.layers.{i}.mlp.down_proj.weight,"x=[B,L_q,14336]; W=[4096,14336]","y=[B,L_q,4096]",激活/中间精度见固定参考函数；存储类型只由文件头证据填写,58720256,本 checkpoint 全分片 header：291 张量；逻辑主干、MTP/DSpark、共享副本和量化元数据分开。未读取权重值或运行模型。,hf-transformers-modeling_llama-py,LlamaMLP.__init__,https://github.com/huggingface/transformers/blob/984bc11b0882ff1e5b34ba717ea357e069ceced9/src/transformers/models/llama/modeling_llama.py#L281-L289,"y=x @ W^T；权重按[输出,输入]；专家模板另用 N_e 动态 token 数",,
r1-distill-llama-8b,DeepSeek-R1-Distill-Llama-8B,decoder-4,decoder,3,4,GQA,prefill,gqa,prefill-gqa-norm-0,向量参数：model.layers.{i}.input_layernorm.weight,parameter=[4096],parameter=[4096],激活/中间精度见固定参考函数；存储类型只由文件头证据填写,4096,本 checkpoint 全分片 header：291 张量；逻辑主干、MTP/DSpark、共享副本和量化元数据分开。未读取权重值或运行模型。,hf-transformers-modeling_llama-py,LlamaDecoderLayer.__init__,https://github.com/huggingface/transformers/blob/984bc11b0882ff1e5b34ba717ea357e069ceced9/src/transformers/models/llama/modeling_llama.py#L685-L693,参数声明；具体 norm、bias、sink 或 mix scale 计算由后续数据流说明,,
r1-distill-llama-8b,DeepSeek-R1-Distill-Llama-8B,decoder-4,decoder,3,4,GQA,prefill,gqa,prefill-gqa-norm-1,向量参数：model.layers.{i}.post_attention_layernorm.weight,parameter=[4096],parameter=[4096],激活/中间精度见固定参考函数；存储类型只由文件头证据填写,4096,本 checkpoint 全分片 header：291 张量；逻辑主干、MTP/DSpark、共享副本和量化元数据分开。未读取权重值或运行模型。,hf-transformers-modeling_llama-py,LlamaDecoderLayer.__init__,https://github.com/huggingface/transformers/blob/984bc11b0882ff1e5b34ba717ea357e069ceced9/src/transformers/models/llama/modeling_llama.py#L685-L693,参数声明；具体 norm、bias、sink 或 mix scale 计算由后续数据流说明,,
r1-distill-llama-8b,DeepSeek-R1-Distill-Llama-8B,decoder-4,decoder,3,4,GQA,prefill,gqa,prefill-gqa-gqa-scores,GQA Key/Value 广播与 attention,"Q=[B,32,L_q,128]; K_cache=[B,8,L_kv,128]; V_cache=[B,8,L_kv,128]","scores=[B,32,L_q,L_kv]; out=[B,32,L_q,128]",激活/中间精度见固定参考函数；存储类型只由文件头证据填写,0,本 checkpoint 全分片 header：291 张量；逻辑主干、MTP/DSpark、共享副本和量化元数据分开。未读取权重值或运行模型。,hf-transformers-modeling_llama-py,LlamaAttention.forward,https://github.com/huggingface/transformers/blob/984bc11b0882ff1e5b34ba717ea357e069ceced9/src/transformers/models/llama/modeling_llama.py#L364-L455,RoPE → cache.update → repeat_kv(N_head/N_KV) → QK^T/√D → mask/FP32 softmax → PV,,参考 eager 数学路径；实际 SDPA/FlashAttention、分页与设备分派另核验
r1-distill-llama-8b,DeepSeek-R1-Distill-Llama-8B,decoder-4,decoder,3,4,GQA,prefill,gqa,prefill-gqa-swiglu,Dense SwiGLU,"gate=[N_tok,14336]; up=[N_tok,14336]","act=[N_tok,14336]",激活/中间精度见固定参考函数；存储类型只由文件头证据填写,0,本 checkpoint 全分片 header：291 张量；逻辑主干、MTP/DSpark、共享副本和量化元数据分开。未读取权重值或运行模型。,hf-transformers-modeling_llama-py,LlamaMLP.forward,https://github.com/huggingface/transformers/blob/984bc11b0882ff1e5b34ba717ea357e069ceced9/src/transformers/models/llama/modeling_llama.py#L291-L311,SiLU(gate)*up → down；两次 pre-norm residual 分开,,
r1-distill-llama-8b,DeepSeek-R1-Distill-Llama-8B,decoder-4,decoder,3,4,GQA,decode,gqa,decode-gqa-attention-0,逻辑投影：model.layers.{i}.self_attn.q_proj.weight,"x=[B,L_q,4096]; W=[4096,4096]","y=[B,L_q,4096]",激活/中间精度见固定参考函数；存储类型只由文件头证据填写,16777216,本 checkpoint 全分片 header：291 张量；逻辑主干、MTP/DSpark、共享副本和量化元数据分开。未读取权重值或运行模型。,hf-transformers-modeling_llama-py,LlamaAttention.__init__,https://github.com/huggingface/transformers/blob/984bc11b0882ff1e5b34ba717ea357e069ceced9/src/transformers/models/llama/modeling_llama.py#L329-L362,"y=x @ W^T；权重按[输出,输入]；专家模板另用 N_e 动态 token 数",,
r1-distill-llama-8b,DeepSeek-R1-Distill-Llama-8B,decoder-4,decoder,3,4,GQA,decode,gqa,decode-gqa-attention-1,逻辑投影：model.layers.{i}.self_attn.k_proj.weight,"x=[B,L_q,4096]; W=[1024,4096]","y=[B,L_q,1024]",激活/中间精度见固定参考函数；存储类型只由文件头证据填写,4194304,本 checkpoint 全分片 header：291 张量；逻辑主干、MTP/DSpark、共享副本和量化元数据分开。未读取权重值或运行模型。,hf-transformers-modeling_llama-py,LlamaAttention.__init__,https://github.com/huggingface/transformers/blob/984bc11b0882ff1e5b34ba717ea357e069ceced9/src/transformers/models/llama/modeling_llama.py#L329-L362,"y=x @ W^T；权重按[输出,输入]；专家模板另用 N_e 动态 token 数",,
r1-distill-llama-8b,DeepSeek-R1-Distill-Llama-8B,decoder-4,decoder,3,4,GQA,decode,gqa,decode-gqa-attention-2,逻辑投影：model.layers.{i}.self_attn.v_proj.weight,"x=[B,L_q,4096]; W=[1024,4096]","y=[B,L_q,1024]",激活/中间精度见固定参考函数；存储类型只由文件头证据填写,4194304,本 checkpoint 全分片 header：291 张量；逻辑主干、MTP/DSpark、共享副本和量化元数据分开。未读取权重值或运行模型。,hf-transformers-modeling_llama-py,LlamaAttention.__init__,https://github.com/huggingface/transformers/blob/984bc11b0882ff1e5b34ba717ea357e069ceced9/src/transformers/models/llama/modeling_llama.py#L329-L362,"y=x @ W^T；权重按[输出,输入]；专家模板另用 N_e 动态 token 数",,
r1-distill-llama-8b,DeepSeek-R1-Distill-Llama-8B,decoder-4,decoder,3,4,GQA,decode,gqa,decode-gqa-attention-3,逻辑投影：model.layers.{i}.self_attn.o_proj.weight,"x=[B,L_q,4096]; W=[4096,4096]","y=[B,L_q,4096]",激活/中间精度见固定参考函数；存储类型只由文件头证据填写,16777216,本 checkpoint 全分片 header：291 张量；逻辑主干、MTP/DSpark、共享副本和量化元数据分开。未读取权重值或运行模型。,hf-transformers-modeling_llama-py,LlamaAttention.__init__,https://github.com/huggingface/transformers/blob/984bc11b0882ff1e5b34ba717ea357e069ceced9/src/transformers/models/llama/modeling_llama.py#L329-L362,"y=x @ W^T；权重按[输出,输入]；专家模板另用 N_e 动态 token 数",,
r1-distill-llama-8b,DeepSeek-R1-Distill-Llama-8B,decoder-4,decoder,3,4,GQA,decode,gqa,decode-gqa-ffn-0,逻辑投影：model.layers.{i}.mlp.gate_proj.weight,"x=[B,L_q,4096]; W=[14336,4096]","y=[B,L_q,14336]",激活/中间精度见固定参考函数；存储类型只由文件头证据填写,58720256,本 checkpoint 全分片 header：291 张量；逻辑主干、MTP/DSpark、共享副本和量化元数据分开。未读取权重值或运行模型。,hf-transformers-modeling_llama-py,LlamaMLP.__init__,https://github.com/huggingface/transformers/blob/984bc11b0882ff1e5b34ba717ea357e069ceced9/src/transformers/models/llama/modeling_llama.py#L281-L289,"y=x @ W^T；权重按[输出,输入]；专家模板另用 N_e 动态 token 数",,
r1-distill-llama-8b,DeepSeek-R1-Distill-Llama-8B,decoder-4,decoder,3,4,GQA,decode,gqa,decode-gqa-ffn-1,逻辑投影：model.layers.{i}.mlp.up_proj.weight,"x=[B,L_q,4096]; W=[14336,4096]","y=[B,L_q,14336]",激活/中间精度见固定参考函数；存储类型只由文件头证据填写,58720256,本 checkpoint 全分片 header：291 张量；逻辑主干、MTP/DSpark、共享副本和量化元数据分开。未读取权重值或运行模型。,hf-transformers-modeling_llama-py,LlamaMLP.__init__,https://github.com/huggingface/transformers/blob/984bc11b0882ff1e5b34ba717ea357e069ceced9/src/transformers/models/llama/modeling_llama.py#L281-L289,"y=x @ W^T；权重按[输出,输入]；专家模板另用 N_e 动态 token 数",,
r1-distill-llama-8b,DeepSeek-R1-Distill-Llama-8B,decoder-4,decoder,3,4,GQA,decode,gqa,decode-gqa-ffn-2,逻辑投影：model.layers.{i}.mlp.down_proj.weight,"x=[B,L_q,14336]; W=[4096,14336]","y=[B,L_q,4096]",激活/中间精度见固定参考函数；存储类型只由文件头证据填写,58720256,本 checkpoint 全分片 header：291 张量；逻辑主干、MTP/DSpark、共享副本和量化元数据分开。未读取权重值或运行模型。,hf-transformers-modeling_llama-py,LlamaMLP.__init__,https://github.com/huggingface/transformers/blob/984bc11b0882ff1e5b34ba717ea357e069ceced9/src/transformers/models/llama/modeling_llama.py#L281-L289,"y=x @ W^T；权重按[输出,输入]；专家模板另用 N_e 动态 token 数",,
r1-distill-llama-8b,DeepSeek-R1-Distill-Llama-8B,decoder-4,decoder,3,4,GQA,decode,gqa,decode-gqa-norm-0,向量参数：model.layers.{i}.input_layernorm.weight,parameter=[4096],parameter=[4096],激活/中间精度见固定参考函数；存储类型只由文件头证据填写,4096,本 checkpoint 全分片 header：291 张量；逻辑主干、MTP/DSpark、共享副本和量化元数据分开。未读取权重值或运行模型。,hf-transformers-modeling_llama-py,LlamaDecoderLayer.__init__,https://github.com/huggingface/transformers/blob/984bc11b0882ff1e5b34ba717ea357e069ceced9/src/transformers/models/llama/modeling_llama.py#L685-L693,参数声明；具体 norm、bias、sink 或 mix scale 计算由后续数据流说明,,
r1-distill-llama-8b,DeepSeek-R1-Distill-Llama-8B,decoder-4,decoder,3,4,GQA,decode,gqa,decode-gqa-norm-1,向量参数：model.layers.{i}.post_attention_layernorm.weight,parameter=[4096],parameter=[4096],激活/中间精度见固定参考函数；存储类型只由文件头证据填写,4096,本 checkpoint 全分片 header：291 张量；逻辑主干、MTP/DSpark、共享副本和量化元数据分开。未读取权重值或运行模型。,hf-transformers-modeling_llama-py,LlamaDecoderLayer.__init__,https://github.com/huggingface/transformers/blob/984bc11b0882ff1e5b34ba717ea357e069ceced9/src/transformers/models/llama/modeling_llama.py#L685-L693,参数声明；具体 norm、bias、sink 或 mix scale 计算由后续数据流说明,,
r1-distill-llama-8b,DeepSeek-R1-Distill-Llama-8B,decoder-4,decoder,3,4,GQA,decode,gqa,decode-gqa-gqa-scores,GQA Key/Value 广播与 attention,"Q=[B,32,L_q,128]; K_cache=[B,8,L_kv,128]; V_cache=[B,8,L_kv,128]","scores=[B,32,L_q,L_kv]; out=[B,32,L_q,128]",激活/中间精度见固定参考函数；存储类型只由文件头证据填写,0,本 checkpoint 全分片 header：291 张量；逻辑主干、MTP/DSpark、共享副本和量化元数据分开。未读取权重值或运行模型。,hf-transformers-modeling_llama-py,LlamaAttention.forward,https://github.com/huggingface/transformers/blob/984bc11b0882ff1e5b34ba717ea357e069ceced9/src/transformers/models/llama/modeling_llama.py#L364-L455,RoPE → cache.update → repeat_kv(N_head/N_KV) → QK^T/√D → mask/FP32 softmax → PV,,参考 eager 数学路径；实际 SDPA/FlashAttention、分页与设备分派另核验
r1-distill-llama-8b,DeepSeek-R1-Distill-Llama-8B,decoder-4,decoder,3,4,GQA,decode,gqa,decode-gqa-swiglu,Dense SwiGLU,"gate=[N_tok,14336]; up=[N_tok,14336]","act=[N_tok,14336]",激活/中间精度见固定参考函数；存储类型只由文件头证据填写,0,本 checkpoint 全分片 header：291 张量；逻辑主干、MTP/DSpark、共享副本和量化元数据分开。未读取权重值或运行模型。,hf-transformers-modeling_llama-py,LlamaMLP.forward,https://github.com/huggingface/transformers/blob/984bc11b0882ff1e5b34ba717ea357e069ceced9/src/transformers/models/llama/modeling_llama.py#L291-L311,SiLU(gate)*up → down；两次 pre-norm residual 分开,,
r1-distill-llama-8b,DeepSeek-R1-Distill-Llama-8B,decoder-5,decoder,4,5,GQA,prefill,gqa,prefill-gqa-attention-0,逻辑投影：model.layers.{i}.self_attn.q_proj.weight,"x=[B,L_q,4096]; W=[4096,4096]","y=[B,L_q,4096]",激活/中间精度见固定参考函数；存储类型只由文件头证据填写,16777216,本 checkpoint 全分片 header：291 张量；逻辑主干、MTP/DSpark、共享副本和量化元数据分开。未读取权重值或运行模型。,hf-transformers-modeling_llama-py,LlamaAttention.__init__,https://github.com/huggingface/transformers/blob/984bc11b0882ff1e5b34ba717ea357e069ceced9/src/transformers/models/llama/modeling_llama.py#L329-L362,"y=x @ W^T；权重按[输出,输入]；专家模板另用 N_e 动态 token 数",,
r1-distill-llama-8b,DeepSeek-R1-Distill-Llama-8B,decoder-5,decoder,4,5,GQA,prefill,gqa,prefill-gqa-attention-1,逻辑投影：model.layers.{i}.self_attn.k_proj.weight,"x=[B,L_q,4096]; W=[1024,4096]","y=[B,L_q,1024]",激活/中间精度见固定参考函数；存储类型只由文件头证据填写,4194304,本 checkpoint 全分片 header：291 张量；逻辑主干、MTP/DSpark、共享副本和量化元数据分开。未读取权重值或运行模型。,hf-transformers-modeling_llama-py,LlamaAttention.__init__,https://github.com/huggingface/transformers/blob/984bc11b0882ff1e5b34ba717ea357e069ceced9/src/transformers/models/llama/modeling_llama.py#L329-L362,"y=x @ W^T；权重按[输出,输入]；专家模板另用 N_e 动态 token 数",,
r1-distill-llama-8b,DeepSeek-R1-Distill-Llama-8B,decoder-5,decoder,4,5,GQA,prefill,gqa,prefill-gqa-attention-2,逻辑投影：model.layers.{i}.self_attn.v_proj.weight,"x=[B,L_q,4096]; W=[1024,4096]","y=[B,L_q,1024]",激活/中间精度见固定参考函数；存储类型只由文件头证据填写,4194304,本 checkpoint 全分片 header：291 张量；逻辑主干、MTP/DSpark、共享副本和量化元数据分开。未读取权重值或运行模型。,hf-transformers-modeling_llama-py,LlamaAttention.__init__,https://github.com/huggingface/transformers/blob/984bc11b0882ff1e5b34ba717ea357e069ceced9/src/transformers/models/llama/modeling_llama.py#L329-L362,"y=x @ W^T；权重按[输出,输入]；专家模板另用 N_e 动态 token 数",,
r1-distill-llama-8b,DeepSeek-R1-Distill-Llama-8B,decoder-5,decoder,4,5,GQA,prefill,gqa,prefill-gqa-attention-3,逻辑投影：model.layers.{i}.self_attn.o_proj.weight,"x=[B,L_q,4096]; W=[4096,4096]","y=[B,L_q,4096]",激活/中间精度见固定参考函数；存储类型只由文件头证据填写,16777216,本 checkpoint 全分片 header：291 张量；逻辑主干、MTP/DSpark、共享副本和量化元数据分开。未读取权重值或运行模型。,hf-transformers-modeling_llama-py,LlamaAttention.__init__,https://github.com/huggingface/transformers/blob/984bc11b0882ff1e5b34ba717ea357e069ceced9/src/transformers/models/llama/modeling_llama.py#L329-L362,"y=x @ W^T；权重按[输出,输入]；专家模板另用 N_e 动态 token 数",,
r1-distill-llama-8b,DeepSeek-R1-Distill-Llama-8B,decoder-5,decoder,4,5,GQA,prefill,gqa,prefill-gqa-ffn-0,逻辑投影：model.layers.{i}.mlp.gate_proj.weight,"x=[B,L_q,4096]; W=[14336,4096]","y=[B,L_q,14336]",激活/中间精度见固定参考函数；存储类型只由文件头证据填写,58720256,本 checkpoint 全分片 header：291 张量；逻辑主干、MTP/DSpark、共享副本和量化元数据分开。未读取权重值或运行模型。,hf-transformers-modeling_llama-py,LlamaMLP.__init__,https://github.com/huggingface/transformers/blob/984bc11b0882ff1e5b34ba717ea357e069ceced9/src/transformers/models/llama/modeling_llama.py#L281-L289,"y=x @ W^T；权重按[输出,输入]；专家模板另用 N_e 动态 token 数",,
r1-distill-llama-8b,DeepSeek-R1-Distill-Llama-8B,decoder-5,decoder,4,5,GQA,prefill,gqa,prefill-gqa-ffn-1,逻辑投影：model.layers.{i}.mlp.up_proj.weight,"x=[B,L_q,4096]; W=[14336,4096]","y=[B,L_q,14336]",激活/中间精度见固定参考函数；存储类型只由文件头证据填写,58720256,本 checkpoint 全分片 header：291 张量；逻辑主干、MTP/DSpark、共享副本和量化元数据分开。未读取权重值或运行模型。,hf-transformers-modeling_llama-py,LlamaMLP.__init__,https://github.com/huggingface/transformers/blob/984bc11b0882ff1e5b34ba717ea357e069ceced9/src/transformers/models/llama/modeling_llama.py#L281-L289,"y=x @ W^T；权重按[输出,输入]；专家模板另用 N_e 动态 token 数",,
r1-distill-llama-8b,DeepSeek-R1-Distill-Llama-8B,decoder-5,decoder,4,5,GQA,prefill,gqa,prefill-gqa-ffn-2,逻辑投影：model.layers.{i}.mlp.down_proj.weight,"x=[B,L_q,14336]; W=[4096,14336]","y=[B,L_q,4096]",激活/中间精度见固定参考函数；存储类型只由文件头证据填写,58720256,本 checkpoint 全分片 header：291 张量；逻辑主干、MTP/DSpark、共享副本和量化元数据分开。未读取权重值或运行模型。,hf-transformers-modeling_llama-py,LlamaMLP.__init__,https://github.com/huggingface/transformers/blob/984bc11b0882ff1e5b34ba717ea357e069ceced9/src/transformers/models/llama/modeling_llama.py#L281-L289,"y=x @ W^T；权重按[输出,输入]；专家模板另用 N_e 动态 token 数",,
r1-distill-llama-8b,DeepSeek-R1-Distill-Llama-8B,decoder-5,decoder,4,5,GQA,prefill,gqa,prefill-gqa-norm-0,向量参数：model.layers.{i}.input_layernorm.weight,parameter=[4096],parameter=[4096],激活/中间精度见固定参考函数；存储类型只由文件头证据填写,4096,本 checkpoint 全分片 header：291 张量；逻辑主干、MTP/DSpark、共享副本和量化元数据分开。未读取权重值或运行模型。,hf-transformers-modeling_llama-py,LlamaDecoderLayer.__init__,https://github.com/huggingface/transformers/blob/984bc11b0882ff1e5b34ba717ea357e069ceced9/src/transformers/models/llama/modeling_llama.py#L685-L693,参数声明；具体 norm、bias、sink 或 mix scale 计算由后续数据流说明,,
r1-distill-llama-8b,DeepSeek-R1-Distill-Llama-8B,decoder-5,decoder,4,5,GQA,prefill,gqa,prefill-gqa-norm-1,向量参数：model.layers.{i}.post_attention_layernorm.weight,parameter=[4096],parameter=[4096],激活/中间精度见固定参考函数；存储类型只由文件头证据填写,4096,本 checkpoint 全分片 header：291 张量；逻辑主干、MTP/DSpark、共享副本和量化元数据分开。未读取权重值或运行模型。,hf-transformers-modeling_llama-py,LlamaDecoderLayer.__init__,https://github.com/huggingface/transformers/blob/984bc11b0882ff1e5b34ba717ea357e069ceced9/src/transformers/models/llama/modeling_llama.py#L685-L693,参数声明；具体 norm、bias、sink 或 mix scale 计算由后续数据流说明,,
r1-distill-llama-8b,DeepSeek-R1-Distill-Llama-8B,decoder-5,decoder,4,5,GQA,prefill,gqa,prefill-gqa-gqa-scores,GQA Key/Value 广播与 attention,"Q=[B,32,L_q,128]; K_cache=[B,8,L_kv,128]; V_cache=[B,8,L_kv,128]","scores=[B,32,L_q,L_kv]; out=[B,32,L_q,128]",激活/中间精度见固定参考函数；存储类型只由文件头证据填写,0,本 checkpoint 全分片 header：291 张量；逻辑主干、MTP/DSpark、共享副本和量化元数据分开。未读取权重值或运行模型。,hf-transformers-modeling_llama-py,LlamaAttention.forward,https://github.com/huggingface/transformers/blob/984bc11b0882ff1e5b34ba717ea357e069ceced9/src/transformers/models/llama/modeling_llama.py#L364-L455,RoPE → cache.update → repeat_kv(N_head/N_KV) → QK^T/√D → mask/FP32 softmax → PV,,参考 eager 数学路径；实际 SDPA/FlashAttention、分页与设备分派另核验
r1-distill-llama-8b,DeepSeek-R1-Distill-Llama-8B,decoder-5,decoder,4,5,GQA,prefill,gqa,prefill-gqa-swiglu,Dense SwiGLU,"gate=[N_tok,14336]; up=[N_tok,14336]","act=[N_tok,14336]",激活/中间精度见固定参考函数；存储类型只由文件头证据填写,0,本 checkpoint 全分片 header：291 张量；逻辑主干、MTP/DSpark、共享副本和量化元数据分开。未读取权重值或运行模型。,hf-transformers-modeling_llama-py,LlamaMLP.forward,https://github.com/huggingface/transformers/blob/984bc11b0882ff1e5b34ba717ea357e069ceced9/src/transformers/models/llama/modeling_llama.py#L291-L311,SiLU(gate)*up → down；两次 pre-norm residual 分开,,
r1-distill-llama-8b,DeepSeek-R1-Distill-Llama-8B,decoder-5,decoder,4,5,GQA,decode,gqa,decode-gqa-attention-0,逻辑投影：model.layers.{i}.self_attn.q_proj.weight,"x=[B,L_q,4096]; W=[4096,4096]","y=[B,L_q,4096]",激活/中间精度见固定参考函数；存储类型只由文件头证据填写,16777216,本 checkpoint 全分片 header：291 张量；逻辑主干、MTP/DSpark、共享副本和量化元数据分开。未读取权重值或运行模型。,hf-transformers-modeling_llama-py,LlamaAttention.__init__,https://github.com/huggingface/transformers/blob/984bc11b0882ff1e5b34ba717ea357e069ceced9/src/transformers/models/llama/modeling_llama.py#L329-L362,"y=x @ W^T；权重按[输出,输入]；专家模板另用 N_e 动态 token 数",,
r1-distill-llama-8b,DeepSeek-R1-Distill-Llama-8B,decoder-5,decoder,4,5,GQA,decode,gqa,decode-gqa-attention-1,逻辑投影：model.layers.{i}.self_attn.k_proj.weight,"x=[B,L_q,4096]; W=[1024,4096]","y=[B,L_q,1024]",激活/中间精度见固定参考函数；存储类型只由文件头证据填写,4194304,本 checkpoint 全分片 header：291 张量；逻辑主干、MTP/DSpark、共享副本和量化元数据分开。未读取权重值或运行模型。,hf-transformers-modeling_llama-py,LlamaAttention.__init__,https://github.com/huggingface/transformers/blob/984bc11b0882ff1e5b34ba717ea357e069ceced9/src/transformers/models/llama/modeling_llama.py#L329-L362,"y=x @ W^T；权重按[输出,输入]；专家模板另用 N_e 动态 token 数",,
r1-distill-llama-8b,DeepSeek-R1-Distill-Llama-8B,decoder-5,decoder,4,5,GQA,decode,gqa,decode-gqa-attention-2,逻辑投影：model.layers.{i}.self_attn.v_proj.weight,"x=[B,L_q,4096]; W=[1024,4096]","y=[B,L_q,1024]",激活/中间精度见固定参考函数；存储类型只由文件头证据填写,4194304,本 checkpoint 全分片 header：291 张量；逻辑主干、MTP/DSpark、共享副本和量化元数据分开。未读取权重值或运行模型。,hf-transformers-modeling_llama-py,LlamaAttention.__init__,https://github.com/huggingface/transformers/blob/984bc11b0882ff1e5b34ba717ea357e069ceced9/src/transformers/models/llama/modeling_llama.py#L329-L362,"y=x @ W^T；权重按[输出,输入]；专家模板另用 N_e 动态 token 数",,
r1-distill-llama-8b,DeepSeek-R1-Distill-Llama-8B,decoder-5,decoder,4,5,GQA,decode,gqa,decode-gqa-attention-3,逻辑投影：model.layers.{i}.self_attn.o_proj.weight,"x=[B,L_q,4096]; W=[4096,4096]","y=[B,L_q,4096]",激活/中间精度见固定参考函数；存储类型只由文件头证据填写,16777216,本 checkpoint 全分片 header：291 张量；逻辑主干、MTP/DSpark、共享副本和量化元数据分开。未读取权重值或运行模型。,hf-transformers-modeling_llama-py,LlamaAttention.__init__,https://github.com/huggingface/transformers/blob/984bc11b0882ff1e5b34ba717ea357e069ceced9/src/transformers/models/llama/modeling_llama.py#L329-L362,"y=x @ W^T；权重按[输出,输入]；专家模板另用 N_e 动态 token 数",,
r1-distill-llama-8b,DeepSeek-R1-Distill-Llama-8B,decoder-5,decoder,4,5,GQA,decode,gqa,decode-gqa-ffn-0,逻辑投影：model.layers.{i}.mlp.gate_proj.weight,"x=[B,L_q,4096]; W=[14336,4096]","y=[B,L_q,14336]",激活/中间精度见固定参考函数；存储类型只由文件头证据填写,58720256,本 checkpoint 全分片 header：291 张量；逻辑主干、MTP/DSpark、共享副本和量化元数据分开。未读取权重值或运行模型。,hf-transformers-modeling_llama-py,LlamaMLP.__init__,https://github.com/huggingface/transformers/blob/984bc11b0882ff1e5b34ba717ea357e069ceced9/src/transformers/models/llama/modeling_llama.py#L281-L289,"y=x @ W^T；权重按[输出,输入]；专家模板另用 N_e 动态 token 数",,
r1-distill-llama-8b,DeepSeek-R1-Distill-Llama-8B,decoder-5,decoder,4,5,GQA,decode,gqa,decode-gqa-ffn-1,逻辑投影：model.layers.{i}.mlp.up_proj.weight,"x=[B,L_q,4096]; W=[14336,4096]","y=[B,L_q,14336]",激活/中间精度见固定参考函数；存储类型只由文件头证据填写,58720256,本 checkpoint 全分片 header：291 张量；逻辑主干、MTP/DSpark、共享副本和量化元数据分开。未读取权重值或运行模型。,hf-transformers-modeling_llama-py,LlamaMLP.__init__,https://github.com/huggingface/transformers/blob/984bc11b0882ff1e5b34ba717ea357e069ceced9/src/transformers/models/llama/modeling_llama.py#L281-L289,"y=x @ W^T；权重按[输出,输入]；专家模板另用 N_e 动态 token 数",,
r1-distill-llama-8b,DeepSeek-R1-Distill-Llama-8B,decoder-5,decoder,4,5,GQA,decode,gqa,decode-gqa-ffn-2,逻辑投影：model.layers.{i}.mlp.down_proj.weight,"x=[B,L_q,14336]; W=[4096,14336]","y=[B,L_q,4096]",激活/中间精度见固定参考函数；存储类型只由文件头证据填写,58720256,本 checkpoint 全分片 header：291 张量；逻辑主干、MTP/DSpark、共享副本和量化元数据分开。未读取权重值或运行模型。,hf-transformers-modeling_llama-py,LlamaMLP.__init__,https://github.com/huggingface/transformers/blob/984bc11b0882ff1e5b34ba717ea357e069ceced9/src/transformers/models/llama/modeling_llama.py#L281-L289,"y=x @ W^T；权重按[输出,输入]；专家模板另用 N_e 动态 token 数",,
r1-distill-llama-8b,DeepSeek-R1-Distill-Llama-8B,decoder-5,decoder,4,5,GQA,decode,gqa,decode-gqa-norm-0,向量参数：model.layers.{i}.input_layernorm.weight,parameter=[4096],parameter=[4096],激活/中间精度见固定参考函数；存储类型只由文件头证据填写,4096,本 checkpoint 全分片 header：291 张量；逻辑主干、MTP/DSpark、共享副本和量化元数据分开。未读取权重值或运行模型。,hf-transformers-modeling_llama-py,LlamaDecoderLayer.__init__,https://github.com/huggingface/transformers/blob/984bc11b0882ff1e5b34ba717ea357e069ceced9/src/transformers/models/llama/modeling_llama.py#L685-L693,参数声明；具体 norm、bias、sink 或 mix scale 计算由后续数据流说明,,
r1-distill-llama-8b,DeepSeek-R1-Distill-Llama-8B,decoder-5,decoder,4,5,GQA,decode,gqa,decode-gqa-norm-1,向量参数：model.layers.{i}.post_attention_layernorm.weight,parameter=[4096],parameter=[4096],激活/中间精度见固定参考函数；存储类型只由文件头证据填写,4096,本 checkpoint 全分片 header：291 张量；逻辑主干、MTP/DSpark、共享副本和量化元数据分开。未读取权重值或运行模型。,hf-transformers-modeling_llama-py,LlamaDecoderLayer.__init__,https://github.com/huggingface/transformers/blob/984bc11b0882ff1e5b34ba717ea357e069ceced9/src/transformers/models/llama/modeling_llama.py#L685-L693,参数声明；具体 norm、bias、sink 或 mix scale 计算由后续数据流说明,,
r1-distill-llama-8b,DeepSeek-R1-Distill-Llama-8B,decoder-5,decoder,4,5,GQA,decode,gqa,decode-gqa-gqa-scores,GQA Key/Value 广播与 attention,"Q=[B,32,L_q,128]; K_cache=[B,8,L_kv,128]; V_cache=[B,8,L_kv,128]","scores=[B,32,L_q,L_kv]; out=[B,32,L_q,128]",激活/中间精度见固定参考函数；存储类型只由文件头证据填写,0,本 checkpoint 全分片 header：291 张量；逻辑主干、MTP/DSpark、共享副本和量化元数据分开。未读取权重值或运行模型。,hf-transformers-modeling_llama-py,LlamaAttention.forward,https://github.com/huggingface/transformers/blob/984bc11b0882ff1e5b34ba717ea357e069ceced9/src/transformers/models/llama/modeling_llama.py#L364-L455,RoPE → cache.update → repeat_kv(N_head/N_KV) → QK^T/√D → mask/FP32 softmax → PV,,参考 eager 数学路径；实际 SDPA/FlashAttention、分页与设备分派另核验
r1-distill-llama-8b,DeepSeek-R1-Distill-Llama-8B,decoder-5,decoder,4,5,GQA,decode,gqa,decode-gqa-swiglu,Dense SwiGLU,"gate=[N_tok,14336]; up=[N_tok,14336]","act=[N_tok,14336]",激活/中间精度见固定参考函数；存储类型只由文件头证据填写,0,本 checkpoint 全分片 header：291 张量；逻辑主干、MTP/DSpark、共享副本和量化元数据分开。未读取权重值或运行模型。,hf-transformers-modeling_llama-py,LlamaMLP.forward,https://github.com/huggingface/transformers/blob/984bc11b0882ff1e5b34ba717ea357e069ceced9/src/transformers/models/llama/modeling_llama.py#L291-L311,SiLU(gate)*up → down；两次 pre-norm residual 分开,,
r1-distill-llama-8b,DeepSeek-R1-Distill-Llama-8B,decoder-6,decoder,5,6,GQA,prefill,gqa,prefill-gqa-attention-0,逻辑投影：model.layers.{i}.self_attn.q_proj.weight,"x=[B,L_q,4096]; W=[4096,4096]","y=[B,L_q,4096]",激活/中间精度见固定参考函数；存储类型只由文件头证据填写,16777216,本 checkpoint 全分片 header：291 张量；逻辑主干、MTP/DSpark、共享副本和量化元数据分开。未读取权重值或运行模型。,hf-transformers-modeling_llama-py,LlamaAttention.__init__,https://github.com/huggingface/transformers/blob/984bc11b0882ff1e5b34ba717ea357e069ceced9/src/transformers/models/llama/modeling_llama.py#L329-L362,"y=x @ W^T；权重按[输出,输入]；专家模板另用 N_e 动态 token 数",,
r1-distill-llama-8b,DeepSeek-R1-Distill-Llama-8B,decoder-6,decoder,5,6,GQA,prefill,gqa,prefill-gqa-attention-1,逻辑投影：model.layers.{i}.self_attn.k_proj.weight,"x=[B,L_q,4096]; W=[1024,4096]","y=[B,L_q,1024]",激活/中间精度见固定参考函数；存储类型只由文件头证据填写,4194304,本 checkpoint 全分片 header：291 张量；逻辑主干、MTP/DSpark、共享副本和量化元数据分开。未读取权重值或运行模型。,hf-transformers-modeling_llama-py,LlamaAttention.__init__,https://github.com/huggingface/transformers/blob/984bc11b0882ff1e5b34ba717ea357e069ceced9/src/transformers/models/llama/modeling_llama.py#L329-L362,"y=x @ W^T；权重按[输出,输入]；专家模板另用 N_e 动态 token 数",,
r1-distill-llama-8b,DeepSeek-R1-Distill-Llama-8B,decoder-6,decoder,5,6,GQA,prefill,gqa,prefill-gqa-attention-2,逻辑投影：model.layers.{i}.self_attn.v_proj.weight,"x=[B,L_q,4096]; W=[1024,4096]","y=[B,L_q,1024]",激活/中间精度见固定参考函数；存储类型只由文件头证据填写,4194304,本 checkpoint 全分片 header：291 张量；逻辑主干、MTP/DSpark、共享副本和量化元数据分开。未读取权重值或运行模型。,hf-transformers-modeling_llama-py,LlamaAttention.__init__,https://github.com/huggingface/transformers/blob/984bc11b0882ff1e5b34ba717ea357e069ceced9/src/transformers/models/llama/modeling_llama.py#L329-L362,"y=x @ W^T；权重按[输出,输入]；专家模板另用 N_e 动态 token 数",,
r1-distill-llama-8b,DeepSeek-R1-Distill-Llama-8B,decoder-6,decoder,5,6,GQA,prefill,gqa,prefill-gqa-attention-3,逻辑投影：model.layers.{i}.self_attn.o_proj.weight,"x=[B,L_q,4096]; W=[4096,4096]","y=[B,L_q,4096]",激活/中间精度见固定参考函数；存储类型只由文件头证据填写,16777216,本 checkpoint 全分片 header：291 张量；逻辑主干、MTP/DSpark、共享副本和量化元数据分开。未读取权重值或运行模型。,hf-transformers-modeling_llama-py,LlamaAttention.__init__,https://github.com/huggingface/transformers/blob/984bc11b0882ff1e5b34ba717ea357e069ceced9/src/transformers/models/llama/modeling_llama.py#L329-L362,"y=x @ W^T；权重按[输出,输入]；专家模板另用 N_e 动态 token 数",,
r1-distill-llama-8b,DeepSeek-R1-Distill-Llama-8B,decoder-6,decoder,5,6,GQA,prefill,gqa,prefill-gqa-ffn-0,逻辑投影：model.layers.{i}.mlp.gate_proj.weight,"x=[B,L_q,4096]; W=[14336,4096]","y=[B,L_q,14336]",激活/中间精度见固定参考函数；存储类型只由文件头证据填写,58720256,本 checkpoint 全分片 header：291 张量；逻辑主干、MTP/DSpark、共享副本和量化元数据分开。未读取权重值或运行模型。,hf-transformers-modeling_llama-py,LlamaMLP.__init__,https://github.com/huggingface/transformers/blob/984bc11b0882ff1e5b34ba717ea357e069ceced9/src/transformers/models/llama/modeling_llama.py#L281-L289,"y=x @ W^T；权重按[输出,输入]；专家模板另用 N_e 动态 token 数",,
r1-distill-llama-8b,DeepSeek-R1-Distill-Llama-8B,decoder-6,decoder,5,6,GQA,prefill,gqa,prefill-gqa-ffn-1,逻辑投影：model.layers.{i}.mlp.up_proj.weight,"x=[B,L_q,4096]; W=[14336,4096]","y=[B,L_q,14336]",激活/中间精度见固定参考函数；存储类型只由文件头证据填写,58720256,本 checkpoint 全分片 header：291 张量；逻辑主干、MTP/DSpark、共享副本和量化元数据分开。未读取权重值或运行模型。,hf-transformers-modeling_llama-py,LlamaMLP.__init__,https://github.com/huggingface/transformers/blob/984bc11b0882ff1e5b34ba717ea357e069ceced9/src/transformers/models/llama/modeling_llama.py#L281-L289,"y=x @ W^T；权重按[输出,输入]；专家模板另用 N_e 动态 token 数",,
r1-distill-llama-8b,DeepSeek-R1-Distill-Llama-8B,decoder-6,decoder,5,6,GQA,prefill,gqa,prefill-gqa-ffn-2,逻辑投影：model.layers.{i}.mlp.down_proj.weight,"x=[B,L_q,14336]; W=[4096,14336]","y=[B,L_q,4096]",激活/中间精度见固定参考函数；存储类型只由文件头证据填写,58720256,本 checkpoint 全分片 header：291 张量；逻辑主干、MTP/DSpark、共享副本和量化元数据分开。未读取权重值或运行模型。,hf-transformers-modeling_llama-py,LlamaMLP.__init__,https://github.com/huggingface/transformers/blob/984bc11b0882ff1e5b34ba717ea357e069ceced9/src/transformers/models/llama/modeling_llama.py#L281-L289,"y=x @ W^T；权重按[输出,输入]；专家模板另用 N_e 动态 token 数",,
r1-distill-llama-8b,DeepSeek-R1-Distill-Llama-8B,decoder-6,decoder,5,6,GQA,prefill,gqa,prefill-gqa-norm-0,向量参数：model.layers.{i}.input_layernorm.weight,parameter=[4096],parameter=[4096],激活/中间精度见固定参考函数；存储类型只由文件头证据填写,4096,本 checkpoint 全分片 header：291 张量；逻辑主干、MTP/DSpark、共享副本和量化元数据分开。未读取权重值或运行模型。,hf-transformers-modeling_llama-py,LlamaDecoderLayer.__init__,https://github.com/huggingface/transformers/blob/984bc11b0882ff1e5b34ba717ea357e069ceced9/src/transformers/models/llama/modeling_llama.py#L685-L693,参数声明；具体 norm、bias、sink 或 mix scale 计算由后续数据流说明,,
r1-distill-llama-8b,DeepSeek-R1-Distill-Llama-8B,decoder-6,decoder,5,6,GQA,prefill,gqa,prefill-gqa-norm-1,向量参数：model.layers.{i}.post_attention_layernorm.weight,parameter=[4096],parameter=[4096],激活/中间精度见固定参考函数；存储类型只由文件头证据填写,4096,本 checkpoint 全分片 header：291 张量；逻辑主干、MTP/DSpark、共享副本和量化元数据分开。未读取权重值或运行模型。,hf-transformers-modeling_llama-py,LlamaDecoderLayer.__init__,https://github.com/huggingface/transformers/blob/984bc11b0882ff1e5b34ba717ea357e069ceced9/src/transformers/models/llama/modeling_llama.py#L685-L693,参数声明；具体 norm、bias、sink 或 mix scale 计算由后续数据流说明,,
r1-distill-llama-8b,DeepSeek-R1-Distill-Llama-8B,decoder-6,decoder,5,6,GQA,prefill,gqa,prefill-gqa-gqa-scores,GQA Key/Value 广播与 attention,"Q=[B,32,L_q,128]; K_cache=[B,8,L_kv,128]; V_cache=[B,8,L_kv,128]","scores=[B,32,L_q,L_kv]; out=[B,32,L_q,128]",激活/中间精度见固定参考函数；存储类型只由文件头证据填写,0,本 checkpoint 全分片 header：291 张量；逻辑主干、MTP/DSpark、共享副本和量化元数据分开。未读取权重值或运行模型。,hf-transformers-modeling_llama-py,LlamaAttention.forward,https://github.com/huggingface/transformers/blob/984bc11b0882ff1e5b34ba717ea357e069ceced9/src/transformers/models/llama/modeling_llama.py#L364-L455,RoPE → cache.update → repeat_kv(N_head/N_KV) → QK^T/√D → mask/FP32 softmax → PV,,参考 eager 数学路径；实际 SDPA/FlashAttention、分页与设备分派另核验
r1-distill-llama-8b,DeepSeek-R1-Distill-Llama-8B,decoder-6,decoder,5,6,GQA,prefill,gqa,prefill-gqa-swiglu,Dense SwiGLU,"gate=[N_tok,14336]; up=[N_tok,14336]","act=[N_tok,14336]",激活/中间精度见固定参考函数；存储类型只由文件头证据填写,0,本 checkpoint 全分片 header：291 张量；逻辑主干、MTP/DSpark、共享副本和量化元数据分开。未读取权重值或运行模型。,hf-transformers-modeling_llama-py,LlamaMLP.forward,https://github.com/huggingface/transformers/blob/984bc11b0882ff1e5b34ba717ea357e069ceced9/src/transformers/models/llama/modeling_llama.py#L291-L311,SiLU(gate)*up → down；两次 pre-norm residual 分开,,
r1-distill-llama-8b,DeepSeek-R1-Distill-Llama-8B,decoder-6,decoder,5,6,GQA,decode,gqa,decode-gqa-attention-0,逻辑投影：model.layers.{i}.self_attn.q_proj.weight,"x=[B,L_q,4096]; W=[4096,4096]","y=[B,L_q,4096]",激活/中间精度见固定参考函数；存储类型只由文件头证据填写,16777216,本 checkpoint 全分片 header：291 张量；逻辑主干、MTP/DSpark、共享副本和量化元数据分开。未读取权重值或运行模型。,hf-transformers-modeling_llama-py,LlamaAttention.__init__,https://github.com/huggingface/transformers/blob/984bc11b0882ff1e5b34ba717ea357e069ceced9/src/transformers/models/llama/modeling_llama.py#L329-L362,"y=x @ W^T；权重按[输出,输入]；专家模板另用 N_e 动态 token 数",,
r1-distill-llama-8b,DeepSeek-R1-Distill-Llama-8B,decoder-6,decoder,5,6,GQA,decode,gqa,decode-gqa-attention-1,逻辑投影：model.layers.{i}.self_attn.k_proj.weight,"x=[B,L_q,4096]; W=[1024,4096]","y=[B,L_q,1024]",激活/中间精度见固定参考函数；存储类型只由文件头证据填写,4194304,本 checkpoint 全分片 header：291 张量；逻辑主干、MTP/DSpark、共享副本和量化元数据分开。未读取权重值或运行模型。,hf-transformers-modeling_llama-py,LlamaAttention.__init__,https://github.com/huggingface/transformers/blob/984bc11b0882ff1e5b34ba717ea357e069ceced9/src/transformers/models/llama/modeling_llama.py#L329-L362,"y=x @ W^T；权重按[输出,输入]；专家模板另用 N_e 动态 token 数",,
r1-distill-llama-8b,DeepSeek-R1-Distill-Llama-8B,decoder-6,decoder,5,6,GQA,decode,gqa,decode-gqa-attention-2,逻辑投影：model.layers.{i}.self_attn.v_proj.weight,"x=[B,L_q,4096]; W=[1024,4096]","y=[B,L_q,1024]",激活/中间精度见固定参考函数；存储类型只由文件头证据填写,4194304,本 checkpoint 全分片 header：291 张量；逻辑主干、MTP/DSpark、共享副本和量化元数据分开。未读取权重值或运行模型。,hf-transformers-modeling_llama-py,LlamaAttention.__init__,https://github.com/huggingface/transformers/blob/984bc11b0882ff1e5b34ba717ea357e069ceced9/src/transformers/models/llama/modeling_llama.py#L329-L362,"y=x @ W^T；权重按[输出,输入]；专家模板另用 N_e 动态 token 数",,
r1-distill-llama-8b,DeepSeek-R1-Distill-Llama-8B,decoder-6,decoder,5,6,GQA,decode,gqa,decode-gqa-attention-3,逻辑投影：model.layers.{i}.self_attn.o_proj.weight,"x=[B,L_q,4096]; W=[4096,4096]","y=[B,L_q,4096]",激活/中间精度见固定参考函数；存储类型只由文件头证据填写,16777216,本 checkpoint 全分片 header：291 张量；逻辑主干、MTP/DSpark、共享副本和量化元数据分开。未读取权重值或运行模型。,hf-transformers-modeling_llama-py,LlamaAttention.__init__,https://github.com/huggingface/transformers/blob/984bc11b0882ff1e5b34ba717ea357e069ceced9/src/transformers/models/llama/modeling_llama.py#L329-L362,"y=x @ W^T；权重按[输出,输入]；专家模板另用 N_e 动态 token 数",,
r1-distill-llama-8b,DeepSeek-R1-Distill-Llama-8B,decoder-6,decoder,5,6,GQA,decode,gqa,decode-gqa-ffn-0,逻辑投影：model.layers.{i}.mlp.gate_proj.weight,"x=[B,L_q,4096]; W=[14336,4096]","y=[B,L_q,14336]",激活/中间精度见固定参考函数；存储类型只由文件头证据填写,58720256,本 checkpoint 全分片 header：291 张量；逻辑主干、MTP/DSpark、共享副本和量化元数据分开。未读取权重值或运行模型。,hf-transformers-modeling_llama-py,LlamaMLP.__init__,https://github.com/huggingface/transformers/blob/984bc11b0882ff1e5b34ba717ea357e069ceced9/src/transformers/models/llama/modeling_llama.py#L281-L289,"y=x @ W^T；权重按[输出,输入]；专家模板另用 N_e 动态 token 数",,
r1-distill-llama-8b,DeepSeek-R1-Distill-Llama-8B,decoder-6,decoder,5,6,GQA,decode,gqa,decode-gqa-ffn-1,逻辑投影：model.layers.{i}.mlp.up_proj.weight,"x=[B,L_q,4096]; W=[14336,4096]","y=[B,L_q,14336]",激活/中间精度见固定参考函数；存储类型只由文件头证据填写,58720256,本 checkpoint 全分片 header：291 张量；逻辑主干、MTP/DSpark、共享副本和量化元数据分开。未读取权重值或运行模型。,hf-transformers-modeling_llama-py,LlamaMLP.__init__,https://github.com/huggingface/transformers/blob/984bc11b0882ff1e5b34ba717ea357e069ceced9/src/transformers/models/llama/modeling_llama.py#L281-L289,"y=x @ W^T；权重按[输出,输入]；专家模板另用 N_e 动态 token 数",,
r1-distill-llama-8b,DeepSeek-R1-Distill-Llama-8B,decoder-6,decoder,5,6,GQA,decode,gqa,decode-gqa-ffn-2,逻辑投影：model.layers.{i}.mlp.down_proj.weight,"x=[B,L_q,14336]; W=[4096,14336]","y=[B,L_q,4096]",激活/中间精度见固定参考函数；存储类型只由文件头证据填写,58720256,本 checkpoint 全分片 header：291 张量；逻辑主干、MTP/DSpark、共享副本和量化元数据分开。未读取权重值或运行模型。,hf-transformers-modeling_llama-py,LlamaMLP.__init__,https://github.com/huggingface/transformers/blob/984bc11b0882ff1e5b34ba717ea357e069ceced9/src/transformers/models/llama/modeling_llama.py#L281-L289,"y=x @ W^T；权重按[输出,输入]；专家模板另用 N_e 动态 token 数",,
r1-distill-llama-8b,DeepSeek-R1-Distill-Llama-8B,decoder-6,decoder,5,6,GQA,decode,gqa,decode-gqa-norm-0,向量参数：model.layers.{i}.input_layernorm.weight,parameter=[4096],parameter=[4096],激活/中间精度见固定参考函数；存储类型只由文件头证据填写,4096,本 checkpoint 全分片 header：291 张量；逻辑主干、MTP/DSpark、共享副本和量化元数据分开。未读取权重值或运行模型。,hf-transformers-modeling_llama-py,LlamaDecoderLayer.__init__,https://github.com/huggingface/transformers/blob/984bc11b0882ff1e5b34ba717ea357e069ceced9/src/transformers/models/llama/modeling_llama.py#L685-L693,参数声明；具体 norm、bias、sink 或 mix scale 计算由后续数据流说明,,
r1-distill-llama-8b,DeepSeek-R1-Distill-Llama-8B,decoder-6,decoder,5,6,GQA,decode,gqa,decode-gqa-norm-1,向量参数：model.layers.{i}.post_attention_layernorm.weight,parameter=[4096],parameter=[4096],激活/中间精度见固定参考函数；存储类型只由文件头证据填写,4096,本 checkpoint 全分片 header：291 张量；逻辑主干、MTP/DSpark、共享副本和量化元数据分开。未读取权重值或运行模型。,hf-transformers-modeling_llama-py,LlamaDecoderLayer.__init__,https://github.com/huggingface/transformers/blob/984bc11b0882ff1e5b34ba717ea357e069ceced9/src/transformers/models/llama/modeling_llama.py#L685-L693,参数声明；具体 norm、bias、sink 或 mix scale 计算由后续数据流说明,,
r1-distill-llama-8b,DeepSeek-R1-Distill-Llama-8B,decoder-6,decoder,5,6,GQA,decode,gqa,decode-gqa-gqa-scores,GQA Key/Value 广播与 attention,"Q=[B,32,L_q,128]; K_cache=[B,8,L_kv,128]; V_cache=[B,8,L_kv,128]","scores=[B,32,L_q,L_kv]; out=[B,32,L_q,128]",激活/中间精度见固定参考函数；存储类型只由文件头证据填写,0,本 checkpoint 全分片 header：291 张量；逻辑主干、MTP/DSpark、共享副本和量化元数据分开。未读取权重值或运行模型。,hf-transformers-modeling_llama-py,LlamaAttention.forward,https://github.com/huggingface/transformers/blob/984bc11b0882ff1e5b34ba717ea357e069ceced9/src/transformers/models/llama/modeling_llama.py#L364-L455,RoPE → cache.update → repeat_kv(N_head/N_KV) → QK^T/√D → mask/FP32 softmax → PV,,参考 eager 数学路径；实际 SDPA/FlashAttention、分页与设备分派另核验
r1-distill-llama-8b,DeepSeek-R1-Distill-Llama-8B,decoder-6,decoder,5,6,GQA,decode,gqa,decode-gqa-swiglu,Dense SwiGLU,"gate=[N_tok,14336]; up=[N_tok,14336]","act=[N_tok,14336]",激活/中间精度见固定参考函数；存储类型只由文件头证据填写,0,本 checkpoint 全分片 header：291 张量；逻辑主干、MTP/DSpark、共享副本和量化元数据分开。未读取权重值或运行模型。,hf-transformers-modeling_llama-py,LlamaMLP.forward,https://github.com/huggingface/transformers/blob/984bc11b0882ff1e5b34ba717ea357e069ceced9/src/transformers/models/llama/modeling_llama.py#L291-L311,SiLU(gate)*up → down；两次 pre-norm residual 分开,,
r1-distill-llama-8b,DeepSeek-R1-Distill-Llama-8B,decoder-7,decoder,6,7,GQA,prefill,gqa,prefill-gqa-attention-0,逻辑投影：model.layers.{i}.self_attn.q_proj.weight,"x=[B,L_q,4096]; W=[4096,4096]","y=[B,L_q,4096]",激活/中间精度见固定参考函数；存储类型只由文件头证据填写,16777216,本 checkpoint 全分片 header：291 张量；逻辑主干、MTP/DSpark、共享副本和量化元数据分开。未读取权重值或运行模型。,hf-transformers-modeling_llama-py,LlamaAttention.__init__,https://github.com/huggingface/transformers/blob/984bc11b0882ff1e5b34ba717ea357e069ceced9/src/transformers/models/llama/modeling_llama.py#L329-L362,"y=x @ W^T；权重按[输出,输入]；专家模板另用 N_e 动态 token 数",,
r1-distill-llama-8b,DeepSeek-R1-Distill-Llama-8B,decoder-7,decoder,6,7,GQA,prefill,gqa,prefill-gqa-attention-1,逻辑投影：model.layers.{i}.self_attn.k_proj.weight,"x=[B,L_q,4096]; W=[1024,4096]","y=[B,L_q,1024]",激活/中间精度见固定参考函数；存储类型只由文件头证据填写,4194304,本 checkpoint 全分片 header：291 张量；逻辑主干、MTP/DSpark、共享副本和量化元数据分开。未读取权重值或运行模型。,hf-transformers-modeling_llama-py,LlamaAttention.__init__,https://github.com/huggingface/transformers/blob/984bc11b0882ff1e5b34ba717ea357e069ceced9/src/transformers/models/llama/modeling_llama.py#L329-L362,"y=x @ W^T；权重按[输出,输入]；专家模板另用 N_e 动态 token 数",,
r1-distill-llama-8b,DeepSeek-R1-Distill-Llama-8B,decoder-7,decoder,6,7,GQA,prefill,gqa,prefill-gqa-attention-2,逻辑投影：model.layers.{i}.self_attn.v_proj.weight,"x=[B,L_q,4096]; W=[1024,4096]","y=[B,L_q,1024]",激活/中间精度见固定参考函数；存储类型只由文件头证据填写,4194304,本 checkpoint 全分片 header：291 张量；逻辑主干、MTP/DSpark、共享副本和量化元数据分开。未读取权重值或运行模型。,hf-transformers-modeling_llama-py,LlamaAttention.__init__,https://github.com/huggingface/transformers/blob/984bc11b0882ff1e5b34ba717ea357e069ceced9/src/transformers/models/llama/modeling_llama.py#L329-L362,"y=x @ W^T；权重按[输出,输入]；专家模板另用 N_e 动态 token 数",,
r1-distill-llama-8b,DeepSeek-R1-Distill-Llama-8B,decoder-7,decoder,6,7,GQA,prefill,gqa,prefill-gqa-attention-3,逻辑投影：model.layers.{i}.self_attn.o_proj.weight,"x=[B,L_q,4096]; W=[4096,4096]","y=[B,L_q,4096]",激活/中间精度见固定参考函数；存储类型只由文件头证据填写,16777216,本 checkpoint 全分片 header：291 张量；逻辑主干、MTP/DSpark、共享副本和量化元数据分开。未读取权重值或运行模型。,hf-transformers-modeling_llama-py,LlamaAttention.__init__,https://github.com/huggingface/transformers/blob/984bc11b0882ff1e5b34ba717ea357e069ceced9/src/transformers/models/llama/modeling_llama.py#L329-L362,"y=x @ W^T；权重按[输出,输入]；专家模板另用 N_e 动态 token 数",,
r1-distill-llama-8b,DeepSeek-R1-Distill-Llama-8B,decoder-7,decoder,6,7,GQA,prefill,gqa,prefill-gqa-ffn-0,逻辑投影：model.layers.{i}.mlp.gate_proj.weight,"x=[B,L_q,4096]; W=[14336,4096]","y=[B,L_q,14336]",激活/中间精度见固定参考函数；存储类型只由文件头证据填写,58720256,本 checkpoint 全分片 header：291 张量；逻辑主干、MTP/DSpark、共享副本和量化元数据分开。未读取权重值或运行模型。,hf-transformers-modeling_llama-py,LlamaMLP.__init__,https://github.com/huggingface/transformers/blob/984bc11b0882ff1e5b34ba717ea357e069ceced9/src/transformers/models/llama/modeling_llama.py#L281-L289,"y=x @ W^T；权重按[输出,输入]；专家模板另用 N_e 动态 token 数",,
r1-distill-llama-8b,DeepSeek-R1-Distill-Llama-8B,decoder-7,decoder,6,7,GQA,prefill,gqa,prefill-gqa-ffn-1,逻辑投影：model.layers.{i}.mlp.up_proj.weight,"x=[B,L_q,4096]; W=[14336,4096]","y=[B,L_q,14336]",激活/中间精度见固定参考函数；存储类型只由文件头证据填写,58720256,本 checkpoint 全分片 header：291 张量；逻辑主干、MTP/DSpark、共享副本和量化元数据分开。未读取权重值或运行模型。,hf-transformers-modeling_llama-py,LlamaMLP.__init__,https://github.com/huggingface/transformers/blob/984bc11b0882ff1e5b34ba717ea357e069ceced9/src/transformers/models/llama/modeling_llama.py#L281-L289,"y=x @ W^T；权重按[输出,输入]；专家模板另用 N_e 动态 token 数",,
r1-distill-llama-8b,DeepSeek-R1-Distill-Llama-8B,decoder-7,decoder,6,7,GQA,prefill,gqa,prefill-gqa-ffn-2,逻辑投影：model.layers.{i}.mlp.down_proj.weight,"x=[B,L_q,14336]; W=[4096,14336]","y=[B,L_q,4096]",激活/中间精度见固定参考函数；存储类型只由文件头证据填写,58720256,本 checkpoint 全分片 header：291 张量；逻辑主干、MTP/DSpark、共享副本和量化元数据分开。未读取权重值或运行模型。,hf-transformers-modeling_llama-py,LlamaMLP.__init__,https://github.com/huggingface/transformers/blob/984bc11b0882ff1e5b34ba717ea357e069ceced9/src/transformers/models/llama/modeling_llama.py#L281-L289,"y=x @ W^T；权重按[输出,输入]；专家模板另用 N_e 动态 token 数",,
r1-distill-llama-8b,DeepSeek-R1-Distill-Llama-8B,decoder-7,decoder,6,7,GQA,prefill,gqa,prefill-gqa-norm-0,向量参数：model.layers.{i}.input_layernorm.weight,parameter=[4096],parameter=[4096],激活/中间精度见固定参考函数；存储类型只由文件头证据填写,4096,本 checkpoint 全分片 header：291 张量；逻辑主干、MTP/DSpark、共享副本和量化元数据分开。未读取权重值或运行模型。,hf-transformers-modeling_llama-py,LlamaDecoderLayer.__init__,https://github.com/huggingface/transformers/blob/984bc11b0882ff1e5b34ba717ea357e069ceced9/src/transformers/models/llama/modeling_llama.py#L685-L693,参数声明；具体 norm、bias、sink 或 mix scale 计算由后续数据流说明,,
r1-distill-llama-8b,DeepSeek-R1-Distill-Llama-8B,decoder-7,decoder,6,7,GQA,prefill,gqa,prefill-gqa-norm-1,向量参数：model.layers.{i}.post_attention_layernorm.weight,parameter=[4096],parameter=[4096],激活/中间精度见固定参考函数；存储类型只由文件头证据填写,4096,本 checkpoint 全分片 header：291 张量；逻辑主干、MTP/DSpark、共享副本和量化元数据分开。未读取权重值或运行模型。,hf-transformers-modeling_llama-py,LlamaDecoderLayer.__init__,https://github.com/huggingface/transformers/blob/984bc11b0882ff1e5b34ba717ea357e069ceced9/src/transformers/models/llama/modeling_llama.py#L685-L693,参数声明；具体 norm、bias、sink 或 mix scale 计算由后续数据流说明,,
r1-distill-llama-8b,DeepSeek-R1-Distill-Llama-8B,decoder-7,decoder,6,7,GQA,prefill,gqa,prefill-gqa-gqa-scores,GQA Key/Value 广播与 attention,"Q=[B,32,L_q,128]; K_cache=[B,8,L_kv,128]; V_cache=[B,8,L_kv,128]","scores=[B,32,L_q,L_kv]; out=[B,32,L_q,128]",激活/中间精度见固定参考函数；存储类型只由文件头证据填写,0,本 checkpoint 全分片 header：291 张量；逻辑主干、MTP/DSpark、共享副本和量化元数据分开。未读取权重值或运行模型。,hf-transformers-modeling_llama-py,LlamaAttention.forward,https://github.com/huggingface/transformers/blob/984bc11b0882ff1e5b34ba717ea357e069ceced9/src/transformers/models/llama/modeling_llama.py#L364-L455,RoPE → cache.update → repeat_kv(N_head/N_KV) → QK^T/√D → mask/FP32 softmax → PV,,参考 eager 数学路径；实际 SDPA/FlashAttention、分页与设备分派另核验
r1-distill-llama-8b,DeepSeek-R1-Distill-Llama-8B,decoder-7,decoder,6,7,GQA,prefill,gqa,prefill-gqa-swiglu,Dense SwiGLU,"gate=[N_tok,14336]; up=[N_tok,14336]","act=[N_tok,14336]",激活/中间精度见固定参考函数；存储类型只由文件头证据填写,0,本 checkpoint 全分片 header：291 张量；逻辑主干、MTP/DSpark、共享副本和量化元数据分开。未读取权重值或运行模型。,hf-transformers-modeling_llama-py,LlamaMLP.forward,https://github.com/huggingface/transformers/blob/984bc11b0882ff1e5b34ba717ea357e069ceced9/src/transformers/models/llama/modeling_llama.py#L291-L311,SiLU(gate)*up → down；两次 pre-norm residual 分开,,
r1-distill-llama-8b,DeepSeek-R1-Distill-Llama-8B,decoder-7,decoder,6,7,GQA,decode,gqa,decode-gqa-attention-0,逻辑投影：model.layers.{i}.self_attn.q_proj.weight,"x=[B,L_q,4096]; W=[4096,4096]","y=[B,L_q,4096]",激活/中间精度见固定参考函数；存储类型只由文件头证据填写,16777216,本 checkpoint 全分片 header：291 张量；逻辑主干、MTP/DSpark、共享副本和量化元数据分开。未读取权重值或运行模型。,hf-transformers-modeling_llama-py,LlamaAttention.__init__,https://github.com/huggingface/transformers/blob/984bc11b0882ff1e5b34ba717ea357e069ceced9/src/transformers/models/llama/modeling_llama.py#L329-L362,"y=x @ W^T；权重按[输出,输入]；专家模板另用 N_e 动态 token 数",,
r1-distill-llama-8b,DeepSeek-R1-Distill-Llama-8B,decoder-7,decoder,6,7,GQA,decode,gqa,decode-gqa-attention-1,逻辑投影：model.layers.{i}.self_attn.k_proj.weight,"x=[B,L_q,4096]; W=[1024,4096]","y=[B,L_q,1024]",激活/中间精度见固定参考函数；存储类型只由文件头证据填写,4194304,本 checkpoint 全分片 header：291 张量；逻辑主干、MTP/DSpark、共享副本和量化元数据分开。未读取权重值或运行模型。,hf-transformers-modeling_llama-py,LlamaAttention.__init__,https://github.com/huggingface/transformers/blob/984bc11b0882ff1e5b34ba717ea357e069ceced9/src/transformers/models/llama/modeling_llama.py#L329-L362,"y=x @ W^T；权重按[输出,输入]；专家模板另用 N_e 动态 token 数",,
r1-distill-llama-8b,DeepSeek-R1-Distill-Llama-8B,decoder-7,decoder,6,7,GQA,decode,gqa,decode-gqa-attention-2,逻辑投影：model.layers.{i}.self_attn.v_proj.weight,"x=[B,L_q,4096]; W=[1024,4096]","y=[B,L_q,1024]",激活/中间精度见固定参考函数；存储类型只由文件头证据填写,4194304,本 checkpoint 全分片 header：291 张量；逻辑主干、MTP/DSpark、共享副本和量化元数据分开。未读取权重值或运行模型。,hf-transformers-modeling_llama-py,LlamaAttention.__init__,https://github.com/huggingface/transformers/blob/984bc11b0882ff1e5b34ba717ea357e069ceced9/src/transformers/models/llama/modeling_llama.py#L329-L362,"y=x @ W^T；权重按[输出,输入]；专家模板另用 N_e 动态 token 数",,
r1-distill-llama-8b,DeepSeek-R1-Distill-Llama-8B,decoder-7,decoder,6,7,GQA,decode,gqa,decode-gqa-attention-3,逻辑投影：model.layers.{i}.self_attn.o_proj.weight,"x=[B,L_q,4096]; W=[4096,4096]","y=[B,L_q,4096]",激活/中间精度见固定参考函数；存储类型只由文件头证据填写,16777216,本 checkpoint 全分片 header：291 张量；逻辑主干、MTP/DSpark、共享副本和量化元数据分开。未读取权重值或运行模型。,hf-transformers-modeling_llama-py,LlamaAttention.__init__,https://github.com/huggingface/transformers/blob/984bc11b0882ff1e5b34ba717ea357e069ceced9/src/transformers/models/llama/modeling_llama.py#L329-L362,"y=x @ W^T；权重按[输出,输入]；专家模板另用 N_e 动态 token 数",,
r1-distill-llama-8b,DeepSeek-R1-Distill-Llama-8B,decoder-7,decoder,6,7,GQA,decode,gqa,decode-gqa-ffn-0,逻辑投影：model.layers.{i}.mlp.gate_proj.weight,"x=[B,L_q,4096]; W=[14336,4096]","y=[B,L_q,14336]",激活/中间精度见固定参考函数；存储类型只由文件头证据填写,58720256,本 checkpoint 全分片 header：291 张量；逻辑主干、MTP/DSpark、共享副本和量化元数据分开。未读取权重值或运行模型。,hf-transformers-modeling_llama-py,LlamaMLP.__init__,https://github.com/huggingface/transformers/blob/984bc11b0882ff1e5b34ba717ea357e069ceced9/src/transformers/models/llama/modeling_llama.py#L281-L289,"y=x @ W^T；权重按[输出,输入]；专家模板另用 N_e 动态 token 数",,
r1-distill-llama-8b,DeepSeek-R1-Distill-Llama-8B,decoder-7,decoder,6,7,GQA,decode,gqa,decode-gqa-ffn-1,逻辑投影：model.layers.{i}.mlp.up_proj.weight,"x=[B,L_q,4096]; W=[14336,4096]","y=[B,L_q,14336]",激活/中间精度见固定参考函数；存储类型只由文件头证据填写,58720256,本 checkpoint 全分片 header：291 张量；逻辑主干、MTP/DSpark、共享副本和量化元数据分开。未读取权重值或运行模型。,hf-transformers-modeling_llama-py,LlamaMLP.__init__,https://github.com/huggingface/transformers/blob/984bc11b0882ff1e5b34ba717ea357e069ceced9/src/transformers/models/llama/modeling_llama.py#L281-L289,"y=x @ W^T；权重按[输出,输入]；专家模板另用 N_e 动态 token 数",,
r1-distill-llama-8b,DeepSeek-R1-Distill-Llama-8B,decoder-7,decoder,6,7,GQA,decode,gqa,decode-gqa-ffn-2,逻辑投影：model.layers.{i}.mlp.down_proj.weight,"x=[B,L_q,14336]; W=[4096,14336]","y=[B,L_q,4096]",激活/中间精度见固定参考函数；存储类型只由文件头证据填写,58720256,本 checkpoint 全分片 header：291 张量；逻辑主干、MTP/DSpark、共享副本和量化元数据分开。未读取权重值或运行模型。,hf-transformers-modeling_llama-py,LlamaMLP.__init__,https://github.com/huggingface/transformers/blob/984bc11b0882ff1e5b34ba717ea357e069ceced9/src/transformers/models/llama/modeling_llama.py#L281-L289,"y=x @ W^T；权重按[输出,输入]；专家模板另用 N_e 动态 token 数",,
r1-distill-llama-8b,DeepSeek-R1-Distill-Llama-8B,decoder-7,decoder,6,7,GQA,decode,gqa,decode-gqa-norm-0,向量参数：model.layers.{i}.input_layernorm.weight,parameter=[4096],parameter=[4096],激活/中间精度见固定参考函数；存储类型只由文件头证据填写,4096,本 checkpoint 全分片 header：291 张量；逻辑主干、MTP/DSpark、共享副本和量化元数据分开。未读取权重值或运行模型。,hf-transformers-modeling_llama-py,LlamaDecoderLayer.__init__,https://github.com/huggingface/transformers/blob/984bc11b0882ff1e5b34ba717ea357e069ceced9/src/transformers/models/llama/modeling_llama.py#L685-L693,参数声明；具体 norm、bias、sink 或 mix scale 计算由后续数据流说明,,
r1-distill-llama-8b,DeepSeek-R1-Distill-Llama-8B,decoder-7,decoder,6,7,GQA,decode,gqa,decode-gqa-norm-1,向量参数：model.layers.{i}.post_attention_layernorm.weight,parameter=[4096],parameter=[4096],激活/中间精度见固定参考函数；存储类型只由文件头证据填写,4096,本 checkpoint 全分片 header：291 张量；逻辑主干、MTP/DSpark、共享副本和量化元数据分开。未读取权重值或运行模型。,hf-transformers-modeling_llama-py,LlamaDecoderLayer.__init__,https://github.com/huggingface/transformers/blob/984bc11b0882ff1e5b34ba717ea357e069ceced9/src/transformers/models/llama/modeling_llama.py#L685-L693,参数声明；具体 norm、bias、sink 或 mix scale 计算由后续数据流说明,,
r1-distill-llama-8b,DeepSeek-R1-Distill-Llama-8B,decoder-7,decoder,6,7,GQA,decode,gqa,decode-gqa-gqa-scores,GQA Key/Value 广播与 attention,"Q=[B,32,L_q,128]; K_cache=[B,8,L_kv,128]; V_cache=[B,8,L_kv,128]","scores=[B,32,L_q,L_kv]; out=[B,32,L_q,128]",激活/中间精度见固定参考函数；存储类型只由文件头证据填写,0,本 checkpoint 全分片 header：291 张量；逻辑主干、MTP/DSpark、共享副本和量化元数据分开。未读取权重值或运行模型。,hf-transformers-modeling_llama-py,LlamaAttention.forward,https://github.com/huggingface/transformers/blob/984bc11b0882ff1e5b34ba717ea357e069ceced9/src/transformers/models/llama/modeling_llama.py#L364-L455,RoPE → cache.update → repeat_kv(N_head/N_KV) → QK^T/√D → mask/FP32 softmax → PV,,参考 eager 数学路径；实际 SDPA/FlashAttention、分页与设备分派另核验
r1-distill-llama-8b,DeepSeek-R1-Distill-Llama-8B,decoder-7,decoder,6,7,GQA,decode,gqa,decode-gqa-swiglu,Dense SwiGLU,"gate=[N_tok,14336]; up=[N_tok,14336]","act=[N_tok,14336]",激活/中间精度见固定参考函数；存储类型只由文件头证据填写,0,本 checkpoint 全分片 header：291 张量；逻辑主干、MTP/DSpark、共享副本和量化元数据分开。未读取权重值或运行模型。,hf-transformers-modeling_llama-py,LlamaMLP.forward,https://github.com/huggingface/transformers/blob/984bc11b0882ff1e5b34ba717ea357e069ceced9/src/transformers/models/llama/modeling_llama.py#L291-L311,SiLU(gate)*up → down；两次 pre-norm residual 分开,,
r1-distill-llama-8b,DeepSeek-R1-Distill-Llama-8B,decoder-8,decoder,7,8,GQA,prefill,gqa,prefill-gqa-attention-0,逻辑投影：model.layers.{i}.self_attn.q_proj.weight,"x=[B,L_q,4096]; W=[4096,4096]","y=[B,L_q,4096]",激活/中间精度见固定参考函数；存储类型只由文件头证据填写,16777216,本 checkpoint 全分片 header：291 张量；逻辑主干、MTP/DSpark、共享副本和量化元数据分开。未读取权重值或运行模型。,hf-transformers-modeling_llama-py,LlamaAttention.__init__,https://github.com/huggingface/transformers/blob/984bc11b0882ff1e5b34ba717ea357e069ceced9/src/transformers/models/llama/modeling_llama.py#L329-L362,"y=x @ W^T；权重按[输出,输入]；专家模板另用 N_e 动态 token 数",,
r1-distill-llama-8b,DeepSeek-R1-Distill-Llama-8B,decoder-8,decoder,7,8,GQA,prefill,gqa,prefill-gqa-attention-1,逻辑投影：model.layers.{i}.self_attn.k_proj.weight,"x=[B,L_q,4096]; W=[1024,4096]","y=[B,L_q,1024]",激活/中间精度见固定参考函数；存储类型只由文件头证据填写,4194304,本 checkpoint 全分片 header：291 张量；逻辑主干、MTP/DSpark、共享副本和量化元数据分开。未读取权重值或运行模型。,hf-transformers-modeling_llama-py,LlamaAttention.__init__,https://github.com/huggingface/transformers/blob/984bc11b0882ff1e5b34ba717ea357e069ceced9/src/transformers/models/llama/modeling_llama.py#L329-L362,"y=x @ W^T；权重按[输出,输入]；专家模板另用 N_e 动态 token 数",,
r1-distill-llama-8b,DeepSeek-R1-Distill-Llama-8B,decoder-8,decoder,7,8,GQA,prefill,gqa,prefill-gqa-attention-2,逻辑投影：model.layers.{i}.self_attn.v_proj.weight,"x=[B,L_q,4096]; W=[1024,4096]","y=[B,L_q,1024]",激活/中间精度见固定参考函数；存储类型只由文件头证据填写,4194304,本 checkpoint 全分片 header：291 张量；逻辑主干、MTP/DSpark、共享副本和量化元数据分开。未读取权重值或运行模型。,hf-transformers-modeling_llama-py,LlamaAttention.__init__,https://github.com/huggingface/transformers/blob/984bc11b0882ff1e5b34ba717ea357e069ceced9/src/transformers/models/llama/modeling_llama.py#L329-L362,"y=x @ W^T；权重按[输出,输入]；专家模板另用 N_e 动态 token 数",,
r1-distill-llama-8b,DeepSeek-R1-Distill-Llama-8B,decoder-8,decoder,7,8,GQA,prefill,gqa,prefill-gqa-attention-3,逻辑投影：model.layers.{i}.self_attn.o_proj.weight,"x=[B,L_q,4096]; W=[4096,4096]","y=[B,L_q,4096]",激活/中间精度见固定参考函数；存储类型只由文件头证据填写,16777216,本 checkpoint 全分片 header：291 张量；逻辑主干、MTP/DSpark、共享副本和量化元数据分开。未读取权重值或运行模型。,hf-transformers-modeling_llama-py,LlamaAttention.__init__,https://github.com/huggingface/transformers/blob/984bc11b0882ff1e5b34ba717ea357e069ceced9/src/transformers/models/llama/modeling_llama.py#L329-L362,"y=x @ W^T；权重按[输出,输入]；专家模板另用 N_e 动态 token 数",,
r1-distill-llama-8b,DeepSeek-R1-Distill-Llama-8B,decoder-8,decoder,7,8,GQA,prefill,gqa,prefill-gqa-ffn-0,逻辑投影：model.layers.{i}.mlp.gate_proj.weight,"x=[B,L_q,4096]; W=[14336,4096]","y=[B,L_q,14336]",激活/中间精度见固定参考函数；存储类型只由文件头证据填写,58720256,本 checkpoint 全分片 header：291 张量；逻辑主干、MTP/DSpark、共享副本和量化元数据分开。未读取权重值或运行模型。,hf-transformers-modeling_llama-py,LlamaMLP.__init__,https://github.com/huggingface/transformers/blob/984bc11b0882ff1e5b34ba717ea357e069ceced9/src/transformers/models/llama/modeling_llama.py#L281-L289,"y=x @ W^T；权重按[输出,输入]；专家模板另用 N_e 动态 token 数",,
r1-distill-llama-8b,DeepSeek-R1-Distill-Llama-8B,decoder-8,decoder,7,8,GQA,prefill,gqa,prefill-gqa-ffn-1,逻辑投影：model.layers.{i}.mlp.up_proj.weight,"x=[B,L_q,4096]; W=[14336,4096]","y=[B,L_q,14336]",激活/中间精度见固定参考函数；存储类型只由文件头证据填写,58720256,本 checkpoint 全分片 header：291 张量；逻辑主干、MTP/DSpark、共享副本和量化元数据分开。未读取权重值或运行模型。,hf-transformers-modeling_llama-py,LlamaMLP.__init__,https://github.com/huggingface/transformers/blob/984bc11b0882ff1e5b34ba717ea357e069ceced9/src/transformers/models/llama/modeling_llama.py#L281-L289,"y=x @ W^T；权重按[输出,输入]；专家模板另用 N_e 动态 token 数",,
r1-distill-llama-8b,DeepSeek-R1-Distill-Llama-8B,decoder-8,decoder,7,8,GQA,prefill,gqa,prefill-gqa-ffn-2,逻辑投影：model.layers.{i}.mlp.down_proj.weight,"x=[B,L_q,14336]; W=[4096,14336]","y=[B,L_q,4096]",激活/中间精度见固定参考函数；存储类型只由文件头证据填写,58720256,本 checkpoint 全分片 header：291 张量；逻辑主干、MTP/DSpark、共享副本和量化元数据分开。未读取权重值或运行模型。,hf-transformers-modeling_llama-py,LlamaMLP.__init__,https://github.com/huggingface/transformers/blob/984bc11b0882ff1e5b34ba717ea357e069ceced9/src/transformers/models/llama/modeling_llama.py#L281-L289,"y=x @ W^T；权重按[输出,输入]；专家模板另用 N_e 动态 token 数",,
r1-distill-llama-8b,DeepSeek-R1-Distill-Llama-8B,decoder-8,decoder,7,8,GQA,prefill,gqa,prefill-gqa-norm-0,向量参数：model.layers.{i}.input_layernorm.weight,parameter=[4096],parameter=[4096],激活/中间精度见固定参考函数；存储类型只由文件头证据填写,4096,本 checkpoint 全分片 header：291 张量；逻辑主干、MTP/DSpark、共享副本和量化元数据分开。未读取权重值或运行模型。,hf-transformers-modeling_llama-py,LlamaDecoderLayer.__init__,https://github.com/huggingface/transformers/blob/984bc11b0882ff1e5b34ba717ea357e069ceced9/src/transformers/models/llama/modeling_llama.py#L685-L693,参数声明；具体 norm、bias、sink 或 mix scale 计算由后续数据流说明,,
r1-distill-llama-8b,DeepSeek-R1-Distill-Llama-8B,decoder-8,decoder,7,8,GQA,prefill,gqa,prefill-gqa-norm-1,向量参数：model.layers.{i}.post_attention_layernorm.weight,parameter=[4096],parameter=[4096],激活/中间精度见固定参考函数；存储类型只由文件头证据填写,4096,本 checkpoint 全分片 header：291 张量；逻辑主干、MTP/DSpark、共享副本和量化元数据分开。未读取权重值或运行模型。,hf-transformers-modeling_llama-py,LlamaDecoderLayer.__init__,https://github.com/huggingface/transformers/blob/984bc11b0882ff1e5b34ba717ea357e069ceced9/src/transformers/models/llama/modeling_llama.py#L685-L693,参数声明；具体 norm、bias、sink 或 mix scale 计算由后续数据流说明,,
r1-distill-llama-8b,DeepSeek-R1-Distill-Llama-8B,decoder-8,decoder,7,8,GQA,prefill,gqa,prefill-gqa-gqa-scores,GQA Key/Value 广播与 attention,"Q=[B,32,L_q,128]; K_cache=[B,8,L_kv,128]; V_cache=[B,8,L_kv,128]","scores=[B,32,L_q,L_kv]; out=[B,32,L_q,128]",激活/中间精度见固定参考函数；存储类型只由文件头证据填写,0,本 checkpoint 全分片 header：291 张量；逻辑主干、MTP/DSpark、共享副本和量化元数据分开。未读取权重值或运行模型。,hf-transformers-modeling_llama-py,LlamaAttention.forward,https://github.com/huggingface/transformers/blob/984bc11b0882ff1e5b34ba717ea357e069ceced9/src/transformers/models/llama/modeling_llama.py#L364-L455,RoPE → cache.update → repeat_kv(N_head/N_KV) → QK^T/√D → mask/FP32 softmax → PV,,参考 eager 数学路径；实际 SDPA/FlashAttention、分页与设备分派另核验
r1-distill-llama-8b,DeepSeek-R1-Distill-Llama-8B,decoder-8,decoder,7,8,GQA,prefill,gqa,prefill-gqa-swiglu,Dense SwiGLU,"gate=[N_tok,14336]; up=[N_tok,14336]","act=[N_tok,14336]",激活/中间精度见固定参考函数；存储类型只由文件头证据填写,0,本 checkpoint 全分片 header：291 张量；逻辑主干、MTP/DSpark、共享副本和量化元数据分开。未读取权重值或运行模型。,hf-transformers-modeling_llama-py,LlamaMLP.forward,https://github.com/huggingface/transformers/blob/984bc11b0882ff1e5b34ba717ea357e069ceced9/src/transformers/models/llama/modeling_llama.py#L291-L311,SiLU(gate)*up → down；两次 pre-norm residual 分开,,
r1-distill-llama-8b,DeepSeek-R1-Distill-Llama-8B,decoder-8,decoder,7,8,GQA,decode,gqa,decode-gqa-attention-0,逻辑投影：model.layers.{i}.self_attn.q_proj.weight,"x=[B,L_q,4096]; W=[4096,4096]","y=[B,L_q,4096]",激活/中间精度见固定参考函数；存储类型只由文件头证据填写,16777216,本 checkpoint 全分片 header：291 张量；逻辑主干、MTP/DSpark、共享副本和量化元数据分开。未读取权重值或运行模型。,hf-transformers-modeling_llama-py,LlamaAttention.__init__,https://github.com/huggingface/transformers/blob/984bc11b0882ff1e5b34ba717ea357e069ceced9/src/transformers/models/llama/modeling_llama.py#L329-L362,"y=x @ W^T；权重按[输出,输入]；专家模板另用 N_e 动态 token 数",,
r1-distill-llama-8b,DeepSeek-R1-Distill-Llama-8B,decoder-8,decoder,7,8,GQA,decode,gqa,decode-gqa-attention-1,逻辑投影：model.layers.{i}.self_attn.k_proj.weight,"x=[B,L_q,4096]; W=[1024,4096]","y=[B,L_q,1024]",激活/中间精度见固定参考函数；存储类型只由文件头证据填写,4194304,本 checkpoint 全分片 header：291 张量；逻辑主干、MTP/DSpark、共享副本和量化元数据分开。未读取权重值或运行模型。,hf-transformers-modeling_llama-py,LlamaAttention.__init__,https://github.com/huggingface/transformers/blob/984bc11b0882ff1e5b34ba717ea357e069ceced9/src/transformers/models/llama/modeling_llama.py#L329-L362,"y=x @ W^T；权重按[输出,输入]；专家模板另用 N_e 动态 token 数",,
r1-distill-llama-8b,DeepSeek-R1-Distill-Llama-8B,decoder-8,decoder,7,8,GQA,decode,gqa,decode-gqa-attention-2,逻辑投影：model.layers.{i}.self_attn.v_proj.weight,"x=[B,L_q,4096]; W=[1024,4096]","y=[B,L_q,1024]",激活/中间精度见固定参考函数；存储类型只由文件头证据填写,4194304,本 checkpoint 全分片 header：291 张量；逻辑主干、MTP/DSpark、共享副本和量化元数据分开。未读取权重值或运行模型。,hf-transformers-modeling_llama-py,LlamaAttention.__init__,https://github.com/huggingface/transformers/blob/984bc11b0882ff1e5b34ba717ea357e069ceced9/src/transformers/models/llama/modeling_llama.py#L329-L362,"y=x @ W^T；权重按[输出,输入]；专家模板另用 N_e 动态 token 数",,
r1-distill-llama-8b,DeepSeek-R1-Distill-Llama-8B,decoder-8,decoder,7,8,GQA,decode,gqa,decode-gqa-attention-3,逻辑投影：model.layers.{i}.self_attn.o_proj.weight,"x=[B,L_q,4096]; W=[4096,4096]","y=[B,L_q,4096]",激活/中间精度见固定参考函数；存储类型只由文件头证据填写,16777216,本 checkpoint 全分片 header：291 张量；逻辑主干、MTP/DSpark、共享副本和量化元数据分开。未读取权重值或运行模型。,hf-transformers-modeling_llama-py,LlamaAttention.__init__,https://github.com/huggingface/transformers/blob/984bc11b0882ff1e5b34ba717ea357e069ceced9/src/transformers/models/llama/modeling_llama.py#L329-L362,"y=x @ W^T；权重按[输出,输入]；专家模板另用 N_e 动态 token 数",,
r1-distill-llama-8b,DeepSeek-R1-Distill-Llama-8B,decoder-8,decoder,7,8,GQA,decode,gqa,decode-gqa-ffn-0,逻辑投影：model.layers.{i}.mlp.gate_proj.weight,"x=[B,L_q,4096]; W=[14336,4096]","y=[B,L_q,14336]",激活/中间精度见固定参考函数；存储类型只由文件头证据填写,58720256,本 checkpoint 全分片 header：291 张量；逻辑主干、MTP/DSpark、共享副本和量化元数据分开。未读取权重值或运行模型。,hf-transformers-modeling_llama-py,LlamaMLP.__init__,https://github.com/huggingface/transformers/blob/984bc11b0882ff1e5b34ba717ea357e069ceced9/src/transformers/models/llama/modeling_llama.py#L281-L289,"y=x @ W^T；权重按[输出,输入]；专家模板另用 N_e 动态 token 数",,
r1-distill-llama-8b,DeepSeek-R1-Distill-Llama-8B,decoder-8,decoder,7,8,GQA,decode,gqa,decode-gqa-ffn-1,逻辑投影：model.layers.{i}.mlp.up_proj.weight,"x=[B,L_q,4096]; W=[14336,4096]","y=[B,L_q,14336]",激活/中间精度见固定参考函数；存储类型只由文件头证据填写,58720256,本 checkpoint 全分片 header：291 张量；逻辑主干、MTP/DSpark、共享副本和量化元数据分开。未读取权重值或运行模型。,hf-transformers-modeling_llama-py,LlamaMLP.__init__,https://github.com/huggingface/transformers/blob/984bc11b0882ff1e5b34ba717ea357e069ceced9/src/transformers/models/llama/modeling_llama.py#L281-L289,"y=x @ W^T；权重按[输出,输入]；专家模板另用 N_e 动态 token 数",,
r1-distill-llama-8b,DeepSeek-R1-Distill-Llama-8B,decoder-8,decoder,7,8,GQA,decode,gqa,decode-gqa-ffn-2,逻辑投影：model.layers.{i}.mlp.down_proj.weight,"x=[B,L_q,14336]; W=[4096,14336]","y=[B,L_q,4096]",激活/中间精度见固定参考函数；存储类型只由文件头证据填写,58720256,本 checkpoint 全分片 header：291 张量；逻辑主干、MTP/DSpark、共享副本和量化元数据分开。未读取权重值或运行模型。,hf-transformers-modeling_llama-py,LlamaMLP.__init__,https://github.com/huggingface/transformers/blob/984bc11b0882ff1e5b34ba717ea357e069ceced9/src/transformers/models/llama/modeling_llama.py#L281-L289,"y=x @ W^T；权重按[输出,输入]；专家模板另用 N_e 动态 token 数",,
r1-distill-llama-8b,DeepSeek-R1-Distill-Llama-8B,decoder-8,decoder,7,8,GQA,decode,gqa,decode-gqa-norm-0,向量参数：model.layers.{i}.input_layernorm.weight,parameter=[4096],parameter=[4096],激活/中间精度见固定参考函数；存储类型只由文件头证据填写,4096,本 checkpoint 全分片 header：291 张量；逻辑主干、MTP/DSpark、共享副本和量化元数据分开。未读取权重值或运行模型。,hf-transformers-modeling_llama-py,LlamaDecoderLayer.__init__,https://github.com/huggingface/transformers/blob/984bc11b0882ff1e5b34ba717ea357e069ceced9/src/transformers/models/llama/modeling_llama.py#L685-L693,参数声明；具体 norm、bias、sink 或 mix scale 计算由后续数据流说明,,
r1-distill-llama-8b,DeepSeek-R1-Distill-Llama-8B,decoder-8,decoder,7,8,GQA,decode,gqa,decode-gqa-norm-1,向量参数：model.layers.{i}.post_attention_layernorm.weight,parameter=[4096],parameter=[4096],激活/中间精度见固定参考函数；存储类型只由文件头证据填写,4096,本 checkpoint 全分片 header：291 张量；逻辑主干、MTP/DSpark、共享副本和量化元数据分开。未读取权重值或运行模型。,hf-transformers-modeling_llama-py,LlamaDecoderLayer.__init__,https://github.com/huggingface/transformers/blob/984bc11b0882ff1e5b34ba717ea357e069ceced9/src/transformers/models/llama/modeling_llama.py#L685-L693,参数声明；具体 norm、bias、sink 或 mix scale 计算由后续数据流说明,,
r1-distill-llama-8b,DeepSeek-R1-Distill-Llama-8B,decoder-8,decoder,7,8,GQA,decode,gqa,decode-gqa-gqa-scores,GQA Key/Value 广播与 attention,"Q=[B,32,L_q,128]; K_cache=[B,8,L_kv,128]; V_cache=[B,8,L_kv,128]","scores=[B,32,L_q,L_kv]; out=[B,32,L_q,128]",激活/中间精度见固定参考函数；存储类型只由文件头证据填写,0,本 checkpoint 全分片 header：291 张量；逻辑主干、MTP/DSpark、共享副本和量化元数据分开。未读取权重值或运行模型。,hf-transformers-modeling_llama-py,LlamaAttention.forward,https://github.com/huggingface/transformers/blob/984bc11b0882ff1e5b34ba717ea357e069ceced9/src/transformers/models/llama/modeling_llama.py#L364-L455,RoPE → cache.update → repeat_kv(N_head/N_KV) → QK^T/√D → mask/FP32 softmax → PV,,参考 eager 数学路径；实际 SDPA/FlashAttention、分页与设备分派另核验
r1-distill-llama-8b,DeepSeek-R1-Distill-Llama-8B,decoder-8,decoder,7,8,GQA,decode,gqa,decode-gqa-swiglu,Dense SwiGLU,"gate=[N_tok,14336]; up=[N_tok,14336]","act=[N_tok,14336]",激活/中间精度见固定参考函数；存储类型只由文件头证据填写,0,本 checkpoint 全分片 header：291 张量；逻辑主干、MTP/DSpark、共享副本和量化元数据分开。未读取权重值或运行模型。,hf-transformers-modeling_llama-py,LlamaMLP.forward,https://github.com/huggingface/transformers/blob/984bc11b0882ff1e5b34ba717ea357e069ceced9/src/transformers/models/llama/modeling_llama.py#L291-L311,SiLU(gate)*up → down；两次 pre-norm residual 分开,,
r1-distill-llama-8b,DeepSeek-R1-Distill-Llama-8B,decoder-9,decoder,8,9,GQA,prefill,gqa,prefill-gqa-attention-0,逻辑投影：model.layers.{i}.self_attn.q_proj.weight,"x=[B,L_q,4096]; W=[4096,4096]","y=[B,L_q,4096]",激活/中间精度见固定参考函数；存储类型只由文件头证据填写,16777216,本 checkpoint 全分片 header：291 张量；逻辑主干、MTP/DSpark、共享副本和量化元数据分开。未读取权重值或运行模型。,hf-transformers-modeling_llama-py,LlamaAttention.__init__,https://github.com/huggingface/transformers/blob/984bc11b0882ff1e5b34ba717ea357e069ceced9/src/transformers/models/llama/modeling_llama.py#L329-L362,"y=x @ W^T；权重按[输出,输入]；专家模板另用 N_e 动态 token 数",,
r1-distill-llama-8b,DeepSeek-R1-Distill-Llama-8B,decoder-9,decoder,8,9,GQA,prefill,gqa,prefill-gqa-attention-1,逻辑投影：model.layers.{i}.self_attn.k_proj.weight,"x=[B,L_q,4096]; W=[1024,4096]","y=[B,L_q,1024]",激活/中间精度见固定参考函数；存储类型只由文件头证据填写,4194304,本 checkpoint 全分片 header：291 张量；逻辑主干、MTP/DSpark、共享副本和量化元数据分开。未读取权重值或运行模型。,hf-transformers-modeling_llama-py,LlamaAttention.__init__,https://github.com/huggingface/transformers/blob/984bc11b0882ff1e5b34ba717ea357e069ceced9/src/transformers/models/llama/modeling_llama.py#L329-L362,"y=x @ W^T；权重按[输出,输入]；专家模板另用 N_e 动态 token 数",,
r1-distill-llama-8b,DeepSeek-R1-Distill-Llama-8B,decoder-9,decoder,8,9,GQA,prefill,gqa,prefill-gqa-attention-2,逻辑投影：model.layers.{i}.self_attn.v_proj.weight,"x=[B,L_q,4096]; W=[1024,4096]","y=[B,L_q,1024]",激活/中间精度见固定参考函数；存储类型只由文件头证据填写,4194304,本 checkpoint 全分片 header：291 张量；逻辑主干、MTP/DSpark、共享副本和量化元数据分开。未读取权重值或运行模型。,hf-transformers-modeling_llama-py,LlamaAttention.__init__,https://github.com/huggingface/transformers/blob/984bc11b0882ff1e5b34ba717ea357e069ceced9/src/transformers/models/llama/modeling_llama.py#L329-L362,"y=x @ W^T；权重按[输出,输入]；专家模板另用 N_e 动态 token 数",,
r1-distill-llama-8b,DeepSeek-R1-Distill-Llama-8B,decoder-9,decoder,8,9,GQA,prefill,gqa,prefill-gqa-attention-3,逻辑投影：model.layers.{i}.self_attn.o_proj.weight,"x=[B,L_q,4096]; W=[4096,4096]","y=[B,L_q,4096]",激活/中间精度见固定参考函数；存储类型只由文件头证据填写,16777216,本 checkpoint 全分片 header：291 张量；逻辑主干、MTP/DSpark、共享副本和量化元数据分开。未读取权重值或运行模型。,hf-transformers-modeling_llama-py,LlamaAttention.__init__,https://github.com/huggingface/transformers/blob/984bc11b0882ff1e5b34ba717ea357e069ceced9/src/transformers/models/llama/modeling_llama.py#L329-L362,"y=x @ W^T；权重按[输出,输入]；专家模板另用 N_e 动态 token 数",,
r1-distill-llama-8b,DeepSeek-R1-Distill-Llama-8B,decoder-9,decoder,8,9,GQA,prefill,gqa,prefill-gqa-ffn-0,逻辑投影：model.layers.{i}.mlp.gate_proj.weight,"x=[B,L_q,4096]; W=[14336,4096]","y=[B,L_q,14336]",激活/中间精度见固定参考函数；存储类型只由文件头证据填写,58720256,本 checkpoint 全分片 header：291 张量；逻辑主干、MTP/DSpark、共享副本和量化元数据分开。未读取权重值或运行模型。,hf-transformers-modeling_llama-py,LlamaMLP.__init__,https://github.com/huggingface/transformers/blob/984bc11b0882ff1e5b34ba717ea357e069ceced9/src/transformers/models/llama/modeling_llama.py#L281-L289,"y=x @ W^T；权重按[输出,输入]；专家模板另用 N_e 动态 token 数",,
r1-distill-llama-8b,DeepSeek-R1-Distill-Llama-8B,decoder-9,decoder,8,9,GQA,prefill,gqa,prefill-gqa-ffn-1,逻辑投影：model.layers.{i}.mlp.up_proj.weight,"x=[B,L_q,4096]; W=[14336,4096]","y=[B,L_q,14336]",激活/中间精度见固定参考函数；存储类型只由文件头证据填写,58720256,本 checkpoint 全分片 header：291 张量；逻辑主干、MTP/DSpark、共享副本和量化元数据分开。未读取权重值或运行模型。,hf-transformers-modeling_llama-py,LlamaMLP.__init__,https://github.com/huggingface/transformers/blob/984bc11b0882ff1e5b34ba717ea357e069ceced9/src/transformers/models/llama/modeling_llama.py#L281-L289,"y=x @ W^T；权重按[输出,输入]；专家模板另用 N_e 动态 token 数",,
r1-distill-llama-8b,DeepSeek-R1-Distill-Llama-8B,decoder-9,decoder,8,9,GQA,prefill,gqa,prefill-gqa-ffn-2,逻辑投影：model.layers.{i}.mlp.down_proj.weight,"x=[B,L_q,14336]; W=[4096,14336]","y=[B,L_q,4096]",激活/中间精度见固定参考函数；存储类型只由文件头证据填写,58720256,本 checkpoint 全分片 header：291 张量；逻辑主干、MTP/DSpark、共享副本和量化元数据分开。未读取权重值或运行模型。,hf-transformers-modeling_llama-py,LlamaMLP.__init__,https://github.com/huggingface/transformers/blob/984bc11b0882ff1e5b34ba717ea357e069ceced9/src/transformers/models/llama/modeling_llama.py#L281-L289,"y=x @ W^T；权重按[输出,输入]；专家模板另用 N_e 动态 token 数",,
r1-distill-llama-8b,DeepSeek-R1-Distill-Llama-8B,decoder-9,decoder,8,9,GQA,prefill,gqa,prefill-gqa-norm-0,向量参数：model.layers.{i}.input_layernorm.weight,parameter=[4096],parameter=[4096],激活/中间精度见固定参考函数；存储类型只由文件头证据填写,4096,本 checkpoint 全分片 header：291 张量；逻辑主干、MTP/DSpark、共享副本和量化元数据分开。未读取权重值或运行模型。,hf-transformers-modeling_llama-py,LlamaDecoderLayer.__init__,https://github.com/huggingface/transformers/blob/984bc11b0882ff1e5b34ba717ea357e069ceced9/src/transformers/models/llama/modeling_llama.py#L685-L693,参数声明；具体 norm、bias、sink 或 mix scale 计算由后续数据流说明,,
r1-distill-llama-8b,DeepSeek-R1-Distill-Llama-8B,decoder-9,decoder,8,9,GQA,prefill,gqa,prefill-gqa-norm-1,向量参数：model.layers.{i}.post_attention_layernorm.weight,parameter=[4096],parameter=[4096],激活/中间精度见固定参考函数；存储类型只由文件头证据填写,4096,本 checkpoint 全分片 header：291 张量；逻辑主干、MTP/DSpark、共享副本和量化元数据分开。未读取权重值或运行模型。,hf-transformers-modeling_llama-py,LlamaDecoderLayer.__init__,https://github.com/huggingface/transformers/blob/984bc11b0882ff1e5b34ba717ea357e069ceced9/src/transformers/models/llama/modeling_llama.py#L685-L693,参数声明；具体 norm、bias、sink 或 mix scale 计算由后续数据流说明,,
r1-distill-llama-8b,DeepSeek-R1-Distill-Llama-8B,decoder-9,decoder,8,9,GQA,prefill,gqa,prefill-gqa-gqa-scores,GQA Key/Value 广播与 attention,"Q=[B,32,L_q,128]; K_cache=[B,8,L_kv,128]; V_cache=[B,8,L_kv,128]","scores=[B,32,L_q,L_kv]; out=[B,32,L_q,128]",激活/中间精度见固定参考函数；存储类型只由文件头证据填写,0,本 checkpoint 全分片 header：291 张量；逻辑主干、MTP/DSpark、共享副本和量化元数据分开。未读取权重值或运行模型。,hf-transformers-modeling_llama-py,LlamaAttention.forward,https://github.com/huggingface/transformers/blob/984bc11b0882ff1e5b34ba717ea357e069ceced9/src/transformers/models/llama/modeling_llama.py#L364-L455,RoPE → cache.update → repeat_kv(N_head/N_KV) → QK^T/√D → mask/FP32 softmax → PV,,参考 eager 数学路径；实际 SDPA/FlashAttention、分页与设备分派另核验
r1-distill-llama-8b,DeepSeek-R1-Distill-Llama-8B,decoder-9,decoder,8,9,GQA,prefill,gqa,prefill-gqa-swiglu,Dense SwiGLU,"gate=[N_tok,14336]; up=[N_tok,14336]","act=[N_tok,14336]",激活/中间精度见固定参考函数；存储类型只由文件头证据填写,0,本 checkpoint 全分片 header：291 张量；逻辑主干、MTP/DSpark、共享副本和量化元数据分开。未读取权重值或运行模型。,hf-transformers-modeling_llama-py,LlamaMLP.forward,https://github.com/huggingface/transformers/blob/984bc11b0882ff1e5b34ba717ea357e069ceced9/src/transformers/models/llama/modeling_llama.py#L291-L311,SiLU(gate)*up → down；两次 pre-norm residual 分开,,
r1-distill-llama-8b,DeepSeek-R1-Distill-Llama-8B,decoder-9,decoder,8,9,GQA,decode,gqa,decode-gqa-attention-0,逻辑投影：model.layers.{i}.self_attn.q_proj.weight,"x=[B,L_q,4096]; W=[4096,4096]","y=[B,L_q,4096]",激活/中间精度见固定参考函数；存储类型只由文件头证据填写,16777216,本 checkpoint 全分片 header：291 张量；逻辑主干、MTP/DSpark、共享副本和量化元数据分开。未读取权重值或运行模型。,hf-transformers-modeling_llama-py,LlamaAttention.__init__,https://github.com/huggingface/transformers/blob/984bc11b0882ff1e5b34ba717ea357e069ceced9/src/transformers/models/llama/modeling_llama.py#L329-L362,"y=x @ W^T；权重按[输出,输入]；专家模板另用 N_e 动态 token 数",,
r1-distill-llama-8b,DeepSeek-R1-Distill-Llama-8B,decoder-9,decoder,8,9,GQA,decode,gqa,decode-gqa-attention-1,逻辑投影：model.layers.{i}.self_attn.k_proj.weight,"x=[B,L_q,4096]; W=[1024,4096]","y=[B,L_q,1024]",激活/中间精度见固定参考函数；存储类型只由文件头证据填写,4194304,本 checkpoint 全分片 header：291 张量；逻辑主干、MTP/DSpark、共享副本和量化元数据分开。未读取权重值或运行模型。,hf-transformers-modeling_llama-py,LlamaAttention.__init__,https://github.com/huggingface/transformers/blob/984bc11b0882ff1e5b34ba717ea357e069ceced9/src/transformers/models/llama/modeling_llama.py#L329-L362,"y=x @ W^T；权重按[输出,输入]；专家模板另用 N_e 动态 token 数",,
r1-distill-llama-8b,DeepSeek-R1-Distill-Llama-8B,decoder-9,decoder,8,9,GQA,decode,gqa,decode-gqa-attention-2,逻辑投影：model.layers.{i}.self_attn.v_proj.weight,"x=[B,L_q,4096]; W=[1024,4096]","y=[B,L_q,1024]",激活/中间精度见固定参考函数；存储类型只由文件头证据填写,4194304,本 checkpoint 全分片 header：291 张量；逻辑主干、MTP/DSpark、共享副本和量化元数据分开。未读取权重值或运行模型。,hf-transformers-modeling_llama-py,LlamaAttention.__init__,https://github.com/huggingface/transformers/blob/984bc11b0882ff1e5b34ba717ea357e069ceced9/src/transformers/models/llama/modeling_llama.py#L329-L362,"y=x @ W^T；权重按[输出,输入]；专家模板另用 N_e 动态 token 数",,
r1-distill-llama-8b,DeepSeek-R1-Distill-Llama-8B,decoder-9,decoder,8,9,GQA,decode,gqa,decode-gqa-attention-3,逻辑投影：model.layers.{i}.self_attn.o_proj.weight,"x=[B,L_q,4096]; W=[4096,4096]","y=[B,L_q,4096]",激活/中间精度见固定参考函数；存储类型只由文件头证据填写,16777216,本 checkpoint 全分片 header：291 张量；逻辑主干、MTP/DSpark、共享副本和量化元数据分开。未读取权重值或运行模型。,hf-transformers-modeling_llama-py,LlamaAttention.__init__,https://github.com/huggingface/transformers/blob/984bc11b0882ff1e5b34ba717ea357e069ceced9/src/transformers/models/llama/modeling_llama.py#L329-L362,"y=x @ W^T；权重按[输出,输入]；专家模板另用 N_e 动态 token 数",,
r1-distill-llama-8b,DeepSeek-R1-Distill-Llama-8B,decoder-9,decoder,8,9,GQA,decode,gqa,decode-gqa-ffn-0,逻辑投影：model.layers.{i}.mlp.gate_proj.weight,"x=[B,L_q,4096]; W=[14336,4096]","y=[B,L_q,14336]",激活/中间精度见固定参考函数；存储类型只由文件头证据填写,58720256,本 checkpoint 全分片 header：291 张量；逻辑主干、MTP/DSpark、共享副本和量化元数据分开。未读取权重值或运行模型。,hf-transformers-modeling_llama-py,LlamaMLP.__init__,https://github.com/huggingface/transformers/blob/984bc11b0882ff1e5b34ba717ea357e069ceced9/src/transformers/models/llama/modeling_llama.py#L281-L289,"y=x @ W^T；权重按[输出,输入]；专家模板另用 N_e 动态 token 数",,
r1-distill-llama-8b,DeepSeek-R1-Distill-Llama-8B,decoder-9,decoder,8,9,GQA,decode,gqa,decode-gqa-ffn-1,逻辑投影：model.layers.{i}.mlp.up_proj.weight,"x=[B,L_q,4096]; W=[14336,4096]","y=[B,L_q,14336]",激活/中间精度见固定参考函数；存储类型只由文件头证据填写,58720256,本 checkpoint 全分片 header：291 张量；逻辑主干、MTP/DSpark、共享副本和量化元数据分开。未读取权重值或运行模型。,hf-transformers-modeling_llama-py,LlamaMLP.__init__,https://github.com/huggingface/transformers/blob/984bc11b0882ff1e5b34ba717ea357e069ceced9/src/transformers/models/llama/modeling_llama.py#L281-L289,"y=x @ W^T；权重按[输出,输入]；专家模板另用 N_e 动态 token 数",,
r1-distill-llama-8b,DeepSeek-R1-Distill-Llama-8B,decoder-9,decoder,8,9,GQA,decode,gqa,decode-gqa-ffn-2,逻辑投影：model.layers.{i}.mlp.down_proj.weight,"x=[B,L_q,14336]; W=[4096,14336]","y=[B,L_q,4096]",激活/中间精度见固定参考函数；存储类型只由文件头证据填写,58720256,本 checkpoint 全分片 header：291 张量；逻辑主干、MTP/DSpark、共享副本和量化元数据分开。未读取权重值或运行模型。,hf-transformers-modeling_llama-py,LlamaMLP.__init__,https://github.com/huggingface/transformers/blob/984bc11b0882ff1e5b34ba717ea357e069ceced9/src/transformers/models/llama/modeling_llama.py#L281-L289,"y=x @ W^T；权重按[输出,输入]；专家模板另用 N_e 动态 token 数",,
r1-distill-llama-8b,DeepSeek-R1-Distill-Llama-8B,decoder-9,decoder,8,9,GQA,decode,gqa,decode-gqa-norm-0,向量参数：model.layers.{i}.input_layernorm.weight,parameter=[4096],parameter=[4096],激活/中间精度见固定参考函数；存储类型只由文件头证据填写,4096,本 checkpoint 全分片 header：291 张量；逻辑主干、MTP/DSpark、共享副本和量化元数据分开。未读取权重值或运行模型。,hf-transformers-modeling_llama-py,LlamaDecoderLayer.__init__,https://github.com/huggingface/transformers/blob/984bc11b0882ff1e5b34ba717ea357e069ceced9/src/transformers/models/llama/modeling_llama.py#L685-L693,参数声明；具体 norm、bias、sink 或 mix scale 计算由后续数据流说明,,
r1-distill-llama-8b,DeepSeek-R1-Distill-Llama-8B,decoder-9,decoder,8,9,GQA,decode,gqa,decode-gqa-norm-1,向量参数：model.layers.{i}.post_attention_layernorm.weight,parameter=[4096],parameter=[4096],激活/中间精度见固定参考函数；存储类型只由文件头证据填写,4096,本 checkpoint 全分片 header：291 张量；逻辑主干、MTP/DSpark、共享副本和量化元数据分开。未读取权重值或运行模型。,hf-transformers-modeling_llama-py,LlamaDecoderLayer.__init__,https://github.com/huggingface/transformers/blob/984bc11b0882ff1e5b34ba717ea357e069ceced9/src/transformers/models/llama/modeling_llama.py#L685-L693,参数声明；具体 norm、bias、sink 或 mix scale 计算由后续数据流说明,,
r1-distill-llama-8b,DeepSeek-R1-Distill-Llama-8B,decoder-9,decoder,8,9,GQA,decode,gqa,decode-gqa-gqa-scores,GQA Key/Value 广播与 attention,"Q=[B,32,L_q,128]; K_cache=[B,8,L_kv,128]; V_cache=[B,8,L_kv,128]","scores=[B,32,L_q,L_kv]; out=[B,32,L_q,128]",激活/中间精度见固定参考函数；存储类型只由文件头证据填写,0,本 checkpoint 全分片 header：291 张量；逻辑主干、MTP/DSpark、共享副本和量化元数据分开。未读取权重值或运行模型。,hf-transformers-modeling_llama-py,LlamaAttention.forward,https://github.com/huggingface/transformers/blob/984bc11b0882ff1e5b34ba717ea357e069ceced9/src/transformers/models/llama/modeling_llama.py#L364-L455,RoPE → cache.update → repeat_kv(N_head/N_KV) → QK^T/√D → mask/FP32 softmax → PV,,参考 eager 数学路径；实际 SDPA/FlashAttention、分页与设备分派另核验
r1-distill-llama-8b,DeepSeek-R1-Distill-Llama-8B,decoder-9,decoder,8,9,GQA,decode,gqa,decode-gqa-swiglu,Dense SwiGLU,"gate=[N_tok,14336]; up=[N_tok,14336]","act=[N_tok,14336]",激活/中间精度见固定参考函数；存储类型只由文件头证据填写,0,本 checkpoint 全分片 header：291 张量；逻辑主干、MTP/DSpark、共享副本和量化元数据分开。未读取权重值或运行模型。,hf-transformers-modeling_llama-py,LlamaMLP.forward,https://github.com/huggingface/transformers/blob/984bc11b0882ff1e5b34ba717ea357e069ceced9/src/transformers/models/llama/modeling_llama.py#L291-L311,SiLU(gate)*up → down；两次 pre-norm residual 分开,,
r1-distill-llama-8b,DeepSeek-R1-Distill-Llama-8B,decoder-10,decoder,9,10,GQA,prefill,gqa,prefill-gqa-attention-0,逻辑投影：model.layers.{i}.self_attn.q_proj.weight,"x=[B,L_q,4096]; W=[4096,4096]","y=[B,L_q,4096]",激活/中间精度见固定参考函数；存储类型只由文件头证据填写,16777216,本 checkpoint 全分片 header：291 张量；逻辑主干、MTP/DSpark、共享副本和量化元数据分开。未读取权重值或运行模型。,hf-transformers-modeling_llama-py,LlamaAttention.__init__,https://github.com/huggingface/transformers/blob/984bc11b0882ff1e5b34ba717ea357e069ceced9/src/transformers/models/llama/modeling_llama.py#L329-L362,"y=x @ W^T；权重按[输出,输入]；专家模板另用 N_e 动态 token 数",,
r1-distill-llama-8b,DeepSeek-R1-Distill-Llama-8B,decoder-10,decoder,9,10,GQA,prefill,gqa,prefill-gqa-attention-1,逻辑投影：model.layers.{i}.self_attn.k_proj.weight,"x=[B,L_q,4096]; W=[1024,4096]","y=[B,L_q,1024]",激活/中间精度见固定参考函数；存储类型只由文件头证据填写,4194304,本 checkpoint 全分片 header：291 张量；逻辑主干、MTP/DSpark、共享副本和量化元数据分开。未读取权重值或运行模型。,hf-transformers-modeling_llama-py,LlamaAttention.__init__,https://github.com/huggingface/transformers/blob/984bc11b0882ff1e5b34ba717ea357e069ceced9/src/transformers/models/llama/modeling_llama.py#L329-L362,"y=x @ W^T；权重按[输出,输入]；专家模板另用 N_e 动态 token 数",,
r1-distill-llama-8b,DeepSeek-R1-Distill-Llama-8B,decoder-10,decoder,9,10,GQA,prefill,gqa,prefill-gqa-attention-2,逻辑投影：model.layers.{i}.self_attn.v_proj.weight,"x=[B,L_q,4096]; W=[1024,4096]","y=[B,L_q,1024]",激活/中间精度见固定参考函数；存储类型只由文件头证据填写,4194304,本 checkpoint 全分片 header：291 张量；逻辑主干、MTP/DSpark、共享副本和量化元数据分开。未读取权重值或运行模型。,hf-transformers-modeling_llama-py,LlamaAttention.__init__,https://github.com/huggingface/transformers/blob/984bc11b0882ff1e5b34ba717ea357e069ceced9/src/transformers/models/llama/modeling_llama.py#L329-L362,"y=x @ W^T；权重按[输出,输入]；专家模板另用 N_e 动态 token 数",,
r1-distill-llama-8b,DeepSeek-R1-Distill-Llama-8B,decoder-10,decoder,9,10,GQA,prefill,gqa,prefill-gqa-attention-3,逻辑投影：model.layers.{i}.self_attn.o_proj.weight,"x=[B,L_q,4096]; W=[4096,4096]","y=[B,L_q,4096]",激活/中间精度见固定参考函数；存储类型只由文件头证据填写,16777216,本 checkpoint 全分片 header：291 张量；逻辑主干、MTP/DSpark、共享副本和量化元数据分开。未读取权重值或运行模型。,hf-transformers-modeling_llama-py,LlamaAttention.__init__,https://github.com/huggingface/transformers/blob/984bc11b0882ff1e5b34ba717ea357e069ceced9/src/transformers/models/llama/modeling_llama.py#L329-L362,"y=x @ W^T；权重按[输出,输入]；专家模板另用 N_e 动态 token 数",,
r1-distill-llama-8b,DeepSeek-R1-Distill-Llama-8B,decoder-10,decoder,9,10,GQA,prefill,gqa,prefill-gqa-ffn-0,逻辑投影：model.layers.{i}.mlp.gate_proj.weight,"x=[B,L_q,4096]; W=[14336,4096]","y=[B,L_q,14336]",激活/中间精度见固定参考函数；存储类型只由文件头证据填写,58720256,本 checkpoint 全分片 header：291 张量；逻辑主干、MTP/DSpark、共享副本和量化元数据分开。未读取权重值或运行模型。,hf-transformers-modeling_llama-py,LlamaMLP.__init__,https://github.com/huggingface/transformers/blob/984bc11b0882ff1e5b34ba717ea357e069ceced9/src/transformers/models/llama/modeling_llama.py#L281-L289,"y=x @ W^T；权重按[输出,输入]；专家模板另用 N_e 动态 token 数",,
r1-distill-llama-8b,DeepSeek-R1-Distill-Llama-8B,decoder-10,decoder,9,10,GQA,prefill,gqa,prefill-gqa-ffn-1,逻辑投影：model.layers.{i}.mlp.up_proj.weight,"x=[B,L_q,4096]; W=[14336,4096]","y=[B,L_q,14336]",激活/中间精度见固定参考函数；存储类型只由文件头证据填写,58720256,本 checkpoint 全分片 header：291 张量；逻辑主干、MTP/DSpark、共享副本和量化元数据分开。未读取权重值或运行模型。,hf-transformers-modeling_llama-py,LlamaMLP.__init__,https://github.com/huggingface/transformers/blob/984bc11b0882ff1e5b34ba717ea357e069ceced9/src/transformers/models/llama/modeling_llama.py#L281-L289,"y=x @ W^T；权重按[输出,输入]；专家模板另用 N_e 动态 token 数",,
r1-distill-llama-8b,DeepSeek-R1-Distill-Llama-8B,decoder-10,decoder,9,10,GQA,prefill,gqa,prefill-gqa-ffn-2,逻辑投影：model.layers.{i}.mlp.down_proj.weight,"x=[B,L_q,14336]; W=[4096,14336]","y=[B,L_q,4096]",激活/中间精度见固定参考函数；存储类型只由文件头证据填写,58720256,本 checkpoint 全分片 header：291 张量；逻辑主干、MTP/DSpark、共享副本和量化元数据分开。未读取权重值或运行模型。,hf-transformers-modeling_llama-py,LlamaMLP.__init__,https://github.com/huggingface/transformers/blob/984bc11b0882ff1e5b34ba717ea357e069ceced9/src/transformers/models/llama/modeling_llama.py#L281-L289,"y=x @ W^T；权重按[输出,输入]；专家模板另用 N_e 动态 token 数",,
r1-distill-llama-8b,DeepSeek-R1-Distill-Llama-8B,decoder-10,decoder,9,10,GQA,prefill,gqa,prefill-gqa-norm-0,向量参数：model.layers.{i}.input_layernorm.weight,parameter=[4096],parameter=[4096],激活/中间精度见固定参考函数；存储类型只由文件头证据填写,4096,本 checkpoint 全分片 header：291 张量；逻辑主干、MTP/DSpark、共享副本和量化元数据分开。未读取权重值或运行模型。,hf-transformers-modeling_llama-py,LlamaDecoderLayer.__init__,https://github.com/huggingface/transformers/blob/984bc11b0882ff1e5b34ba717ea357e069ceced9/src/transformers/models/llama/modeling_llama.py#L685-L693,参数声明；具体 norm、bias、sink 或 mix scale 计算由后续数据流说明,,
r1-distill-llama-8b,DeepSeek-R1-Distill-Llama-8B,decoder-10,decoder,9,10,GQA,prefill,gqa,prefill-gqa-norm-1,向量参数：model.layers.{i}.post_attention_layernorm.weight,parameter=[4096],parameter=[4096],激活/中间精度见固定参考函数；存储类型只由文件头证据填写,4096,本 checkpoint 全分片 header：291 张量；逻辑主干、MTP/DSpark、共享副本和量化元数据分开。未读取权重值或运行模型。,hf-transformers-modeling_llama-py,LlamaDecoderLayer.__init__,https://github.com/huggingface/transformers/blob/984bc11b0882ff1e5b34ba717ea357e069ceced9/src/transformers/models/llama/modeling_llama.py#L685-L693,参数声明；具体 norm、bias、sink 或 mix scale 计算由后续数据流说明,,
r1-distill-llama-8b,DeepSeek-R1-Distill-Llama-8B,decoder-10,decoder,9,10,GQA,prefill,gqa,prefill-gqa-gqa-scores,GQA Key/Value 广播与 attention,"Q=[B,32,L_q,128]; K_cache=[B,8,L_kv,128]; V_cache=[B,8,L_kv,128]","scores=[B,32,L_q,L_kv]; out=[B,32,L_q,128]",激活/中间精度见固定参考函数；存储类型只由文件头证据填写,0,本 checkpoint 全分片 header：291 张量；逻辑主干、MTP/DSpark、共享副本和量化元数据分开。未读取权重值或运行模型。,hf-transformers-modeling_llama-py,LlamaAttention.forward,https://github.com/huggingface/transformers/blob/984bc11b0882ff1e5b34ba717ea357e069ceced9/src/transformers/models/llama/modeling_llama.py#L364-L455,RoPE → cache.update → repeat_kv(N_head/N_KV) → QK^T/√D → mask/FP32 softmax → PV,,参考 eager 数学路径；实际 SDPA/FlashAttention、分页与设备分派另核验
r1-distill-llama-8b,DeepSeek-R1-Distill-Llama-8B,decoder-10,decoder,9,10,GQA,prefill,gqa,prefill-gqa-swiglu,Dense SwiGLU,"gate=[N_tok,14336]; up=[N_tok,14336]","act=[N_tok,14336]",激活/中间精度见固定参考函数；存储类型只由文件头证据填写,0,本 checkpoint 全分片 header：291 张量；逻辑主干、MTP/DSpark、共享副本和量化元数据分开。未读取权重值或运行模型。,hf-transformers-modeling_llama-py,LlamaMLP.forward,https://github.com/huggingface/transformers/blob/984bc11b0882ff1e5b34ba717ea357e069ceced9/src/transformers/models/llama/modeling_llama.py#L291-L311,SiLU(gate)*up → down；两次 pre-norm residual 分开,,
r1-distill-llama-8b,DeepSeek-R1-Distill-Llama-8B,decoder-10,decoder,9,10,GQA,decode,gqa,decode-gqa-attention-0,逻辑投影：model.layers.{i}.self_attn.q_proj.weight,"x=[B,L_q,4096]; W=[4096,4096]","y=[B,L_q,4096]",激活/中间精度见固定参考函数；存储类型只由文件头证据填写,16777216,本 checkpoint 全分片 header：291 张量；逻辑主干、MTP/DSpark、共享副本和量化元数据分开。未读取权重值或运行模型。,hf-transformers-modeling_llama-py,LlamaAttention.__init__,https://github.com/huggingface/transformers/blob/984bc11b0882ff1e5b34ba717ea357e069ceced9/src/transformers/models/llama/modeling_llama.py#L329-L362,"y=x @ W^T；权重按[输出,输入]；专家模板另用 N_e 动态 token 数",,
r1-distill-llama-8b,DeepSeek-R1-Distill-Llama-8B,decoder-10,decoder,9,10,GQA,decode,gqa,decode-gqa-attention-1,逻辑投影：model.layers.{i}.self_attn.k_proj.weight,"x=[B,L_q,4096]; W=[1024,4096]","y=[B,L_q,1024]",激活/中间精度见固定参考函数；存储类型只由文件头证据填写,4194304,本 checkpoint 全分片 header：291 张量；逻辑主干、MTP/DSpark、共享副本和量化元数据分开。未读取权重值或运行模型。,hf-transformers-modeling_llama-py,LlamaAttention.__init__,https://github.com/huggingface/transformers/blob/984bc11b0882ff1e5b34ba717ea357e069ceced9/src/transformers/models/llama/modeling_llama.py#L329-L362,"y=x @ W^T；权重按[输出,输入]；专家模板另用 N_e 动态 token 数",,
r1-distill-llama-8b,DeepSeek-R1-Distill-Llama-8B,decoder-10,decoder,9,10,GQA,decode,gqa,decode-gqa-attention-2,逻辑投影：model.layers.{i}.self_attn.v_proj.weight,"x=[B,L_q,4096]; W=[1024,4096]","y=[B,L_q,1024]",激活/中间精度见固定参考函数；存储类型只由文件头证据填写,4194304,本 checkpoint 全分片 header：291 张量；逻辑主干、MTP/DSpark、共享副本和量化元数据分开。未读取权重值或运行模型。,hf-transformers-modeling_llama-py,LlamaAttention.__init__,https://github.com/huggingface/transformers/blob/984bc11b0882ff1e5b34ba717ea357e069ceced9/src/transformers/models/llama/modeling_llama.py#L329-L362,"y=x @ W^T；权重按[输出,输入]；专家模板另用 N_e 动态 token 数",,
r1-distill-llama-8b,DeepSeek-R1-Distill-Llama-8B,decoder-10,decoder,9,10,GQA,decode,gqa,decode-gqa-attention-3,逻辑投影：model.layers.{i}.self_attn.o_proj.weight,"x=[B,L_q,4096]; W=[4096,4096]","y=[B,L_q,4096]",激活/中间精度见固定参考函数；存储类型只由文件头证据填写,16777216,本 checkpoint 全分片 header：291 张量；逻辑主干、MTP/DSpark、共享副本和量化元数据分开。未读取权重值或运行模型。,hf-transformers-modeling_llama-py,LlamaAttention.__init__,https://github.com/huggingface/transformers/blob/984bc11b0882ff1e5b34ba717ea357e069ceced9/src/transformers/models/llama/modeling_llama.py#L329-L362,"y=x @ W^T；权重按[输出,输入]；专家模板另用 N_e 动态 token 数",,
r1-distill-llama-8b,DeepSeek-R1-Distill-Llama-8B,decoder-10,decoder,9,10,GQA,decode,gqa,decode-gqa-ffn-0,逻辑投影：model.layers.{i}.mlp.gate_proj.weight,"x=[B,L_q,4096]; W=[14336,4096]","y=[B,L_q,14336]",激活/中间精度见固定参考函数；存储类型只由文件头证据填写,58720256,本 checkpoint 全分片 header：291 张量；逻辑主干、MTP/DSpark、共享副本和量化元数据分开。未读取权重值或运行模型。,hf-transformers-modeling_llama-py,LlamaMLP.__init__,https://github.com/huggingface/transformers/blob/984bc11b0882ff1e5b34ba717ea357e069ceced9/src/transformers/models/llama/modeling_llama.py#L281-L289,"y=x @ W^T；权重按[输出,输入]；专家模板另用 N_e 动态 token 数",,
r1-distill-llama-8b,DeepSeek-R1-Distill-Llama-8B,decoder-10,decoder,9,10,GQA,decode,gqa,decode-gqa-ffn-1,逻辑投影：model.layers.{i}.mlp.up_proj.weight,"x=[B,L_q,4096]; W=[14336,4096]","y=[B,L_q,14336]",激活/中间精度见固定参考函数；存储类型只由文件头证据填写,58720256,本 checkpoint 全分片 header：291 张量；逻辑主干、MTP/DSpark、共享副本和量化元数据分开。未读取权重值或运行模型。,hf-transformers-modeling_llama-py,LlamaMLP.__init__,https://github.com/huggingface/transformers/blob/984bc11b0882ff1e5b34ba717ea357e069ceced9/src/transformers/models/llama/modeling_llama.py#L281-L289,"y=x @ W^T；权重按[输出,输入]；专家模板另用 N_e 动态 token 数",,
r1-distill-llama-8b,DeepSeek-R1-Distill-Llama-8B,decoder-10,decoder,9,10,GQA,decode,gqa,decode-gqa-ffn-2,逻辑投影：model.layers.{i}.mlp.down_proj.weight,"x=[B,L_q,14336]; W=[4096,14336]","y=[B,L_q,4096]",激活/中间精度见固定参考函数；存储类型只由文件头证据填写,58720256,本 checkpoint 全分片 header：291 张量；逻辑主干、MTP/DSpark、共享副本和量化元数据分开。未读取权重值或运行模型。,hf-transformers-modeling_llama-py,LlamaMLP.__init__,https://github.com/huggingface/transformers/blob/984bc11b0882ff1e5b34ba717ea357e069ceced9/src/transformers/models/llama/modeling_llama.py#L281-L289,"y=x @ W^T；权重按[输出,输入]；专家模板另用 N_e 动态 token 数",,
r1-distill-llama-8b,DeepSeek-R1-Distill-Llama-8B,decoder-10,decoder,9,10,GQA,decode,gqa,decode-gqa-norm-0,向量参数：model.layers.{i}.input_layernorm.weight,parameter=[4096],parameter=[4096],激活/中间精度见固定参考函数；存储类型只由文件头证据填写,4096,本 checkpoint 全分片 header：291 张量；逻辑主干、MTP/DSpark、共享副本和量化元数据分开。未读取权重值或运行模型。,hf-transformers-modeling_llama-py,LlamaDecoderLayer.__init__,https://github.com/huggingface/transformers/blob/984bc11b0882ff1e5b34ba717ea357e069ceced9/src/transformers/models/llama/modeling_llama.py#L685-L693,参数声明；具体 norm、bias、sink 或 mix scale 计算由后续数据流说明,,
r1-distill-llama-8b,DeepSeek-R1-Distill-Llama-8B,decoder-10,decoder,9,10,GQA,decode,gqa,decode-gqa-norm-1,向量参数：model.layers.{i}.post_attention_layernorm.weight,parameter=[4096],parameter=[4096],激活/中间精度见固定参考函数；存储类型只由文件头证据填写,4096,本 checkpoint 全分片 header：291 张量；逻辑主干、MTP/DSpark、共享副本和量化元数据分开。未读取权重值或运行模型。,hf-transformers-modeling_llama-py,LlamaDecoderLayer.__init__,https://github.com/huggingface/transformers/blob/984bc11b0882ff1e5b34ba717ea357e069ceced9/src/transformers/models/llama/modeling_llama.py#L685-L693,参数声明；具体 norm、bias、sink 或 mix scale 计算由后续数据流说明,,
r1-distill-llama-8b,DeepSeek-R1-Distill-Llama-8B,decoder-10,decoder,9,10,GQA,decode,gqa,decode-gqa-gqa-scores,GQA Key/Value 广播与 attention,"Q=[B,32,L_q,128]; K_cache=[B,8,L_kv,128]; V_cache=[B,8,L_kv,128]","scores=[B,32,L_q,L_kv]; out=[B,32,L_q,128]",激活/中间精度见固定参考函数；存储类型只由文件头证据填写,0,本 checkpoint 全分片 header：291 张量；逻辑主干、MTP/DSpark、共享副本和量化元数据分开。未读取权重值或运行模型。,hf-transformers-modeling_llama-py,LlamaAttention.forward,https://github.com/huggingface/transformers/blob/984bc11b0882ff1e5b34ba717ea357e069ceced9/src/transformers/models/llama/modeling_llama.py#L364-L455,RoPE → cache.update → repeat_kv(N_head/N_KV) → QK^T/√D → mask/FP32 softmax → PV,,参考 eager 数学路径；实际 SDPA/FlashAttention、分页与设备分派另核验
r1-distill-llama-8b,DeepSeek-R1-Distill-Llama-8B,decoder-10,decoder,9,10,GQA,decode,gqa,decode-gqa-swiglu,Dense SwiGLU,"gate=[N_tok,14336]; up=[N_tok,14336]","act=[N_tok,14336]",激活/中间精度见固定参考函数；存储类型只由文件头证据填写,0,本 checkpoint 全分片 header：291 张量；逻辑主干、MTP/DSpark、共享副本和量化元数据分开。未读取权重值或运行模型。,hf-transformers-modeling_llama-py,LlamaMLP.forward,https://github.com/huggingface/transformers/blob/984bc11b0882ff1e5b34ba717ea357e069ceced9/src/transformers/models/llama/modeling_llama.py#L291-L311,SiLU(gate)*up → down；两次 pre-norm residual 分开,,
r1-distill-llama-8b,DeepSeek-R1-Distill-Llama-8B,decoder-11,decoder,10,11,GQA,prefill,gqa,prefill-gqa-attention-0,逻辑投影：model.layers.{i}.self_attn.q_proj.weight,"x=[B,L_q,4096]; W=[4096,4096]","y=[B,L_q,4096]",激活/中间精度见固定参考函数；存储类型只由文件头证据填写,16777216,本 checkpoint 全分片 header：291 张量；逻辑主干、MTP/DSpark、共享副本和量化元数据分开。未读取权重值或运行模型。,hf-transformers-modeling_llama-py,LlamaAttention.__init__,https://github.com/huggingface/transformers/blob/984bc11b0882ff1e5b34ba717ea357e069ceced9/src/transformers/models/llama/modeling_llama.py#L329-L362,"y=x @ W^T；权重按[输出,输入]；专家模板另用 N_e 动态 token 数",,
r1-distill-llama-8b,DeepSeek-R1-Distill-Llama-8B,decoder-11,decoder,10,11,GQA,prefill,gqa,prefill-gqa-attention-1,逻辑投影：model.layers.{i}.self_attn.k_proj.weight,"x=[B,L_q,4096]; W=[1024,4096]","y=[B,L_q,1024]",激活/中间精度见固定参考函数；存储类型只由文件头证据填写,4194304,本 checkpoint 全分片 header：291 张量；逻辑主干、MTP/DSpark、共享副本和量化元数据分开。未读取权重值或运行模型。,hf-transformers-modeling_llama-py,LlamaAttention.__init__,https://github.com/huggingface/transformers/blob/984bc11b0882ff1e5b34ba717ea357e069ceced9/src/transformers/models/llama/modeling_llama.py#L329-L362,"y=x @ W^T；权重按[输出,输入]；专家模板另用 N_e 动态 token 数",,
r1-distill-llama-8b,DeepSeek-R1-Distill-Llama-8B,decoder-11,decoder,10,11,GQA,prefill,gqa,prefill-gqa-attention-2,逻辑投影：model.layers.{i}.self_attn.v_proj.weight,"x=[B,L_q,4096]; W=[1024,4096]","y=[B,L_q,1024]",激活/中间精度见固定参考函数；存储类型只由文件头证据填写,4194304,本 checkpoint 全分片 header：291 张量；逻辑主干、MTP/DSpark、共享副本和量化元数据分开。未读取权重值或运行模型。,hf-transformers-modeling_llama-py,LlamaAttention.__init__,https://github.com/huggingface/transformers/blob/984bc11b0882ff1e5b34ba717ea357e069ceced9/src/transformers/models/llama/modeling_llama.py#L329-L362,"y=x @ W^T；权重按[输出,输入]；专家模板另用 N_e 动态 token 数",,
r1-distill-llama-8b,DeepSeek-R1-Distill-Llama-8B,decoder-11,decoder,10,11,GQA,prefill,gqa,prefill-gqa-attention-3,逻辑投影：model.layers.{i}.self_attn.o_proj.weight,"x=[B,L_q,4096]; W=[4096,4096]","y=[B,L_q,4096]",激活/中间精度见固定参考函数；存储类型只由文件头证据填写,16777216,本 checkpoint 全分片 header：291 张量；逻辑主干、MTP/DSpark、共享副本和量化元数据分开。未读取权重值或运行模型。,hf-transformers-modeling_llama-py,LlamaAttention.__init__,https://github.com/huggingface/transformers/blob/984bc11b0882ff1e5b34ba717ea357e069ceced9/src/transformers/models/llama/modeling_llama.py#L329-L362,"y=x @ W^T；权重按[输出,输入]；专家模板另用 N_e 动态 token 数",,
r1-distill-llama-8b,DeepSeek-R1-Distill-Llama-8B,decoder-11,decoder,10,11,GQA,prefill,gqa,prefill-gqa-ffn-0,逻辑投影：model.layers.{i}.mlp.gate_proj.weight,"x=[B,L_q,4096]; W=[14336,4096]","y=[B,L_q,14336]",激活/中间精度见固定参考函数；存储类型只由文件头证据填写,58720256,本 checkpoint 全分片 header：291 张量；逻辑主干、MTP/DSpark、共享副本和量化元数据分开。未读取权重值或运行模型。,hf-transformers-modeling_llama-py,LlamaMLP.__init__,https://github.com/huggingface/transformers/blob/984bc11b0882ff1e5b34ba717ea357e069ceced9/src/transformers/models/llama/modeling_llama.py#L281-L289,"y=x @ W^T；权重按[输出,输入]；专家模板另用 N_e 动态 token 数",,
r1-distill-llama-8b,DeepSeek-R1-Distill-Llama-8B,decoder-11,decoder,10,11,GQA,prefill,gqa,prefill-gqa-ffn-1,逻辑投影：model.layers.{i}.mlp.up_proj.weight,"x=[B,L_q,4096]; W=[14336,4096]","y=[B,L_q,14336]",激活/中间精度见固定参考函数；存储类型只由文件头证据填写,58720256,本 checkpoint 全分片 header：291 张量；逻辑主干、MTP/DSpark、共享副本和量化元数据分开。未读取权重值或运行模型。,hf-transformers-modeling_llama-py,LlamaMLP.__init__,https://github.com/huggingface/transformers/blob/984bc11b0882ff1e5b34ba717ea357e069ceced9/src/transformers/models/llama/modeling_llama.py#L281-L289,"y=x @ W^T；权重按[输出,输入]；专家模板另用 N_e 动态 token 数",,
r1-distill-llama-8b,DeepSeek-R1-Distill-Llama-8B,decoder-11,decoder,10,11,GQA,prefill,gqa,prefill-gqa-ffn-2,逻辑投影：model.layers.{i}.mlp.down_proj.weight,"x=[B,L_q,14336]; W=[4096,14336]","y=[B,L_q,4096]",激活/中间精度见固定参考函数；存储类型只由文件头证据填写,58720256,本 checkpoint 全分片 header：291 张量；逻辑主干、MTP/DSpark、共享副本和量化元数据分开。未读取权重值或运行模型。,hf-transformers-modeling_llama-py,LlamaMLP.__init__,https://github.com/huggingface/transformers/blob/984bc11b0882ff1e5b34ba717ea357e069ceced9/src/transformers/models/llama/modeling_llama.py#L281-L289,"y=x @ W^T；权重按[输出,输入]；专家模板另用 N_e 动态 token 数",,
r1-distill-llama-8b,DeepSeek-R1-Distill-Llama-8B,decoder-11,decoder,10,11,GQA,prefill,gqa,prefill-gqa-norm-0,向量参数：model.layers.{i}.input_layernorm.weight,parameter=[4096],parameter=[4096],激活/中间精度见固定参考函数；存储类型只由文件头证据填写,4096,本 checkpoint 全分片 header：291 张量；逻辑主干、MTP/DSpark、共享副本和量化元数据分开。未读取权重值或运行模型。,hf-transformers-modeling_llama-py,LlamaDecoderLayer.__init__,https://github.com/huggingface/transformers/blob/984bc11b0882ff1e5b34ba717ea357e069ceced9/src/transformers/models/llama/modeling_llama.py#L685-L693,参数声明；具体 norm、bias、sink 或 mix scale 计算由后续数据流说明,,
r1-distill-llama-8b,DeepSeek-R1-Distill-Llama-8B,decoder-11,decoder,10,11,GQA,prefill,gqa,prefill-gqa-norm-1,向量参数：model.layers.{i}.post_attention_layernorm.weight,parameter=[4096],parameter=[4096],激活/中间精度见固定参考函数；存储类型只由文件头证据填写,4096,本 checkpoint 全分片 header：291 张量；逻辑主干、MTP/DSpark、共享副本和量化元数据分开。未读取权重值或运行模型。,hf-transformers-modeling_llama-py,LlamaDecoderLayer.__init__,https://github.com/huggingface/transformers/blob/984bc11b0882ff1e5b34ba717ea357e069ceced9/src/transformers/models/llama/modeling_llama.py#L685-L693,参数声明；具体 norm、bias、sink 或 mix scale 计算由后续数据流说明,,
r1-distill-llama-8b,DeepSeek-R1-Distill-Llama-8B,decoder-11,decoder,10,11,GQA,prefill,gqa,prefill-gqa-gqa-scores,GQA Key/Value 广播与 attention,"Q=[B,32,L_q,128]; K_cache=[B,8,L_kv,128]; V_cache=[B,8,L_kv,128]","scores=[B,32,L_q,L_kv]; out=[B,32,L_q,128]",激活/中间精度见固定参考函数；存储类型只由文件头证据填写,0,本 checkpoint 全分片 header：291 张量；逻辑主干、MTP/DSpark、共享副本和量化元数据分开。未读取权重值或运行模型。,hf-transformers-modeling_llama-py,LlamaAttention.forward,https://github.com/huggingface/transformers/blob/984bc11b0882ff1e5b34ba717ea357e069ceced9/src/transformers/models/llama/modeling_llama.py#L364-L455,RoPE → cache.update → repeat_kv(N_head/N_KV) → QK^T/√D → mask/FP32 softmax → PV,,参考 eager 数学路径；实际 SDPA/FlashAttention、分页与设备分派另核验
r1-distill-llama-8b,DeepSeek-R1-Distill-Llama-8B,decoder-11,decoder,10,11,GQA,prefill,gqa,prefill-gqa-swiglu,Dense SwiGLU,"gate=[N_tok,14336]; up=[N_tok,14336]","act=[N_tok,14336]",激活/中间精度见固定参考函数；存储类型只由文件头证据填写,0,本 checkpoint 全分片 header：291 张量；逻辑主干、MTP/DSpark、共享副本和量化元数据分开。未读取权重值或运行模型。,hf-transformers-modeling_llama-py,LlamaMLP.forward,https://github.com/huggingface/transformers/blob/984bc11b0882ff1e5b34ba717ea357e069ceced9/src/transformers/models/llama/modeling_llama.py#L291-L311,SiLU(gate)*up → down；两次 pre-norm residual 分开,,
r1-distill-llama-8b,DeepSeek-R1-Distill-Llama-8B,decoder-11,decoder,10,11,GQA,decode,gqa,decode-gqa-attention-0,逻辑投影：model.layers.{i}.self_attn.q_proj.weight,"x=[B,L_q,4096]; W=[4096,4096]","y=[B,L_q,4096]",激活/中间精度见固定参考函数；存储类型只由文件头证据填写,16777216,本 checkpoint 全分片 header：291 张量；逻辑主干、MTP/DSpark、共享副本和量化元数据分开。未读取权重值或运行模型。,hf-transformers-modeling_llama-py,LlamaAttention.__init__,https://github.com/huggingface/transformers/blob/984bc11b0882ff1e5b34ba717ea357e069ceced9/src/transformers/models/llama/modeling_llama.py#L329-L362,"y=x @ W^T；权重按[输出,输入]；专家模板另用 N_e 动态 token 数",,
r1-distill-llama-8b,DeepSeek-R1-Distill-Llama-8B,decoder-11,decoder,10,11,GQA,decode,gqa,decode-gqa-attention-1,逻辑投影：model.layers.{i}.self_attn.k_proj.weight,"x=[B,L_q,4096]; W=[1024,4096]","y=[B,L_q,1024]",激活/中间精度见固定参考函数；存储类型只由文件头证据填写,4194304,本 checkpoint 全分片 header：291 张量；逻辑主干、MTP/DSpark、共享副本和量化元数据分开。未读取权重值或运行模型。,hf-transformers-modeling_llama-py,LlamaAttention.__init__,https://github.com/huggingface/transformers/blob/984bc11b0882ff1e5b34ba717ea357e069ceced9/src/transformers/models/llama/modeling_llama.py#L329-L362,"y=x @ W^T；权重按[输出,输入]；专家模板另用 N_e 动态 token 数",,
r1-distill-llama-8b,DeepSeek-R1-Distill-Llama-8B,decoder-11,decoder,10,11,GQA,decode,gqa,decode-gqa-attention-2,逻辑投影：model.layers.{i}.self_attn.v_proj.weight,"x=[B,L_q,4096]; W=[1024,4096]","y=[B,L_q,1024]",激活/中间精度见固定参考函数；存储类型只由文件头证据填写,4194304,本 checkpoint 全分片 header：291 张量；逻辑主干、MTP/DSpark、共享副本和量化元数据分开。未读取权重值或运行模型。,hf-transformers-modeling_llama-py,LlamaAttention.__init__,https://github.com/huggingface/transformers/blob/984bc11b0882ff1e5b34ba717ea357e069ceced9/src/transformers/models/llama/modeling_llama.py#L329-L362,"y=x @ W^T；权重按[输出,输入]；专家模板另用 N_e 动态 token 数",,
r1-distill-llama-8b,DeepSeek-R1-Distill-Llama-8B,decoder-11,decoder,10,11,GQA,decode,gqa,decode-gqa-attention-3,逻辑投影：model.layers.{i}.self_attn.o_proj.weight,"x=[B,L_q,4096]; W=[4096,4096]","y=[B,L_q,4096]",激活/中间精度见固定参考函数；存储类型只由文件头证据填写,16777216,本 checkpoint 全分片 header：291 张量；逻辑主干、MTP/DSpark、共享副本和量化元数据分开。未读取权重值或运行模型。,hf-transformers-modeling_llama-py,LlamaAttention.__init__,https://github.com/huggingface/transformers/blob/984bc11b0882ff1e5b34ba717ea357e069ceced9/src/transformers/models/llama/modeling_llama.py#L329-L362,"y=x @ W^T；权重按[输出,输入]；专家模板另用 N_e 动态 token 数",,
r1-distill-llama-8b,DeepSeek-R1-Distill-Llama-8B,decoder-11,decoder,10,11,GQA,decode,gqa,decode-gqa-ffn-0,逻辑投影：model.layers.{i}.mlp.gate_proj.weight,"x=[B,L_q,4096]; W=[14336,4096]","y=[B,L_q,14336]",激活/中间精度见固定参考函数；存储类型只由文件头证据填写,58720256,本 checkpoint 全分片 header：291 张量；逻辑主干、MTP/DSpark、共享副本和量化元数据分开。未读取权重值或运行模型。,hf-transformers-modeling_llama-py,LlamaMLP.__init__,https://github.com/huggingface/transformers/blob/984bc11b0882ff1e5b34ba717ea357e069ceced9/src/transformers/models/llama/modeling_llama.py#L281-L289,"y=x @ W^T；权重按[输出,输入]；专家模板另用 N_e 动态 token 数",,
r1-distill-llama-8b,DeepSeek-R1-Distill-Llama-8B,decoder-11,decoder,10,11,GQA,decode,gqa,decode-gqa-ffn-1,逻辑投影：model.layers.{i}.mlp.up_proj.weight,"x=[B,L_q,4096]; W=[14336,4096]","y=[B,L_q,14336]",激活/中间精度见固定参考函数；存储类型只由文件头证据填写,58720256,本 checkpoint 全分片 header：291 张量；逻辑主干、MTP/DSpark、共享副本和量化元数据分开。未读取权重值或运行模型。,hf-transformers-modeling_llama-py,LlamaMLP.__init__,https://github.com/huggingface/transformers/blob/984bc11b0882ff1e5b34ba717ea357e069ceced9/src/transformers/models/llama/modeling_llama.py#L281-L289,"y=x @ W^T；权重按[输出,输入]；专家模板另用 N_e 动态 token 数",,
r1-distill-llama-8b,DeepSeek-R1-Distill-Llama-8B,decoder-11,decoder,10,11,GQA,decode,gqa,decode-gqa-ffn-2,逻辑投影：model.layers.{i}.mlp.down_proj.weight,"x=[B,L_q,14336]; W=[4096,14336]","y=[B,L_q,4096]",激活/中间精度见固定参考函数；存储类型只由文件头证据填写,58720256,本 checkpoint 全分片 header：291 张量；逻辑主干、MTP/DSpark、共享副本和量化元数据分开。未读取权重值或运行模型。,hf-transformers-modeling_llama-py,LlamaMLP.__init__,https://github.com/huggingface/transformers/blob/984bc11b0882ff1e5b34ba717ea357e069ceced9/src/transformers/models/llama/modeling_llama.py#L281-L289,"y=x @ W^T；权重按[输出,输入]；专家模板另用 N_e 动态 token 数",,
r1-distill-llama-8b,DeepSeek-R1-Distill-Llama-8B,decoder-11,decoder,10,11,GQA,decode,gqa,decode-gqa-norm-0,向量参数：model.layers.{i}.input_layernorm.weight,parameter=[4096],parameter=[4096],激活/中间精度见固定参考函数；存储类型只由文件头证据填写,4096,本 checkpoint 全分片 header：291 张量；逻辑主干、MTP/DSpark、共享副本和量化元数据分开。未读取权重值或运行模型。,hf-transformers-modeling_llama-py,LlamaDecoderLayer.__init__,https://github.com/huggingface/transformers/blob/984bc11b0882ff1e5b34ba717ea357e069ceced9/src/transformers/models/llama/modeling_llama.py#L685-L693,参数声明；具体 norm、bias、sink 或 mix scale 计算由后续数据流说明,,
r1-distill-llama-8b,DeepSeek-R1-Distill-Llama-8B,decoder-11,decoder,10,11,GQA,decode,gqa,decode-gqa-norm-1,向量参数：model.layers.{i}.post_attention_layernorm.weight,parameter=[4096],parameter=[4096],激活/中间精度见固定参考函数；存储类型只由文件头证据填写,4096,本 checkpoint 全分片 header：291 张量；逻辑主干、MTP/DSpark、共享副本和量化元数据分开。未读取权重值或运行模型。,hf-transformers-modeling_llama-py,LlamaDecoderLayer.__init__,https://github.com/huggingface/transformers/blob/984bc11b0882ff1e5b34ba717ea357e069ceced9/src/transformers/models/llama/modeling_llama.py#L685-L693,参数声明；具体 norm、bias、sink 或 mix scale 计算由后续数据流说明,,
r1-distill-llama-8b,DeepSeek-R1-Distill-Llama-8B,decoder-11,decoder,10,11,GQA,decode,gqa,decode-gqa-gqa-scores,GQA Key/Value 广播与 attention,"Q=[B,32,L_q,128]; K_cache=[B,8,L_kv,128]; V_cache=[B,8,L_kv,128]","scores=[B,32,L_q,L_kv]; out=[B,32,L_q,128]",激活/中间精度见固定参考函数；存储类型只由文件头证据填写,0,本 checkpoint 全分片 header：291 张量；逻辑主干、MTP/DSpark、共享副本和量化元数据分开。未读取权重值或运行模型。,hf-transformers-modeling_llama-py,LlamaAttention.forward,https://github.com/huggingface/transformers/blob/984bc11b0882ff1e5b34ba717ea357e069ceced9/src/transformers/models/llama/modeling_llama.py#L364-L455,RoPE → cache.update → repeat_kv(N_head/N_KV) → QK^T/√D → mask/FP32 softmax → PV,,参考 eager 数学路径；实际 SDPA/FlashAttention、分页与设备分派另核验
r1-distill-llama-8b,DeepSeek-R1-Distill-Llama-8B,decoder-11,decoder,10,11,GQA,decode,gqa,decode-gqa-swiglu,Dense SwiGLU,"gate=[N_tok,14336]; up=[N_tok,14336]","act=[N_tok,14336]",激活/中间精度见固定参考函数；存储类型只由文件头证据填写,0,本 checkpoint 全分片 header：291 张量；逻辑主干、MTP/DSpark、共享副本和量化元数据分开。未读取权重值或运行模型。,hf-transformers-modeling_llama-py,LlamaMLP.forward,https://github.com/huggingface/transformers/blob/984bc11b0882ff1e5b34ba717ea357e069ceced9/src/transformers/models/llama/modeling_llama.py#L291-L311,SiLU(gate)*up → down；两次 pre-norm residual 分开,,
r1-distill-llama-8b,DeepSeek-R1-Distill-Llama-8B,decoder-12,decoder,11,12,GQA,prefill,gqa,prefill-gqa-attention-0,逻辑投影：model.layers.{i}.self_attn.q_proj.weight,"x=[B,L_q,4096]; W=[4096,4096]","y=[B,L_q,4096]",激活/中间精度见固定参考函数；存储类型只由文件头证据填写,16777216,本 checkpoint 全分片 header：291 张量；逻辑主干、MTP/DSpark、共享副本和量化元数据分开。未读取权重值或运行模型。,hf-transformers-modeling_llama-py,LlamaAttention.__init__,https://github.com/huggingface/transformers/blob/984bc11b0882ff1e5b34ba717ea357e069ceced9/src/transformers/models/llama/modeling_llama.py#L329-L362,"y=x @ W^T；权重按[输出,输入]；专家模板另用 N_e 动态 token 数",,
r1-distill-llama-8b,DeepSeek-R1-Distill-Llama-8B,decoder-12,decoder,11,12,GQA,prefill,gqa,prefill-gqa-attention-1,逻辑投影：model.layers.{i}.self_attn.k_proj.weight,"x=[B,L_q,4096]; W=[1024,4096]","y=[B,L_q,1024]",激活/中间精度见固定参考函数；存储类型只由文件头证据填写,4194304,本 checkpoint 全分片 header：291 张量；逻辑主干、MTP/DSpark、共享副本和量化元数据分开。未读取权重值或运行模型。,hf-transformers-modeling_llama-py,LlamaAttention.__init__,https://github.com/huggingface/transformers/blob/984bc11b0882ff1e5b34ba717ea357e069ceced9/src/transformers/models/llama/modeling_llama.py#L329-L362,"y=x @ W^T；权重按[输出,输入]；专家模板另用 N_e 动态 token 数",,
r1-distill-llama-8b,DeepSeek-R1-Distill-Llama-8B,decoder-12,decoder,11,12,GQA,prefill,gqa,prefill-gqa-attention-2,逻辑投影：model.layers.{i}.self_attn.v_proj.weight,"x=[B,L_q,4096]; W=[1024,4096]","y=[B,L_q,1024]",激活/中间精度见固定参考函数；存储类型只由文件头证据填写,4194304,本 checkpoint 全分片 header：291 张量；逻辑主干、MTP/DSpark、共享副本和量化元数据分开。未读取权重值或运行模型。,hf-transformers-modeling_llama-py,LlamaAttention.__init__,https://github.com/huggingface/transformers/blob/984bc11b0882ff1e5b34ba717ea357e069ceced9/src/transformers/models/llama/modeling_llama.py#L329-L362,"y=x @ W^T；权重按[输出,输入]；专家模板另用 N_e 动态 token 数",,
r1-distill-llama-8b,DeepSeek-R1-Distill-Llama-8B,decoder-12,decoder,11,12,GQA,prefill,gqa,prefill-gqa-attention-3,逻辑投影：model.layers.{i}.self_attn.o_proj.weight,"x=[B,L_q,4096]; W=[4096,4096]","y=[B,L_q,4096]",激活/中间精度见固定参考函数；存储类型只由文件头证据填写,16777216,本 checkpoint 全分片 header：291 张量；逻辑主干、MTP/DSpark、共享副本和量化元数据分开。未读取权重值或运行模型。,hf-transformers-modeling_llama-py,LlamaAttention.__init__,https://github.com/huggingface/transformers/blob/984bc11b0882ff1e5b34ba717ea357e069ceced9/src/transformers/models/llama/modeling_llama.py#L329-L362,"y=x @ W^T；权重按[输出,输入]；专家模板另用 N_e 动态 token 数",,
r1-distill-llama-8b,DeepSeek-R1-Distill-Llama-8B,decoder-12,decoder,11,12,GQA,prefill,gqa,prefill-gqa-ffn-0,逻辑投影：model.layers.{i}.mlp.gate_proj.weight,"x=[B,L_q,4096]; W=[14336,4096]","y=[B,L_q,14336]",激活/中间精度见固定参考函数；存储类型只由文件头证据填写,58720256,本 checkpoint 全分片 header：291 张量；逻辑主干、MTP/DSpark、共享副本和量化元数据分开。未读取权重值或运行模型。,hf-transformers-modeling_llama-py,LlamaMLP.__init__,https://github.com/huggingface/transformers/blob/984bc11b0882ff1e5b34ba717ea357e069ceced9/src/transformers/models/llama/modeling_llama.py#L281-L289,"y=x @ W^T；权重按[输出,输入]；专家模板另用 N_e 动态 token 数",,
r1-distill-llama-8b,DeepSeek-R1-Distill-Llama-8B,decoder-12,decoder,11,12,GQA,prefill,gqa,prefill-gqa-ffn-1,逻辑投影：model.layers.{i}.mlp.up_proj.weight,"x=[B,L_q,4096]; W=[14336,4096]","y=[B,L_q,14336]",激活/中间精度见固定参考函数；存储类型只由文件头证据填写,58720256,本 checkpoint 全分片 header：291 张量；逻辑主干、MTP/DSpark、共享副本和量化元数据分开。未读取权重值或运行模型。,hf-transformers-modeling_llama-py,LlamaMLP.__init__,https://github.com/huggingface/transformers/blob/984bc11b0882ff1e5b34ba717ea357e069ceced9/src/transformers/models/llama/modeling_llama.py#L281-L289,"y=x @ W^T；权重按[输出,输入]；专家模板另用 N_e 动态 token 数",,
r1-distill-llama-8b,DeepSeek-R1-Distill-Llama-8B,decoder-12,decoder,11,12,GQA,prefill,gqa,prefill-gqa-ffn-2,逻辑投影：model.layers.{i}.mlp.down_proj.weight,"x=[B,L_q,14336]; W=[4096,14336]","y=[B,L_q,4096]",激活/中间精度见固定参考函数；存储类型只由文件头证据填写,58720256,本 checkpoint 全分片 header：291 张量；逻辑主干、MTP/DSpark、共享副本和量化元数据分开。未读取权重值或运行模型。,hf-transformers-modeling_llama-py,LlamaMLP.__init__,https://github.com/huggingface/transformers/blob/984bc11b0882ff1e5b34ba717ea357e069ceced9/src/transformers/models/llama/modeling_llama.py#L281-L289,"y=x @ W^T；权重按[输出,输入]；专家模板另用 N_e 动态 token 数",,
r1-distill-llama-8b,DeepSeek-R1-Distill-Llama-8B,decoder-12,decoder,11,12,GQA,prefill,gqa,prefill-gqa-norm-0,向量参数：model.layers.{i}.input_layernorm.weight,parameter=[4096],parameter=[4096],激活/中间精度见固定参考函数；存储类型只由文件头证据填写,4096,本 checkpoint 全分片 header：291 张量；逻辑主干、MTP/DSpark、共享副本和量化元数据分开。未读取权重值或运行模型。,hf-transformers-modeling_llama-py,LlamaDecoderLayer.__init__,https://github.com/huggingface/transformers/blob/984bc11b0882ff1e5b34ba717ea357e069ceced9/src/transformers/models/llama/modeling_llama.py#L685-L693,参数声明；具体 norm、bias、sink 或 mix scale 计算由后续数据流说明,,
r1-distill-llama-8b,DeepSeek-R1-Distill-Llama-8B,decoder-12,decoder,11,12,GQA,prefill,gqa,prefill-gqa-norm-1,向量参数：model.layers.{i}.post_attention_layernorm.weight,parameter=[4096],parameter=[4096],激活/中间精度见固定参考函数；存储类型只由文件头证据填写,4096,本 checkpoint 全分片 header：291 张量；逻辑主干、MTP/DSpark、共享副本和量化元数据分开。未读取权重值或运行模型。,hf-transformers-modeling_llama-py,LlamaDecoderLayer.__init__,https://github.com/huggingface/transformers/blob/984bc11b0882ff1e5b34ba717ea357e069ceced9/src/transformers/models/llama/modeling_llama.py#L685-L693,参数声明；具体 norm、bias、sink 或 mix scale 计算由后续数据流说明,,
r1-distill-llama-8b,DeepSeek-R1-Distill-Llama-8B,decoder-12,decoder,11,12,GQA,prefill,gqa,prefill-gqa-gqa-scores,GQA Key/Value 广播与 attention,"Q=[B,32,L_q,128]; K_cache=[B,8,L_kv,128]; V_cache=[B,8,L_kv,128]","scores=[B,32,L_q,L_kv]; out=[B,32,L_q,128]",激活/中间精度见固定参考函数；存储类型只由文件头证据填写,0,本 checkpoint 全分片 header：291 张量；逻辑主干、MTP/DSpark、共享副本和量化元数据分开。未读取权重值或运行模型。,hf-transformers-modeling_llama-py,LlamaAttention.forward,https://github.com/huggingface/transformers/blob/984bc11b0882ff1e5b34ba717ea357e069ceced9/src/transformers/models/llama/modeling_llama.py#L364-L455,RoPE → cache.update → repeat_kv(N_head/N_KV) → QK^T/√D → mask/FP32 softmax → PV,,参考 eager 数学路径；实际 SDPA/FlashAttention、分页与设备分派另核验
r1-distill-llama-8b,DeepSeek-R1-Distill-Llama-8B,decoder-12,decoder,11,12,GQA,prefill,gqa,prefill-gqa-swiglu,Dense SwiGLU,"gate=[N_tok,14336]; up=[N_tok,14336]","act=[N_tok,14336]",激活/中间精度见固定参考函数；存储类型只由文件头证据填写,0,本 checkpoint 全分片 header：291 张量；逻辑主干、MTP/DSpark、共享副本和量化元数据分开。未读取权重值或运行模型。,hf-transformers-modeling_llama-py,LlamaMLP.forward,https://github.com/huggingface/transformers/blob/984bc11b0882ff1e5b34ba717ea357e069ceced9/src/transformers/models/llama/modeling_llama.py#L291-L311,SiLU(gate)*up → down；两次 pre-norm residual 分开,,
r1-distill-llama-8b,DeepSeek-R1-Distill-Llama-8B,decoder-12,decoder,11,12,GQA,decode,gqa,decode-gqa-attention-0,逻辑投影：model.layers.{i}.self_attn.q_proj.weight,"x=[B,L_q,4096]; W=[4096,4096]","y=[B,L_q,4096]",激活/中间精度见固定参考函数；存储类型只由文件头证据填写,16777216,本 checkpoint 全分片 header：291 张量；逻辑主干、MTP/DSpark、共享副本和量化元数据分开。未读取权重值或运行模型。,hf-transformers-modeling_llama-py,LlamaAttention.__init__,https://github.com/huggingface/transformers/blob/984bc11b0882ff1e5b34ba717ea357e069ceced9/src/transformers/models/llama/modeling_llama.py#L329-L362,"y=x @ W^T；权重按[输出,输入]；专家模板另用 N_e 动态 token 数",,
r1-distill-llama-8b,DeepSeek-R1-Distill-Llama-8B,decoder-12,decoder,11,12,GQA,decode,gqa,decode-gqa-attention-1,逻辑投影：model.layers.{i}.self_attn.k_proj.weight,"x=[B,L_q,4096]; W=[1024,4096]","y=[B,L_q,1024]",激活/中间精度见固定参考函数；存储类型只由文件头证据填写,4194304,本 checkpoint 全分片 header：291 张量；逻辑主干、MTP/DSpark、共享副本和量化元数据分开。未读取权重值或运行模型。,hf-transformers-modeling_llama-py,LlamaAttention.__init__,https://github.com/huggingface/transformers/blob/984bc11b0882ff1e5b34ba717ea357e069ceced9/src/transformers/models/llama/modeling_llama.py#L329-L362,"y=x @ W^T；权重按[输出,输入]；专家模板另用 N_e 动态 token 数",,
r1-distill-llama-8b,DeepSeek-R1-Distill-Llama-8B,decoder-12,decoder,11,12,GQA,decode,gqa,decode-gqa-attention-2,逻辑投影：model.layers.{i}.self_attn.v_proj.weight,"x=[B,L_q,4096]; W=[1024,4096]","y=[B,L_q,1024]",激活/中间精度见固定参考函数；存储类型只由文件头证据填写,4194304,本 checkpoint 全分片 header：291 张量；逻辑主干、MTP/DSpark、共享副本和量化元数据分开。未读取权重值或运行模型。,hf-transformers-modeling_llama-py,LlamaAttention.__init__,https://github.com/huggingface/transformers/blob/984bc11b0882ff1e5b34ba717ea357e069ceced9/src/transformers/models/llama/modeling_llama.py#L329-L362,"y=x @ W^T；权重按[输出,输入]；专家模板另用 N_e 动态 token 数",,
r1-distill-llama-8b,DeepSeek-R1-Distill-Llama-8B,decoder-12,decoder,11,12,GQA,decode,gqa,decode-gqa-attention-3,逻辑投影：model.layers.{i}.self_attn.o_proj.weight,"x=[B,L_q,4096]; W=[4096,4096]","y=[B,L_q,4096]",激活/中间精度见固定参考函数；存储类型只由文件头证据填写,16777216,本 checkpoint 全分片 header：291 张量；逻辑主干、MTP/DSpark、共享副本和量化元数据分开。未读取权重值或运行模型。,hf-transformers-modeling_llama-py,LlamaAttention.__init__,https://github.com/huggingface/transformers/blob/984bc11b0882ff1e5b34ba717ea357e069ceced9/src/transformers/models/llama/modeling_llama.py#L329-L362,"y=x @ W^T；权重按[输出,输入]；专家模板另用 N_e 动态 token 数",,
r1-distill-llama-8b,DeepSeek-R1-Distill-Llama-8B,decoder-12,decoder,11,12,GQA,decode,gqa,decode-gqa-ffn-0,逻辑投影：model.layers.{i}.mlp.gate_proj.weight,"x=[B,L_q,4096]; W=[14336,4096]","y=[B,L_q,14336]",激活/中间精度见固定参考函数；存储类型只由文件头证据填写,58720256,本 checkpoint 全分片 header：291 张量；逻辑主干、MTP/DSpark、共享副本和量化元数据分开。未读取权重值或运行模型。,hf-transformers-modeling_llama-py,LlamaMLP.__init__,https://github.com/huggingface/transformers/blob/984bc11b0882ff1e5b34ba717ea357e069ceced9/src/transformers/models/llama/modeling_llama.py#L281-L289,"y=x @ W^T；权重按[输出,输入]；专家模板另用 N_e 动态 token 数",,
r1-distill-llama-8b,DeepSeek-R1-Distill-Llama-8B,decoder-12,decoder,11,12,GQA,decode,gqa,decode-gqa-ffn-1,逻辑投影：model.layers.{i}.mlp.up_proj.weight,"x=[B,L_q,4096]; W=[14336,4096]","y=[B,L_q,14336]",激活/中间精度见固定参考函数；存储类型只由文件头证据填写,58720256,本 checkpoint 全分片 header：291 张量；逻辑主干、MTP/DSpark、共享副本和量化元数据分开。未读取权重值或运行模型。,hf-transformers-modeling_llama-py,LlamaMLP.__init__,https://github.com/huggingface/transformers/blob/984bc11b0882ff1e5b34ba717ea357e069ceced9/src/transformers/models/llama/modeling_llama.py#L281-L289,"y=x @ W^T；权重按[输出,输入]；专家模板另用 N_e 动态 token 数",,
r1-distill-llama-8b,DeepSeek-R1-Distill-Llama-8B,decoder-12,decoder,11,12,GQA,decode,gqa,decode-gqa-ffn-2,逻辑投影：model.layers.{i}.mlp.down_proj.weight,"x=[B,L_q,14336]; W=[4096,14336]","y=[B,L_q,4096]",激活/中间精度见固定参考函数；存储类型只由文件头证据填写,58720256,本 checkpoint 全分片 header：291 张量；逻辑主干、MTP/DSpark、共享副本和量化元数据分开。未读取权重值或运行模型。,hf-transformers-modeling_llama-py,LlamaMLP.__init__,https://github.com/huggingface/transformers/blob/984bc11b0882ff1e5b34ba717ea357e069ceced9/src/transformers/models/llama/modeling_llama.py#L281-L289,"y=x @ W^T；权重按[输出,输入]；专家模板另用 N_e 动态 token 数",,
r1-distill-llama-8b,DeepSeek-R1-Distill-Llama-8B,decoder-12,decoder,11,12,GQA,decode,gqa,decode-gqa-norm-0,向量参数：model.layers.{i}.input_layernorm.weight,parameter=[4096],parameter=[4096],激活/中间精度见固定参考函数；存储类型只由文件头证据填写,4096,本 checkpoint 全分片 header：291 张量；逻辑主干、MTP/DSpark、共享副本和量化元数据分开。未读取权重值或运行模型。,hf-transformers-modeling_llama-py,LlamaDecoderLayer.__init__,https://github.com/huggingface/transformers/blob/984bc11b0882ff1e5b34ba717ea357e069ceced9/src/transformers/models/llama/modeling_llama.py#L685-L693,参数声明；具体 norm、bias、sink 或 mix scale 计算由后续数据流说明,,
r1-distill-llama-8b,DeepSeek-R1-Distill-Llama-8B,decoder-12,decoder,11,12,GQA,decode,gqa,decode-gqa-norm-1,向量参数：model.layers.{i}.post_attention_layernorm.weight,parameter=[4096],parameter=[4096],激活/中间精度见固定参考函数；存储类型只由文件头证据填写,4096,本 checkpoint 全分片 header：291 张量；逻辑主干、MTP/DSpark、共享副本和量化元数据分开。未读取权重值或运行模型。,hf-transformers-modeling_llama-py,LlamaDecoderLayer.__init__,https://github.com/huggingface/transformers/blob/984bc11b0882ff1e5b34ba717ea357e069ceced9/src/transformers/models/llama/modeling_llama.py#L685-L693,参数声明；具体 norm、bias、sink 或 mix scale 计算由后续数据流说明,,
r1-distill-llama-8b,DeepSeek-R1-Distill-Llama-8B,decoder-12,decoder,11,12,GQA,decode,gqa,decode-gqa-gqa-scores,GQA Key/Value 广播与 attention,"Q=[B,32,L_q,128]; K_cache=[B,8,L_kv,128]; V_cache=[B,8,L_kv,128]","scores=[B,32,L_q,L_kv]; out=[B,32,L_q,128]",激活/中间精度见固定参考函数；存储类型只由文件头证据填写,0,本 checkpoint 全分片 header：291 张量；逻辑主干、MTP/DSpark、共享副本和量化元数据分开。未读取权重值或运行模型。,hf-transformers-modeling_llama-py,LlamaAttention.forward,https://github.com/huggingface/transformers/blob/984bc11b0882ff1e5b34ba717ea357e069ceced9/src/transformers/models/llama/modeling_llama.py#L364-L455,RoPE → cache.update → repeat_kv(N_head/N_KV) → QK^T/√D → mask/FP32 softmax → PV,,参考 eager 数学路径；实际 SDPA/FlashAttention、分页与设备分派另核验
r1-distill-llama-8b,DeepSeek-R1-Distill-Llama-8B,decoder-12,decoder,11,12,GQA,decode,gqa,decode-gqa-swiglu,Dense SwiGLU,"gate=[N_tok,14336]; up=[N_tok,14336]","act=[N_tok,14336]",激活/中间精度见固定参考函数；存储类型只由文件头证据填写,0,本 checkpoint 全分片 header：291 张量；逻辑主干、MTP/DSpark、共享副本和量化元数据分开。未读取权重值或运行模型。,hf-transformers-modeling_llama-py,LlamaMLP.forward,https://github.com/huggingface/transformers/blob/984bc11b0882ff1e5b34ba717ea357e069ceced9/src/transformers/models/llama/modeling_llama.py#L291-L311,SiLU(gate)*up → down；两次 pre-norm residual 分开,,
r1-distill-llama-8b,DeepSeek-R1-Distill-Llama-8B,decoder-13,decoder,12,13,GQA,prefill,gqa,prefill-gqa-attention-0,逻辑投影：model.layers.{i}.self_attn.q_proj.weight,"x=[B,L_q,4096]; W=[4096,4096]","y=[B,L_q,4096]",激活/中间精度见固定参考函数；存储类型只由文件头证据填写,16777216,本 checkpoint 全分片 header：291 张量；逻辑主干、MTP/DSpark、共享副本和量化元数据分开。未读取权重值或运行模型。,hf-transformers-modeling_llama-py,LlamaAttention.__init__,https://github.com/huggingface/transformers/blob/984bc11b0882ff1e5b34ba717ea357e069ceced9/src/transformers/models/llama/modeling_llama.py#L329-L362,"y=x @ W^T；权重按[输出,输入]；专家模板另用 N_e 动态 token 数",,
r1-distill-llama-8b,DeepSeek-R1-Distill-Llama-8B,decoder-13,decoder,12,13,GQA,prefill,gqa,prefill-gqa-attention-1,逻辑投影：model.layers.{i}.self_attn.k_proj.weight,"x=[B,L_q,4096]; W=[1024,4096]","y=[B,L_q,1024]",激活/中间精度见固定参考函数；存储类型只由文件头证据填写,4194304,本 checkpoint 全分片 header：291 张量；逻辑主干、MTP/DSpark、共享副本和量化元数据分开。未读取权重值或运行模型。,hf-transformers-modeling_llama-py,LlamaAttention.__init__,https://github.com/huggingface/transformers/blob/984bc11b0882ff1e5b34ba717ea357e069ceced9/src/transformers/models/llama/modeling_llama.py#L329-L362,"y=x @ W^T；权重按[输出,输入]；专家模板另用 N_e 动态 token 数",,
r1-distill-llama-8b,DeepSeek-R1-Distill-Llama-8B,decoder-13,decoder,12,13,GQA,prefill,gqa,prefill-gqa-attention-2,逻辑投影：model.layers.{i}.self_attn.v_proj.weight,"x=[B,L_q,4096]; W=[1024,4096]","y=[B,L_q,1024]",激活/中间精度见固定参考函数；存储类型只由文件头证据填写,4194304,本 checkpoint 全分片 header：291 张量；逻辑主干、MTP/DSpark、共享副本和量化元数据分开。未读取权重值或运行模型。,hf-transformers-modeling_llama-py,LlamaAttention.__init__,https://github.com/huggingface/transformers/blob/984bc11b0882ff1e5b34ba717ea357e069ceced9/src/transformers/models/llama/modeling_llama.py#L329-L362,"y=x @ W^T；权重按[输出,输入]；专家模板另用 N_e 动态 token 数",,
r1-distill-llama-8b,DeepSeek-R1-Distill-Llama-8B,decoder-13,decoder,12,13,GQA,prefill,gqa,prefill-gqa-attention-3,逻辑投影：model.layers.{i}.self_attn.o_proj.weight,"x=[B,L_q,4096]; W=[4096,4096]","y=[B,L_q,4096]",激活/中间精度见固定参考函数；存储类型只由文件头证据填写,16777216,本 checkpoint 全分片 header：291 张量；逻辑主干、MTP/DSpark、共享副本和量化元数据分开。未读取权重值或运行模型。,hf-transformers-modeling_llama-py,LlamaAttention.__init__,https://github.com/huggingface/transformers/blob/984bc11b0882ff1e5b34ba717ea357e069ceced9/src/transformers/models/llama/modeling_llama.py#L329-L362,"y=x @ W^T；权重按[输出,输入]；专家模板另用 N_e 动态 token 数",,
r1-distill-llama-8b,DeepSeek-R1-Distill-Llama-8B,decoder-13,decoder,12,13,GQA,prefill,gqa,prefill-gqa-ffn-0,逻辑投影：model.layers.{i}.mlp.gate_proj.weight,"x=[B,L_q,4096]; W=[14336,4096]","y=[B,L_q,14336]",激活/中间精度见固定参考函数；存储类型只由文件头证据填写,58720256,本 checkpoint 全分片 header：291 张量；逻辑主干、MTP/DSpark、共享副本和量化元数据分开。未读取权重值或运行模型。,hf-transformers-modeling_llama-py,LlamaMLP.__init__,https://github.com/huggingface/transformers/blob/984bc11b0882ff1e5b34ba717ea357e069ceced9/src/transformers/models/llama/modeling_llama.py#L281-L289,"y=x @ W^T；权重按[输出,输入]；专家模板另用 N_e 动态 token 数",,
r1-distill-llama-8b,DeepSeek-R1-Distill-Llama-8B,decoder-13,decoder,12,13,GQA,prefill,gqa,prefill-gqa-ffn-1,逻辑投影：model.layers.{i}.mlp.up_proj.weight,"x=[B,L_q,4096]; W=[14336,4096]","y=[B,L_q,14336]",激活/中间精度见固定参考函数；存储类型只由文件头证据填写,58720256,本 checkpoint 全分片 header：291 张量；逻辑主干、MTP/DSpark、共享副本和量化元数据分开。未读取权重值或运行模型。,hf-transformers-modeling_llama-py,LlamaMLP.__init__,https://github.com/huggingface/transformers/blob/984bc11b0882ff1e5b34ba717ea357e069ceced9/src/transformers/models/llama/modeling_llama.py#L281-L289,"y=x @ W^T；权重按[输出,输入]；专家模板另用 N_e 动态 token 数",,
r1-distill-llama-8b,DeepSeek-R1-Distill-Llama-8B,decoder-13,decoder,12,13,GQA,prefill,gqa,prefill-gqa-ffn-2,逻辑投影：model.layers.{i}.mlp.down_proj.weight,"x=[B,L_q,14336]; W=[4096,14336]","y=[B,L_q,4096]",激活/中间精度见固定参考函数；存储类型只由文件头证据填写,58720256,本 checkpoint 全分片 header：291 张量；逻辑主干、MTP/DSpark、共享副本和量化元数据分开。未读取权重值或运行模型。,hf-transformers-modeling_llama-py,LlamaMLP.__init__,https://github.com/huggingface/transformers/blob/984bc11b0882ff1e5b34ba717ea357e069ceced9/src/transformers/models/llama/modeling_llama.py#L281-L289,"y=x @ W^T；权重按[输出,输入]；专家模板另用 N_e 动态 token 数",,
r1-distill-llama-8b,DeepSeek-R1-Distill-Llama-8B,decoder-13,decoder,12,13,GQA,prefill,gqa,prefill-gqa-norm-0,向量参数：model.layers.{i}.input_layernorm.weight,parameter=[4096],parameter=[4096],激活/中间精度见固定参考函数；存储类型只由文件头证据填写,4096,本 checkpoint 全分片 header：291 张量；逻辑主干、MTP/DSpark、共享副本和量化元数据分开。未读取权重值或运行模型。,hf-transformers-modeling_llama-py,LlamaDecoderLayer.__init__,https://github.com/huggingface/transformers/blob/984bc11b0882ff1e5b34ba717ea357e069ceced9/src/transformers/models/llama/modeling_llama.py#L685-L693,参数声明；具体 norm、bias、sink 或 mix scale 计算由后续数据流说明,,
r1-distill-llama-8b,DeepSeek-R1-Distill-Llama-8B,decoder-13,decoder,12,13,GQA,prefill,gqa,prefill-gqa-norm-1,向量参数：model.layers.{i}.post_attention_layernorm.weight,parameter=[4096],parameter=[4096],激活/中间精度见固定参考函数；存储类型只由文件头证据填写,4096,本 checkpoint 全分片 header：291 张量；逻辑主干、MTP/DSpark、共享副本和量化元数据分开。未读取权重值或运行模型。,hf-transformers-modeling_llama-py,LlamaDecoderLayer.__init__,https://github.com/huggingface/transformers/blob/984bc11b0882ff1e5b34ba717ea357e069ceced9/src/transformers/models/llama/modeling_llama.py#L685-L693,参数声明；具体 norm、bias、sink 或 mix scale 计算由后续数据流说明,,
r1-distill-llama-8b,DeepSeek-R1-Distill-Llama-8B,decoder-13,decoder,12,13,GQA,prefill,gqa,prefill-gqa-gqa-scores,GQA Key/Value 广播与 attention,"Q=[B,32,L_q,128]; K_cache=[B,8,L_kv,128]; V_cache=[B,8,L_kv,128]","scores=[B,32,L_q,L_kv]; out=[B,32,L_q,128]",激活/中间精度见固定参考函数；存储类型只由文件头证据填写,0,本 checkpoint 全分片 header：291 张量；逻辑主干、MTP/DSpark、共享副本和量化元数据分开。未读取权重值或运行模型。,hf-transformers-modeling_llama-py,LlamaAttention.forward,https://github.com/huggingface/transformers/blob/984bc11b0882ff1e5b34ba717ea357e069ceced9/src/transformers/models/llama/modeling_llama.py#L364-L455,RoPE → cache.update → repeat_kv(N_head/N_KV) → QK^T/√D → mask/FP32 softmax → PV,,参考 eager 数学路径；实际 SDPA/FlashAttention、分页与设备分派另核验
r1-distill-llama-8b,DeepSeek-R1-Distill-Llama-8B,decoder-13,decoder,12,13,GQA,prefill,gqa,prefill-gqa-swiglu,Dense SwiGLU,"gate=[N_tok,14336]; up=[N_tok,14336]","act=[N_tok,14336]",激活/中间精度见固定参考函数；存储类型只由文件头证据填写,0,本 checkpoint 全分片 header：291 张量；逻辑主干、MTP/DSpark、共享副本和量化元数据分开。未读取权重值或运行模型。,hf-transformers-modeling_llama-py,LlamaMLP.forward,https://github.com/huggingface/transformers/blob/984bc11b0882ff1e5b34ba717ea357e069ceced9/src/transformers/models/llama/modeling_llama.py#L291-L311,SiLU(gate)*up → down；两次 pre-norm residual 分开,,
r1-distill-llama-8b,DeepSeek-R1-Distill-Llama-8B,decoder-13,decoder,12,13,GQA,decode,gqa,decode-gqa-attention-0,逻辑投影：model.layers.{i}.self_attn.q_proj.weight,"x=[B,L_q,4096]; W=[4096,4096]","y=[B,L_q,4096]",激活/中间精度见固定参考函数；存储类型只由文件头证据填写,16777216,本 checkpoint 全分片 header：291 张量；逻辑主干、MTP/DSpark、共享副本和量化元数据分开。未读取权重值或运行模型。,hf-transformers-modeling_llama-py,LlamaAttention.__init__,https://github.com/huggingface/transformers/blob/984bc11b0882ff1e5b34ba717ea357e069ceced9/src/transformers/models/llama/modeling_llama.py#L329-L362,"y=x @ W^T；权重按[输出,输入]；专家模板另用 N_e 动态 token 数",,
r1-distill-llama-8b,DeepSeek-R1-Distill-Llama-8B,decoder-13,decoder,12,13,GQA,decode,gqa,decode-gqa-attention-1,逻辑投影：model.layers.{i}.self_attn.k_proj.weight,"x=[B,L_q,4096]; W=[1024,4096]","y=[B,L_q,1024]",激活/中间精度见固定参考函数；存储类型只由文件头证据填写,4194304,本 checkpoint 全分片 header：291 张量；逻辑主干、MTP/DSpark、共享副本和量化元数据分开。未读取权重值或运行模型。,hf-transformers-modeling_llama-py,LlamaAttention.__init__,https://github.com/huggingface/transformers/blob/984bc11b0882ff1e5b34ba717ea357e069ceced9/src/transformers/models/llama/modeling_llama.py#L329-L362,"y=x @ W^T；权重按[输出,输入]；专家模板另用 N_e 动态 token 数",,
r1-distill-llama-8b,DeepSeek-R1-Distill-Llama-8B,decoder-13,decoder,12,13,GQA,decode,gqa,decode-gqa-attention-2,逻辑投影：model.layers.{i}.self_attn.v_proj.weight,"x=[B,L_q,4096]; W=[1024,4096]","y=[B,L_q,1024]",激活/中间精度见固定参考函数；存储类型只由文件头证据填写,4194304,本 checkpoint 全分片 header：291 张量；逻辑主干、MTP/DSpark、共享副本和量化元数据分开。未读取权重值或运行模型。,hf-transformers-modeling_llama-py,LlamaAttention.__init__,https://github.com/huggingface/transformers/blob/984bc11b0882ff1e5b34ba717ea357e069ceced9/src/transformers/models/llama/modeling_llama.py#L329-L362,"y=x @ W^T；权重按[输出,输入]；专家模板另用 N_e 动态 token 数",,
r1-distill-llama-8b,DeepSeek-R1-Distill-Llama-8B,decoder-13,decoder,12,13,GQA,decode,gqa,decode-gqa-attention-3,逻辑投影：model.layers.{i}.self_attn.o_proj.weight,"x=[B,L_q,4096]; W=[4096,4096]","y=[B,L_q,4096]",激活/中间精度见固定参考函数；存储类型只由文件头证据填写,16777216,本 checkpoint 全分片 header：291 张量；逻辑主干、MTP/DSpark、共享副本和量化元数据分开。未读取权重值或运行模型。,hf-transformers-modeling_llama-py,LlamaAttention.__init__,https://github.com/huggingface/transformers/blob/984bc11b0882ff1e5b34ba717ea357e069ceced9/src/transformers/models/llama/modeling_llama.py#L329-L362,"y=x @ W^T；权重按[输出,输入]；专家模板另用 N_e 动态 token 数",,
r1-distill-llama-8b,DeepSeek-R1-Distill-Llama-8B,decoder-13,decoder,12,13,GQA,decode,gqa,decode-gqa-ffn-0,逻辑投影：model.layers.{i}.mlp.gate_proj.weight,"x=[B,L_q,4096]; W=[14336,4096]","y=[B,L_q,14336]",激活/中间精度见固定参考函数；存储类型只由文件头证据填写,58720256,本 checkpoint 全分片 header：291 张量；逻辑主干、MTP/DSpark、共享副本和量化元数据分开。未读取权重值或运行模型。,hf-transformers-modeling_llama-py,LlamaMLP.__init__,https://github.com/huggingface/transformers/blob/984bc11b0882ff1e5b34ba717ea357e069ceced9/src/transformers/models/llama/modeling_llama.py#L281-L289,"y=x @ W^T；权重按[输出,输入]；专家模板另用 N_e 动态 token 数",,
r1-distill-llama-8b,DeepSeek-R1-Distill-Llama-8B,decoder-13,decoder,12,13,GQA,decode,gqa,decode-gqa-ffn-1,逻辑投影：model.layers.{i}.mlp.up_proj.weight,"x=[B,L_q,4096]; W=[14336,4096]","y=[B,L_q,14336]",激活/中间精度见固定参考函数；存储类型只由文件头证据填写,58720256,本 checkpoint 全分片 header：291 张量；逻辑主干、MTP/DSpark、共享副本和量化元数据分开。未读取权重值或运行模型。,hf-transformers-modeling_llama-py,LlamaMLP.__init__,https://github.com/huggingface/transformers/blob/984bc11b0882ff1e5b34ba717ea357e069ceced9/src/transformers/models/llama/modeling_llama.py#L281-L289,"y=x @ W^T；权重按[输出,输入]；专家模板另用 N_e 动态 token 数",,
r1-distill-llama-8b,DeepSeek-R1-Distill-Llama-8B,decoder-13,decoder,12,13,GQA,decode,gqa,decode-gqa-ffn-2,逻辑投影：model.layers.{i}.mlp.down_proj.weight,"x=[B,L_q,14336]; W=[4096,14336]","y=[B,L_q,4096]",激活/中间精度见固定参考函数；存储类型只由文件头证据填写,58720256,本 checkpoint 全分片 header：291 张量；逻辑主干、MTP/DSpark、共享副本和量化元数据分开。未读取权重值或运行模型。,hf-transformers-modeling_llama-py,LlamaMLP.__init__,https://github.com/huggingface/transformers/blob/984bc11b0882ff1e5b34ba717ea357e069ceced9/src/transformers/models/llama/modeling_llama.py#L281-L289,"y=x @ W^T；权重按[输出,输入]；专家模板另用 N_e 动态 token 数",,
r1-distill-llama-8b,DeepSeek-R1-Distill-Llama-8B,decoder-13,decoder,12,13,GQA,decode,gqa,decode-gqa-norm-0,向量参数：model.layers.{i}.input_layernorm.weight,parameter=[4096],parameter=[4096],激活/中间精度见固定参考函数；存储类型只由文件头证据填写,4096,本 checkpoint 全分片 header：291 张量；逻辑主干、MTP/DSpark、共享副本和量化元数据分开。未读取权重值或运行模型。,hf-transformers-modeling_llama-py,LlamaDecoderLayer.__init__,https://github.com/huggingface/transformers/blob/984bc11b0882ff1e5b34ba717ea357e069ceced9/src/transformers/models/llama/modeling_llama.py#L685-L693,参数声明；具体 norm、bias、sink 或 mix scale 计算由后续数据流说明,,
r1-distill-llama-8b,DeepSeek-R1-Distill-Llama-8B,decoder-13,decoder,12,13,GQA,decode,gqa,decode-gqa-norm-1,向量参数：model.layers.{i}.post_attention_layernorm.weight,parameter=[4096],parameter=[4096],激活/中间精度见固定参考函数；存储类型只由文件头证据填写,4096,本 checkpoint 全分片 header：291 张量；逻辑主干、MTP/DSpark、共享副本和量化元数据分开。未读取权重值或运行模型。,hf-transformers-modeling_llama-py,LlamaDecoderLayer.__init__,https://github.com/huggingface/transformers/blob/984bc11b0882ff1e5b34ba717ea357e069ceced9/src/transformers/models/llama/modeling_llama.py#L685-L693,参数声明；具体 norm、bias、sink 或 mix scale 计算由后续数据流说明,,
r1-distill-llama-8b,DeepSeek-R1-Distill-Llama-8B,decoder-13,decoder,12,13,GQA,decode,gqa,decode-gqa-gqa-scores,GQA Key/Value 广播与 attention,"Q=[B,32,L_q,128]; K_cache=[B,8,L_kv,128]; V_cache=[B,8,L_kv,128]","scores=[B,32,L_q,L_kv]; out=[B,32,L_q,128]",激活/中间精度见固定参考函数；存储类型只由文件头证据填写,0,本 checkpoint 全分片 header：291 张量；逻辑主干、MTP/DSpark、共享副本和量化元数据分开。未读取权重值或运行模型。,hf-transformers-modeling_llama-py,LlamaAttention.forward,https://github.com/huggingface/transformers/blob/984bc11b0882ff1e5b34ba717ea357e069ceced9/src/transformers/models/llama/modeling_llama.py#L364-L455,RoPE → cache.update → repeat_kv(N_head/N_KV) → QK^T/√D → mask/FP32 softmax → PV,,参考 eager 数学路径；实际 SDPA/FlashAttention、分页与设备分派另核验
r1-distill-llama-8b,DeepSeek-R1-Distill-Llama-8B,decoder-13,decoder,12,13,GQA,decode,gqa,decode-gqa-swiglu,Dense SwiGLU,"gate=[N_tok,14336]; up=[N_tok,14336]","act=[N_tok,14336]",激活/中间精度见固定参考函数；存储类型只由文件头证据填写,0,本 checkpoint 全分片 header：291 张量；逻辑主干、MTP/DSpark、共享副本和量化元数据分开。未读取权重值或运行模型。,hf-transformers-modeling_llama-py,LlamaMLP.forward,https://github.com/huggingface/transformers/blob/984bc11b0882ff1e5b34ba717ea357e069ceced9/src/transformers/models/llama/modeling_llama.py#L291-L311,SiLU(gate)*up → down；两次 pre-norm residual 分开,,
r1-distill-llama-8b,DeepSeek-R1-Distill-Llama-8B,decoder-14,decoder,13,14,GQA,prefill,gqa,prefill-gqa-attention-0,逻辑投影：model.layers.{i}.self_attn.q_proj.weight,"x=[B,L_q,4096]; W=[4096,4096]","y=[B,L_q,4096]",激活/中间精度见固定参考函数；存储类型只由文件头证据填写,16777216,本 checkpoint 全分片 header：291 张量；逻辑主干、MTP/DSpark、共享副本和量化元数据分开。未读取权重值或运行模型。,hf-transformers-modeling_llama-py,LlamaAttention.__init__,https://github.com/huggingface/transformers/blob/984bc11b0882ff1e5b34ba717ea357e069ceced9/src/transformers/models/llama/modeling_llama.py#L329-L362,"y=x @ W^T；权重按[输出,输入]；专家模板另用 N_e 动态 token 数",,
r1-distill-llama-8b,DeepSeek-R1-Distill-Llama-8B,decoder-14,decoder,13,14,GQA,prefill,gqa,prefill-gqa-attention-1,逻辑投影：model.layers.{i}.self_attn.k_proj.weight,"x=[B,L_q,4096]; W=[1024,4096]","y=[B,L_q,1024]",激活/中间精度见固定参考函数；存储类型只由文件头证据填写,4194304,本 checkpoint 全分片 header：291 张量；逻辑主干、MTP/DSpark、共享副本和量化元数据分开。未读取权重值或运行模型。,hf-transformers-modeling_llama-py,LlamaAttention.__init__,https://github.com/huggingface/transformers/blob/984bc11b0882ff1e5b34ba717ea357e069ceced9/src/transformers/models/llama/modeling_llama.py#L329-L362,"y=x @ W^T；权重按[输出,输入]；专家模板另用 N_e 动态 token 数",,
r1-distill-llama-8b,DeepSeek-R1-Distill-Llama-8B,decoder-14,decoder,13,14,GQA,prefill,gqa,prefill-gqa-attention-2,逻辑投影：model.layers.{i}.self_attn.v_proj.weight,"x=[B,L_q,4096]; W=[1024,4096]","y=[B,L_q,1024]",激活/中间精度见固定参考函数；存储类型只由文件头证据填写,4194304,本 checkpoint 全分片 header：291 张量；逻辑主干、MTP/DSpark、共享副本和量化元数据分开。未读取权重值或运行模型。,hf-transformers-modeling_llama-py,LlamaAttention.__init__,https://github.com/huggingface/transformers/blob/984bc11b0882ff1e5b34ba717ea357e069ceced9/src/transformers/models/llama/modeling_llama.py#L329-L362,"y=x @ W^T；权重按[输出,输入]；专家模板另用 N_e 动态 token 数",,
r1-distill-llama-8b,DeepSeek-R1-Distill-Llama-8B,decoder-14,decoder,13,14,GQA,prefill,gqa,prefill-gqa-attention-3,逻辑投影：model.layers.{i}.self_attn.o_proj.weight,"x=[B,L_q,4096]; W=[4096,4096]","y=[B,L_q,4096]",激活/中间精度见固定参考函数；存储类型只由文件头证据填写,16777216,本 checkpoint 全分片 header：291 张量；逻辑主干、MTP/DSpark、共享副本和量化元数据分开。未读取权重值或运行模型。,hf-transformers-modeling_llama-py,LlamaAttention.__init__,https://github.com/huggingface/transformers/blob/984bc11b0882ff1e5b34ba717ea357e069ceced9/src/transformers/models/llama/modeling_llama.py#L329-L362,"y=x @ W^T；权重按[输出,输入]；专家模板另用 N_e 动态 token 数",,
r1-distill-llama-8b,DeepSeek-R1-Distill-Llama-8B,decoder-14,decoder,13,14,GQA,prefill,gqa,prefill-gqa-ffn-0,逻辑投影：model.layers.{i}.mlp.gate_proj.weight,"x=[B,L_q,4096]; W=[14336,4096]","y=[B,L_q,14336]",激活/中间精度见固定参考函数；存储类型只由文件头证据填写,58720256,本 checkpoint 全分片 header：291 张量；逻辑主干、MTP/DSpark、共享副本和量化元数据分开。未读取权重值或运行模型。,hf-transformers-modeling_llama-py,LlamaMLP.__init__,https://github.com/huggingface/transformers/blob/984bc11b0882ff1e5b34ba717ea357e069ceced9/src/transformers/models/llama/modeling_llama.py#L281-L289,"y=x @ W^T；权重按[输出,输入]；专家模板另用 N_e 动态 token 数",,
r1-distill-llama-8b,DeepSeek-R1-Distill-Llama-8B,decoder-14,decoder,13,14,GQA,prefill,gqa,prefill-gqa-ffn-1,逻辑投影：model.layers.{i}.mlp.up_proj.weight,"x=[B,L_q,4096]; W=[14336,4096]","y=[B,L_q,14336]",激活/中间精度见固定参考函数；存储类型只由文件头证据填写,58720256,本 checkpoint 全分片 header：291 张量；逻辑主干、MTP/DSpark、共享副本和量化元数据分开。未读取权重值或运行模型。,hf-transformers-modeling_llama-py,LlamaMLP.__init__,https://github.com/huggingface/transformers/blob/984bc11b0882ff1e5b34ba717ea357e069ceced9/src/transformers/models/llama/modeling_llama.py#L281-L289,"y=x @ W^T；权重按[输出,输入]；专家模板另用 N_e 动态 token 数",,
r1-distill-llama-8b,DeepSeek-R1-Distill-Llama-8B,decoder-14,decoder,13,14,GQA,prefill,gqa,prefill-gqa-ffn-2,逻辑投影：model.layers.{i}.mlp.down_proj.weight,"x=[B,L_q,14336]; W=[4096,14336]","y=[B,L_q,4096]",激活/中间精度见固定参考函数；存储类型只由文件头证据填写,58720256,本 checkpoint 全分片 header：291 张量；逻辑主干、MTP/DSpark、共享副本和量化元数据分开。未读取权重值或运行模型。,hf-transformers-modeling_llama-py,LlamaMLP.__init__,https://github.com/huggingface/transformers/blob/984bc11b0882ff1e5b34ba717ea357e069ceced9/src/transformers/models/llama/modeling_llama.py#L281-L289,"y=x @ W^T；权重按[输出,输入]；专家模板另用 N_e 动态 token 数",,
r1-distill-llama-8b,DeepSeek-R1-Distill-Llama-8B,decoder-14,decoder,13,14,GQA,prefill,gqa,prefill-gqa-norm-0,向量参数：model.layers.{i}.input_layernorm.weight,parameter=[4096],parameter=[4096],激活/中间精度见固定参考函数；存储类型只由文件头证据填写,4096,本 checkpoint 全分片 header：291 张量；逻辑主干、MTP/DSpark、共享副本和量化元数据分开。未读取权重值或运行模型。,hf-transformers-modeling_llama-py,LlamaDecoderLayer.__init__,https://github.com/huggingface/transformers/blob/984bc11b0882ff1e5b34ba717ea357e069ceced9/src/transformers/models/llama/modeling_llama.py#L685-L693,参数声明；具体 norm、bias、sink 或 mix scale 计算由后续数据流说明,,
r1-distill-llama-8b,DeepSeek-R1-Distill-Llama-8B,decoder-14,decoder,13,14,GQA,prefill,gqa,prefill-gqa-norm-1,向量参数：model.layers.{i}.post_attention_layernorm.weight,parameter=[4096],parameter=[4096],激活/中间精度见固定参考函数；存储类型只由文件头证据填写,4096,本 checkpoint 全分片 header：291 张量；逻辑主干、MTP/DSpark、共享副本和量化元数据分开。未读取权重值或运行模型。,hf-transformers-modeling_llama-py,LlamaDecoderLayer.__init__,https://github.com/huggingface/transformers/blob/984bc11b0882ff1e5b34ba717ea357e069ceced9/src/transformers/models/llama/modeling_llama.py#L685-L693,参数声明；具体 norm、bias、sink 或 mix scale 计算由后续数据流说明,,
r1-distill-llama-8b,DeepSeek-R1-Distill-Llama-8B,decoder-14,decoder,13,14,GQA,prefill,gqa,prefill-gqa-gqa-scores,GQA Key/Value 广播与 attention,"Q=[B,32,L_q,128]; K_cache=[B,8,L_kv,128]; V_cache=[B,8,L_kv,128]","scores=[B,32,L_q,L_kv]; out=[B,32,L_q,128]",激活/中间精度见固定参考函数；存储类型只由文件头证据填写,0,本 checkpoint 全分片 header：291 张量；逻辑主干、MTP/DSpark、共享副本和量化元数据分开。未读取权重值或运行模型。,hf-transformers-modeling_llama-py,LlamaAttention.forward,https://github.com/huggingface/transformers/blob/984bc11b0882ff1e5b34ba717ea357e069ceced9/src/transformers/models/llama/modeling_llama.py#L364-L455,RoPE → cache.update → repeat_kv(N_head/N_KV) → QK^T/√D → mask/FP32 softmax → PV,,参考 eager 数学路径；实际 SDPA/FlashAttention、分页与设备分派另核验
r1-distill-llama-8b,DeepSeek-R1-Distill-Llama-8B,decoder-14,decoder,13,14,GQA,prefill,gqa,prefill-gqa-swiglu,Dense SwiGLU,"gate=[N_tok,14336]; up=[N_tok,14336]","act=[N_tok,14336]",激活/中间精度见固定参考函数；存储类型只由文件头证据填写,0,本 checkpoint 全分片 header：291 张量；逻辑主干、MTP/DSpark、共享副本和量化元数据分开。未读取权重值或运行模型。,hf-transformers-modeling_llama-py,LlamaMLP.forward,https://github.com/huggingface/transformers/blob/984bc11b0882ff1e5b34ba717ea357e069ceced9/src/transformers/models/llama/modeling_llama.py#L291-L311,SiLU(gate)*up → down；两次 pre-norm residual 分开,,
r1-distill-llama-8b,DeepSeek-R1-Distill-Llama-8B,decoder-14,decoder,13,14,GQA,decode,gqa,decode-gqa-attention-0,逻辑投影：model.layers.{i}.self_attn.q_proj.weight,"x=[B,L_q,4096]; W=[4096,4096]","y=[B,L_q,4096]",激活/中间精度见固定参考函数；存储类型只由文件头证据填写,16777216,本 checkpoint 全分片 header：291 张量；逻辑主干、MTP/DSpark、共享副本和量化元数据分开。未读取权重值或运行模型。,hf-transformers-modeling_llama-py,LlamaAttention.__init__,https://github.com/huggingface/transformers/blob/984bc11b0882ff1e5b34ba717ea357e069ceced9/src/transformers/models/llama/modeling_llama.py#L329-L362,"y=x @ W^T；权重按[输出,输入]；专家模板另用 N_e 动态 token 数",,
r1-distill-llama-8b,DeepSeek-R1-Distill-Llama-8B,decoder-14,decoder,13,14,GQA,decode,gqa,decode-gqa-attention-1,逻辑投影：model.layers.{i}.self_attn.k_proj.weight,"x=[B,L_q,4096]; W=[1024,4096]","y=[B,L_q,1024]",激活/中间精度见固定参考函数；存储类型只由文件头证据填写,4194304,本 checkpoint 全分片 header：291 张量；逻辑主干、MTP/DSpark、共享副本和量化元数据分开。未读取权重值或运行模型。,hf-transformers-modeling_llama-py,LlamaAttention.__init__,https://github.com/huggingface/transformers/blob/984bc11b0882ff1e5b34ba717ea357e069ceced9/src/transformers/models/llama/modeling_llama.py#L329-L362,"y=x @ W^T；权重按[输出,输入]；专家模板另用 N_e 动态 token 数",,
r1-distill-llama-8b,DeepSeek-R1-Distill-Llama-8B,decoder-14,decoder,13,14,GQA,decode,gqa,decode-gqa-attention-2,逻辑投影：model.layers.{i}.self_attn.v_proj.weight,"x=[B,L_q,4096]; W=[1024,4096]","y=[B,L_q,1024]",激活/中间精度见固定参考函数；存储类型只由文件头证据填写,4194304,本 checkpoint 全分片 header：291 张量；逻辑主干、MTP/DSpark、共享副本和量化元数据分开。未读取权重值或运行模型。,hf-transformers-modeling_llama-py,LlamaAttention.__init__,https://github.com/huggingface/transformers/blob/984bc11b0882ff1e5b34ba717ea357e069ceced9/src/transformers/models/llama/modeling_llama.py#L329-L362,"y=x @ W^T；权重按[输出,输入]；专家模板另用 N_e 动态 token 数",,
r1-distill-llama-8b,DeepSeek-R1-Distill-Llama-8B,decoder-14,decoder,13,14,GQA,decode,gqa,decode-gqa-attention-3,逻辑投影：model.layers.{i}.self_attn.o_proj.weight,"x=[B,L_q,4096]; W=[4096,4096]","y=[B,L_q,4096]",激活/中间精度见固定参考函数；存储类型只由文件头证据填写,16777216,本 checkpoint 全分片 header：291 张量；逻辑主干、MTP/DSpark、共享副本和量化元数据分开。未读取权重值或运行模型。,hf-transformers-modeling_llama-py,LlamaAttention.__init__,https://github.com/huggingface/transformers/blob/984bc11b0882ff1e5b34ba717ea357e069ceced9/src/transformers/models/llama/modeling_llama.py#L329-L362,"y=x @ W^T；权重按[输出,输入]；专家模板另用 N_e 动态 token 数",,
r1-distill-llama-8b,DeepSeek-R1-Distill-Llama-8B,decoder-14,decoder,13,14,GQA,decode,gqa,decode-gqa-ffn-0,逻辑投影：model.layers.{i}.mlp.gate_proj.weight,"x=[B,L_q,4096]; W=[14336,4096]","y=[B,L_q,14336]",激活/中间精度见固定参考函数；存储类型只由文件头证据填写,58720256,本 checkpoint 全分片 header：291 张量；逻辑主干、MTP/DSpark、共享副本和量化元数据分开。未读取权重值或运行模型。,hf-transformers-modeling_llama-py,LlamaMLP.__init__,https://github.com/huggingface/transformers/blob/984bc11b0882ff1e5b34ba717ea357e069ceced9/src/transformers/models/llama/modeling_llama.py#L281-L289,"y=x @ W^T；权重按[输出,输入]；专家模板另用 N_e 动态 token 数",,
r1-distill-llama-8b,DeepSeek-R1-Distill-Llama-8B,decoder-14,decoder,13,14,GQA,decode,gqa,decode-gqa-ffn-1,逻辑投影：model.layers.{i}.mlp.up_proj.weight,"x=[B,L_q,4096]; W=[14336,4096]","y=[B,L_q,14336]",激活/中间精度见固定参考函数；存储类型只由文件头证据填写,58720256,本 checkpoint 全分片 header：291 张量；逻辑主干、MTP/DSpark、共享副本和量化元数据分开。未读取权重值或运行模型。,hf-transformers-modeling_llama-py,LlamaMLP.__init__,https://github.com/huggingface/transformers/blob/984bc11b0882ff1e5b34ba717ea357e069ceced9/src/transformers/models/llama/modeling_llama.py#L281-L289,"y=x @ W^T；权重按[输出,输入]；专家模板另用 N_e 动态 token 数",,
r1-distill-llama-8b,DeepSeek-R1-Distill-Llama-8B,decoder-14,decoder,13,14,GQA,decode,gqa,decode-gqa-ffn-2,逻辑投影：model.layers.{i}.mlp.down_proj.weight,"x=[B,L_q,14336]; W=[4096,14336]","y=[B,L_q,4096]",激活/中间精度见固定参考函数；存储类型只由文件头证据填写,58720256,本 checkpoint 全分片 header：291 张量；逻辑主干、MTP/DSpark、共享副本和量化元数据分开。未读取权重值或运行模型。,hf-transformers-modeling_llama-py,LlamaMLP.__init__,https://github.com/huggingface/transformers/blob/984bc11b0882ff1e5b34ba717ea357e069ceced9/src/transformers/models/llama/modeling_llama.py#L281-L289,"y=x @ W^T；权重按[输出,输入]；专家模板另用 N_e 动态 token 数",,
r1-distill-llama-8b,DeepSeek-R1-Distill-Llama-8B,decoder-14,decoder,13,14,GQA,decode,gqa,decode-gqa-norm-0,向量参数：model.layers.{i}.input_layernorm.weight,parameter=[4096],parameter=[4096],激活/中间精度见固定参考函数；存储类型只由文件头证据填写,4096,本 checkpoint 全分片 header：291 张量；逻辑主干、MTP/DSpark、共享副本和量化元数据分开。未读取权重值或运行模型。,hf-transformers-modeling_llama-py,LlamaDecoderLayer.__init__,https://github.com/huggingface/transformers/blob/984bc11b0882ff1e5b34ba717ea357e069ceced9/src/transformers/models/llama/modeling_llama.py#L685-L693,参数声明；具体 norm、bias、sink 或 mix scale 计算由后续数据流说明,,
r1-distill-llama-8b,DeepSeek-R1-Distill-Llama-8B,decoder-14,decoder,13,14,GQA,decode,gqa,decode-gqa-norm-1,向量参数：model.layers.{i}.post_attention_layernorm.weight,parameter=[4096],parameter=[4096],激活/中间精度见固定参考函数；存储类型只由文件头证据填写,4096,本 checkpoint 全分片 header：291 张量；逻辑主干、MTP/DSpark、共享副本和量化元数据分开。未读取权重值或运行模型。,hf-transformers-modeling_llama-py,LlamaDecoderLayer.__init__,https://github.com/huggingface/transformers/blob/984bc11b0882ff1e5b34ba717ea357e069ceced9/src/transformers/models/llama/modeling_llama.py#L685-L693,参数声明；具体 norm、bias、sink 或 mix scale 计算由后续数据流说明,,
r1-distill-llama-8b,DeepSeek-R1-Distill-Llama-8B,decoder-14,decoder,13,14,GQA,decode,gqa,decode-gqa-gqa-scores,GQA Key/Value 广播与 attention,"Q=[B,32,L_q,128]; K_cache=[B,8,L_kv,128]; V_cache=[B,8,L_kv,128]","scores=[B,32,L_q,L_kv]; out=[B,32,L_q,128]",激活/中间精度见固定参考函数；存储类型只由文件头证据填写,0,本 checkpoint 全分片 header：291 张量；逻辑主干、MTP/DSpark、共享副本和量化元数据分开。未读取权重值或运行模型。,hf-transformers-modeling_llama-py,LlamaAttention.forward,https://github.com/huggingface/transformers/blob/984bc11b0882ff1e5b34ba717ea357e069ceced9/src/transformers/models/llama/modeling_llama.py#L364-L455,RoPE → cache.update → repeat_kv(N_head/N_KV) → QK^T/√D → mask/FP32 softmax → PV,,参考 eager 数学路径；实际 SDPA/FlashAttention、分页与设备分派另核验
r1-distill-llama-8b,DeepSeek-R1-Distill-Llama-8B,decoder-14,decoder,13,14,GQA,decode,gqa,decode-gqa-swiglu,Dense SwiGLU,"gate=[N_tok,14336]; up=[N_tok,14336]","act=[N_tok,14336]",激活/中间精度见固定参考函数；存储类型只由文件头证据填写,0,本 checkpoint 全分片 header：291 张量；逻辑主干、MTP/DSpark、共享副本和量化元数据分开。未读取权重值或运行模型。,hf-transformers-modeling_llama-py,LlamaMLP.forward,https://github.com/huggingface/transformers/blob/984bc11b0882ff1e5b34ba717ea357e069ceced9/src/transformers/models/llama/modeling_llama.py#L291-L311,SiLU(gate)*up → down；两次 pre-norm residual 分开,,
r1-distill-llama-8b,DeepSeek-R1-Distill-Llama-8B,decoder-15,decoder,14,15,GQA,prefill,gqa,prefill-gqa-attention-0,逻辑投影：model.layers.{i}.self_attn.q_proj.weight,"x=[B,L_q,4096]; W=[4096,4096]","y=[B,L_q,4096]",激活/中间精度见固定参考函数；存储类型只由文件头证据填写,16777216,本 checkpoint 全分片 header：291 张量；逻辑主干、MTP/DSpark、共享副本和量化元数据分开。未读取权重值或运行模型。,hf-transformers-modeling_llama-py,LlamaAttention.__init__,https://github.com/huggingface/transformers/blob/984bc11b0882ff1e5b34ba717ea357e069ceced9/src/transformers/models/llama/modeling_llama.py#L329-L362,"y=x @ W^T；权重按[输出,输入]；专家模板另用 N_e 动态 token 数",,
r1-distill-llama-8b,DeepSeek-R1-Distill-Llama-8B,decoder-15,decoder,14,15,GQA,prefill,gqa,prefill-gqa-attention-1,逻辑投影：model.layers.{i}.self_attn.k_proj.weight,"x=[B,L_q,4096]; W=[1024,4096]","y=[B,L_q,1024]",激活/中间精度见固定参考函数；存储类型只由文件头证据填写,4194304,本 checkpoint 全分片 header：291 张量；逻辑主干、MTP/DSpark、共享副本和量化元数据分开。未读取权重值或运行模型。,hf-transformers-modeling_llama-py,LlamaAttention.__init__,https://github.com/huggingface/transformers/blob/984bc11b0882ff1e5b34ba717ea357e069ceced9/src/transformers/models/llama/modeling_llama.py#L329-L362,"y=x @ W^T；权重按[输出,输入]；专家模板另用 N_e 动态 token 数",,
r1-distill-llama-8b,DeepSeek-R1-Distill-Llama-8B,decoder-15,decoder,14,15,GQA,prefill,gqa,prefill-gqa-attention-2,逻辑投影：model.layers.{i}.self_attn.v_proj.weight,"x=[B,L_q,4096]; W=[1024,4096]","y=[B,L_q,1024]",激活/中间精度见固定参考函数；存储类型只由文件头证据填写,4194304,本 checkpoint 全分片 header：291 张量；逻辑主干、MTP/DSpark、共享副本和量化元数据分开。未读取权重值或运行模型。,hf-transformers-modeling_llama-py,LlamaAttention.__init__,https://github.com/huggingface/transformers/blob/984bc11b0882ff1e5b34ba717ea357e069ceced9/src/transformers/models/llama/modeling_llama.py#L329-L362,"y=x @ W^T；权重按[输出,输入]；专家模板另用 N_e 动态 token 数",,
r1-distill-llama-8b,DeepSeek-R1-Distill-Llama-8B,decoder-15,decoder,14,15,GQA,prefill,gqa,prefill-gqa-attention-3,逻辑投影：model.layers.{i}.self_attn.o_proj.weight,"x=[B,L_q,4096]; W=[4096,4096]","y=[B,L_q,4096]",激活/中间精度见固定参考函数；存储类型只由文件头证据填写,16777216,本 checkpoint 全分片 header：291 张量；逻辑主干、MTP/DSpark、共享副本和量化元数据分开。未读取权重值或运行模型。,hf-transformers-modeling_llama-py,LlamaAttention.__init__,https://github.com/huggingface/transformers/blob/984bc11b0882ff1e5b34ba717ea357e069ceced9/src/transformers/models/llama/modeling_llama.py#L329-L362,"y=x @ W^T；权重按[输出,输入]；专家模板另用 N_e 动态 token 数",,
r1-distill-llama-8b,DeepSeek-R1-Distill-Llama-8B,decoder-15,decoder,14,15,GQA,prefill,gqa,prefill-gqa-ffn-0,逻辑投影：model.layers.{i}.mlp.gate_proj.weight,"x=[B,L_q,4096]; W=[14336,4096]","y=[B,L_q,14336]",激活/中间精度见固定参考函数；存储类型只由文件头证据填写,58720256,本 checkpoint 全分片 header：291 张量；逻辑主干、MTP/DSpark、共享副本和量化元数据分开。未读取权重值或运行模型。,hf-transformers-modeling_llama-py,LlamaMLP.__init__,https://github.com/huggingface/transformers/blob/984bc11b0882ff1e5b34ba717ea357e069ceced9/src/transformers/models/llama/modeling_llama.py#L281-L289,"y=x @ W^T；权重按[输出,输入]；专家模板另用 N_e 动态 token 数",,
r1-distill-llama-8b,DeepSeek-R1-Distill-Llama-8B,decoder-15,decoder,14,15,GQA,prefill,gqa,prefill-gqa-ffn-1,逻辑投影：model.layers.{i}.mlp.up_proj.weight,"x=[B,L_q,4096]; W=[14336,4096]","y=[B,L_q,14336]",激活/中间精度见固定参考函数；存储类型只由文件头证据填写,58720256,本 checkpoint 全分片 header：291 张量；逻辑主干、MTP/DSpark、共享副本和量化元数据分开。未读取权重值或运行模型。,hf-transformers-modeling_llama-py,LlamaMLP.__init__,https://github.com/huggingface/transformers/blob/984bc11b0882ff1e5b34ba717ea357e069ceced9/src/transformers/models/llama/modeling_llama.py#L281-L289,"y=x @ W^T；权重按[输出,输入]；专家模板另用 N_e 动态 token 数",,
r1-distill-llama-8b,DeepSeek-R1-Distill-Llama-8B,decoder-15,decoder,14,15,GQA,prefill,gqa,prefill-gqa-ffn-2,逻辑投影：model.layers.{i}.mlp.down_proj.weight,"x=[B,L_q,14336]; W=[4096,14336]","y=[B,L_q,4096]",激活/中间精度见固定参考函数；存储类型只由文件头证据填写,58720256,本 checkpoint 全分片 header：291 张量；逻辑主干、MTP/DSpark、共享副本和量化元数据分开。未读取权重值或运行模型。,hf-transformers-modeling_llama-py,LlamaMLP.__init__,https://github.com/huggingface/transformers/blob/984bc11b0882ff1e5b34ba717ea357e069ceced9/src/transformers/models/llama/modeling_llama.py#L281-L289,"y=x @ W^T；权重按[输出,输入]；专家模板另用 N_e 动态 token 数",,
r1-distill-llama-8b,DeepSeek-R1-Distill-Llama-8B,decoder-15,decoder,14,15,GQA,prefill,gqa,prefill-gqa-norm-0,向量参数：model.layers.{i}.input_layernorm.weight,parameter=[4096],parameter=[4096],激活/中间精度见固定参考函数；存储类型只由文件头证据填写,4096,本 checkpoint 全分片 header：291 张量；逻辑主干、MTP/DSpark、共享副本和量化元数据分开。未读取权重值或运行模型。,hf-transformers-modeling_llama-py,LlamaDecoderLayer.__init__,https://github.com/huggingface/transformers/blob/984bc11b0882ff1e5b34ba717ea357e069ceced9/src/transformers/models/llama/modeling_llama.py#L685-L693,参数声明；具体 norm、bias、sink 或 mix scale 计算由后续数据流说明,,
r1-distill-llama-8b,DeepSeek-R1-Distill-Llama-8B,decoder-15,decoder,14,15,GQA,prefill,gqa,prefill-gqa-norm-1,向量参数：model.layers.{i}.post_attention_layernorm.weight,parameter=[4096],parameter=[4096],激活/中间精度见固定参考函数；存储类型只由文件头证据填写,4096,本 checkpoint 全分片 header：291 张量；逻辑主干、MTP/DSpark、共享副本和量化元数据分开。未读取权重值或运行模型。,hf-transformers-modeling_llama-py,LlamaDecoderLayer.__init__,https://github.com/huggingface/transformers/blob/984bc11b0882ff1e5b34ba717ea357e069ceced9/src/transformers/models/llama/modeling_llama.py#L685-L693,参数声明；具体 norm、bias、sink 或 mix scale 计算由后续数据流说明,,
r1-distill-llama-8b,DeepSeek-R1-Distill-Llama-8B,decoder-15,decoder,14,15,GQA,prefill,gqa,prefill-gqa-gqa-scores,GQA Key/Value 广播与 attention,"Q=[B,32,L_q,128]; K_cache=[B,8,L_kv,128]; V_cache=[B,8,L_kv,128]","scores=[B,32,L_q,L_kv]; out=[B,32,L_q,128]",激活/中间精度见固定参考函数；存储类型只由文件头证据填写,0,本 checkpoint 全分片 header：291 张量；逻辑主干、MTP/DSpark、共享副本和量化元数据分开。未读取权重值或运行模型。,hf-transformers-modeling_llama-py,LlamaAttention.forward,https://github.com/huggingface/transformers/blob/984bc11b0882ff1e5b34ba717ea357e069ceced9/src/transformers/models/llama/modeling_llama.py#L364-L455,RoPE → cache.update → repeat_kv(N_head/N_KV) → QK^T/√D → mask/FP32 softmax → PV,,参考 eager 数学路径；实际 SDPA/FlashAttention、分页与设备分派另核验
r1-distill-llama-8b,DeepSeek-R1-Distill-Llama-8B,decoder-15,decoder,14,15,GQA,prefill,gqa,prefill-gqa-swiglu,Dense SwiGLU,"gate=[N_tok,14336]; up=[N_tok,14336]","act=[N_tok,14336]",激活/中间精度见固定参考函数；存储类型只由文件头证据填写,0,本 checkpoint 全分片 header：291 张量；逻辑主干、MTP/DSpark、共享副本和量化元数据分开。未读取权重值或运行模型。,hf-transformers-modeling_llama-py,LlamaMLP.forward,https://github.com/huggingface/transformers/blob/984bc11b0882ff1e5b34ba717ea357e069ceced9/src/transformers/models/llama/modeling_llama.py#L291-L311,SiLU(gate)*up → down；两次 pre-norm residual 分开,,
r1-distill-llama-8b,DeepSeek-R1-Distill-Llama-8B,decoder-15,decoder,14,15,GQA,decode,gqa,decode-gqa-attention-0,逻辑投影：model.layers.{i}.self_attn.q_proj.weight,"x=[B,L_q,4096]; W=[4096,4096]","y=[B,L_q,4096]",激活/中间精度见固定参考函数；存储类型只由文件头证据填写,16777216,本 checkpoint 全分片 header：291 张量；逻辑主干、MTP/DSpark、共享副本和量化元数据分开。未读取权重值或运行模型。,hf-transformers-modeling_llama-py,LlamaAttention.__init__,https://github.com/huggingface/transformers/blob/984bc11b0882ff1e5b34ba717ea357e069ceced9/src/transformers/models/llama/modeling_llama.py#L329-L362,"y=x @ W^T；权重按[输出,输入]；专家模板另用 N_e 动态 token 数",,
r1-distill-llama-8b,DeepSeek-R1-Distill-Llama-8B,decoder-15,decoder,14,15,GQA,decode,gqa,decode-gqa-attention-1,逻辑投影：model.layers.{i}.self_attn.k_proj.weight,"x=[B,L_q,4096]; W=[1024,4096]","y=[B,L_q,1024]",激活/中间精度见固定参考函数；存储类型只由文件头证据填写,4194304,本 checkpoint 全分片 header：291 张量；逻辑主干、MTP/DSpark、共享副本和量化元数据分开。未读取权重值或运行模型。,hf-transformers-modeling_llama-py,LlamaAttention.__init__,https://github.com/huggingface/transformers/blob/984bc11b0882ff1e5b34ba717ea357e069ceced9/src/transformers/models/llama/modeling_llama.py#L329-L362,"y=x @ W^T；权重按[输出,输入]；专家模板另用 N_e 动态 token 数",,
r1-distill-llama-8b,DeepSeek-R1-Distill-Llama-8B,decoder-15,decoder,14,15,GQA,decode,gqa,decode-gqa-attention-2,逻辑投影：model.layers.{i}.self_attn.v_proj.weight,"x=[B,L_q,4096]; W=[1024,4096]","y=[B,L_q,1024]",激活/中间精度见固定参考函数；存储类型只由文件头证据填写,4194304,本 checkpoint 全分片 header：291 张量；逻辑主干、MTP/DSpark、共享副本和量化元数据分开。未读取权重值或运行模型。,hf-transformers-modeling_llama-py,LlamaAttention.__init__,https://github.com/huggingface/transformers/blob/984bc11b0882ff1e5b34ba717ea357e069ceced9/src/transformers/models/llama/modeling_llama.py#L329-L362,"y=x @ W^T；权重按[输出,输入]；专家模板另用 N_e 动态 token 数",,
r1-distill-llama-8b,DeepSeek-R1-Distill-Llama-8B,decoder-15,decoder,14,15,GQA,decode,gqa,decode-gqa-attention-3,逻辑投影：model.layers.{i}.self_attn.o_proj.weight,"x=[B,L_q,4096]; W=[4096,4096]","y=[B,L_q,4096]",激活/中间精度见固定参考函数；存储类型只由文件头证据填写,16777216,本 checkpoint 全分片 header：291 张量；逻辑主干、MTP/DSpark、共享副本和量化元数据分开。未读取权重值或运行模型。,hf-transformers-modeling_llama-py,LlamaAttention.__init__,https://github.com/huggingface/transformers/blob/984bc11b0882ff1e5b34ba717ea357e069ceced9/src/transformers/models/llama/modeling_llama.py#L329-L362,"y=x @ W^T；权重按[输出,输入]；专家模板另用 N_e 动态 token 数",,
r1-distill-llama-8b,DeepSeek-R1-Distill-Llama-8B,decoder-15,decoder,14,15,GQA,decode,gqa,decode-gqa-ffn-0,逻辑投影：model.layers.{i}.mlp.gate_proj.weight,"x=[B,L_q,4096]; W=[14336,4096]","y=[B,L_q,14336]",激活/中间精度见固定参考函数；存储类型只由文件头证据填写,58720256,本 checkpoint 全分片 header：291 张量；逻辑主干、MTP/DSpark、共享副本和量化元数据分开。未读取权重值或运行模型。,hf-transformers-modeling_llama-py,LlamaMLP.__init__,https://github.com/huggingface/transformers/blob/984bc11b0882ff1e5b34ba717ea357e069ceced9/src/transformers/models/llama/modeling_llama.py#L281-L289,"y=x @ W^T；权重按[输出,输入]；专家模板另用 N_e 动态 token 数",,
r1-distill-llama-8b,DeepSeek-R1-Distill-Llama-8B,decoder-15,decoder,14,15,GQA,decode,gqa,decode-gqa-ffn-1,逻辑投影：model.layers.{i}.mlp.up_proj.weight,"x=[B,L_q,4096]; W=[14336,4096]","y=[B,L_q,14336]",激活/中间精度见固定参考函数；存储类型只由文件头证据填写,58720256,本 checkpoint 全分片 header：291 张量；逻辑主干、MTP/DSpark、共享副本和量化元数据分开。未读取权重值或运行模型。,hf-transformers-modeling_llama-py,LlamaMLP.__init__,https://github.com/huggingface/transformers/blob/984bc11b0882ff1e5b34ba717ea357e069ceced9/src/transformers/models/llama/modeling_llama.py#L281-L289,"y=x @ W^T；权重按[输出,输入]；专家模板另用 N_e 动态 token 数",,
r1-distill-llama-8b,DeepSeek-R1-Distill-Llama-8B,decoder-15,decoder,14,15,GQA,decode,gqa,decode-gqa-ffn-2,逻辑投影：model.layers.{i}.mlp.down_proj.weight,"x=[B,L_q,14336]; W=[4096,14336]","y=[B,L_q,4096]",激活/中间精度见固定参考函数；存储类型只由文件头证据填写,58720256,本 checkpoint 全分片 header：291 张量；逻辑主干、MTP/DSpark、共享副本和量化元数据分开。未读取权重值或运行模型。,hf-transformers-modeling_llama-py,LlamaMLP.__init__,https://github.com/huggingface/transformers/blob/984bc11b0882ff1e5b34ba717ea357e069ceced9/src/transformers/models/llama/modeling_llama.py#L281-L289,"y=x @ W^T；权重按[输出,输入]；专家模板另用 N_e 动态 token 数",,
r1-distill-llama-8b,DeepSeek-R1-Distill-Llama-8B,decoder-15,decoder,14,15,GQA,decode,gqa,decode-gqa-norm-0,向量参数：model.layers.{i}.input_layernorm.weight,parameter=[4096],parameter=[4096],激活/中间精度见固定参考函数；存储类型只由文件头证据填写,4096,本 checkpoint 全分片 header：291 张量；逻辑主干、MTP/DSpark、共享副本和量化元数据分开。未读取权重值或运行模型。,hf-transformers-modeling_llama-py,LlamaDecoderLayer.__init__,https://github.com/huggingface/transformers/blob/984bc11b0882ff1e5b34ba717ea357e069ceced9/src/transformers/models/llama/modeling_llama.py#L685-L693,参数声明；具体 norm、bias、sink 或 mix scale 计算由后续数据流说明,,
r1-distill-llama-8b,DeepSeek-R1-Distill-Llama-8B,decoder-15,decoder,14,15,GQA,decode,gqa,decode-gqa-norm-1,向量参数：model.layers.{i}.post_attention_layernorm.weight,parameter=[4096],parameter=[4096],激活/中间精度见固定参考函数；存储类型只由文件头证据填写,4096,本 checkpoint 全分片 header：291 张量；逻辑主干、MTP/DSpark、共享副本和量化元数据分开。未读取权重值或运行模型。,hf-transformers-modeling_llama-py,LlamaDecoderLayer.__init__,https://github.com/huggingface/transformers/blob/984bc11b0882ff1e5b34ba717ea357e069ceced9/src/transformers/models/llama/modeling_llama.py#L685-L693,参数声明；具体 norm、bias、sink 或 mix scale 计算由后续数据流说明,,
r1-distill-llama-8b,DeepSeek-R1-Distill-Llama-8B,decoder-15,decoder,14,15,GQA,decode,gqa,decode-gqa-gqa-scores,GQA Key/Value 广播与 attention,"Q=[B,32,L_q,128]; K_cache=[B,8,L_kv,128]; V_cache=[B,8,L_kv,128]","scores=[B,32,L_q,L_kv]; out=[B,32,L_q,128]",激活/中间精度见固定参考函数；存储类型只由文件头证据填写,0,本 checkpoint 全分片 header：291 张量；逻辑主干、MTP/DSpark、共享副本和量化元数据分开。未读取权重值或运行模型。,hf-transformers-modeling_llama-py,LlamaAttention.forward,https://github.com/huggingface/transformers/blob/984bc11b0882ff1e5b34ba717ea357e069ceced9/src/transformers/models/llama/modeling_llama.py#L364-L455,RoPE → cache.update → repeat_kv(N_head/N_KV) → QK^T/√D → mask/FP32 softmax → PV,,参考 eager 数学路径；实际 SDPA/FlashAttention、分页与设备分派另核验
r1-distill-llama-8b,DeepSeek-R1-Distill-Llama-8B,decoder-15,decoder,14,15,GQA,decode,gqa,decode-gqa-swiglu,Dense SwiGLU,"gate=[N_tok,14336]; up=[N_tok,14336]","act=[N_tok,14336]",激活/中间精度见固定参考函数；存储类型只由文件头证据填写,0,本 checkpoint 全分片 header：291 张量；逻辑主干、MTP/DSpark、共享副本和量化元数据分开。未读取权重值或运行模型。,hf-transformers-modeling_llama-py,LlamaMLP.forward,https://github.com/huggingface/transformers/blob/984bc11b0882ff1e5b34ba717ea357e069ceced9/src/transformers/models/llama/modeling_llama.py#L291-L311,SiLU(gate)*up → down；两次 pre-norm residual 分开,,
r1-distill-llama-8b,DeepSeek-R1-Distill-Llama-8B,decoder-16,decoder,15,16,GQA,prefill,gqa,prefill-gqa-attention-0,逻辑投影：model.layers.{i}.self_attn.q_proj.weight,"x=[B,L_q,4096]; W=[4096,4096]","y=[B,L_q,4096]",激活/中间精度见固定参考函数；存储类型只由文件头证据填写,16777216,本 checkpoint 全分片 header：291 张量；逻辑主干、MTP/DSpark、共享副本和量化元数据分开。未读取权重值或运行模型。,hf-transformers-modeling_llama-py,LlamaAttention.__init__,https://github.com/huggingface/transformers/blob/984bc11b0882ff1e5b34ba717ea357e069ceced9/src/transformers/models/llama/modeling_llama.py#L329-L362,"y=x @ W^T；权重按[输出,输入]；专家模板另用 N_e 动态 token 数",,
r1-distill-llama-8b,DeepSeek-R1-Distill-Llama-8B,decoder-16,decoder,15,16,GQA,prefill,gqa,prefill-gqa-attention-1,逻辑投影：model.layers.{i}.self_attn.k_proj.weight,"x=[B,L_q,4096]; W=[1024,4096]","y=[B,L_q,1024]",激活/中间精度见固定参考函数；存储类型只由文件头证据填写,4194304,本 checkpoint 全分片 header：291 张量；逻辑主干、MTP/DSpark、共享副本和量化元数据分开。未读取权重值或运行模型。,hf-transformers-modeling_llama-py,LlamaAttention.__init__,https://github.com/huggingface/transformers/blob/984bc11b0882ff1e5b34ba717ea357e069ceced9/src/transformers/models/llama/modeling_llama.py#L329-L362,"y=x @ W^T；权重按[输出,输入]；专家模板另用 N_e 动态 token 数",,
r1-distill-llama-8b,DeepSeek-R1-Distill-Llama-8B,decoder-16,decoder,15,16,GQA,prefill,gqa,prefill-gqa-attention-2,逻辑投影：model.layers.{i}.self_attn.v_proj.weight,"x=[B,L_q,4096]; W=[1024,4096]","y=[B,L_q,1024]",激活/中间精度见固定参考函数；存储类型只由文件头证据填写,4194304,本 checkpoint 全分片 header：291 张量；逻辑主干、MTP/DSpark、共享副本和量化元数据分开。未读取权重值或运行模型。,hf-transformers-modeling_llama-py,LlamaAttention.__init__,https://github.com/huggingface/transformers/blob/984bc11b0882ff1e5b34ba717ea357e069ceced9/src/transformers/models/llama/modeling_llama.py#L329-L362,"y=x @ W^T；权重按[输出,输入]；专家模板另用 N_e 动态 token 数",,
r1-distill-llama-8b,DeepSeek-R1-Distill-Llama-8B,decoder-16,decoder,15,16,GQA,prefill,gqa,prefill-gqa-attention-3,逻辑投影：model.layers.{i}.self_attn.o_proj.weight,"x=[B,L_q,4096]; W=[4096,4096]","y=[B,L_q,4096]",激活/中间精度见固定参考函数；存储类型只由文件头证据填写,16777216,本 checkpoint 全分片 header：291 张量；逻辑主干、MTP/DSpark、共享副本和量化元数据分开。未读取权重值或运行模型。,hf-transformers-modeling_llama-py,LlamaAttention.__init__,https://github.com/huggingface/transformers/blob/984bc11b0882ff1e5b34ba717ea357e069ceced9/src/transformers/models/llama/modeling_llama.py#L329-L362,"y=x @ W^T；权重按[输出,输入]；专家模板另用 N_e 动态 token 数",,
r1-distill-llama-8b,DeepSeek-R1-Distill-Llama-8B,decoder-16,decoder,15,16,GQA,prefill,gqa,prefill-gqa-ffn-0,逻辑投影：model.layers.{i}.mlp.gate_proj.weight,"x=[B,L_q,4096]; W=[14336,4096]","y=[B,L_q,14336]",激活/中间精度见固定参考函数；存储类型只由文件头证据填写,58720256,本 checkpoint 全分片 header：291 张量；逻辑主干、MTP/DSpark、共享副本和量化元数据分开。未读取权重值或运行模型。,hf-transformers-modeling_llama-py,LlamaMLP.__init__,https://github.com/huggingface/transformers/blob/984bc11b0882ff1e5b34ba717ea357e069ceced9/src/transformers/models/llama/modeling_llama.py#L281-L289,"y=x @ W^T；权重按[输出,输入]；专家模板另用 N_e 动态 token 数",,
r1-distill-llama-8b,DeepSeek-R1-Distill-Llama-8B,decoder-16,decoder,15,16,GQA,prefill,gqa,prefill-gqa-ffn-1,逻辑投影：model.layers.{i}.mlp.up_proj.weight,"x=[B,L_q,4096]; W=[14336,4096]","y=[B,L_q,14336]",激活/中间精度见固定参考函数；存储类型只由文件头证据填写,58720256,本 checkpoint 全分片 header：291 张量；逻辑主干、MTP/DSpark、共享副本和量化元数据分开。未读取权重值或运行模型。,hf-transformers-modeling_llama-py,LlamaMLP.__init__,https://github.com/huggingface/transformers/blob/984bc11b0882ff1e5b34ba717ea357e069ceced9/src/transformers/models/llama/modeling_llama.py#L281-L289,"y=x @ W^T；权重按[输出,输入]；专家模板另用 N_e 动态 token 数",,
r1-distill-llama-8b,DeepSeek-R1-Distill-Llama-8B,decoder-16,decoder,15,16,GQA,prefill,gqa,prefill-gqa-ffn-2,逻辑投影：model.layers.{i}.mlp.down_proj.weight,"x=[B,L_q,14336]; W=[4096,14336]","y=[B,L_q,4096]",激活/中间精度见固定参考函数；存储类型只由文件头证据填写,58720256,本 checkpoint 全分片 header：291 张量；逻辑主干、MTP/DSpark、共享副本和量化元数据分开。未读取权重值或运行模型。,hf-transformers-modeling_llama-py,LlamaMLP.__init__,https://github.com/huggingface/transformers/blob/984bc11b0882ff1e5b34ba717ea357e069ceced9/src/transformers/models/llama/modeling_llama.py#L281-L289,"y=x @ W^T；权重按[输出,输入]；专家模板另用 N_e 动态 token 数",,
r1-distill-llama-8b,DeepSeek-R1-Distill-Llama-8B,decoder-16,decoder,15,16,GQA,prefill,gqa,prefill-gqa-norm-0,向量参数：model.layers.{i}.input_layernorm.weight,parameter=[4096],parameter=[4096],激活/中间精度见固定参考函数；存储类型只由文件头证据填写,4096,本 checkpoint 全分片 header：291 张量；逻辑主干、MTP/DSpark、共享副本和量化元数据分开。未读取权重值或运行模型。,hf-transformers-modeling_llama-py,LlamaDecoderLayer.__init__,https://github.com/huggingface/transformers/blob/984bc11b0882ff1e5b34ba717ea357e069ceced9/src/transformers/models/llama/modeling_llama.py#L685-L693,参数声明；具体 norm、bias、sink 或 mix scale 计算由后续数据流说明,,
r1-distill-llama-8b,DeepSeek-R1-Distill-Llama-8B,decoder-16,decoder,15,16,GQA,prefill,gqa,prefill-gqa-norm-1,向量参数：model.layers.{i}.post_attention_layernorm.weight,parameter=[4096],parameter=[4096],激活/中间精度见固定参考函数；存储类型只由文件头证据填写,4096,本 checkpoint 全分片 header：291 张量；逻辑主干、MTP/DSpark、共享副本和量化元数据分开。未读取权重值或运行模型。,hf-transformers-modeling_llama-py,LlamaDecoderLayer.__init__,https://github.com/huggingface/transformers/blob/984bc11b0882ff1e5b34ba717ea357e069ceced9/src/transformers/models/llama/modeling_llama.py#L685-L693,参数声明；具体 norm、bias、sink 或 mix scale 计算由后续数据流说明,,
r1-distill-llama-8b,DeepSeek-R1-Distill-Llama-8B,decoder-16,decoder,15,16,GQA,prefill,gqa,prefill-gqa-gqa-scores,GQA Key/Value 广播与 attention,"Q=[B,32,L_q,128]; K_cache=[B,8,L_kv,128]; V_cache=[B,8,L_kv,128]","scores=[B,32,L_q,L_kv]; out=[B,32,L_q,128]",激活/中间精度见固定参考函数；存储类型只由文件头证据填写,0,本 checkpoint 全分片 header：291 张量；逻辑主干、MTP/DSpark、共享副本和量化元数据分开。未读取权重值或运行模型。,hf-transformers-modeling_llama-py,LlamaAttention.forward,https://github.com/huggingface/transformers/blob/984bc11b0882ff1e5b34ba717ea357e069ceced9/src/transformers/models/llama/modeling_llama.py#L364-L455,RoPE → cache.update → repeat_kv(N_head/N_KV) → QK^T/√D → mask/FP32 softmax → PV,,参考 eager 数学路径；实际 SDPA/FlashAttention、分页与设备分派另核验
r1-distill-llama-8b,DeepSeek-R1-Distill-Llama-8B,decoder-16,decoder,15,16,GQA,prefill,gqa,prefill-gqa-swiglu,Dense SwiGLU,"gate=[N_tok,14336]; up=[N_tok,14336]","act=[N_tok,14336]",激活/中间精度见固定参考函数；存储类型只由文件头证据填写,0,本 checkpoint 全分片 header：291 张量；逻辑主干、MTP/DSpark、共享副本和量化元数据分开。未读取权重值或运行模型。,hf-transformers-modeling_llama-py,LlamaMLP.forward,https://github.com/huggingface/transformers/blob/984bc11b0882ff1e5b34ba717ea357e069ceced9/src/transformers/models/llama/modeling_llama.py#L291-L311,SiLU(gate)*up → down；两次 pre-norm residual 分开,,
r1-distill-llama-8b,DeepSeek-R1-Distill-Llama-8B,decoder-16,decoder,15,16,GQA,decode,gqa,decode-gqa-attention-0,逻辑投影：model.layers.{i}.self_attn.q_proj.weight,"x=[B,L_q,4096]; W=[4096,4096]","y=[B,L_q,4096]",激活/中间精度见固定参考函数；存储类型只由文件头证据填写,16777216,本 checkpoint 全分片 header：291 张量；逻辑主干、MTP/DSpark、共享副本和量化元数据分开。未读取权重值或运行模型。,hf-transformers-modeling_llama-py,LlamaAttention.__init__,https://github.com/huggingface/transformers/blob/984bc11b0882ff1e5b34ba717ea357e069ceced9/src/transformers/models/llama/modeling_llama.py#L329-L362,"y=x @ W^T；权重按[输出,输入]；专家模板另用 N_e 动态 token 数",,
r1-distill-llama-8b,DeepSeek-R1-Distill-Llama-8B,decoder-16,decoder,15,16,GQA,decode,gqa,decode-gqa-attention-1,逻辑投影：model.layers.{i}.self_attn.k_proj.weight,"x=[B,L_q,4096]; W=[1024,4096]","y=[B,L_q,1024]",激活/中间精度见固定参考函数；存储类型只由文件头证据填写,4194304,本 checkpoint 全分片 header：291 张量；逻辑主干、MTP/DSpark、共享副本和量化元数据分开。未读取权重值或运行模型。,hf-transformers-modeling_llama-py,LlamaAttention.__init__,https://github.com/huggingface/transformers/blob/984bc11b0882ff1e5b34ba717ea357e069ceced9/src/transformers/models/llama/modeling_llama.py#L329-L362,"y=x @ W^T；权重按[输出,输入]；专家模板另用 N_e 动态 token 数",,
r1-distill-llama-8b,DeepSeek-R1-Distill-Llama-8B,decoder-16,decoder,15,16,GQA,decode,gqa,decode-gqa-attention-2,逻辑投影：model.layers.{i}.self_attn.v_proj.weight,"x=[B,L_q,4096]; W=[1024,4096]","y=[B,L_q,1024]",激活/中间精度见固定参考函数；存储类型只由文件头证据填写,4194304,本 checkpoint 全分片 header：291 张量；逻辑主干、MTP/DSpark、共享副本和量化元数据分开。未读取权重值或运行模型。,hf-transformers-modeling_llama-py,LlamaAttention.__init__,https://github.com/huggingface/transformers/blob/984bc11b0882ff1e5b34ba717ea357e069ceced9/src/transformers/models/llama/modeling_llama.py#L329-L362,"y=x @ W^T；权重按[输出,输入]；专家模板另用 N_e 动态 token 数",,
r1-distill-llama-8b,DeepSeek-R1-Distill-Llama-8B,decoder-16,decoder,15,16,GQA,decode,gqa,decode-gqa-attention-3,逻辑投影：model.layers.{i}.self_attn.o_proj.weight,"x=[B,L_q,4096]; W=[4096,4096]","y=[B,L_q,4096]",激活/中间精度见固定参考函数；存储类型只由文件头证据填写,16777216,本 checkpoint 全分片 header：291 张量；逻辑主干、MTP/DSpark、共享副本和量化元数据分开。未读取权重值或运行模型。,hf-transformers-modeling_llama-py,LlamaAttention.__init__,https://github.com/huggingface/transformers/blob/984bc11b0882ff1e5b34ba717ea357e069ceced9/src/transformers/models/llama/modeling_llama.py#L329-L362,"y=x @ W^T；权重按[输出,输入]；专家模板另用 N_e 动态 token 数",,
r1-distill-llama-8b,DeepSeek-R1-Distill-Llama-8B,decoder-16,decoder,15,16,GQA,decode,gqa,decode-gqa-ffn-0,逻辑投影：model.layers.{i}.mlp.gate_proj.weight,"x=[B,L_q,4096]; W=[14336,4096]","y=[B,L_q,14336]",激活/中间精度见固定参考函数；存储类型只由文件头证据填写,58720256,本 checkpoint 全分片 header：291 张量；逻辑主干、MTP/DSpark、共享副本和量化元数据分开。未读取权重值或运行模型。,hf-transformers-modeling_llama-py,LlamaMLP.__init__,https://github.com/huggingface/transformers/blob/984bc11b0882ff1e5b34ba717ea357e069ceced9/src/transformers/models/llama/modeling_llama.py#L281-L289,"y=x @ W^T；权重按[输出,输入]；专家模板另用 N_e 动态 token 数",,
r1-distill-llama-8b,DeepSeek-R1-Distill-Llama-8B,decoder-16,decoder,15,16,GQA,decode,gqa,decode-gqa-ffn-1,逻辑投影：model.layers.{i}.mlp.up_proj.weight,"x=[B,L_q,4096]; W=[14336,4096]","y=[B,L_q,14336]",激活/中间精度见固定参考函数；存储类型只由文件头证据填写,58720256,本 checkpoint 全分片 header：291 张量；逻辑主干、MTP/DSpark、共享副本和量化元数据分开。未读取权重值或运行模型。,hf-transformers-modeling_llama-py,LlamaMLP.__init__,https://github.com/huggingface/transformers/blob/984bc11b0882ff1e5b34ba717ea357e069ceced9/src/transformers/models/llama/modeling_llama.py#L281-L289,"y=x @ W^T；权重按[输出,输入]；专家模板另用 N_e 动态 token 数",,
r1-distill-llama-8b,DeepSeek-R1-Distill-Llama-8B,decoder-16,decoder,15,16,GQA,decode,gqa,decode-gqa-ffn-2,逻辑投影：model.layers.{i}.mlp.down_proj.weight,"x=[B,L_q,14336]; W=[4096,14336]","y=[B,L_q,4096]",激活/中间精度见固定参考函数；存储类型只由文件头证据填写,58720256,本 checkpoint 全分片 header：291 张量；逻辑主干、MTP/DSpark、共享副本和量化元数据分开。未读取权重值或运行模型。,hf-transformers-modeling_llama-py,LlamaMLP.__init__,https://github.com/huggingface/transformers/blob/984bc11b0882ff1e5b34ba717ea357e069ceced9/src/transformers/models/llama/modeling_llama.py#L281-L289,"y=x @ W^T；权重按[输出,输入]；专家模板另用 N_e 动态 token 数",,
r1-distill-llama-8b,DeepSeek-R1-Distill-Llama-8B,decoder-16,decoder,15,16,GQA,decode,gqa,decode-gqa-norm-0,向量参数：model.layers.{i}.input_layernorm.weight,parameter=[4096],parameter=[4096],激活/中间精度见固定参考函数；存储类型只由文件头证据填写,4096,本 checkpoint 全分片 header：291 张量；逻辑主干、MTP/DSpark、共享副本和量化元数据分开。未读取权重值或运行模型。,hf-transformers-modeling_llama-py,LlamaDecoderLayer.__init__,https://github.com/huggingface/transformers/blob/984bc11b0882ff1e5b34ba717ea357e069ceced9/src/transformers/models/llama/modeling_llama.py#L685-L693,参数声明；具体 norm、bias、sink 或 mix scale 计算由后续数据流说明,,
r1-distill-llama-8b,DeepSeek-R1-Distill-Llama-8B,decoder-16,decoder,15,16,GQA,decode,gqa,decode-gqa-norm-1,向量参数：model.layers.{i}.post_attention_layernorm.weight,parameter=[4096],parameter=[4096],激活/中间精度见固定参考函数；存储类型只由文件头证据填写,4096,本 checkpoint 全分片 header：291 张量；逻辑主干、MTP/DSpark、共享副本和量化元数据分开。未读取权重值或运行模型。,hf-transformers-modeling_llama-py,LlamaDecoderLayer.__init__,https://github.com/huggingface/transformers/blob/984bc11b0882ff1e5b34ba717ea357e069ceced9/src/transformers/models/llama/modeling_llama.py#L685-L693,参数声明；具体 norm、bias、sink 或 mix scale 计算由后续数据流说明,,
r1-distill-llama-8b,DeepSeek-R1-Distill-Llama-8B,decoder-16,decoder,15,16,GQA,decode,gqa,decode-gqa-gqa-scores,GQA Key/Value 广播与 attention,"Q=[B,32,L_q,128]; K_cache=[B,8,L_kv,128]; V_cache=[B,8,L_kv,128]","scores=[B,32,L_q,L_kv]; out=[B,32,L_q,128]",激活/中间精度见固定参考函数；存储类型只由文件头证据填写,0,本 checkpoint 全分片 header：291 张量；逻辑主干、MTP/DSpark、共享副本和量化元数据分开。未读取权重值或运行模型。,hf-transformers-modeling_llama-py,LlamaAttention.forward,https://github.com/huggingface/transformers/blob/984bc11b0882ff1e5b34ba717ea357e069ceced9/src/transformers/models/llama/modeling_llama.py#L364-L455,RoPE → cache.update → repeat_kv(N_head/N_KV) → QK^T/√D → mask/FP32 softmax → PV,,参考 eager 数学路径；实际 SDPA/FlashAttention、分页与设备分派另核验
r1-distill-llama-8b,DeepSeek-R1-Distill-Llama-8B,decoder-16,decoder,15,16,GQA,decode,gqa,decode-gqa-swiglu,Dense SwiGLU,"gate=[N_tok,14336]; up=[N_tok,14336]","act=[N_tok,14336]",激活/中间精度见固定参考函数；存储类型只由文件头证据填写,0,本 checkpoint 全分片 header：291 张量；逻辑主干、MTP/DSpark、共享副本和量化元数据分开。未读取权重值或运行模型。,hf-transformers-modeling_llama-py,LlamaMLP.forward,https://github.com/huggingface/transformers/blob/984bc11b0882ff1e5b34ba717ea357e069ceced9/src/transformers/models/llama/modeling_llama.py#L291-L311,SiLU(gate)*up → down；两次 pre-norm residual 分开,,
r1-distill-llama-8b,DeepSeek-R1-Distill-Llama-8B,decoder-17,decoder,16,17,GQA,prefill,gqa,prefill-gqa-attention-0,逻辑投影：model.layers.{i}.self_attn.q_proj.weight,"x=[B,L_q,4096]; W=[4096,4096]","y=[B,L_q,4096]",激活/中间精度见固定参考函数；存储类型只由文件头证据填写,16777216,本 checkpoint 全分片 header：291 张量；逻辑主干、MTP/DSpark、共享副本和量化元数据分开。未读取权重值或运行模型。,hf-transformers-modeling_llama-py,LlamaAttention.__init__,https://github.com/huggingface/transformers/blob/984bc11b0882ff1e5b34ba717ea357e069ceced9/src/transformers/models/llama/modeling_llama.py#L329-L362,"y=x @ W^T；权重按[输出,输入]；专家模板另用 N_e 动态 token 数",,
r1-distill-llama-8b,DeepSeek-R1-Distill-Llama-8B,decoder-17,decoder,16,17,GQA,prefill,gqa,prefill-gqa-attention-1,逻辑投影：model.layers.{i}.self_attn.k_proj.weight,"x=[B,L_q,4096]; W=[1024,4096]","y=[B,L_q,1024]",激活/中间精度见固定参考函数；存储类型只由文件头证据填写,4194304,本 checkpoint 全分片 header：291 张量；逻辑主干、MTP/DSpark、共享副本和量化元数据分开。未读取权重值或运行模型。,hf-transformers-modeling_llama-py,LlamaAttention.__init__,https://github.com/huggingface/transformers/blob/984bc11b0882ff1e5b34ba717ea357e069ceced9/src/transformers/models/llama/modeling_llama.py#L329-L362,"y=x @ W^T；权重按[输出,输入]；专家模板另用 N_e 动态 token 数",,
r1-distill-llama-8b,DeepSeek-R1-Distill-Llama-8B,decoder-17,decoder,16,17,GQA,prefill,gqa,prefill-gqa-attention-2,逻辑投影：model.layers.{i}.self_attn.v_proj.weight,"x=[B,L_q,4096]; W=[1024,4096]","y=[B,L_q,1024]",激活/中间精度见固定参考函数；存储类型只由文件头证据填写,4194304,本 checkpoint 全分片 header：291 张量；逻辑主干、MTP/DSpark、共享副本和量化元数据分开。未读取权重值或运行模型。,hf-transformers-modeling_llama-py,LlamaAttention.__init__,https://github.com/huggingface/transformers/blob/984bc11b0882ff1e5b34ba717ea357e069ceced9/src/transformers/models/llama/modeling_llama.py#L329-L362,"y=x @ W^T；权重按[输出,输入]；专家模板另用 N_e 动态 token 数",,
r1-distill-llama-8b,DeepSeek-R1-Distill-Llama-8B,decoder-17,decoder,16,17,GQA,prefill,gqa,prefill-gqa-attention-3,逻辑投影：model.layers.{i}.self_attn.o_proj.weight,"x=[B,L_q,4096]; W=[4096,4096]","y=[B,L_q,4096]",激活/中间精度见固定参考函数；存储类型只由文件头证据填写,16777216,本 checkpoint 全分片 header：291 张量；逻辑主干、MTP/DSpark、共享副本和量化元数据分开。未读取权重值或运行模型。,hf-transformers-modeling_llama-py,LlamaAttention.__init__,https://github.com/huggingface/transformers/blob/984bc11b0882ff1e5b34ba717ea357e069ceced9/src/transformers/models/llama/modeling_llama.py#L329-L362,"y=x @ W^T；权重按[输出,输入]；专家模板另用 N_e 动态 token 数",,
r1-distill-llama-8b,DeepSeek-R1-Distill-Llama-8B,decoder-17,decoder,16,17,GQA,prefill,gqa,prefill-gqa-ffn-0,逻辑投影：model.layers.{i}.mlp.gate_proj.weight,"x=[B,L_q,4096]; W=[14336,4096]","y=[B,L_q,14336]",激活/中间精度见固定参考函数；存储类型只由文件头证据填写,58720256,本 checkpoint 全分片 header：291 张量；逻辑主干、MTP/DSpark、共享副本和量化元数据分开。未读取权重值或运行模型。,hf-transformers-modeling_llama-py,LlamaMLP.__init__,https://github.com/huggingface/transformers/blob/984bc11b0882ff1e5b34ba717ea357e069ceced9/src/transformers/models/llama/modeling_llama.py#L281-L289,"y=x @ W^T；权重按[输出,输入]；专家模板另用 N_e 动态 token 数",,
r1-distill-llama-8b,DeepSeek-R1-Distill-Llama-8B,decoder-17,decoder,16,17,GQA,prefill,gqa,prefill-gqa-ffn-1,逻辑投影：model.layers.{i}.mlp.up_proj.weight,"x=[B,L_q,4096]; W=[14336,4096]","y=[B,L_q,14336]",激活/中间精度见固定参考函数；存储类型只由文件头证据填写,58720256,本 checkpoint 全分片 header：291 张量；逻辑主干、MTP/DSpark、共享副本和量化元数据分开。未读取权重值或运行模型。,hf-transformers-modeling_llama-py,LlamaMLP.__init__,https://github.com/huggingface/transformers/blob/984bc11b0882ff1e5b34ba717ea357e069ceced9/src/transformers/models/llama/modeling_llama.py#L281-L289,"y=x @ W^T；权重按[输出,输入]；专家模板另用 N_e 动态 token 数",,
r1-distill-llama-8b,DeepSeek-R1-Distill-Llama-8B,decoder-17,decoder,16,17,GQA,prefill,gqa,prefill-gqa-ffn-2,逻辑投影：model.layers.{i}.mlp.down_proj.weight,"x=[B,L_q,14336]; W=[4096,14336]","y=[B,L_q,4096]",激活/中间精度见固定参考函数；存储类型只由文件头证据填写,58720256,本 checkpoint 全分片 header：291 张量；逻辑主干、MTP/DSpark、共享副本和量化元数据分开。未读取权重值或运行模型。,hf-transformers-modeling_llama-py,LlamaMLP.__init__,https://github.com/huggingface/transformers/blob/984bc11b0882ff1e5b34ba717ea357e069ceced9/src/transformers/models/llama/modeling_llama.py#L281-L289,"y=x @ W^T；权重按[输出,输入]；专家模板另用 N_e 动态 token 数",,
r1-distill-llama-8b,DeepSeek-R1-Distill-Llama-8B,decoder-17,decoder,16,17,GQA,prefill,gqa,prefill-gqa-norm-0,向量参数：model.layers.{i}.input_layernorm.weight,parameter=[4096],parameter=[4096],激活/中间精度见固定参考函数；存储类型只由文件头证据填写,4096,本 checkpoint 全分片 header：291 张量；逻辑主干、MTP/DSpark、共享副本和量化元数据分开。未读取权重值或运行模型。,hf-transformers-modeling_llama-py,LlamaDecoderLayer.__init__,https://github.com/huggingface/transformers/blob/984bc11b0882ff1e5b34ba717ea357e069ceced9/src/transformers/models/llama/modeling_llama.py#L685-L693,参数声明；具体 norm、bias、sink 或 mix scale 计算由后续数据流说明,,
r1-distill-llama-8b,DeepSeek-R1-Distill-Llama-8B,decoder-17,decoder,16,17,GQA,prefill,gqa,prefill-gqa-norm-1,向量参数：model.layers.{i}.post_attention_layernorm.weight,parameter=[4096],parameter=[4096],激活/中间精度见固定参考函数；存储类型只由文件头证据填写,4096,本 checkpoint 全分片 header：291 张量；逻辑主干、MTP/DSpark、共享副本和量化元数据分开。未读取权重值或运行模型。,hf-transformers-modeling_llama-py,LlamaDecoderLayer.__init__,https://github.com/huggingface/transformers/blob/984bc11b0882ff1e5b34ba717ea357e069ceced9/src/transformers/models/llama/modeling_llama.py#L685-L693,参数声明；具体 norm、bias、sink 或 mix scale 计算由后续数据流说明,,
r1-distill-llama-8b,DeepSeek-R1-Distill-Llama-8B,decoder-17,decoder,16,17,GQA,prefill,gqa,prefill-gqa-gqa-scores,GQA Key/Value 广播与 attention,"Q=[B,32,L_q,128]; K_cache=[B,8,L_kv,128]; V_cache=[B,8,L_kv,128]","scores=[B,32,L_q,L_kv]; out=[B,32,L_q,128]",激活/中间精度见固定参考函数；存储类型只由文件头证据填写,0,本 checkpoint 全分片 header：291 张量；逻辑主干、MTP/DSpark、共享副本和量化元数据分开。未读取权重值或运行模型。,hf-transformers-modeling_llama-py,LlamaAttention.forward,https://github.com/huggingface/transformers/blob/984bc11b0882ff1e5b34ba717ea357e069ceced9/src/transformers/models/llama/modeling_llama.py#L364-L455,RoPE → cache.update → repeat_kv(N_head/N_KV) → QK^T/√D → mask/FP32 softmax → PV,,参考 eager 数学路径；实际 SDPA/FlashAttention、分页与设备分派另核验
r1-distill-llama-8b,DeepSeek-R1-Distill-Llama-8B,decoder-17,decoder,16,17,GQA,prefill,gqa,prefill-gqa-swiglu,Dense SwiGLU,"gate=[N_tok,14336]; up=[N_tok,14336]","act=[N_tok,14336]",激活/中间精度见固定参考函数；存储类型只由文件头证据填写,0,本 checkpoint 全分片 header：291 张量；逻辑主干、MTP/DSpark、共享副本和量化元数据分开。未读取权重值或运行模型。,hf-transformers-modeling_llama-py,LlamaMLP.forward,https://github.com/huggingface/transformers/blob/984bc11b0882ff1e5b34ba717ea357e069ceced9/src/transformers/models/llama/modeling_llama.py#L291-L311,SiLU(gate)*up → down；两次 pre-norm residual 分开,,
r1-distill-llama-8b,DeepSeek-R1-Distill-Llama-8B,decoder-17,decoder,16,17,GQA,decode,gqa,decode-gqa-attention-0,逻辑投影：model.layers.{i}.self_attn.q_proj.weight,"x=[B,L_q,4096]; W=[4096,4096]","y=[B,L_q,4096]",激活/中间精度见固定参考函数；存储类型只由文件头证据填写,16777216,本 checkpoint 全分片 header：291 张量；逻辑主干、MTP/DSpark、共享副本和量化元数据分开。未读取权重值或运行模型。,hf-transformers-modeling_llama-py,LlamaAttention.__init__,https://github.com/huggingface/transformers/blob/984bc11b0882ff1e5b34ba717ea357e069ceced9/src/transformers/models/llama/modeling_llama.py#L329-L362,"y=x @ W^T；权重按[输出,输入]；专家模板另用 N_e 动态 token 数",,
r1-distill-llama-8b,DeepSeek-R1-Distill-Llama-8B,decoder-17,decoder,16,17,GQA,decode,gqa,decode-gqa-attention-1,逻辑投影：model.layers.{i}.self_attn.k_proj.weight,"x=[B,L_q,4096]; W=[1024,4096]","y=[B,L_q,1024]",激活/中间精度见固定参考函数；存储类型只由文件头证据填写,4194304,本 checkpoint 全分片 header：291 张量；逻辑主干、MTP/DSpark、共享副本和量化元数据分开。未读取权重值或运行模型。,hf-transformers-modeling_llama-py,LlamaAttention.__init__,https://github.com/huggingface/transformers/blob/984bc11b0882ff1e5b34ba717ea357e069ceced9/src/transformers/models/llama/modeling_llama.py#L329-L362,"y=x @ W^T；权重按[输出,输入]；专家模板另用 N_e 动态 token 数",,
r1-distill-llama-8b,DeepSeek-R1-Distill-Llama-8B,decoder-17,decoder,16,17,GQA,decode,gqa,decode-gqa-attention-2,逻辑投影：model.layers.{i}.self_attn.v_proj.weight,"x=[B,L_q,4096]; W=[1024,4096]","y=[B,L_q,1024]",激活/中间精度见固定参考函数；存储类型只由文件头证据填写,4194304,本 checkpoint 全分片 header：291 张量；逻辑主干、MTP/DSpark、共享副本和量化元数据分开。未读取权重值或运行模型。,hf-transformers-modeling_llama-py,LlamaAttention.__init__,https://github.com/huggingface/transformers/blob/984bc11b0882ff1e5b34ba717ea357e069ceced9/src/transformers/models/llama/modeling_llama.py#L329-L362,"y=x @ W^T；权重按[输出,输入]；专家模板另用 N_e 动态 token 数",,
r1-distill-llama-8b,DeepSeek-R1-Distill-Llama-8B,decoder-17,decoder,16,17,GQA,decode,gqa,decode-gqa-attention-3,逻辑投影：model.layers.{i}.self_attn.o_proj.weight,"x=[B,L_q,4096]; W=[4096,4096]","y=[B,L_q,4096]",激活/中间精度见固定参考函数；存储类型只由文件头证据填写,16777216,本 checkpoint 全分片 header：291 张量；逻辑主干、MTP/DSpark、共享副本和量化元数据分开。未读取权重值或运行模型。,hf-transformers-modeling_llama-py,LlamaAttention.__init__,https://github.com/huggingface/transformers/blob/984bc11b0882ff1e5b34ba717ea357e069ceced9/src/transformers/models/llama/modeling_llama.py#L329-L362,"y=x @ W^T；权重按[输出,输入]；专家模板另用 N_e 动态 token 数",,
r1-distill-llama-8b,DeepSeek-R1-Distill-Llama-8B,decoder-17,decoder,16,17,GQA,decode,gqa,decode-gqa-ffn-0,逻辑投影：model.layers.{i}.mlp.gate_proj.weight,"x=[B,L_q,4096]; W=[14336,4096]","y=[B,L_q,14336]",激活/中间精度见固定参考函数；存储类型只由文件头证据填写,58720256,本 checkpoint 全分片 header：291 张量；逻辑主干、MTP/DSpark、共享副本和量化元数据分开。未读取权重值或运行模型。,hf-transformers-modeling_llama-py,LlamaMLP.__init__,https://github.com/huggingface/transformers/blob/984bc11b0882ff1e5b34ba717ea357e069ceced9/src/transformers/models/llama/modeling_llama.py#L281-L289,"y=x @ W^T；权重按[输出,输入]；专家模板另用 N_e 动态 token 数",,
r1-distill-llama-8b,DeepSeek-R1-Distill-Llama-8B,decoder-17,decoder,16,17,GQA,decode,gqa,decode-gqa-ffn-1,逻辑投影：model.layers.{i}.mlp.up_proj.weight,"x=[B,L_q,4096]; W=[14336,4096]","y=[B,L_q,14336]",激活/中间精度见固定参考函数；存储类型只由文件头证据填写,58720256,本 checkpoint 全分片 header：291 张量；逻辑主干、MTP/DSpark、共享副本和量化元数据分开。未读取权重值或运行模型。,hf-transformers-modeling_llama-py,LlamaMLP.__init__,https://github.com/huggingface/transformers/blob/984bc11b0882ff1e5b34ba717ea357e069ceced9/src/transformers/models/llama/modeling_llama.py#L281-L289,"y=x @ W^T；权重按[输出,输入]；专家模板另用 N_e 动态 token 数",,
r1-distill-llama-8b,DeepSeek-R1-Distill-Llama-8B,decoder-17,decoder,16,17,GQA,decode,gqa,decode-gqa-ffn-2,逻辑投影：model.layers.{i}.mlp.down_proj.weight,"x=[B,L_q,14336]; W=[4096,14336]","y=[B,L_q,4096]",激活/中间精度见固定参考函数；存储类型只由文件头证据填写,58720256,本 checkpoint 全分片 header：291 张量；逻辑主干、MTP/DSpark、共享副本和量化元数据分开。未读取权重值或运行模型。,hf-transformers-modeling_llama-py,LlamaMLP.__init__,https://github.com/huggingface/transformers/blob/984bc11b0882ff1e5b34ba717ea357e069ceced9/src/transformers/models/llama/modeling_llama.py#L281-L289,"y=x @ W^T；权重按[输出,输入]；专家模板另用 N_e 动态 token 数",,
r1-distill-llama-8b,DeepSeek-R1-Distill-Llama-8B,decoder-17,decoder,16,17,GQA,decode,gqa,decode-gqa-norm-0,向量参数：model.layers.{i}.input_layernorm.weight,parameter=[4096],parameter=[4096],激活/中间精度见固定参考函数；存储类型只由文件头证据填写,4096,本 checkpoint 全分片 header：291 张量；逻辑主干、MTP/DSpark、共享副本和量化元数据分开。未读取权重值或运行模型。,hf-transformers-modeling_llama-py,LlamaDecoderLayer.__init__,https://github.com/huggingface/transformers/blob/984bc11b0882ff1e5b34ba717ea357e069ceced9/src/transformers/models/llama/modeling_llama.py#L685-L693,参数声明；具体 norm、bias、sink 或 mix scale 计算由后续数据流说明,,
r1-distill-llama-8b,DeepSeek-R1-Distill-Llama-8B,decoder-17,decoder,16,17,GQA,decode,gqa,decode-gqa-norm-1,向量参数：model.layers.{i}.post_attention_layernorm.weight,parameter=[4096],parameter=[4096],激活/中间精度见固定参考函数；存储类型只由文件头证据填写,4096,本 checkpoint 全分片 header：291 张量；逻辑主干、MTP/DSpark、共享副本和量化元数据分开。未读取权重值或运行模型。,hf-transformers-modeling_llama-py,LlamaDecoderLayer.__init__,https://github.com/huggingface/transformers/blob/984bc11b0882ff1e5b34ba717ea357e069ceced9/src/transformers/models/llama/modeling_llama.py#L685-L693,参数声明；具体 norm、bias、sink 或 mix scale 计算由后续数据流说明,,
r1-distill-llama-8b,DeepSeek-R1-Distill-Llama-8B,decoder-17,decoder,16,17,GQA,decode,gqa,decode-gqa-gqa-scores,GQA Key/Value 广播与 attention,"Q=[B,32,L_q,128]; K_cache=[B,8,L_kv,128]; V_cache=[B,8,L_kv,128]","scores=[B,32,L_q,L_kv]; out=[B,32,L_q,128]",激活/中间精度见固定参考函数；存储类型只由文件头证据填写,0,本 checkpoint 全分片 header：291 张量；逻辑主干、MTP/DSpark、共享副本和量化元数据分开。未读取权重值或运行模型。,hf-transformers-modeling_llama-py,LlamaAttention.forward,https://github.com/huggingface/transformers/blob/984bc11b0882ff1e5b34ba717ea357e069ceced9/src/transformers/models/llama/modeling_llama.py#L364-L455,RoPE → cache.update → repeat_kv(N_head/N_KV) → QK^T/√D → mask/FP32 softmax → PV,,参考 eager 数学路径；实际 SDPA/FlashAttention、分页与设备分派另核验
r1-distill-llama-8b,DeepSeek-R1-Distill-Llama-8B,decoder-17,decoder,16,17,GQA,decode,gqa,decode-gqa-swiglu,Dense SwiGLU,"gate=[N_tok,14336]; up=[N_tok,14336]","act=[N_tok,14336]",激活/中间精度见固定参考函数；存储类型只由文件头证据填写,0,本 checkpoint 全分片 header：291 张量；逻辑主干、MTP/DSpark、共享副本和量化元数据分开。未读取权重值或运行模型。,hf-transformers-modeling_llama-py,LlamaMLP.forward,https://github.com/huggingface/transformers/blob/984bc11b0882ff1e5b34ba717ea357e069ceced9/src/transformers/models/llama/modeling_llama.py#L291-L311,SiLU(gate)*up → down；两次 pre-norm residual 分开,,
r1-distill-llama-8b,DeepSeek-R1-Distill-Llama-8B,decoder-18,decoder,17,18,GQA,prefill,gqa,prefill-gqa-attention-0,逻辑投影：model.layers.{i}.self_attn.q_proj.weight,"x=[B,L_q,4096]; W=[4096,4096]","y=[B,L_q,4096]",激活/中间精度见固定参考函数；存储类型只由文件头证据填写,16777216,本 checkpoint 全分片 header：291 张量；逻辑主干、MTP/DSpark、共享副本和量化元数据分开。未读取权重值或运行模型。,hf-transformers-modeling_llama-py,LlamaAttention.__init__,https://github.com/huggingface/transformers/blob/984bc11b0882ff1e5b34ba717ea357e069ceced9/src/transformers/models/llama/modeling_llama.py#L329-L362,"y=x @ W^T；权重按[输出,输入]；专家模板另用 N_e 动态 token 数",,
r1-distill-llama-8b,DeepSeek-R1-Distill-Llama-8B,decoder-18,decoder,17,18,GQA,prefill,gqa,prefill-gqa-attention-1,逻辑投影：model.layers.{i}.self_attn.k_proj.weight,"x=[B,L_q,4096]; W=[1024,4096]","y=[B,L_q,1024]",激活/中间精度见固定参考函数；存储类型只由文件头证据填写,4194304,本 checkpoint 全分片 header：291 张量；逻辑主干、MTP/DSpark、共享副本和量化元数据分开。未读取权重值或运行模型。,hf-transformers-modeling_llama-py,LlamaAttention.__init__,https://github.com/huggingface/transformers/blob/984bc11b0882ff1e5b34ba717ea357e069ceced9/src/transformers/models/llama/modeling_llama.py#L329-L362,"y=x @ W^T；权重按[输出,输入]；专家模板另用 N_e 动态 token 数",,
r1-distill-llama-8b,DeepSeek-R1-Distill-Llama-8B,decoder-18,decoder,17,18,GQA,prefill,gqa,prefill-gqa-attention-2,逻辑投影：model.layers.{i}.self_attn.v_proj.weight,"x=[B,L_q,4096]; W=[1024,4096]","y=[B,L_q,1024]",激活/中间精度见固定参考函数；存储类型只由文件头证据填写,4194304,本 checkpoint 全分片 header：291 张量；逻辑主干、MTP/DSpark、共享副本和量化元数据分开。未读取权重值或运行模型。,hf-transformers-modeling_llama-py,LlamaAttention.__init__,https://github.com/huggingface/transformers/blob/984bc11b0882ff1e5b34ba717ea357e069ceced9/src/transformers/models/llama/modeling_llama.py#L329-L362,"y=x @ W^T；权重按[输出,输入]；专家模板另用 N_e 动态 token 数",,
r1-distill-llama-8b,DeepSeek-R1-Distill-Llama-8B,decoder-18,decoder,17,18,GQA,prefill,gqa,prefill-gqa-attention-3,逻辑投影：model.layers.{i}.self_attn.o_proj.weight,"x=[B,L_q,4096]; W=[4096,4096]","y=[B,L_q,4096]",激活/中间精度见固定参考函数；存储类型只由文件头证据填写,16777216,本 checkpoint 全分片 header：291 张量；逻辑主干、MTP/DSpark、共享副本和量化元数据分开。未读取权重值或运行模型。,hf-transformers-modeling_llama-py,LlamaAttention.__init__,https://github.com/huggingface/transformers/blob/984bc11b0882ff1e5b34ba717ea357e069ceced9/src/transformers/models/llama/modeling_llama.py#L329-L362,"y=x @ W^T；权重按[输出,输入]；专家模板另用 N_e 动态 token 数",,
r1-distill-llama-8b,DeepSeek-R1-Distill-Llama-8B,decoder-18,decoder,17,18,GQA,prefill,gqa,prefill-gqa-ffn-0,逻辑投影：model.layers.{i}.mlp.gate_proj.weight,"x=[B,L_q,4096]; W=[14336,4096]","y=[B,L_q,14336]",激活/中间精度见固定参考函数；存储类型只由文件头证据填写,58720256,本 checkpoint 全分片 header：291 张量；逻辑主干、MTP/DSpark、共享副本和量化元数据分开。未读取权重值或运行模型。,hf-transformers-modeling_llama-py,LlamaMLP.__init__,https://github.com/huggingface/transformers/blob/984bc11b0882ff1e5b34ba717ea357e069ceced9/src/transformers/models/llama/modeling_llama.py#L281-L289,"y=x @ W^T；权重按[输出,输入]；专家模板另用 N_e 动态 token 数",,
r1-distill-llama-8b,DeepSeek-R1-Distill-Llama-8B,decoder-18,decoder,17,18,GQA,prefill,gqa,prefill-gqa-ffn-1,逻辑投影：model.layers.{i}.mlp.up_proj.weight,"x=[B,L_q,4096]; W=[14336,4096]","y=[B,L_q,14336]",激活/中间精度见固定参考函数；存储类型只由文件头证据填写,58720256,本 checkpoint 全分片 header：291 张量；逻辑主干、MTP/DSpark、共享副本和量化元数据分开。未读取权重值或运行模型。,hf-transformers-modeling_llama-py,LlamaMLP.__init__,https://github.com/huggingface/transformers/blob/984bc11b0882ff1e5b34ba717ea357e069ceced9/src/transformers/models/llama/modeling_llama.py#L281-L289,"y=x @ W^T；权重按[输出,输入]；专家模板另用 N_e 动态 token 数",,
r1-distill-llama-8b,DeepSeek-R1-Distill-Llama-8B,decoder-18,decoder,17,18,GQA,prefill,gqa,prefill-gqa-ffn-2,逻辑投影：model.layers.{i}.mlp.down_proj.weight,"x=[B,L_q,14336]; W=[4096,14336]","y=[B,L_q,4096]",激活/中间精度见固定参考函数；存储类型只由文件头证据填写,58720256,本 checkpoint 全分片 header：291 张量；逻辑主干、MTP/DSpark、共享副本和量化元数据分开。未读取权重值或运行模型。,hf-transformers-modeling_llama-py,LlamaMLP.__init__,https://github.com/huggingface/transformers/blob/984bc11b0882ff1e5b34ba717ea357e069ceced9/src/transformers/models/llama/modeling_llama.py#L281-L289,"y=x @ W^T；权重按[输出,输入]；专家模板另用 N_e 动态 token 数",,
r1-distill-llama-8b,DeepSeek-R1-Distill-Llama-8B,decoder-18,decoder,17,18,GQA,prefill,gqa,prefill-gqa-norm-0,向量参数：model.layers.{i}.input_layernorm.weight,parameter=[4096],parameter=[4096],激活/中间精度见固定参考函数；存储类型只由文件头证据填写,4096,本 checkpoint 全分片 header：291 张量；逻辑主干、MTP/DSpark、共享副本和量化元数据分开。未读取权重值或运行模型。,hf-transformers-modeling_llama-py,LlamaDecoderLayer.__init__,https://github.com/huggingface/transformers/blob/984bc11b0882ff1e5b34ba717ea357e069ceced9/src/transformers/models/llama/modeling_llama.py#L685-L693,参数声明；具体 norm、bias、sink 或 mix scale 计算由后续数据流说明,,
r1-distill-llama-8b,DeepSeek-R1-Distill-Llama-8B,decoder-18,decoder,17,18,GQA,prefill,gqa,prefill-gqa-norm-1,向量参数：model.layers.{i}.post_attention_layernorm.weight,parameter=[4096],parameter=[4096],激活/中间精度见固定参考函数；存储类型只由文件头证据填写,4096,本 checkpoint 全分片 header：291 张量；逻辑主干、MTP/DSpark、共享副本和量化元数据分开。未读取权重值或运行模型。,hf-transformers-modeling_llama-py,LlamaDecoderLayer.__init__,https://github.com/huggingface/transformers/blob/984bc11b0882ff1e5b34ba717ea357e069ceced9/src/transformers/models/llama/modeling_llama.py#L685-L693,参数声明；具体 norm、bias、sink 或 mix scale 计算由后续数据流说明,,
r1-distill-llama-8b,DeepSeek-R1-Distill-Llama-8B,decoder-18,decoder,17,18,GQA,prefill,gqa,prefill-gqa-gqa-scores,GQA Key/Value 广播与 attention,"Q=[B,32,L_q,128]; K_cache=[B,8,L_kv,128]; V_cache=[B,8,L_kv,128]","scores=[B,32,L_q,L_kv]; out=[B,32,L_q,128]",激活/中间精度见固定参考函数；存储类型只由文件头证据填写,0,本 checkpoint 全分片 header：291 张量；逻辑主干、MTP/DSpark、共享副本和量化元数据分开。未读取权重值或运行模型。,hf-transformers-modeling_llama-py,LlamaAttention.forward,https://github.com/huggingface/transformers/blob/984bc11b0882ff1e5b34ba717ea357e069ceced9/src/transformers/models/llama/modeling_llama.py#L364-L455,RoPE → cache.update → repeat_kv(N_head/N_KV) → QK^T/√D → mask/FP32 softmax → PV,,参考 eager 数学路径；实际 SDPA/FlashAttention、分页与设备分派另核验
r1-distill-llama-8b,DeepSeek-R1-Distill-Llama-8B,decoder-18,decoder,17,18,GQA,prefill,gqa,prefill-gqa-swiglu,Dense SwiGLU,"gate=[N_tok,14336]; up=[N_tok,14336]","act=[N_tok,14336]",激活/中间精度见固定参考函数；存储类型只由文件头证据填写,0,本 checkpoint 全分片 header：291 张量；逻辑主干、MTP/DSpark、共享副本和量化元数据分开。未读取权重值或运行模型。,hf-transformers-modeling_llama-py,LlamaMLP.forward,https://github.com/huggingface/transformers/blob/984bc11b0882ff1e5b34ba717ea357e069ceced9/src/transformers/models/llama/modeling_llama.py#L291-L311,SiLU(gate)*up → down；两次 pre-norm residual 分开,,
r1-distill-llama-8b,DeepSeek-R1-Distill-Llama-8B,decoder-18,decoder,17,18,GQA,decode,gqa,decode-gqa-attention-0,逻辑投影：model.layers.{i}.self_attn.q_proj.weight,"x=[B,L_q,4096]; W=[4096,4096]","y=[B,L_q,4096]",激活/中间精度见固定参考函数；存储类型只由文件头证据填写,16777216,本 checkpoint 全分片 header：291 张量；逻辑主干、MTP/DSpark、共享副本和量化元数据分开。未读取权重值或运行模型。,hf-transformers-modeling_llama-py,LlamaAttention.__init__,https://github.com/huggingface/transformers/blob/984bc11b0882ff1e5b34ba717ea357e069ceced9/src/transformers/models/llama/modeling_llama.py#L329-L362,"y=x @ W^T；权重按[输出,输入]；专家模板另用 N_e 动态 token 数",,
r1-distill-llama-8b,DeepSeek-R1-Distill-Llama-8B,decoder-18,decoder,17,18,GQA,decode,gqa,decode-gqa-attention-1,逻辑投影：model.layers.{i}.self_attn.k_proj.weight,"x=[B,L_q,4096]; W=[1024,4096]","y=[B,L_q,1024]",激活/中间精度见固定参考函数；存储类型只由文件头证据填写,4194304,本 checkpoint 全分片 header：291 张量；逻辑主干、MTP/DSpark、共享副本和量化元数据分开。未读取权重值或运行模型。,hf-transformers-modeling_llama-py,LlamaAttention.__init__,https://github.com/huggingface/transformers/blob/984bc11b0882ff1e5b34ba717ea357e069ceced9/src/transformers/models/llama/modeling_llama.py#L329-L362,"y=x @ W^T；权重按[输出,输入]；专家模板另用 N_e 动态 token 数",,
r1-distill-llama-8b,DeepSeek-R1-Distill-Llama-8B,decoder-18,decoder,17,18,GQA,decode,gqa,decode-gqa-attention-2,逻辑投影：model.layers.{i}.self_attn.v_proj.weight,"x=[B,L_q,4096]; W=[1024,4096]","y=[B,L_q,1024]",激活/中间精度见固定参考函数；存储类型只由文件头证据填写,4194304,本 checkpoint 全分片 header：291 张量；逻辑主干、MTP/DSpark、共享副本和量化元数据分开。未读取权重值或运行模型。,hf-transformers-modeling_llama-py,LlamaAttention.__init__,https://github.com/huggingface/transformers/blob/984bc11b0882ff1e5b34ba717ea357e069ceced9/src/transformers/models/llama/modeling_llama.py#L329-L362,"y=x @ W^T；权重按[输出,输入]；专家模板另用 N_e 动态 token 数",,
r1-distill-llama-8b,DeepSeek-R1-Distill-Llama-8B,decoder-18,decoder,17,18,GQA,decode,gqa,decode-gqa-attention-3,逻辑投影：model.layers.{i}.self_attn.o_proj.weight,"x=[B,L_q,4096]; W=[4096,4096]","y=[B,L_q,4096]",激活/中间精度见固定参考函数；存储类型只由文件头证据填写,16777216,本 checkpoint 全分片 header：291 张量；逻辑主干、MTP/DSpark、共享副本和量化元数据分开。未读取权重值或运行模型。,hf-transformers-modeling_llama-py,LlamaAttention.__init__,https://github.com/huggingface/transformers/blob/984bc11b0882ff1e5b34ba717ea357e069ceced9/src/transformers/models/llama/modeling_llama.py#L329-L362,"y=x @ W^T；权重按[输出,输入]；专家模板另用 N_e 动态 token 数",,
r1-distill-llama-8b,DeepSeek-R1-Distill-Llama-8B,decoder-18,decoder,17,18,GQA,decode,gqa,decode-gqa-ffn-0,逻辑投影：model.layers.{i}.mlp.gate_proj.weight,"x=[B,L_q,4096]; W=[14336,4096]","y=[B,L_q,14336]",激活/中间精度见固定参考函数；存储类型只由文件头证据填写,58720256,本 checkpoint 全分片 header：291 张量；逻辑主干、MTP/DSpark、共享副本和量化元数据分开。未读取权重值或运行模型。,hf-transformers-modeling_llama-py,LlamaMLP.__init__,https://github.com/huggingface/transformers/blob/984bc11b0882ff1e5b34ba717ea357e069ceced9/src/transformers/models/llama/modeling_llama.py#L281-L289,"y=x @ W^T；权重按[输出,输入]；专家模板另用 N_e 动态 token 数",,
r1-distill-llama-8b,DeepSeek-R1-Distill-Llama-8B,decoder-18,decoder,17,18,GQA,decode,gqa,decode-gqa-ffn-1,逻辑投影：model.layers.{i}.mlp.up_proj.weight,"x=[B,L_q,4096]; W=[14336,4096]","y=[B,L_q,14336]",激活/中间精度见固定参考函数；存储类型只由文件头证据填写,58720256,本 checkpoint 全分片 header：291 张量；逻辑主干、MTP/DSpark、共享副本和量化元数据分开。未读取权重值或运行模型。,hf-transformers-modeling_llama-py,LlamaMLP.__init__,https://github.com/huggingface/transformers/blob/984bc11b0882ff1e5b34ba717ea357e069ceced9/src/transformers/models/llama/modeling_llama.py#L281-L289,"y=x @ W^T；权重按[输出,输入]；专家模板另用 N_e 动态 token 数",,
r1-distill-llama-8b,DeepSeek-R1-Distill-Llama-8B,decoder-18,decoder,17,18,GQA,decode,gqa,decode-gqa-ffn-2,逻辑投影：model.layers.{i}.mlp.down_proj.weight,"x=[B,L_q,14336]; W=[4096,14336]","y=[B,L_q,4096]",激活/中间精度见固定参考函数；存储类型只由文件头证据填写,58720256,本 checkpoint 全分片 header：291 张量；逻辑主干、MTP/DSpark、共享副本和量化元数据分开。未读取权重值或运行模型。,hf-transformers-modeling_llama-py,LlamaMLP.__init__,https://github.com/huggingface/transformers/blob/984bc11b0882ff1e5b34ba717ea357e069ceced9/src/transformers/models/llama/modeling_llama.py#L281-L289,"y=x @ W^T；权重按[输出,输入]；专家模板另用 N_e 动态 token 数",,
r1-distill-llama-8b,DeepSeek-R1-Distill-Llama-8B,decoder-18,decoder,17,18,GQA,decode,gqa,decode-gqa-norm-0,向量参数：model.layers.{i}.input_layernorm.weight,parameter=[4096],parameter=[4096],激活/中间精度见固定参考函数；存储类型只由文件头证据填写,4096,本 checkpoint 全分片 header：291 张量；逻辑主干、MTP/DSpark、共享副本和量化元数据分开。未读取权重值或运行模型。,hf-transformers-modeling_llama-py,LlamaDecoderLayer.__init__,https://github.com/huggingface/transformers/blob/984bc11b0882ff1e5b34ba717ea357e069ceced9/src/transformers/models/llama/modeling_llama.py#L685-L693,参数声明；具体 norm、bias、sink 或 mix scale 计算由后续数据流说明,,
r1-distill-llama-8b,DeepSeek-R1-Distill-Llama-8B,decoder-18,decoder,17,18,GQA,decode,gqa,decode-gqa-norm-1,向量参数：model.layers.{i}.post_attention_layernorm.weight,parameter=[4096],parameter=[4096],激活/中间精度见固定参考函数；存储类型只由文件头证据填写,4096,本 checkpoint 全分片 header：291 张量；逻辑主干、MTP/DSpark、共享副本和量化元数据分开。未读取权重值或运行模型。,hf-transformers-modeling_llama-py,LlamaDecoderLayer.__init__,https://github.com/huggingface/transformers/blob/984bc11b0882ff1e5b34ba717ea357e069ceced9/src/transformers/models/llama/modeling_llama.py#L685-L693,参数声明；具体 norm、bias、sink 或 mix scale 计算由后续数据流说明,,
r1-distill-llama-8b,DeepSeek-R1-Distill-Llama-8B,decoder-18,decoder,17,18,GQA,decode,gqa,decode-gqa-gqa-scores,GQA Key/Value 广播与 attention,"Q=[B,32,L_q,128]; K_cache=[B,8,L_kv,128]; V_cache=[B,8,L_kv,128]","scores=[B,32,L_q,L_kv]; out=[B,32,L_q,128]",激活/中间精度见固定参考函数；存储类型只由文件头证据填写,0,本 checkpoint 全分片 header：291 张量；逻辑主干、MTP/DSpark、共享副本和量化元数据分开。未读取权重值或运行模型。,hf-transformers-modeling_llama-py,LlamaAttention.forward,https://github.com/huggingface/transformers/blob/984bc11b0882ff1e5b34ba717ea357e069ceced9/src/transformers/models/llama/modeling_llama.py#L364-L455,RoPE → cache.update → repeat_kv(N_head/N_KV) → QK^T/√D → mask/FP32 softmax → PV,,参考 eager 数学路径；实际 SDPA/FlashAttention、分页与设备分派另核验
r1-distill-llama-8b,DeepSeek-R1-Distill-Llama-8B,decoder-18,decoder,17,18,GQA,decode,gqa,decode-gqa-swiglu,Dense SwiGLU,"gate=[N_tok,14336]; up=[N_tok,14336]","act=[N_tok,14336]",激活/中间精度见固定参考函数；存储类型只由文件头证据填写,0,本 checkpoint 全分片 header：291 张量；逻辑主干、MTP/DSpark、共享副本和量化元数据分开。未读取权重值或运行模型。,hf-transformers-modeling_llama-py,LlamaMLP.forward,https://github.com/huggingface/transformers/blob/984bc11b0882ff1e5b34ba717ea357e069ceced9/src/transformers/models/llama/modeling_llama.py#L291-L311,SiLU(gate)*up → down；两次 pre-norm residual 分开,,
r1-distill-llama-8b,DeepSeek-R1-Distill-Llama-8B,decoder-19,decoder,18,19,GQA,prefill,gqa,prefill-gqa-attention-0,逻辑投影：model.layers.{i}.self_attn.q_proj.weight,"x=[B,L_q,4096]; W=[4096,4096]","y=[B,L_q,4096]",激活/中间精度见固定参考函数；存储类型只由文件头证据填写,16777216,本 checkpoint 全分片 header：291 张量；逻辑主干、MTP/DSpark、共享副本和量化元数据分开。未读取权重值或运行模型。,hf-transformers-modeling_llama-py,LlamaAttention.__init__,https://github.com/huggingface/transformers/blob/984bc11b0882ff1e5b34ba717ea357e069ceced9/src/transformers/models/llama/modeling_llama.py#L329-L362,"y=x @ W^T；权重按[输出,输入]；专家模板另用 N_e 动态 token 数",,
r1-distill-llama-8b,DeepSeek-R1-Distill-Llama-8B,decoder-19,decoder,18,19,GQA,prefill,gqa,prefill-gqa-attention-1,逻辑投影：model.layers.{i}.self_attn.k_proj.weight,"x=[B,L_q,4096]; W=[1024,4096]","y=[B,L_q,1024]",激活/中间精度见固定参考函数；存储类型只由文件头证据填写,4194304,本 checkpoint 全分片 header：291 张量；逻辑主干、MTP/DSpark、共享副本和量化元数据分开。未读取权重值或运行模型。,hf-transformers-modeling_llama-py,LlamaAttention.__init__,https://github.com/huggingface/transformers/blob/984bc11b0882ff1e5b34ba717ea357e069ceced9/src/transformers/models/llama/modeling_llama.py#L329-L362,"y=x @ W^T；权重按[输出,输入]；专家模板另用 N_e 动态 token 数",,
r1-distill-llama-8b,DeepSeek-R1-Distill-Llama-8B,decoder-19,decoder,18,19,GQA,prefill,gqa,prefill-gqa-attention-2,逻辑投影：model.layers.{i}.self_attn.v_proj.weight,"x=[B,L_q,4096]; W=[1024,4096]","y=[B,L_q,1024]",激活/中间精度见固定参考函数；存储类型只由文件头证据填写,4194304,本 checkpoint 全分片 header：291 张量；逻辑主干、MTP/DSpark、共享副本和量化元数据分开。未读取权重值或运行模型。,hf-transformers-modeling_llama-py,LlamaAttention.__init__,https://github.com/huggingface/transformers/blob/984bc11b0882ff1e5b34ba717ea357e069ceced9/src/transformers/models/llama/modeling_llama.py#L329-L362,"y=x @ W^T；权重按[输出,输入]；专家模板另用 N_e 动态 token 数",,
r1-distill-llama-8b,DeepSeek-R1-Distill-Llama-8B,decoder-19,decoder,18,19,GQA,prefill,gqa,prefill-gqa-attention-3,逻辑投影：model.layers.{i}.self_attn.o_proj.weight,"x=[B,L_q,4096]; W=[4096,4096]","y=[B,L_q,4096]",激活/中间精度见固定参考函数；存储类型只由文件头证据填写,16777216,本 checkpoint 全分片 header：291 张量；逻辑主干、MTP/DSpark、共享副本和量化元数据分开。未读取权重值或运行模型。,hf-transformers-modeling_llama-py,LlamaAttention.__init__,https://github.com/huggingface/transformers/blob/984bc11b0882ff1e5b34ba717ea357e069ceced9/src/transformers/models/llama/modeling_llama.py#L329-L362,"y=x @ W^T；权重按[输出,输入]；专家模板另用 N_e 动态 token 数",,
r1-distill-llama-8b,DeepSeek-R1-Distill-Llama-8B,decoder-19,decoder,18,19,GQA,prefill,gqa,prefill-gqa-ffn-0,逻辑投影：model.layers.{i}.mlp.gate_proj.weight,"x=[B,L_q,4096]; W=[14336,4096]","y=[B,L_q,14336]",激活/中间精度见固定参考函数；存储类型只由文件头证据填写,58720256,本 checkpoint 全分片 header：291 张量；逻辑主干、MTP/DSpark、共享副本和量化元数据分开。未读取权重值或运行模型。,hf-transformers-modeling_llama-py,LlamaMLP.__init__,https://github.com/huggingface/transformers/blob/984bc11b0882ff1e5b34ba717ea357e069ceced9/src/transformers/models/llama/modeling_llama.py#L281-L289,"y=x @ W^T；权重按[输出,输入]；专家模板另用 N_e 动态 token 数",,
r1-distill-llama-8b,DeepSeek-R1-Distill-Llama-8B,decoder-19,decoder,18,19,GQA,prefill,gqa,prefill-gqa-ffn-1,逻辑投影：model.layers.{i}.mlp.up_proj.weight,"x=[B,L_q,4096]; W=[14336,4096]","y=[B,L_q,14336]",激活/中间精度见固定参考函数；存储类型只由文件头证据填写,58720256,本 checkpoint 全分片 header：291 张量；逻辑主干、MTP/DSpark、共享副本和量化元数据分开。未读取权重值或运行模型。,hf-transformers-modeling_llama-py,LlamaMLP.__init__,https://github.com/huggingface/transformers/blob/984bc11b0882ff1e5b34ba717ea357e069ceced9/src/transformers/models/llama/modeling_llama.py#L281-L289,"y=x @ W^T；权重按[输出,输入]；专家模板另用 N_e 动态 token 数",,
r1-distill-llama-8b,DeepSeek-R1-Distill-Llama-8B,decoder-19,decoder,18,19,GQA,prefill,gqa,prefill-gqa-ffn-2,逻辑投影：model.layers.{i}.mlp.down_proj.weight,"x=[B,L_q,14336]; W=[4096,14336]","y=[B,L_q,4096]",激活/中间精度见固定参考函数；存储类型只由文件头证据填写,58720256,本 checkpoint 全分片 header：291 张量；逻辑主干、MTP/DSpark、共享副本和量化元数据分开。未读取权重值或运行模型。,hf-transformers-modeling_llama-py,LlamaMLP.__init__,https://github.com/huggingface/transformers/blob/984bc11b0882ff1e5b34ba717ea357e069ceced9/src/transformers/models/llama/modeling_llama.py#L281-L289,"y=x @ W^T；权重按[输出,输入]；专家模板另用 N_e 动态 token 数",,
r1-distill-llama-8b,DeepSeek-R1-Distill-Llama-8B,decoder-19,decoder,18,19,GQA,prefill,gqa,prefill-gqa-norm-0,向量参数：model.layers.{i}.input_layernorm.weight,parameter=[4096],parameter=[4096],激活/中间精度见固定参考函数；存储类型只由文件头证据填写,4096,本 checkpoint 全分片 header：291 张量；逻辑主干、MTP/DSpark、共享副本和量化元数据分开。未读取权重值或运行模型。,hf-transformers-modeling_llama-py,LlamaDecoderLayer.__init__,https://github.com/huggingface/transformers/blob/984bc11b0882ff1e5b34ba717ea357e069ceced9/src/transformers/models/llama/modeling_llama.py#L685-L693,参数声明；具体 norm、bias、sink 或 mix scale 计算由后续数据流说明,,
r1-distill-llama-8b,DeepSeek-R1-Distill-Llama-8B,decoder-19,decoder,18,19,GQA,prefill,gqa,prefill-gqa-norm-1,向量参数：model.layers.{i}.post_attention_layernorm.weight,parameter=[4096],parameter=[4096],激活/中间精度见固定参考函数；存储类型只由文件头证据填写,4096,本 checkpoint 全分片 header：291 张量；逻辑主干、MTP/DSpark、共享副本和量化元数据分开。未读取权重值或运行模型。,hf-transformers-modeling_llama-py,LlamaDecoderLayer.__init__,https://github.com/huggingface/transformers/blob/984bc11b0882ff1e5b34ba717ea357e069ceced9/src/transformers/models/llama/modeling_llama.py#L685-L693,参数声明；具体 norm、bias、sink 或 mix scale 计算由后续数据流说明,,
r1-distill-llama-8b,DeepSeek-R1-Distill-Llama-8B,decoder-19,decoder,18,19,GQA,prefill,gqa,prefill-gqa-gqa-scores,GQA Key/Value 广播与 attention,"Q=[B,32,L_q,128]; K_cache=[B,8,L_kv,128]; V_cache=[B,8,L_kv,128]","scores=[B,32,L_q,L_kv]; out=[B,32,L_q,128]",激活/中间精度见固定参考函数；存储类型只由文件头证据填写,0,本 checkpoint 全分片 header：291 张量；逻辑主干、MTP/DSpark、共享副本和量化元数据分开。未读取权重值或运行模型。,hf-transformers-modeling_llama-py,LlamaAttention.forward,https://github.com/huggingface/transformers/blob/984bc11b0882ff1e5b34ba717ea357e069ceced9/src/transformers/models/llama/modeling_llama.py#L364-L455,RoPE → cache.update → repeat_kv(N_head/N_KV) → QK^T/√D → mask/FP32 softmax → PV,,参考 eager 数学路径；实际 SDPA/FlashAttention、分页与设备分派另核验
r1-distill-llama-8b,DeepSeek-R1-Distill-Llama-8B,decoder-19,decoder,18,19,GQA,prefill,gqa,prefill-gqa-swiglu,Dense SwiGLU,"gate=[N_tok,14336]; up=[N_tok,14336]","act=[N_tok,14336]",激活/中间精度见固定参考函数；存储类型只由文件头证据填写,0,本 checkpoint 全分片 header：291 张量；逻辑主干、MTP/DSpark、共享副本和量化元数据分开。未读取权重值或运行模型。,hf-transformers-modeling_llama-py,LlamaMLP.forward,https://github.com/huggingface/transformers/blob/984bc11b0882ff1e5b34ba717ea357e069ceced9/src/transformers/models/llama/modeling_llama.py#L291-L311,SiLU(gate)*up → down；两次 pre-norm residual 分开,,
r1-distill-llama-8b,DeepSeek-R1-Distill-Llama-8B,decoder-19,decoder,18,19,GQA,decode,gqa,decode-gqa-attention-0,逻辑投影：model.layers.{i}.self_attn.q_proj.weight,"x=[B,L_q,4096]; W=[4096,4096]","y=[B,L_q,4096]",激活/中间精度见固定参考函数；存储类型只由文件头证据填写,16777216,本 checkpoint 全分片 header：291 张量；逻辑主干、MTP/DSpark、共享副本和量化元数据分开。未读取权重值或运行模型。,hf-transformers-modeling_llama-py,LlamaAttention.__init__,https://github.com/huggingface/transformers/blob/984bc11b0882ff1e5b34ba717ea357e069ceced9/src/transformers/models/llama/modeling_llama.py#L329-L362,"y=x @ W^T；权重按[输出,输入]；专家模板另用 N_e 动态 token 数",,
r1-distill-llama-8b,DeepSeek-R1-Distill-Llama-8B,decoder-19,decoder,18,19,GQA,decode,gqa,decode-gqa-attention-1,逻辑投影：model.layers.{i}.self_attn.k_proj.weight,"x=[B,L_q,4096]; W=[1024,4096]","y=[B,L_q,1024]",激活/中间精度见固定参考函数；存储类型只由文件头证据填写,4194304,本 checkpoint 全分片 header：291 张量；逻辑主干、MTP/DSpark、共享副本和量化元数据分开。未读取权重值或运行模型。,hf-transformers-modeling_llama-py,LlamaAttention.__init__,https://github.com/huggingface/transformers/blob/984bc11b0882ff1e5b34ba717ea357e069ceced9/src/transformers/models/llama/modeling_llama.py#L329-L362,"y=x @ W^T；权重按[输出,输入]；专家模板另用 N_e 动态 token 数",,
r1-distill-llama-8b,DeepSeek-R1-Distill-Llama-8B,decoder-19,decoder,18,19,GQA,decode,gqa,decode-gqa-attention-2,逻辑投影：model.layers.{i}.self_attn.v_proj.weight,"x=[B,L_q,4096]; W=[1024,4096]","y=[B,L_q,1024]",激活/中间精度见固定参考函数；存储类型只由文件头证据填写,4194304,本 checkpoint 全分片 header：291 张量；逻辑主干、MTP/DSpark、共享副本和量化元数据分开。未读取权重值或运行模型。,hf-transformers-modeling_llama-py,LlamaAttention.__init__,https://github.com/huggingface/transformers/blob/984bc11b0882ff1e5b34ba717ea357e069ceced9/src/transformers/models/llama/modeling_llama.py#L329-L362,"y=x @ W^T；权重按[输出,输入]；专家模板另用 N_e 动态 token 数",,
r1-distill-llama-8b,DeepSeek-R1-Distill-Llama-8B,decoder-19,decoder,18,19,GQA,decode,gqa,decode-gqa-attention-3,逻辑投影：model.layers.{i}.self_attn.o_proj.weight,"x=[B,L_q,4096]; W=[4096,4096]","y=[B,L_q,4096]",激活/中间精度见固定参考函数；存储类型只由文件头证据填写,16777216,本 checkpoint 全分片 header：291 张量；逻辑主干、MTP/DSpark、共享副本和量化元数据分开。未读取权重值或运行模型。,hf-transformers-modeling_llama-py,LlamaAttention.__init__,https://github.com/huggingface/transformers/blob/984bc11b0882ff1e5b34ba717ea357e069ceced9/src/transformers/models/llama/modeling_llama.py#L329-L362,"y=x @ W^T；权重按[输出,输入]；专家模板另用 N_e 动态 token 数",,
r1-distill-llama-8b,DeepSeek-R1-Distill-Llama-8B,decoder-19,decoder,18,19,GQA,decode,gqa,decode-gqa-ffn-0,逻辑投影：model.layers.{i}.mlp.gate_proj.weight,"x=[B,L_q,4096]; W=[14336,4096]","y=[B,L_q,14336]",激活/中间精度见固定参考函数；存储类型只由文件头证据填写,58720256,本 checkpoint 全分片 header：291 张量；逻辑主干、MTP/DSpark、共享副本和量化元数据分开。未读取权重值或运行模型。,hf-transformers-modeling_llama-py,LlamaMLP.__init__,https://github.com/huggingface/transformers/blob/984bc11b0882ff1e5b34ba717ea357e069ceced9/src/transformers/models/llama/modeling_llama.py#L281-L289,"y=x @ W^T；权重按[输出,输入]；专家模板另用 N_e 动态 token 数",,
r1-distill-llama-8b,DeepSeek-R1-Distill-Llama-8B,decoder-19,decoder,18,19,GQA,decode,gqa,decode-gqa-ffn-1,逻辑投影：model.layers.{i}.mlp.up_proj.weight,"x=[B,L_q,4096]; W=[14336,4096]","y=[B,L_q,14336]",激活/中间精度见固定参考函数；存储类型只由文件头证据填写,58720256,本 checkpoint 全分片 header：291 张量；逻辑主干、MTP/DSpark、共享副本和量化元数据分开。未读取权重值或运行模型。,hf-transformers-modeling_llama-py,LlamaMLP.__init__,https://github.com/huggingface/transformers/blob/984bc11b0882ff1e5b34ba717ea357e069ceced9/src/transformers/models/llama/modeling_llama.py#L281-L289,"y=x @ W^T；权重按[输出,输入]；专家模板另用 N_e 动态 token 数",,
r1-distill-llama-8b,DeepSeek-R1-Distill-Llama-8B,decoder-19,decoder,18,19,GQA,decode,gqa,decode-gqa-ffn-2,逻辑投影：model.layers.{i}.mlp.down_proj.weight,"x=[B,L_q,14336]; W=[4096,14336]","y=[B,L_q,4096]",激活/中间精度见固定参考函数；存储类型只由文件头证据填写,58720256,本 checkpoint 全分片 header：291 张量；逻辑主干、MTP/DSpark、共享副本和量化元数据分开。未读取权重值或运行模型。,hf-transformers-modeling_llama-py,LlamaMLP.__init__,https://github.com/huggingface/transformers/blob/984bc11b0882ff1e5b34ba717ea357e069ceced9/src/transformers/models/llama/modeling_llama.py#L281-L289,"y=x @ W^T；权重按[输出,输入]；专家模板另用 N_e 动态 token 数",,
r1-distill-llama-8b,DeepSeek-R1-Distill-Llama-8B,decoder-19,decoder,18,19,GQA,decode,gqa,decode-gqa-norm-0,向量参数：model.layers.{i}.input_layernorm.weight,parameter=[4096],parameter=[4096],激活/中间精度见固定参考函数；存储类型只由文件头证据填写,4096,本 checkpoint 全分片 header：291 张量；逻辑主干、MTP/DSpark、共享副本和量化元数据分开。未读取权重值或运行模型。,hf-transformers-modeling_llama-py,LlamaDecoderLayer.__init__,https://github.com/huggingface/transformers/blob/984bc11b0882ff1e5b34ba717ea357e069ceced9/src/transformers/models/llama/modeling_llama.py#L685-L693,参数声明；具体 norm、bias、sink 或 mix scale 计算由后续数据流说明,,
r1-distill-llama-8b,DeepSeek-R1-Distill-Llama-8B,decoder-19,decoder,18,19,GQA,decode,gqa,decode-gqa-norm-1,向量参数：model.layers.{i}.post_attention_layernorm.weight,parameter=[4096],parameter=[4096],激活/中间精度见固定参考函数；存储类型只由文件头证据填写,4096,本 checkpoint 全分片 header：291 张量；逻辑主干、MTP/DSpark、共享副本和量化元数据分开。未读取权重值或运行模型。,hf-transformers-modeling_llama-py,LlamaDecoderLayer.__init__,https://github.com/huggingface/transformers/blob/984bc11b0882ff1e5b34ba717ea357e069ceced9/src/transformers/models/llama/modeling_llama.py#L685-L693,参数声明；具体 norm、bias、sink 或 mix scale 计算由后续数据流说明,,
r1-distill-llama-8b,DeepSeek-R1-Distill-Llama-8B,decoder-19,decoder,18,19,GQA,decode,gqa,decode-gqa-gqa-scores,GQA Key/Value 广播与 attention,"Q=[B,32,L_q,128]; K_cache=[B,8,L_kv,128]; V_cache=[B,8,L_kv,128]","scores=[B,32,L_q,L_kv]; out=[B,32,L_q,128]",激活/中间精度见固定参考函数；存储类型只由文件头证据填写,0,本 checkpoint 全分片 header：291 张量；逻辑主干、MTP/DSpark、共享副本和量化元数据分开。未读取权重值或运行模型。,hf-transformers-modeling_llama-py,LlamaAttention.forward,https://github.com/huggingface/transformers/blob/984bc11b0882ff1e5b34ba717ea357e069ceced9/src/transformers/models/llama/modeling_llama.py#L364-L455,RoPE → cache.update → repeat_kv(N_head/N_KV) → QK^T/√D → mask/FP32 softmax → PV,,参考 eager 数学路径；实际 SDPA/FlashAttention、分页与设备分派另核验
r1-distill-llama-8b,DeepSeek-R1-Distill-Llama-8B,decoder-19,decoder,18,19,GQA,decode,gqa,decode-gqa-swiglu,Dense SwiGLU,"gate=[N_tok,14336]; up=[N_tok,14336]","act=[N_tok,14336]",激活/中间精度见固定参考函数；存储类型只由文件头证据填写,0,本 checkpoint 全分片 header：291 张量；逻辑主干、MTP/DSpark、共享副本和量化元数据分开。未读取权重值或运行模型。,hf-transformers-modeling_llama-py,LlamaMLP.forward,https://github.com/huggingface/transformers/blob/984bc11b0882ff1e5b34ba717ea357e069ceced9/src/transformers/models/llama/modeling_llama.py#L291-L311,SiLU(gate)*up → down；两次 pre-norm residual 分开,,
r1-distill-llama-8b,DeepSeek-R1-Distill-Llama-8B,decoder-20,decoder,19,20,GQA,prefill,gqa,prefill-gqa-attention-0,逻辑投影：model.layers.{i}.self_attn.q_proj.weight,"x=[B,L_q,4096]; W=[4096,4096]","y=[B,L_q,4096]",激活/中间精度见固定参考函数；存储类型只由文件头证据填写,16777216,本 checkpoint 全分片 header：291 张量；逻辑主干、MTP/DSpark、共享副本和量化元数据分开。未读取权重值或运行模型。,hf-transformers-modeling_llama-py,LlamaAttention.__init__,https://github.com/huggingface/transformers/blob/984bc11b0882ff1e5b34ba717ea357e069ceced9/src/transformers/models/llama/modeling_llama.py#L329-L362,"y=x @ W^T；权重按[输出,输入]；专家模板另用 N_e 动态 token 数",,
r1-distill-llama-8b,DeepSeek-R1-Distill-Llama-8B,decoder-20,decoder,19,20,GQA,prefill,gqa,prefill-gqa-attention-1,逻辑投影：model.layers.{i}.self_attn.k_proj.weight,"x=[B,L_q,4096]; W=[1024,4096]","y=[B,L_q,1024]",激活/中间精度见固定参考函数；存储类型只由文件头证据填写,4194304,本 checkpoint 全分片 header：291 张量；逻辑主干、MTP/DSpark、共享副本和量化元数据分开。未读取权重值或运行模型。,hf-transformers-modeling_llama-py,LlamaAttention.__init__,https://github.com/huggingface/transformers/blob/984bc11b0882ff1e5b34ba717ea357e069ceced9/src/transformers/models/llama/modeling_llama.py#L329-L362,"y=x @ W^T；权重按[输出,输入]；专家模板另用 N_e 动态 token 数",,
r1-distill-llama-8b,DeepSeek-R1-Distill-Llama-8B,decoder-20,decoder,19,20,GQA,prefill,gqa,prefill-gqa-attention-2,逻辑投影：model.layers.{i}.self_attn.v_proj.weight,"x=[B,L_q,4096]; W=[1024,4096]","y=[B,L_q,1024]",激活/中间精度见固定参考函数；存储类型只由文件头证据填写,4194304,本 checkpoint 全分片 header：291 张量；逻辑主干、MTP/DSpark、共享副本和量化元数据分开。未读取权重值或运行模型。,hf-transformers-modeling_llama-py,LlamaAttention.__init__,https://github.com/huggingface/transformers/blob/984bc11b0882ff1e5b34ba717ea357e069ceced9/src/transformers/models/llama/modeling_llama.py#L329-L362,"y=x @ W^T；权重按[输出,输入]；专家模板另用 N_e 动态 token 数",,
r1-distill-llama-8b,DeepSeek-R1-Distill-Llama-8B,decoder-20,decoder,19,20,GQA,prefill,gqa,prefill-gqa-attention-3,逻辑投影：model.layers.{i}.self_attn.o_proj.weight,"x=[B,L_q,4096]; W=[4096,4096]","y=[B,L_q,4096]",激活/中间精度见固定参考函数；存储类型只由文件头证据填写,16777216,本 checkpoint 全分片 header：291 张量；逻辑主干、MTP/DSpark、共享副本和量化元数据分开。未读取权重值或运行模型。,hf-transformers-modeling_llama-py,LlamaAttention.__init__,https://github.com/huggingface/transformers/blob/984bc11b0882ff1e5b34ba717ea357e069ceced9/src/transformers/models/llama/modeling_llama.py#L329-L362,"y=x @ W^T；权重按[输出,输入]；专家模板另用 N_e 动态 token 数",,
r1-distill-llama-8b,DeepSeek-R1-Distill-Llama-8B,decoder-20,decoder,19,20,GQA,prefill,gqa,prefill-gqa-ffn-0,逻辑投影：model.layers.{i}.mlp.gate_proj.weight,"x=[B,L_q,4096]; W=[14336,4096]","y=[B,L_q,14336]",激活/中间精度见固定参考函数；存储类型只由文件头证据填写,58720256,本 checkpoint 全分片 header：291 张量；逻辑主干、MTP/DSpark、共享副本和量化元数据分开。未读取权重值或运行模型。,hf-transformers-modeling_llama-py,LlamaMLP.__init__,https://github.com/huggingface/transformers/blob/984bc11b0882ff1e5b34ba717ea357e069ceced9/src/transformers/models/llama/modeling_llama.py#L281-L289,"y=x @ W^T；权重按[输出,输入]；专家模板另用 N_e 动态 token 数",,
r1-distill-llama-8b,DeepSeek-R1-Distill-Llama-8B,decoder-20,decoder,19,20,GQA,prefill,gqa,prefill-gqa-ffn-1,逻辑投影：model.layers.{i}.mlp.up_proj.weight,"x=[B,L_q,4096]; W=[14336,4096]","y=[B,L_q,14336]",激活/中间精度见固定参考函数；存储类型只由文件头证据填写,58720256,本 checkpoint 全分片 header：291 张量；逻辑主干、MTP/DSpark、共享副本和量化元数据分开。未读取权重值或运行模型。,hf-transformers-modeling_llama-py,LlamaMLP.__init__,https://github.com/huggingface/transformers/blob/984bc11b0882ff1e5b34ba717ea357e069ceced9/src/transformers/models/llama/modeling_llama.py#L281-L289,"y=x @ W^T；权重按[输出,输入]；专家模板另用 N_e 动态 token 数",,
r1-distill-llama-8b,DeepSeek-R1-Distill-Llama-8B,decoder-20,decoder,19,20,GQA,prefill,gqa,prefill-gqa-ffn-2,逻辑投影：model.layers.{i}.mlp.down_proj.weight,"x=[B,L_q,14336]; W=[4096,14336]","y=[B,L_q,4096]",激活/中间精度见固定参考函数；存储类型只由文件头证据填写,58720256,本 checkpoint 全分片 header：291 张量；逻辑主干、MTP/DSpark、共享副本和量化元数据分开。未读取权重值或运行模型。,hf-transformers-modeling_llama-py,LlamaMLP.__init__,https://github.com/huggingface/transformers/blob/984bc11b0882ff1e5b34ba717ea357e069ceced9/src/transformers/models/llama/modeling_llama.py#L281-L289,"y=x @ W^T；权重按[输出,输入]；专家模板另用 N_e 动态 token 数",,
r1-distill-llama-8b,DeepSeek-R1-Distill-Llama-8B,decoder-20,decoder,19,20,GQA,prefill,gqa,prefill-gqa-norm-0,向量参数：model.layers.{i}.input_layernorm.weight,parameter=[4096],parameter=[4096],激活/中间精度见固定参考函数；存储类型只由文件头证据填写,4096,本 checkpoint 全分片 header：291 张量；逻辑主干、MTP/DSpark、共享副本和量化元数据分开。未读取权重值或运行模型。,hf-transformers-modeling_llama-py,LlamaDecoderLayer.__init__,https://github.com/huggingface/transformers/blob/984bc11b0882ff1e5b34ba717ea357e069ceced9/src/transformers/models/llama/modeling_llama.py#L685-L693,参数声明；具体 norm、bias、sink 或 mix scale 计算由后续数据流说明,,
r1-distill-llama-8b,DeepSeek-R1-Distill-Llama-8B,decoder-20,decoder,19,20,GQA,prefill,gqa,prefill-gqa-norm-1,向量参数：model.layers.{i}.post_attention_layernorm.weight,parameter=[4096],parameter=[4096],激活/中间精度见固定参考函数；存储类型只由文件头证据填写,4096,本 checkpoint 全分片 header：291 张量；逻辑主干、MTP/DSpark、共享副本和量化元数据分开。未读取权重值或运行模型。,hf-transformers-modeling_llama-py,LlamaDecoderLayer.__init__,https://github.com/huggingface/transformers/blob/984bc11b0882ff1e5b34ba717ea357e069ceced9/src/transformers/models/llama/modeling_llama.py#L685-L693,参数声明；具体 norm、bias、sink 或 mix scale 计算由后续数据流说明,,
r1-distill-llama-8b,DeepSeek-R1-Distill-Llama-8B,decoder-20,decoder,19,20,GQA,prefill,gqa,prefill-gqa-gqa-scores,GQA Key/Value 广播与 attention,"Q=[B,32,L_q,128]; K_cache=[B,8,L_kv,128]; V_cache=[B,8,L_kv,128]","scores=[B,32,L_q,L_kv]; out=[B,32,L_q,128]",激活/中间精度见固定参考函数；存储类型只由文件头证据填写,0,本 checkpoint 全分片 header：291 张量；逻辑主干、MTP/DSpark、共享副本和量化元数据分开。未读取权重值或运行模型。,hf-transformers-modeling_llama-py,LlamaAttention.forward,https://github.com/huggingface/transformers/blob/984bc11b0882ff1e5b34ba717ea357e069ceced9/src/transformers/models/llama/modeling_llama.py#L364-L455,RoPE → cache.update → repeat_kv(N_head/N_KV) → QK^T/√D → mask/FP32 softmax → PV,,参考 eager 数学路径；实际 SDPA/FlashAttention、分页与设备分派另核验
r1-distill-llama-8b,DeepSeek-R1-Distill-Llama-8B,decoder-20,decoder,19,20,GQA,prefill,gqa,prefill-gqa-swiglu,Dense SwiGLU,"gate=[N_tok,14336]; up=[N_tok,14336]","act=[N_tok,14336]",激活/中间精度见固定参考函数；存储类型只由文件头证据填写,0,本 checkpoint 全分片 header：291 张量；逻辑主干、MTP/DSpark、共享副本和量化元数据分开。未读取权重值或运行模型。,hf-transformers-modeling_llama-py,LlamaMLP.forward,https://github.com/huggingface/transformers/blob/984bc11b0882ff1e5b34ba717ea357e069ceced9/src/transformers/models/llama/modeling_llama.py#L291-L311,SiLU(gate)*up → down；两次 pre-norm residual 分开,,
r1-distill-llama-8b,DeepSeek-R1-Distill-Llama-8B,decoder-20,decoder,19,20,GQA,decode,gqa,decode-gqa-attention-0,逻辑投影：model.layers.{i}.self_attn.q_proj.weight,"x=[B,L_q,4096]; W=[4096,4096]","y=[B,L_q,4096]",激活/中间精度见固定参考函数；存储类型只由文件头证据填写,16777216,本 checkpoint 全分片 header：291 张量；逻辑主干、MTP/DSpark、共享副本和量化元数据分开。未读取权重值或运行模型。,hf-transformers-modeling_llama-py,LlamaAttention.__init__,https://github.com/huggingface/transformers/blob/984bc11b0882ff1e5b34ba717ea357e069ceced9/src/transformers/models/llama/modeling_llama.py#L329-L362,"y=x @ W^T；权重按[输出,输入]；专家模板另用 N_e 动态 token 数",,
r1-distill-llama-8b,DeepSeek-R1-Distill-Llama-8B,decoder-20,decoder,19,20,GQA,decode,gqa,decode-gqa-attention-1,逻辑投影：model.layers.{i}.self_attn.k_proj.weight,"x=[B,L_q,4096]; W=[1024,4096]","y=[B,L_q,1024]",激活/中间精度见固定参考函数；存储类型只由文件头证据填写,4194304,本 checkpoint 全分片 header：291 张量；逻辑主干、MTP/DSpark、共享副本和量化元数据分开。未读取权重值或运行模型。,hf-transformers-modeling_llama-py,LlamaAttention.__init__,https://github.com/huggingface/transformers/blob/984bc11b0882ff1e5b34ba717ea357e069ceced9/src/transformers/models/llama/modeling_llama.py#L329-L362,"y=x @ W^T；权重按[输出,输入]；专家模板另用 N_e 动态 token 数",,
r1-distill-llama-8b,DeepSeek-R1-Distill-Llama-8B,decoder-20,decoder,19,20,GQA,decode,gqa,decode-gqa-attention-2,逻辑投影：model.layers.{i}.self_attn.v_proj.weight,"x=[B,L_q,4096]; W=[1024,4096]","y=[B,L_q,1024]",激活/中间精度见固定参考函数；存储类型只由文件头证据填写,4194304,本 checkpoint 全分片 header：291 张量；逻辑主干、MTP/DSpark、共享副本和量化元数据分开。未读取权重值或运行模型。,hf-transformers-modeling_llama-py,LlamaAttention.__init__,https://github.com/huggingface/transformers/blob/984bc11b0882ff1e5b34ba717ea357e069ceced9/src/transformers/models/llama/modeling_llama.py#L329-L362,"y=x @ W^T；权重按[输出,输入]；专家模板另用 N_e 动态 token 数",,
r1-distill-llama-8b,DeepSeek-R1-Distill-Llama-8B,decoder-20,decoder,19,20,GQA,decode,gqa,decode-gqa-attention-3,逻辑投影：model.layers.{i}.self_attn.o_proj.weight,"x=[B,L_q,4096]; W=[4096,4096]","y=[B,L_q,4096]",激活/中间精度见固定参考函数；存储类型只由文件头证据填写,16777216,本 checkpoint 全分片 header：291 张量；逻辑主干、MTP/DSpark、共享副本和量化元数据分开。未读取权重值或运行模型。,hf-transformers-modeling_llama-py,LlamaAttention.__init__,https://github.com/huggingface/transformers/blob/984bc11b0882ff1e5b34ba717ea357e069ceced9/src/transformers/models/llama/modeling_llama.py#L329-L362,"y=x @ W^T；权重按[输出,输入]；专家模板另用 N_e 动态 token 数",,
r1-distill-llama-8b,DeepSeek-R1-Distill-Llama-8B,decoder-20,decoder,19,20,GQA,decode,gqa,decode-gqa-ffn-0,逻辑投影：model.layers.{i}.mlp.gate_proj.weight,"x=[B,L_q,4096]; W=[14336,4096]","y=[B,L_q,14336]",激活/中间精度见固定参考函数；存储类型只由文件头证据填写,58720256,本 checkpoint 全分片 header：291 张量；逻辑主干、MTP/DSpark、共享副本和量化元数据分开。未读取权重值或运行模型。,hf-transformers-modeling_llama-py,LlamaMLP.__init__,https://github.com/huggingface/transformers/blob/984bc11b0882ff1e5b34ba717ea357e069ceced9/src/transformers/models/llama/modeling_llama.py#L281-L289,"y=x @ W^T；权重按[输出,输入]；专家模板另用 N_e 动态 token 数",,
r1-distill-llama-8b,DeepSeek-R1-Distill-Llama-8B,decoder-20,decoder,19,20,GQA,decode,gqa,decode-gqa-ffn-1,逻辑投影：model.layers.{i}.mlp.up_proj.weight,"x=[B,L_q,4096]; W=[14336,4096]","y=[B,L_q,14336]",激活/中间精度见固定参考函数；存储类型只由文件头证据填写,58720256,本 checkpoint 全分片 header：291 张量；逻辑主干、MTP/DSpark、共享副本和量化元数据分开。未读取权重值或运行模型。,hf-transformers-modeling_llama-py,LlamaMLP.__init__,https://github.com/huggingface/transformers/blob/984bc11b0882ff1e5b34ba717ea357e069ceced9/src/transformers/models/llama/modeling_llama.py#L281-L289,"y=x @ W^T；权重按[输出,输入]；专家模板另用 N_e 动态 token 数",,
r1-distill-llama-8b,DeepSeek-R1-Distill-Llama-8B,decoder-20,decoder,19,20,GQA,decode,gqa,decode-gqa-ffn-2,逻辑投影：model.layers.{i}.mlp.down_proj.weight,"x=[B,L_q,14336]; W=[4096,14336]","y=[B,L_q,4096]",激活/中间精度见固定参考函数；存储类型只由文件头证据填写,58720256,本 checkpoint 全分片 header：291 张量；逻辑主干、MTP/DSpark、共享副本和量化元数据分开。未读取权重值或运行模型。,hf-transformers-modeling_llama-py,LlamaMLP.__init__,https://github.com/huggingface/transformers/blob/984bc11b0882ff1e5b34ba717ea357e069ceced9/src/transformers/models/llama/modeling_llama.py#L281-L289,"y=x @ W^T；权重按[输出,输入]；专家模板另用 N_e 动态 token 数",,
r1-distill-llama-8b,DeepSeek-R1-Distill-Llama-8B,decoder-20,decoder,19,20,GQA,decode,gqa,decode-gqa-norm-0,向量参数：model.layers.{i}.input_layernorm.weight,parameter=[4096],parameter=[4096],激活/中间精度见固定参考函数；存储类型只由文件头证据填写,4096,本 checkpoint 全分片 header：291 张量；逻辑主干、MTP/DSpark、共享副本和量化元数据分开。未读取权重值或运行模型。,hf-transformers-modeling_llama-py,LlamaDecoderLayer.__init__,https://github.com/huggingface/transformers/blob/984bc11b0882ff1e5b34ba717ea357e069ceced9/src/transformers/models/llama/modeling_llama.py#L685-L693,参数声明；具体 norm、bias、sink 或 mix scale 计算由后续数据流说明,,
r1-distill-llama-8b,DeepSeek-R1-Distill-Llama-8B,decoder-20,decoder,19,20,GQA,decode,gqa,decode-gqa-norm-1,向量参数：model.layers.{i}.post_attention_layernorm.weight,parameter=[4096],parameter=[4096],激活/中间精度见固定参考函数；存储类型只由文件头证据填写,4096,本 checkpoint 全分片 header：291 张量；逻辑主干、MTP/DSpark、共享副本和量化元数据分开。未读取权重值或运行模型。,hf-transformers-modeling_llama-py,LlamaDecoderLayer.__init__,https://github.com/huggingface/transformers/blob/984bc11b0882ff1e5b34ba717ea357e069ceced9/src/transformers/models/llama/modeling_llama.py#L685-L693,参数声明；具体 norm、bias、sink 或 mix scale 计算由后续数据流说明,,
r1-distill-llama-8b,DeepSeek-R1-Distill-Llama-8B,decoder-20,decoder,19,20,GQA,decode,gqa,decode-gqa-gqa-scores,GQA Key/Value 广播与 attention,"Q=[B,32,L_q,128]; K_cache=[B,8,L_kv,128]; V_cache=[B,8,L_kv,128]","scores=[B,32,L_q,L_kv]; out=[B,32,L_q,128]",激活/中间精度见固定参考函数；存储类型只由文件头证据填写,0,本 checkpoint 全分片 header：291 张量；逻辑主干、MTP/DSpark、共享副本和量化元数据分开。未读取权重值或运行模型。,hf-transformers-modeling_llama-py,LlamaAttention.forward,https://github.com/huggingface/transformers/blob/984bc11b0882ff1e5b34ba717ea357e069ceced9/src/transformers/models/llama/modeling_llama.py#L364-L455,RoPE → cache.update → repeat_kv(N_head/N_KV) → QK^T/√D → mask/FP32 softmax → PV,,参考 eager 数学路径；实际 SDPA/FlashAttention、分页与设备分派另核验
r1-distill-llama-8b,DeepSeek-R1-Distill-Llama-8B,decoder-20,decoder,19,20,GQA,decode,gqa,decode-gqa-swiglu,Dense SwiGLU,"gate=[N_tok,14336]; up=[N_tok,14336]","act=[N_tok,14336]",激活/中间精度见固定参考函数；存储类型只由文件头证据填写,0,本 checkpoint 全分片 header：291 张量；逻辑主干、MTP/DSpark、共享副本和量化元数据分开。未读取权重值或运行模型。,hf-transformers-modeling_llama-py,LlamaMLP.forward,https://github.com/huggingface/transformers/blob/984bc11b0882ff1e5b34ba717ea357e069ceced9/src/transformers/models/llama/modeling_llama.py#L291-L311,SiLU(gate)*up → down；两次 pre-norm residual 分开,,
r1-distill-llama-8b,DeepSeek-R1-Distill-Llama-8B,decoder-21,decoder,20,21,GQA,prefill,gqa,prefill-gqa-attention-0,逻辑投影：model.layers.{i}.self_attn.q_proj.weight,"x=[B,L_q,4096]; W=[4096,4096]","y=[B,L_q,4096]",激活/中间精度见固定参考函数；存储类型只由文件头证据填写,16777216,本 checkpoint 全分片 header：291 张量；逻辑主干、MTP/DSpark、共享副本和量化元数据分开。未读取权重值或运行模型。,hf-transformers-modeling_llama-py,LlamaAttention.__init__,https://github.com/huggingface/transformers/blob/984bc11b0882ff1e5b34ba717ea357e069ceced9/src/transformers/models/llama/modeling_llama.py#L329-L362,"y=x @ W^T；权重按[输出,输入]；专家模板另用 N_e 动态 token 数",,
r1-distill-llama-8b,DeepSeek-R1-Distill-Llama-8B,decoder-21,decoder,20,21,GQA,prefill,gqa,prefill-gqa-attention-1,逻辑投影：model.layers.{i}.self_attn.k_proj.weight,"x=[B,L_q,4096]; W=[1024,4096]","y=[B,L_q,1024]",激活/中间精度见固定参考函数；存储类型只由文件头证据填写,4194304,本 checkpoint 全分片 header：291 张量；逻辑主干、MTP/DSpark、共享副本和量化元数据分开。未读取权重值或运行模型。,hf-transformers-modeling_llama-py,LlamaAttention.__init__,https://github.com/huggingface/transformers/blob/984bc11b0882ff1e5b34ba717ea357e069ceced9/src/transformers/models/llama/modeling_llama.py#L329-L362,"y=x @ W^T；权重按[输出,输入]；专家模板另用 N_e 动态 token 数",,
r1-distill-llama-8b,DeepSeek-R1-Distill-Llama-8B,decoder-21,decoder,20,21,GQA,prefill,gqa,prefill-gqa-attention-2,逻辑投影：model.layers.{i}.self_attn.v_proj.weight,"x=[B,L_q,4096]; W=[1024,4096]","y=[B,L_q,1024]",激活/中间精度见固定参考函数；存储类型只由文件头证据填写,4194304,本 checkpoint 全分片 header：291 张量；逻辑主干、MTP/DSpark、共享副本和量化元数据分开。未读取权重值或运行模型。,hf-transformers-modeling_llama-py,LlamaAttention.__init__,https://github.com/huggingface/transformers/blob/984bc11b0882ff1e5b34ba717ea357e069ceced9/src/transformers/models/llama/modeling_llama.py#L329-L362,"y=x @ W^T；权重按[输出,输入]；专家模板另用 N_e 动态 token 数",,
r1-distill-llama-8b,DeepSeek-R1-Distill-Llama-8B,decoder-21,decoder,20,21,GQA,prefill,gqa,prefill-gqa-attention-3,逻辑投影：model.layers.{i}.self_attn.o_proj.weight,"x=[B,L_q,4096]; W=[4096,4096]","y=[B,L_q,4096]",激活/中间精度见固定参考函数；存储类型只由文件头证据填写,16777216,本 checkpoint 全分片 header：291 张量；逻辑主干、MTP/DSpark、共享副本和量化元数据分开。未读取权重值或运行模型。,hf-transformers-modeling_llama-py,LlamaAttention.__init__,https://github.com/huggingface/transformers/blob/984bc11b0882ff1e5b34ba717ea357e069ceced9/src/transformers/models/llama/modeling_llama.py#L329-L362,"y=x @ W^T；权重按[输出,输入]；专家模板另用 N_e 动态 token 数",,
r1-distill-llama-8b,DeepSeek-R1-Distill-Llama-8B,decoder-21,decoder,20,21,GQA,prefill,gqa,prefill-gqa-ffn-0,逻辑投影：model.layers.{i}.mlp.gate_proj.weight,"x=[B,L_q,4096]; W=[14336,4096]","y=[B,L_q,14336]",激活/中间精度见固定参考函数；存储类型只由文件头证据填写,58720256,本 checkpoint 全分片 header：291 张量；逻辑主干、MTP/DSpark、共享副本和量化元数据分开。未读取权重值或运行模型。,hf-transformers-modeling_llama-py,LlamaMLP.__init__,https://github.com/huggingface/transformers/blob/984bc11b0882ff1e5b34ba717ea357e069ceced9/src/transformers/models/llama/modeling_llama.py#L281-L289,"y=x @ W^T；权重按[输出,输入]；专家模板另用 N_e 动态 token 数",,
r1-distill-llama-8b,DeepSeek-R1-Distill-Llama-8B,decoder-21,decoder,20,21,GQA,prefill,gqa,prefill-gqa-ffn-1,逻辑投影：model.layers.{i}.mlp.up_proj.weight,"x=[B,L_q,4096]; W=[14336,4096]","y=[B,L_q,14336]",激活/中间精度见固定参考函数；存储类型只由文件头证据填写,58720256,本 checkpoint 全分片 header：291 张量；逻辑主干、MTP/DSpark、共享副本和量化元数据分开。未读取权重值或运行模型。,hf-transformers-modeling_llama-py,LlamaMLP.__init__,https://github.com/huggingface/transformers/blob/984bc11b0882ff1e5b34ba717ea357e069ceced9/src/transformers/models/llama/modeling_llama.py#L281-L289,"y=x @ W^T；权重按[输出,输入]；专家模板另用 N_e 动态 token 数",,
r1-distill-llama-8b,DeepSeek-R1-Distill-Llama-8B,decoder-21,decoder,20,21,GQA,prefill,gqa,prefill-gqa-ffn-2,逻辑投影：model.layers.{i}.mlp.down_proj.weight,"x=[B,L_q,14336]; W=[4096,14336]","y=[B,L_q,4096]",激活/中间精度见固定参考函数；存储类型只由文件头证据填写,58720256,本 checkpoint 全分片 header：291 张量；逻辑主干、MTP/DSpark、共享副本和量化元数据分开。未读取权重值或运行模型。,hf-transformers-modeling_llama-py,LlamaMLP.__init__,https://github.com/huggingface/transformers/blob/984bc11b0882ff1e5b34ba717ea357e069ceced9/src/transformers/models/llama/modeling_llama.py#L281-L289,"y=x @ W^T；权重按[输出,输入]；专家模板另用 N_e 动态 token 数",,
r1-distill-llama-8b,DeepSeek-R1-Distill-Llama-8B,decoder-21,decoder,20,21,GQA,prefill,gqa,prefill-gqa-norm-0,向量参数：model.layers.{i}.input_layernorm.weight,parameter=[4096],parameter=[4096],激活/中间精度见固定参考函数；存储类型只由文件头证据填写,4096,本 checkpoint 全分片 header：291 张量；逻辑主干、MTP/DSpark、共享副本和量化元数据分开。未读取权重值或运行模型。,hf-transformers-modeling_llama-py,LlamaDecoderLayer.__init__,https://github.com/huggingface/transformers/blob/984bc11b0882ff1e5b34ba717ea357e069ceced9/src/transformers/models/llama/modeling_llama.py#L685-L693,参数声明；具体 norm、bias、sink 或 mix scale 计算由后续数据流说明,,
r1-distill-llama-8b,DeepSeek-R1-Distill-Llama-8B,decoder-21,decoder,20,21,GQA,prefill,gqa,prefill-gqa-norm-1,向量参数：model.layers.{i}.post_attention_layernorm.weight,parameter=[4096],parameter=[4096],激活/中间精度见固定参考函数；存储类型只由文件头证据填写,4096,本 checkpoint 全分片 header：291 张量；逻辑主干、MTP/DSpark、共享副本和量化元数据分开。未读取权重值或运行模型。,hf-transformers-modeling_llama-py,LlamaDecoderLayer.__init__,https://github.com/huggingface/transformers/blob/984bc11b0882ff1e5b34ba717ea357e069ceced9/src/transformers/models/llama/modeling_llama.py#L685-L693,参数声明；具体 norm、bias、sink 或 mix scale 计算由后续数据流说明,,
r1-distill-llama-8b,DeepSeek-R1-Distill-Llama-8B,decoder-21,decoder,20,21,GQA,prefill,gqa,prefill-gqa-gqa-scores,GQA Key/Value 广播与 attention,"Q=[B,32,L_q,128]; K_cache=[B,8,L_kv,128]; V_cache=[B,8,L_kv,128]","scores=[B,32,L_q,L_kv]; out=[B,32,L_q,128]",激活/中间精度见固定参考函数；存储类型只由文件头证据填写,0,本 checkpoint 全分片 header：291 张量；逻辑主干、MTP/DSpark、共享副本和量化元数据分开。未读取权重值或运行模型。,hf-transformers-modeling_llama-py,LlamaAttention.forward,https://github.com/huggingface/transformers/blob/984bc11b0882ff1e5b34ba717ea357e069ceced9/src/transformers/models/llama/modeling_llama.py#L364-L455,RoPE → cache.update → repeat_kv(N_head/N_KV) → QK^T/√D → mask/FP32 softmax → PV,,参考 eager 数学路径；实际 SDPA/FlashAttention、分页与设备分派另核验
r1-distill-llama-8b,DeepSeek-R1-Distill-Llama-8B,decoder-21,decoder,20,21,GQA,prefill,gqa,prefill-gqa-swiglu,Dense SwiGLU,"gate=[N_tok,14336]; up=[N_tok,14336]","act=[N_tok,14336]",激活/中间精度见固定参考函数；存储类型只由文件头证据填写,0,本 checkpoint 全分片 header：291 张量；逻辑主干、MTP/DSpark、共享副本和量化元数据分开。未读取权重值或运行模型。,hf-transformers-modeling_llama-py,LlamaMLP.forward,https://github.com/huggingface/transformers/blob/984bc11b0882ff1e5b34ba717ea357e069ceced9/src/transformers/models/llama/modeling_llama.py#L291-L311,SiLU(gate)*up → down；两次 pre-norm residual 分开,,
r1-distill-llama-8b,DeepSeek-R1-Distill-Llama-8B,decoder-21,decoder,20,21,GQA,decode,gqa,decode-gqa-attention-0,逻辑投影：model.layers.{i}.self_attn.q_proj.weight,"x=[B,L_q,4096]; W=[4096,4096]","y=[B,L_q,4096]",激活/中间精度见固定参考函数；存储类型只由文件头证据填写,16777216,本 checkpoint 全分片 header：291 张量；逻辑主干、MTP/DSpark、共享副本和量化元数据分开。未读取权重值或运行模型。,hf-transformers-modeling_llama-py,LlamaAttention.__init__,https://github.com/huggingface/transformers/blob/984bc11b0882ff1e5b34ba717ea357e069ceced9/src/transformers/models/llama/modeling_llama.py#L329-L362,"y=x @ W^T；权重按[输出,输入]；专家模板另用 N_e 动态 token 数",,
r1-distill-llama-8b,DeepSeek-R1-Distill-Llama-8B,decoder-21,decoder,20,21,GQA,decode,gqa,decode-gqa-attention-1,逻辑投影：model.layers.{i}.self_attn.k_proj.weight,"x=[B,L_q,4096]; W=[1024,4096]","y=[B,L_q,1024]",激活/中间精度见固定参考函数；存储类型只由文件头证据填写,4194304,本 checkpoint 全分片 header：291 张量；逻辑主干、MTP/DSpark、共享副本和量化元数据分开。未读取权重值或运行模型。,hf-transformers-modeling_llama-py,LlamaAttention.__init__,https://github.com/huggingface/transformers/blob/984bc11b0882ff1e5b34ba717ea357e069ceced9/src/transformers/models/llama/modeling_llama.py#L329-L362,"y=x @ W^T；权重按[输出,输入]；专家模板另用 N_e 动态 token 数",,
r1-distill-llama-8b,DeepSeek-R1-Distill-Llama-8B,decoder-21,decoder,20,21,GQA,decode,gqa,decode-gqa-attention-2,逻辑投影：model.layers.{i}.self_attn.v_proj.weight,"x=[B,L_q,4096]; W=[1024,4096]","y=[B,L_q,1024]",激活/中间精度见固定参考函数；存储类型只由文件头证据填写,4194304,本 checkpoint 全分片 header：291 张量；逻辑主干、MTP/DSpark、共享副本和量化元数据分开。未读取权重值或运行模型。,hf-transformers-modeling_llama-py,LlamaAttention.__init__,https://github.com/huggingface/transformers/blob/984bc11b0882ff1e5b34ba717ea357e069ceced9/src/transformers/models/llama/modeling_llama.py#L329-L362,"y=x @ W^T；权重按[输出,输入]；专家模板另用 N_e 动态 token 数",,
r1-distill-llama-8b,DeepSeek-R1-Distill-Llama-8B,decoder-21,decoder,20,21,GQA,decode,gqa,decode-gqa-attention-3,逻辑投影：model.layers.{i}.self_attn.o_proj.weight,"x=[B,L_q,4096]; W=[4096,4096]","y=[B,L_q,4096]",激活/中间精度见固定参考函数；存储类型只由文件头证据填写,16777216,本 checkpoint 全分片 header：291 张量；逻辑主干、MTP/DSpark、共享副本和量化元数据分开。未读取权重值或运行模型。,hf-transformers-modeling_llama-py,LlamaAttention.__init__,https://github.com/huggingface/transformers/blob/984bc11b0882ff1e5b34ba717ea357e069ceced9/src/transformers/models/llama/modeling_llama.py#L329-L362,"y=x @ W^T；权重按[输出,输入]；专家模板另用 N_e 动态 token 数",,
r1-distill-llama-8b,DeepSeek-R1-Distill-Llama-8B,decoder-21,decoder,20,21,GQA,decode,gqa,decode-gqa-ffn-0,逻辑投影：model.layers.{i}.mlp.gate_proj.weight,"x=[B,L_q,4096]; W=[14336,4096]","y=[B,L_q,14336]",激活/中间精度见固定参考函数；存储类型只由文件头证据填写,58720256,本 checkpoint 全分片 header：291 张量；逻辑主干、MTP/DSpark、共享副本和量化元数据分开。未读取权重值或运行模型。,hf-transformers-modeling_llama-py,LlamaMLP.__init__,https://github.com/huggingface/transformers/blob/984bc11b0882ff1e5b34ba717ea357e069ceced9/src/transformers/models/llama/modeling_llama.py#L281-L289,"y=x @ W^T；权重按[输出,输入]；专家模板另用 N_e 动态 token 数",,
r1-distill-llama-8b,DeepSeek-R1-Distill-Llama-8B,decoder-21,decoder,20,21,GQA,decode,gqa,decode-gqa-ffn-1,逻辑投影：model.layers.{i}.mlp.up_proj.weight,"x=[B,L_q,4096]; W=[14336,4096]","y=[B,L_q,14336]",激活/中间精度见固定参考函数；存储类型只由文件头证据填写,58720256,本 checkpoint 全分片 header：291 张量；逻辑主干、MTP/DSpark、共享副本和量化元数据分开。未读取权重值或运行模型。,hf-transformers-modeling_llama-py,LlamaMLP.__init__,https://github.com/huggingface/transformers/blob/984bc11b0882ff1e5b34ba717ea357e069ceced9/src/transformers/models/llama/modeling_llama.py#L281-L289,"y=x @ W^T；权重按[输出,输入]；专家模板另用 N_e 动态 token 数",,
r1-distill-llama-8b,DeepSeek-R1-Distill-Llama-8B,decoder-21,decoder,20,21,GQA,decode,gqa,decode-gqa-ffn-2,逻辑投影：model.layers.{i}.mlp.down_proj.weight,"x=[B,L_q,14336]; W=[4096,14336]","y=[B,L_q,4096]",激活/中间精度见固定参考函数；存储类型只由文件头证据填写,58720256,本 checkpoint 全分片 header：291 张量；逻辑主干、MTP/DSpark、共享副本和量化元数据分开。未读取权重值或运行模型。,hf-transformers-modeling_llama-py,LlamaMLP.__init__,https://github.com/huggingface/transformers/blob/984bc11b0882ff1e5b34ba717ea357e069ceced9/src/transformers/models/llama/modeling_llama.py#L281-L289,"y=x @ W^T；权重按[输出,输入]；专家模板另用 N_e 动态 token 数",,
r1-distill-llama-8b,DeepSeek-R1-Distill-Llama-8B,decoder-21,decoder,20,21,GQA,decode,gqa,decode-gqa-norm-0,向量参数：model.layers.{i}.input_layernorm.weight,parameter=[4096],parameter=[4096],激活/中间精度见固定参考函数；存储类型只由文件头证据填写,4096,本 checkpoint 全分片 header：291 张量；逻辑主干、MTP/DSpark、共享副本和量化元数据分开。未读取权重值或运行模型。,hf-transformers-modeling_llama-py,LlamaDecoderLayer.__init__,https://github.com/huggingface/transformers/blob/984bc11b0882ff1e5b34ba717ea357e069ceced9/src/transformers/models/llama/modeling_llama.py#L685-L693,参数声明；具体 norm、bias、sink 或 mix scale 计算由后续数据流说明,,
r1-distill-llama-8b,DeepSeek-R1-Distill-Llama-8B,decoder-21,decoder,20,21,GQA,decode,gqa,decode-gqa-norm-1,向量参数：model.layers.{i}.post_attention_layernorm.weight,parameter=[4096],parameter=[4096],激活/中间精度见固定参考函数；存储类型只由文件头证据填写,4096,本 checkpoint 全分片 header：291 张量；逻辑主干、MTP/DSpark、共享副本和量化元数据分开。未读取权重值或运行模型。,hf-transformers-modeling_llama-py,LlamaDecoderLayer.__init__,https://github.com/huggingface/transformers/blob/984bc11b0882ff1e5b34ba717ea357e069ceced9/src/transformers/models/llama/modeling_llama.py#L685-L693,参数声明；具体 norm、bias、sink 或 mix scale 计算由后续数据流说明,,
r1-distill-llama-8b,DeepSeek-R1-Distill-Llama-8B,decoder-21,decoder,20,21,GQA,decode,gqa,decode-gqa-gqa-scores,GQA Key/Value 广播与 attention,"Q=[B,32,L_q,128]; K_cache=[B,8,L_kv,128]; V_cache=[B,8,L_kv,128]","scores=[B,32,L_q,L_kv]; out=[B,32,L_q,128]",激活/中间精度见固定参考函数；存储类型只由文件头证据填写,0,本 checkpoint 全分片 header：291 张量；逻辑主干、MTP/DSpark、共享副本和量化元数据分开。未读取权重值或运行模型。,hf-transformers-modeling_llama-py,LlamaAttention.forward,https://github.com/huggingface/transformers/blob/984bc11b0882ff1e5b34ba717ea357e069ceced9/src/transformers/models/llama/modeling_llama.py#L364-L455,RoPE → cache.update → repeat_kv(N_head/N_KV) → QK^T/√D → mask/FP32 softmax → PV,,参考 eager 数学路径；实际 SDPA/FlashAttention、分页与设备分派另核验
r1-distill-llama-8b,DeepSeek-R1-Distill-Llama-8B,decoder-21,decoder,20,21,GQA,decode,gqa,decode-gqa-swiglu,Dense SwiGLU,"gate=[N_tok,14336]; up=[N_tok,14336]","act=[N_tok,14336]",激活/中间精度见固定参考函数；存储类型只由文件头证据填写,0,本 checkpoint 全分片 header：291 张量；逻辑主干、MTP/DSpark、共享副本和量化元数据分开。未读取权重值或运行模型。,hf-transformers-modeling_llama-py,LlamaMLP.forward,https://github.com/huggingface/transformers/blob/984bc11b0882ff1e5b34ba717ea357e069ceced9/src/transformers/models/llama/modeling_llama.py#L291-L311,SiLU(gate)*up → down；两次 pre-norm residual 分开,,
r1-distill-llama-8b,DeepSeek-R1-Distill-Llama-8B,decoder-22,decoder,21,22,GQA,prefill,gqa,prefill-gqa-attention-0,逻辑投影：model.layers.{i}.self_attn.q_proj.weight,"x=[B,L_q,4096]; W=[4096,4096]","y=[B,L_q,4096]",激活/中间精度见固定参考函数；存储类型只由文件头证据填写,16777216,本 checkpoint 全分片 header：291 张量；逻辑主干、MTP/DSpark、共享副本和量化元数据分开。未读取权重值或运行模型。,hf-transformers-modeling_llama-py,LlamaAttention.__init__,https://github.com/huggingface/transformers/blob/984bc11b0882ff1e5b34ba717ea357e069ceced9/src/transformers/models/llama/modeling_llama.py#L329-L362,"y=x @ W^T；权重按[输出,输入]；专家模板另用 N_e 动态 token 数",,
r1-distill-llama-8b,DeepSeek-R1-Distill-Llama-8B,decoder-22,decoder,21,22,GQA,prefill,gqa,prefill-gqa-attention-1,逻辑投影：model.layers.{i}.self_attn.k_proj.weight,"x=[B,L_q,4096]; W=[1024,4096]","y=[B,L_q,1024]",激活/中间精度见固定参考函数；存储类型只由文件头证据填写,4194304,本 checkpoint 全分片 header：291 张量；逻辑主干、MTP/DSpark、共享副本和量化元数据分开。未读取权重值或运行模型。,hf-transformers-modeling_llama-py,LlamaAttention.__init__,https://github.com/huggingface/transformers/blob/984bc11b0882ff1e5b34ba717ea357e069ceced9/src/transformers/models/llama/modeling_llama.py#L329-L362,"y=x @ W^T；权重按[输出,输入]；专家模板另用 N_e 动态 token 数",,
r1-distill-llama-8b,DeepSeek-R1-Distill-Llama-8B,decoder-22,decoder,21,22,GQA,prefill,gqa,prefill-gqa-attention-2,逻辑投影：model.layers.{i}.self_attn.v_proj.weight,"x=[B,L_q,4096]; W=[1024,4096]","y=[B,L_q,1024]",激活/中间精度见固定参考函数；存储类型只由文件头证据填写,4194304,本 checkpoint 全分片 header：291 张量；逻辑主干、MTP/DSpark、共享副本和量化元数据分开。未读取权重值或运行模型。,hf-transformers-modeling_llama-py,LlamaAttention.__init__,https://github.com/huggingface/transformers/blob/984bc11b0882ff1e5b34ba717ea357e069ceced9/src/transformers/models/llama/modeling_llama.py#L329-L362,"y=x @ W^T；权重按[输出,输入]；专家模板另用 N_e 动态 token 数",,
r1-distill-llama-8b,DeepSeek-R1-Distill-Llama-8B,decoder-22,decoder,21,22,GQA,prefill,gqa,prefill-gqa-attention-3,逻辑投影：model.layers.{i}.self_attn.o_proj.weight,"x=[B,L_q,4096]; W=[4096,4096]","y=[B,L_q,4096]",激活/中间精度见固定参考函数；存储类型只由文件头证据填写,16777216,本 checkpoint 全分片 header：291 张量；逻辑主干、MTP/DSpark、共享副本和量化元数据分开。未读取权重值或运行模型。,hf-transformers-modeling_llama-py,LlamaAttention.__init__,https://github.com/huggingface/transformers/blob/984bc11b0882ff1e5b34ba717ea357e069ceced9/src/transformers/models/llama/modeling_llama.py#L329-L362,"y=x @ W^T；权重按[输出,输入]；专家模板另用 N_e 动态 token 数",,
r1-distill-llama-8b,DeepSeek-R1-Distill-Llama-8B,decoder-22,decoder,21,22,GQA,prefill,gqa,prefill-gqa-ffn-0,逻辑投影：model.layers.{i}.mlp.gate_proj.weight,"x=[B,L_q,4096]; W=[14336,4096]","y=[B,L_q,14336]",激活/中间精度见固定参考函数；存储类型只由文件头证据填写,58720256,本 checkpoint 全分片 header：291 张量；逻辑主干、MTP/DSpark、共享副本和量化元数据分开。未读取权重值或运行模型。,hf-transformers-modeling_llama-py,LlamaMLP.__init__,https://github.com/huggingface/transformers/blob/984bc11b0882ff1e5b34ba717ea357e069ceced9/src/transformers/models/llama/modeling_llama.py#L281-L289,"y=x @ W^T；权重按[输出,输入]；专家模板另用 N_e 动态 token 数",,
r1-distill-llama-8b,DeepSeek-R1-Distill-Llama-8B,decoder-22,decoder,21,22,GQA,prefill,gqa,prefill-gqa-ffn-1,逻辑投影：model.layers.{i}.mlp.up_proj.weight,"x=[B,L_q,4096]; W=[14336,4096]","y=[B,L_q,14336]",激活/中间精度见固定参考函数；存储类型只由文件头证据填写,58720256,本 checkpoint 全分片 header：291 张量；逻辑主干、MTP/DSpark、共享副本和量化元数据分开。未读取权重值或运行模型。,hf-transformers-modeling_llama-py,LlamaMLP.__init__,https://github.com/huggingface/transformers/blob/984bc11b0882ff1e5b34ba717ea357e069ceced9/src/transformers/models/llama/modeling_llama.py#L281-L289,"y=x @ W^T；权重按[输出,输入]；专家模板另用 N_e 动态 token 数",,
r1-distill-llama-8b,DeepSeek-R1-Distill-Llama-8B,decoder-22,decoder,21,22,GQA,prefill,gqa,prefill-gqa-ffn-2,逻辑投影：model.layers.{i}.mlp.down_proj.weight,"x=[B,L_q,14336]; W=[4096,14336]","y=[B,L_q,4096]",激活/中间精度见固定参考函数；存储类型只由文件头证据填写,58720256,本 checkpoint 全分片 header：291 张量；逻辑主干、MTP/DSpark、共享副本和量化元数据分开。未读取权重值或运行模型。,hf-transformers-modeling_llama-py,LlamaMLP.__init__,https://github.com/huggingface/transformers/blob/984bc11b0882ff1e5b34ba717ea357e069ceced9/src/transformers/models/llama/modeling_llama.py#L281-L289,"y=x @ W^T；权重按[输出,输入]；专家模板另用 N_e 动态 token 数",,
r1-distill-llama-8b,DeepSeek-R1-Distill-Llama-8B,decoder-22,decoder,21,22,GQA,prefill,gqa,prefill-gqa-norm-0,向量参数：model.layers.{i}.input_layernorm.weight,parameter=[4096],parameter=[4096],激活/中间精度见固定参考函数；存储类型只由文件头证据填写,4096,本 checkpoint 全分片 header：291 张量；逻辑主干、MTP/DSpark、共享副本和量化元数据分开。未读取权重值或运行模型。,hf-transformers-modeling_llama-py,LlamaDecoderLayer.__init__,https://github.com/huggingface/transformers/blob/984bc11b0882ff1e5b34ba717ea357e069ceced9/src/transformers/models/llama/modeling_llama.py#L685-L693,参数声明；具体 norm、bias、sink 或 mix scale 计算由后续数据流说明,,
r1-distill-llama-8b,DeepSeek-R1-Distill-Llama-8B,decoder-22,decoder,21,22,GQA,prefill,gqa,prefill-gqa-norm-1,向量参数：model.layers.{i}.post_attention_layernorm.weight,parameter=[4096],parameter=[4096],激活/中间精度见固定参考函数；存储类型只由文件头证据填写,4096,本 checkpoint 全分片 header：291 张量；逻辑主干、MTP/DSpark、共享副本和量化元数据分开。未读取权重值或运行模型。,hf-transformers-modeling_llama-py,LlamaDecoderLayer.__init__,https://github.com/huggingface/transformers/blob/984bc11b0882ff1e5b34ba717ea357e069ceced9/src/transformers/models/llama/modeling_llama.py#L685-L693,参数声明；具体 norm、bias、sink 或 mix scale 计算由后续数据流说明,,
r1-distill-llama-8b,DeepSeek-R1-Distill-Llama-8B,decoder-22,decoder,21,22,GQA,prefill,gqa,prefill-gqa-gqa-scores,GQA Key/Value 广播与 attention,"Q=[B,32,L_q,128]; K_cache=[B,8,L_kv,128]; V_cache=[B,8,L_kv,128]","scores=[B,32,L_q,L_kv]; out=[B,32,L_q,128]",激活/中间精度见固定参考函数；存储类型只由文件头证据填写,0,本 checkpoint 全分片 header：291 张量；逻辑主干、MTP/DSpark、共享副本和量化元数据分开。未读取权重值或运行模型。,hf-transformers-modeling_llama-py,LlamaAttention.forward,https://github.com/huggingface/transformers/blob/984bc11b0882ff1e5b34ba717ea357e069ceced9/src/transformers/models/llama/modeling_llama.py#L364-L455,RoPE → cache.update → repeat_kv(N_head/N_KV) → QK^T/√D → mask/FP32 softmax → PV,,参考 eager 数学路径；实际 SDPA/FlashAttention、分页与设备分派另核验
r1-distill-llama-8b,DeepSeek-R1-Distill-Llama-8B,decoder-22,decoder,21,22,GQA,prefill,gqa,prefill-gqa-swiglu,Dense SwiGLU,"gate=[N_tok,14336]; up=[N_tok,14336]","act=[N_tok,14336]",激活/中间精度见固定参考函数；存储类型只由文件头证据填写,0,本 checkpoint 全分片 header：291 张量；逻辑主干、MTP/DSpark、共享副本和量化元数据分开。未读取权重值或运行模型。,hf-transformers-modeling_llama-py,LlamaMLP.forward,https://github.com/huggingface/transformers/blob/984bc11b0882ff1e5b34ba717ea357e069ceced9/src/transformers/models/llama/modeling_llama.py#L291-L311,SiLU(gate)*up → down；两次 pre-norm residual 分开,,
r1-distill-llama-8b,DeepSeek-R1-Distill-Llama-8B,decoder-22,decoder,21,22,GQA,decode,gqa,decode-gqa-attention-0,逻辑投影：model.layers.{i}.self_attn.q_proj.weight,"x=[B,L_q,4096]; W=[4096,4096]","y=[B,L_q,4096]",激活/中间精度见固定参考函数；存储类型只由文件头证据填写,16777216,本 checkpoint 全分片 header：291 张量；逻辑主干、MTP/DSpark、共享副本和量化元数据分开。未读取权重值或运行模型。,hf-transformers-modeling_llama-py,LlamaAttention.__init__,https://github.com/huggingface/transformers/blob/984bc11b0882ff1e5b34ba717ea357e069ceced9/src/transformers/models/llama/modeling_llama.py#L329-L362,"y=x @ W^T；权重按[输出,输入]；专家模板另用 N_e 动态 token 数",,
r1-distill-llama-8b,DeepSeek-R1-Distill-Llama-8B,decoder-22,decoder,21,22,GQA,decode,gqa,decode-gqa-attention-1,逻辑投影：model.layers.{i}.self_attn.k_proj.weight,"x=[B,L_q,4096]; W=[1024,4096]","y=[B,L_q,1024]",激活/中间精度见固定参考函数；存储类型只由文件头证据填写,4194304,本 checkpoint 全分片 header：291 张量；逻辑主干、MTP/DSpark、共享副本和量化元数据分开。未读取权重值或运行模型。,hf-transformers-modeling_llama-py,LlamaAttention.__init__,https://github.com/huggingface/transformers/blob/984bc11b0882ff1e5b34ba717ea357e069ceced9/src/transformers/models/llama/modeling_llama.py#L329-L362,"y=x @ W^T；权重按[输出,输入]；专家模板另用 N_e 动态 token 数",,
r1-distill-llama-8b,DeepSeek-R1-Distill-Llama-8B,decoder-22,decoder,21,22,GQA,decode,gqa,decode-gqa-attention-2,逻辑投影：model.layers.{i}.self_attn.v_proj.weight,"x=[B,L_q,4096]; W=[1024,4096]","y=[B,L_q,1024]",激活/中间精度见固定参考函数；存储类型只由文件头证据填写,4194304,本 checkpoint 全分片 header：291 张量；逻辑主干、MTP/DSpark、共享副本和量化元数据分开。未读取权重值或运行模型。,hf-transformers-modeling_llama-py,LlamaAttention.__init__,https://github.com/huggingface/transformers/blob/984bc11b0882ff1e5b34ba717ea357e069ceced9/src/transformers/models/llama/modeling_llama.py#L329-L362,"y=x @ W^T；权重按[输出,输入]；专家模板另用 N_e 动态 token 数",,
r1-distill-llama-8b,DeepSeek-R1-Distill-Llama-8B,decoder-22,decoder,21,22,GQA,decode,gqa,decode-gqa-attention-3,逻辑投影：model.layers.{i}.self_attn.o_proj.weight,"x=[B,L_q,4096]; W=[4096,4096]","y=[B,L_q,4096]",激活/中间精度见固定参考函数；存储类型只由文件头证据填写,16777216,本 checkpoint 全分片 header：291 张量；逻辑主干、MTP/DSpark、共享副本和量化元数据分开。未读取权重值或运行模型。,hf-transformers-modeling_llama-py,LlamaAttention.__init__,https://github.com/huggingface/transformers/blob/984bc11b0882ff1e5b34ba717ea357e069ceced9/src/transformers/models/llama/modeling_llama.py#L329-L362,"y=x @ W^T；权重按[输出,输入]；专家模板另用 N_e 动态 token 数",,
r1-distill-llama-8b,DeepSeek-R1-Distill-Llama-8B,decoder-22,decoder,21,22,GQA,decode,gqa,decode-gqa-ffn-0,逻辑投影：model.layers.{i}.mlp.gate_proj.weight,"x=[B,L_q,4096]; W=[14336,4096]","y=[B,L_q,14336]",激活/中间精度见固定参考函数；存储类型只由文件头证据填写,58720256,本 checkpoint 全分片 header：291 张量；逻辑主干、MTP/DSpark、共享副本和量化元数据分开。未读取权重值或运行模型。,hf-transformers-modeling_llama-py,LlamaMLP.__init__,https://github.com/huggingface/transformers/blob/984bc11b0882ff1e5b34ba717ea357e069ceced9/src/transformers/models/llama/modeling_llama.py#L281-L289,"y=x @ W^T；权重按[输出,输入]；专家模板另用 N_e 动态 token 数",,
r1-distill-llama-8b,DeepSeek-R1-Distill-Llama-8B,decoder-22,decoder,21,22,GQA,decode,gqa,decode-gqa-ffn-1,逻辑投影：model.layers.{i}.mlp.up_proj.weight,"x=[B,L_q,4096]; W=[14336,4096]","y=[B,L_q,14336]",激活/中间精度见固定参考函数；存储类型只由文件头证据填写,58720256,本 checkpoint 全分片 header：291 张量；逻辑主干、MTP/DSpark、共享副本和量化元数据分开。未读取权重值或运行模型。,hf-transformers-modeling_llama-py,LlamaMLP.__init__,https://github.com/huggingface/transformers/blob/984bc11b0882ff1e5b34ba717ea357e069ceced9/src/transformers/models/llama/modeling_llama.py#L281-L289,"y=x @ W^T；权重按[输出,输入]；专家模板另用 N_e 动态 token 数",,
r1-distill-llama-8b,DeepSeek-R1-Distill-Llama-8B,decoder-22,decoder,21,22,GQA,decode,gqa,decode-gqa-ffn-2,逻辑投影：model.layers.{i}.mlp.down_proj.weight,"x=[B,L_q,14336]; W=[4096,14336]","y=[B,L_q,4096]",激活/中间精度见固定参考函数；存储类型只由文件头证据填写,58720256,本 checkpoint 全分片 header：291 张量；逻辑主干、MTP/DSpark、共享副本和量化元数据分开。未读取权重值或运行模型。,hf-transformers-modeling_llama-py,LlamaMLP.__init__,https://github.com/huggingface/transformers/blob/984bc11b0882ff1e5b34ba717ea357e069ceced9/src/transformers/models/llama/modeling_llama.py#L281-L289,"y=x @ W^T；权重按[输出,输入]；专家模板另用 N_e 动态 token 数",,
r1-distill-llama-8b,DeepSeek-R1-Distill-Llama-8B,decoder-22,decoder,21,22,GQA,decode,gqa,decode-gqa-norm-0,向量参数：model.layers.{i}.input_layernorm.weight,parameter=[4096],parameter=[4096],激活/中间精度见固定参考函数；存储类型只由文件头证据填写,4096,本 checkpoint 全分片 header：291 张量；逻辑主干、MTP/DSpark、共享副本和量化元数据分开。未读取权重值或运行模型。,hf-transformers-modeling_llama-py,LlamaDecoderLayer.__init__,https://github.com/huggingface/transformers/blob/984bc11b0882ff1e5b34ba717ea357e069ceced9/src/transformers/models/llama/modeling_llama.py#L685-L693,参数声明；具体 norm、bias、sink 或 mix scale 计算由后续数据流说明,,
r1-distill-llama-8b,DeepSeek-R1-Distill-Llama-8B,decoder-22,decoder,21,22,GQA,decode,gqa,decode-gqa-norm-1,向量参数：model.layers.{i}.post_attention_layernorm.weight,parameter=[4096],parameter=[4096],激活/中间精度见固定参考函数；存储类型只由文件头证据填写,4096,本 checkpoint 全分片 header：291 张量；逻辑主干、MTP/DSpark、共享副本和量化元数据分开。未读取权重值或运行模型。,hf-transformers-modeling_llama-py,LlamaDecoderLayer.__init__,https://github.com/huggingface/transformers/blob/984bc11b0882ff1e5b34ba717ea357e069ceced9/src/transformers/models/llama/modeling_llama.py#L685-L693,参数声明；具体 norm、bias、sink 或 mix scale 计算由后续数据流说明,,
r1-distill-llama-8b,DeepSeek-R1-Distill-Llama-8B,decoder-22,decoder,21,22,GQA,decode,gqa,decode-gqa-gqa-scores,GQA Key/Value 广播与 attention,"Q=[B,32,L_q,128]; K_cache=[B,8,L_kv,128]; V_cache=[B,8,L_kv,128]","scores=[B,32,L_q,L_kv]; out=[B,32,L_q,128]",激活/中间精度见固定参考函数；存储类型只由文件头证据填写,0,本 checkpoint 全分片 header：291 张量；逻辑主干、MTP/DSpark、共享副本和量化元数据分开。未读取权重值或运行模型。,hf-transformers-modeling_llama-py,LlamaAttention.forward,https://github.com/huggingface/transformers/blob/984bc11b0882ff1e5b34ba717ea357e069ceced9/src/transformers/models/llama/modeling_llama.py#L364-L455,RoPE → cache.update → repeat_kv(N_head/N_KV) → QK^T/√D → mask/FP32 softmax → PV,,参考 eager 数学路径；实际 SDPA/FlashAttention、分页与设备分派另核验
r1-distill-llama-8b,DeepSeek-R1-Distill-Llama-8B,decoder-22,decoder,21,22,GQA,decode,gqa,decode-gqa-swiglu,Dense SwiGLU,"gate=[N_tok,14336]; up=[N_tok,14336]","act=[N_tok,14336]",激活/中间精度见固定参考函数；存储类型只由文件头证据填写,0,本 checkpoint 全分片 header：291 张量；逻辑主干、MTP/DSpark、共享副本和量化元数据分开。未读取权重值或运行模型。,hf-transformers-modeling_llama-py,LlamaMLP.forward,https://github.com/huggingface/transformers/blob/984bc11b0882ff1e5b34ba717ea357e069ceced9/src/transformers/models/llama/modeling_llama.py#L291-L311,SiLU(gate)*up → down；两次 pre-norm residual 分开,,
r1-distill-llama-8b,DeepSeek-R1-Distill-Llama-8B,decoder-23,decoder,22,23,GQA,prefill,gqa,prefill-gqa-attention-0,逻辑投影：model.layers.{i}.self_attn.q_proj.weight,"x=[B,L_q,4096]; W=[4096,4096]","y=[B,L_q,4096]",激活/中间精度见固定参考函数；存储类型只由文件头证据填写,16777216,本 checkpoint 全分片 header：291 张量；逻辑主干、MTP/DSpark、共享副本和量化元数据分开。未读取权重值或运行模型。,hf-transformers-modeling_llama-py,LlamaAttention.__init__,https://github.com/huggingface/transformers/blob/984bc11b0882ff1e5b34ba717ea357e069ceced9/src/transformers/models/llama/modeling_llama.py#L329-L362,"y=x @ W^T；权重按[输出,输入]；专家模板另用 N_e 动态 token 数",,
r1-distill-llama-8b,DeepSeek-R1-Distill-Llama-8B,decoder-23,decoder,22,23,GQA,prefill,gqa,prefill-gqa-attention-1,逻辑投影：model.layers.{i}.self_attn.k_proj.weight,"x=[B,L_q,4096]; W=[1024,4096]","y=[B,L_q,1024]",激活/中间精度见固定参考函数；存储类型只由文件头证据填写,4194304,本 checkpoint 全分片 header：291 张量；逻辑主干、MTP/DSpark、共享副本和量化元数据分开。未读取权重值或运行模型。,hf-transformers-modeling_llama-py,LlamaAttention.__init__,https://github.com/huggingface/transformers/blob/984bc11b0882ff1e5b34ba717ea357e069ceced9/src/transformers/models/llama/modeling_llama.py#L329-L362,"y=x @ W^T；权重按[输出,输入]；专家模板另用 N_e 动态 token 数",,
r1-distill-llama-8b,DeepSeek-R1-Distill-Llama-8B,decoder-23,decoder,22,23,GQA,prefill,gqa,prefill-gqa-attention-2,逻辑投影：model.layers.{i}.self_attn.v_proj.weight,"x=[B,L_q,4096]; W=[1024,4096]","y=[B,L_q,1024]",激活/中间精度见固定参考函数；存储类型只由文件头证据填写,4194304,本 checkpoint 全分片 header：291 张量；逻辑主干、MTP/DSpark、共享副本和量化元数据分开。未读取权重值或运行模型。,hf-transformers-modeling_llama-py,LlamaAttention.__init__,https://github.com/huggingface/transformers/blob/984bc11b0882ff1e5b34ba717ea357e069ceced9/src/transformers/models/llama/modeling_llama.py#L329-L362,"y=x @ W^T；权重按[输出,输入]；专家模板另用 N_e 动态 token 数",,
r1-distill-llama-8b,DeepSeek-R1-Distill-Llama-8B,decoder-23,decoder,22,23,GQA,prefill,gqa,prefill-gqa-attention-3,逻辑投影：model.layers.{i}.self_attn.o_proj.weight,"x=[B,L_q,4096]; W=[4096,4096]","y=[B,L_q,4096]",激活/中间精度见固定参考函数；存储类型只由文件头证据填写,16777216,本 checkpoint 全分片 header：291 张量；逻辑主干、MTP/DSpark、共享副本和量化元数据分开。未读取权重值或运行模型。,hf-transformers-modeling_llama-py,LlamaAttention.__init__,https://github.com/huggingface/transformers/blob/984bc11b0882ff1e5b34ba717ea357e069ceced9/src/transformers/models/llama/modeling_llama.py#L329-L362,"y=x @ W^T；权重按[输出,输入]；专家模板另用 N_e 动态 token 数",,
r1-distill-llama-8b,DeepSeek-R1-Distill-Llama-8B,decoder-23,decoder,22,23,GQA,prefill,gqa,prefill-gqa-ffn-0,逻辑投影：model.layers.{i}.mlp.gate_proj.weight,"x=[B,L_q,4096]; W=[14336,4096]","y=[B,L_q,14336]",激活/中间精度见固定参考函数；存储类型只由文件头证据填写,58720256,本 checkpoint 全分片 header：291 张量；逻辑主干、MTP/DSpark、共享副本和量化元数据分开。未读取权重值或运行模型。,hf-transformers-modeling_llama-py,LlamaMLP.__init__,https://github.com/huggingface/transformers/blob/984bc11b0882ff1e5b34ba717ea357e069ceced9/src/transformers/models/llama/modeling_llama.py#L281-L289,"y=x @ W^T；权重按[输出,输入]；专家模板另用 N_e 动态 token 数",,
r1-distill-llama-8b,DeepSeek-R1-Distill-Llama-8B,decoder-23,decoder,22,23,GQA,prefill,gqa,prefill-gqa-ffn-1,逻辑投影：model.layers.{i}.mlp.up_proj.weight,"x=[B,L_q,4096]; W=[14336,4096]","y=[B,L_q,14336]",激活/中间精度见固定参考函数；存储类型只由文件头证据填写,58720256,本 checkpoint 全分片 header：291 张量；逻辑主干、MTP/DSpark、共享副本和量化元数据分开。未读取权重值或运行模型。,hf-transformers-modeling_llama-py,LlamaMLP.__init__,https://github.com/huggingface/transformers/blob/984bc11b0882ff1e5b34ba717ea357e069ceced9/src/transformers/models/llama/modeling_llama.py#L281-L289,"y=x @ W^T；权重按[输出,输入]；专家模板另用 N_e 动态 token 数",,
r1-distill-llama-8b,DeepSeek-R1-Distill-Llama-8B,decoder-23,decoder,22,23,GQA,prefill,gqa,prefill-gqa-ffn-2,逻辑投影：model.layers.{i}.mlp.down_proj.weight,"x=[B,L_q,14336]; W=[4096,14336]","y=[B,L_q,4096]",激活/中间精度见固定参考函数；存储类型只由文件头证据填写,58720256,本 checkpoint 全分片 header：291 张量；逻辑主干、MTP/DSpark、共享副本和量化元数据分开。未读取权重值或运行模型。,hf-transformers-modeling_llama-py,LlamaMLP.__init__,https://github.com/huggingface/transformers/blob/984bc11b0882ff1e5b34ba717ea357e069ceced9/src/transformers/models/llama/modeling_llama.py#L281-L289,"y=x @ W^T；权重按[输出,输入]；专家模板另用 N_e 动态 token 数",,
r1-distill-llama-8b,DeepSeek-R1-Distill-Llama-8B,decoder-23,decoder,22,23,GQA,prefill,gqa,prefill-gqa-norm-0,向量参数：model.layers.{i}.input_layernorm.weight,parameter=[4096],parameter=[4096],激活/中间精度见固定参考函数；存储类型只由文件头证据填写,4096,本 checkpoint 全分片 header：291 张量；逻辑主干、MTP/DSpark、共享副本和量化元数据分开。未读取权重值或运行模型。,hf-transformers-modeling_llama-py,LlamaDecoderLayer.__init__,https://github.com/huggingface/transformers/blob/984bc11b0882ff1e5b34ba717ea357e069ceced9/src/transformers/models/llama/modeling_llama.py#L685-L693,参数声明；具体 norm、bias、sink 或 mix scale 计算由后续数据流说明,,
r1-distill-llama-8b,DeepSeek-R1-Distill-Llama-8B,decoder-23,decoder,22,23,GQA,prefill,gqa,prefill-gqa-norm-1,向量参数：model.layers.{i}.post_attention_layernorm.weight,parameter=[4096],parameter=[4096],激活/中间精度见固定参考函数；存储类型只由文件头证据填写,4096,本 checkpoint 全分片 header：291 张量；逻辑主干、MTP/DSpark、共享副本和量化元数据分开。未读取权重值或运行模型。,hf-transformers-modeling_llama-py,LlamaDecoderLayer.__init__,https://github.com/huggingface/transformers/blob/984bc11b0882ff1e5b34ba717ea357e069ceced9/src/transformers/models/llama/modeling_llama.py#L685-L693,参数声明；具体 norm、bias、sink 或 mix scale 计算由后续数据流说明,,
r1-distill-llama-8b,DeepSeek-R1-Distill-Llama-8B,decoder-23,decoder,22,23,GQA,prefill,gqa,prefill-gqa-gqa-scores,GQA Key/Value 广播与 attention,"Q=[B,32,L_q,128]; K_cache=[B,8,L_kv,128]; V_cache=[B,8,L_kv,128]","scores=[B,32,L_q,L_kv]; out=[B,32,L_q,128]",激活/中间精度见固定参考函数；存储类型只由文件头证据填写,0,本 checkpoint 全分片 header：291 张量；逻辑主干、MTP/DSpark、共享副本和量化元数据分开。未读取权重值或运行模型。,hf-transformers-modeling_llama-py,LlamaAttention.forward,https://github.com/huggingface/transformers/blob/984bc11b0882ff1e5b34ba717ea357e069ceced9/src/transformers/models/llama/modeling_llama.py#L364-L455,RoPE → cache.update → repeat_kv(N_head/N_KV) → QK^T/√D → mask/FP32 softmax → PV,,参考 eager 数学路径；实际 SDPA/FlashAttention、分页与设备分派另核验
r1-distill-llama-8b,DeepSeek-R1-Distill-Llama-8B,decoder-23,decoder,22,23,GQA,prefill,gqa,prefill-gqa-swiglu,Dense SwiGLU,"gate=[N_tok,14336]; up=[N_tok,14336]","act=[N_tok,14336]",激活/中间精度见固定参考函数；存储类型只由文件头证据填写,0,本 checkpoint 全分片 header：291 张量；逻辑主干、MTP/DSpark、共享副本和量化元数据分开。未读取权重值或运行模型。,hf-transformers-modeling_llama-py,LlamaMLP.forward,https://github.com/huggingface/transformers/blob/984bc11b0882ff1e5b34ba717ea357e069ceced9/src/transformers/models/llama/modeling_llama.py#L291-L311,SiLU(gate)*up → down；两次 pre-norm residual 分开,,
r1-distill-llama-8b,DeepSeek-R1-Distill-Llama-8B,decoder-23,decoder,22,23,GQA,decode,gqa,decode-gqa-attention-0,逻辑投影：model.layers.{i}.self_attn.q_proj.weight,"x=[B,L_q,4096]; W=[4096,4096]","y=[B,L_q,4096]",激活/中间精度见固定参考函数；存储类型只由文件头证据填写,16777216,本 checkpoint 全分片 header：291 张量；逻辑主干、MTP/DSpark、共享副本和量化元数据分开。未读取权重值或运行模型。,hf-transformers-modeling_llama-py,LlamaAttention.__init__,https://github.com/huggingface/transformers/blob/984bc11b0882ff1e5b34ba717ea357e069ceced9/src/transformers/models/llama/modeling_llama.py#L329-L362,"y=x @ W^T；权重按[输出,输入]；专家模板另用 N_e 动态 token 数",,
r1-distill-llama-8b,DeepSeek-R1-Distill-Llama-8B,decoder-23,decoder,22,23,GQA,decode,gqa,decode-gqa-attention-1,逻辑投影：model.layers.{i}.self_attn.k_proj.weight,"x=[B,L_q,4096]; W=[1024,4096]","y=[B,L_q,1024]",激活/中间精度见固定参考函数；存储类型只由文件头证据填写,4194304,本 checkpoint 全分片 header：291 张量；逻辑主干、MTP/DSpark、共享副本和量化元数据分开。未读取权重值或运行模型。,hf-transformers-modeling_llama-py,LlamaAttention.__init__,https://github.com/huggingface/transformers/blob/984bc11b0882ff1e5b34ba717ea357e069ceced9/src/transformers/models/llama/modeling_llama.py#L329-L362,"y=x @ W^T；权重按[输出,输入]；专家模板另用 N_e 动态 token 数",,
r1-distill-llama-8b,DeepSeek-R1-Distill-Llama-8B,decoder-23,decoder,22,23,GQA,decode,gqa,decode-gqa-attention-2,逻辑投影：model.layers.{i}.self_attn.v_proj.weight,"x=[B,L_q,4096]; W=[1024,4096]","y=[B,L_q,1024]",激活/中间精度见固定参考函数；存储类型只由文件头证据填写,4194304,本 checkpoint 全分片 header：291 张量；逻辑主干、MTP/DSpark、共享副本和量化元数据分开。未读取权重值或运行模型。,hf-transformers-modeling_llama-py,LlamaAttention.__init__,https://github.com/huggingface/transformers/blob/984bc11b0882ff1e5b34ba717ea357e069ceced9/src/transformers/models/llama/modeling_llama.py#L329-L362,"y=x @ W^T；权重按[输出,输入]；专家模板另用 N_e 动态 token 数",,
r1-distill-llama-8b,DeepSeek-R1-Distill-Llama-8B,decoder-23,decoder,22,23,GQA,decode,gqa,decode-gqa-attention-3,逻辑投影：model.layers.{i}.self_attn.o_proj.weight,"x=[B,L_q,4096]; W=[4096,4096]","y=[B,L_q,4096]",激活/中间精度见固定参考函数；存储类型只由文件头证据填写,16777216,本 checkpoint 全分片 header：291 张量；逻辑主干、MTP/DSpark、共享副本和量化元数据分开。未读取权重值或运行模型。,hf-transformers-modeling_llama-py,LlamaAttention.__init__,https://github.com/huggingface/transformers/blob/984bc11b0882ff1e5b34ba717ea357e069ceced9/src/transformers/models/llama/modeling_llama.py#L329-L362,"y=x @ W^T；权重按[输出,输入]；专家模板另用 N_e 动态 token 数",,
r1-distill-llama-8b,DeepSeek-R1-Distill-Llama-8B,decoder-23,decoder,22,23,GQA,decode,gqa,decode-gqa-ffn-0,逻辑投影：model.layers.{i}.mlp.gate_proj.weight,"x=[B,L_q,4096]; W=[14336,4096]","y=[B,L_q,14336]",激活/中间精度见固定参考函数；存储类型只由文件头证据填写,58720256,本 checkpoint 全分片 header：291 张量；逻辑主干、MTP/DSpark、共享副本和量化元数据分开。未读取权重值或运行模型。,hf-transformers-modeling_llama-py,LlamaMLP.__init__,https://github.com/huggingface/transformers/blob/984bc11b0882ff1e5b34ba717ea357e069ceced9/src/transformers/models/llama/modeling_llama.py#L281-L289,"y=x @ W^T；权重按[输出,输入]；专家模板另用 N_e 动态 token 数",,
r1-distill-llama-8b,DeepSeek-R1-Distill-Llama-8B,decoder-23,decoder,22,23,GQA,decode,gqa,decode-gqa-ffn-1,逻辑投影：model.layers.{i}.mlp.up_proj.weight,"x=[B,L_q,4096]; W=[14336,4096]","y=[B,L_q,14336]",激活/中间精度见固定参考函数；存储类型只由文件头证据填写,58720256,本 checkpoint 全分片 header：291 张量；逻辑主干、MTP/DSpark、共享副本和量化元数据分开。未读取权重值或运行模型。,hf-transformers-modeling_llama-py,LlamaMLP.__init__,https://github.com/huggingface/transformers/blob/984bc11b0882ff1e5b34ba717ea357e069ceced9/src/transformers/models/llama/modeling_llama.py#L281-L289,"y=x @ W^T；权重按[输出,输入]；专家模板另用 N_e 动态 token 数",,
r1-distill-llama-8b,DeepSeek-R1-Distill-Llama-8B,decoder-23,decoder,22,23,GQA,decode,gqa,decode-gqa-ffn-2,逻辑投影：model.layers.{i}.mlp.down_proj.weight,"x=[B,L_q,14336]; W=[4096,14336]","y=[B,L_q,4096]",激活/中间精度见固定参考函数；存储类型只由文件头证据填写,58720256,本 checkpoint 全分片 header：291 张量；逻辑主干、MTP/DSpark、共享副本和量化元数据分开。未读取权重值或运行模型。,hf-transformers-modeling_llama-py,LlamaMLP.__init__,https://github.com/huggingface/transformers/blob/984bc11b0882ff1e5b34ba717ea357e069ceced9/src/transformers/models/llama/modeling_llama.py#L281-L289,"y=x @ W^T；权重按[输出,输入]；专家模板另用 N_e 动态 token 数",,
r1-distill-llama-8b,DeepSeek-R1-Distill-Llama-8B,decoder-23,decoder,22,23,GQA,decode,gqa,decode-gqa-norm-0,向量参数：model.layers.{i}.input_layernorm.weight,parameter=[4096],parameter=[4096],激活/中间精度见固定参考函数；存储类型只由文件头证据填写,4096,本 checkpoint 全分片 header：291 张量；逻辑主干、MTP/DSpark、共享副本和量化元数据分开。未读取权重值或运行模型。,hf-transformers-modeling_llama-py,LlamaDecoderLayer.__init__,https://github.com/huggingface/transformers/blob/984bc11b0882ff1e5b34ba717ea357e069ceced9/src/transformers/models/llama/modeling_llama.py#L685-L693,参数声明；具体 norm、bias、sink 或 mix scale 计算由后续数据流说明,,
r1-distill-llama-8b,DeepSeek-R1-Distill-Llama-8B,decoder-23,decoder,22,23,GQA,decode,gqa,decode-gqa-norm-1,向量参数：model.layers.{i}.post_attention_layernorm.weight,parameter=[4096],parameter=[4096],激活/中间精度见固定参考函数；存储类型只由文件头证据填写,4096,本 checkpoint 全分片 header：291 张量；逻辑主干、MTP/DSpark、共享副本和量化元数据分开。未读取权重值或运行模型。,hf-transformers-modeling_llama-py,LlamaDecoderLayer.__init__,https://github.com/huggingface/transformers/blob/984bc11b0882ff1e5b34ba717ea357e069ceced9/src/transformers/models/llama/modeling_llama.py#L685-L693,参数声明；具体 norm、bias、sink 或 mix scale 计算由后续数据流说明,,
r1-distill-llama-8b,DeepSeek-R1-Distill-Llama-8B,decoder-23,decoder,22,23,GQA,decode,gqa,decode-gqa-gqa-scores,GQA Key/Value 广播与 attention,"Q=[B,32,L_q,128]; K_cache=[B,8,L_kv,128]; V_cache=[B,8,L_kv,128]","scores=[B,32,L_q,L_kv]; out=[B,32,L_q,128]",激活/中间精度见固定参考函数；存储类型只由文件头证据填写,0,本 checkpoint 全分片 header：291 张量；逻辑主干、MTP/DSpark、共享副本和量化元数据分开。未读取权重值或运行模型。,hf-transformers-modeling_llama-py,LlamaAttention.forward,https://github.com/huggingface/transformers/blob/984bc11b0882ff1e5b34ba717ea357e069ceced9/src/transformers/models/llama/modeling_llama.py#L364-L455,RoPE → cache.update → repeat_kv(N_head/N_KV) → QK^T/√D → mask/FP32 softmax → PV,,参考 eager 数学路径；实际 SDPA/FlashAttention、分页与设备分派另核验
r1-distill-llama-8b,DeepSeek-R1-Distill-Llama-8B,decoder-23,decoder,22,23,GQA,decode,gqa,decode-gqa-swiglu,Dense SwiGLU,"gate=[N_tok,14336]; up=[N_tok,14336]","act=[N_tok,14336]",激活/中间精度见固定参考函数；存储类型只由文件头证据填写,0,本 checkpoint 全分片 header：291 张量；逻辑主干、MTP/DSpark、共享副本和量化元数据分开。未读取权重值或运行模型。,hf-transformers-modeling_llama-py,LlamaMLP.forward,https://github.com/huggingface/transformers/blob/984bc11b0882ff1e5b34ba717ea357e069ceced9/src/transformers/models/llama/modeling_llama.py#L291-L311,SiLU(gate)*up → down；两次 pre-norm residual 分开,,
r1-distill-llama-8b,DeepSeek-R1-Distill-Llama-8B,decoder-24,decoder,23,24,GQA,prefill,gqa,prefill-gqa-attention-0,逻辑投影：model.layers.{i}.self_attn.q_proj.weight,"x=[B,L_q,4096]; W=[4096,4096]","y=[B,L_q,4096]",激活/中间精度见固定参考函数；存储类型只由文件头证据填写,16777216,本 checkpoint 全分片 header：291 张量；逻辑主干、MTP/DSpark、共享副本和量化元数据分开。未读取权重值或运行模型。,hf-transformers-modeling_llama-py,LlamaAttention.__init__,https://github.com/huggingface/transformers/blob/984bc11b0882ff1e5b34ba717ea357e069ceced9/src/transformers/models/llama/modeling_llama.py#L329-L362,"y=x @ W^T；权重按[输出,输入]；专家模板另用 N_e 动态 token 数",,
r1-distill-llama-8b,DeepSeek-R1-Distill-Llama-8B,decoder-24,decoder,23,24,GQA,prefill,gqa,prefill-gqa-attention-1,逻辑投影：model.layers.{i}.self_attn.k_proj.weight,"x=[B,L_q,4096]; W=[1024,4096]","y=[B,L_q,1024]",激活/中间精度见固定参考函数；存储类型只由文件头证据填写,4194304,本 checkpoint 全分片 header：291 张量；逻辑主干、MTP/DSpark、共享副本和量化元数据分开。未读取权重值或运行模型。,hf-transformers-modeling_llama-py,LlamaAttention.__init__,https://github.com/huggingface/transformers/blob/984bc11b0882ff1e5b34ba717ea357e069ceced9/src/transformers/models/llama/modeling_llama.py#L329-L362,"y=x @ W^T；权重按[输出,输入]；专家模板另用 N_e 动态 token 数",,
r1-distill-llama-8b,DeepSeek-R1-Distill-Llama-8B,decoder-24,decoder,23,24,GQA,prefill,gqa,prefill-gqa-attention-2,逻辑投影：model.layers.{i}.self_attn.v_proj.weight,"x=[B,L_q,4096]; W=[1024,4096]","y=[B,L_q,1024]",激活/中间精度见固定参考函数；存储类型只由文件头证据填写,4194304,本 checkpoint 全分片 header：291 张量；逻辑主干、MTP/DSpark、共享副本和量化元数据分开。未读取权重值或运行模型。,hf-transformers-modeling_llama-py,LlamaAttention.__init__,https://github.com/huggingface/transformers/blob/984bc11b0882ff1e5b34ba717ea357e069ceced9/src/transformers/models/llama/modeling_llama.py#L329-L362,"y=x @ W^T；权重按[输出,输入]；专家模板另用 N_e 动态 token 数",,
r1-distill-llama-8b,DeepSeek-R1-Distill-Llama-8B,decoder-24,decoder,23,24,GQA,prefill,gqa,prefill-gqa-attention-3,逻辑投影：model.layers.{i}.self_attn.o_proj.weight,"x=[B,L_q,4096]; W=[4096,4096]","y=[B,L_q,4096]",激活/中间精度见固定参考函数；存储类型只由文件头证据填写,16777216,本 checkpoint 全分片 header：291 张量；逻辑主干、MTP/DSpark、共享副本和量化元数据分开。未读取权重值或运行模型。,hf-transformers-modeling_llama-py,LlamaAttention.__init__,https://github.com/huggingface/transformers/blob/984bc11b0882ff1e5b34ba717ea357e069ceced9/src/transformers/models/llama/modeling_llama.py#L329-L362,"y=x @ W^T；权重按[输出,输入]；专家模板另用 N_e 动态 token 数",,
r1-distill-llama-8b,DeepSeek-R1-Distill-Llama-8B,decoder-24,decoder,23,24,GQA,prefill,gqa,prefill-gqa-ffn-0,逻辑投影：model.layers.{i}.mlp.gate_proj.weight,"x=[B,L_q,4096]; W=[14336,4096]","y=[B,L_q,14336]",激活/中间精度见固定参考函数；存储类型只由文件头证据填写,58720256,本 checkpoint 全分片 header：291 张量；逻辑主干、MTP/DSpark、共享副本和量化元数据分开。未读取权重值或运行模型。,hf-transformers-modeling_llama-py,LlamaMLP.__init__,https://github.com/huggingface/transformers/blob/984bc11b0882ff1e5b34ba717ea357e069ceced9/src/transformers/models/llama/modeling_llama.py#L281-L289,"y=x @ W^T；权重按[输出,输入]；专家模板另用 N_e 动态 token 数",,
r1-distill-llama-8b,DeepSeek-R1-Distill-Llama-8B,decoder-24,decoder,23,24,GQA,prefill,gqa,prefill-gqa-ffn-1,逻辑投影：model.layers.{i}.mlp.up_proj.weight,"x=[B,L_q,4096]; W=[14336,4096]","y=[B,L_q,14336]",激活/中间精度见固定参考函数；存储类型只由文件头证据填写,58720256,本 checkpoint 全分片 header：291 张量；逻辑主干、MTP/DSpark、共享副本和量化元数据分开。未读取权重值或运行模型。,hf-transformers-modeling_llama-py,LlamaMLP.__init__,https://github.com/huggingface/transformers/blob/984bc11b0882ff1e5b34ba717ea357e069ceced9/src/transformers/models/llama/modeling_llama.py#L281-L289,"y=x @ W^T；权重按[输出,输入]；专家模板另用 N_e 动态 token 数",,
r1-distill-llama-8b,DeepSeek-R1-Distill-Llama-8B,decoder-24,decoder,23,24,GQA,prefill,gqa,prefill-gqa-ffn-2,逻辑投影：model.layers.{i}.mlp.down_proj.weight,"x=[B,L_q,14336]; W=[4096,14336]","y=[B,L_q,4096]",激活/中间精度见固定参考函数；存储类型只由文件头证据填写,58720256,本 checkpoint 全分片 header：291 张量；逻辑主干、MTP/DSpark、共享副本和量化元数据分开。未读取权重值或运行模型。,hf-transformers-modeling_llama-py,LlamaMLP.__init__,https://github.com/huggingface/transformers/blob/984bc11b0882ff1e5b34ba717ea357e069ceced9/src/transformers/models/llama/modeling_llama.py#L281-L289,"y=x @ W^T；权重按[输出,输入]；专家模板另用 N_e 动态 token 数",,
r1-distill-llama-8b,DeepSeek-R1-Distill-Llama-8B,decoder-24,decoder,23,24,GQA,prefill,gqa,prefill-gqa-norm-0,向量参数：model.layers.{i}.input_layernorm.weight,parameter=[4096],parameter=[4096],激活/中间精度见固定参考函数；存储类型只由文件头证据填写,4096,本 checkpoint 全分片 header：291 张量；逻辑主干、MTP/DSpark、共享副本和量化元数据分开。未读取权重值或运行模型。,hf-transformers-modeling_llama-py,LlamaDecoderLayer.__init__,https://github.com/huggingface/transformers/blob/984bc11b0882ff1e5b34ba717ea357e069ceced9/src/transformers/models/llama/modeling_llama.py#L685-L693,参数声明；具体 norm、bias、sink 或 mix scale 计算由后续数据流说明,,
r1-distill-llama-8b,DeepSeek-R1-Distill-Llama-8B,decoder-24,decoder,23,24,GQA,prefill,gqa,prefill-gqa-norm-1,向量参数：model.layers.{i}.post_attention_layernorm.weight,parameter=[4096],parameter=[4096],激活/中间精度见固定参考函数；存储类型只由文件头证据填写,4096,本 checkpoint 全分片 header：291 张量；逻辑主干、MTP/DSpark、共享副本和量化元数据分开。未读取权重值或运行模型。,hf-transformers-modeling_llama-py,LlamaDecoderLayer.__init__,https://github.com/huggingface/transformers/blob/984bc11b0882ff1e5b34ba717ea357e069ceced9/src/transformers/models/llama/modeling_llama.py#L685-L693,参数声明；具体 norm、bias、sink 或 mix scale 计算由后续数据流说明,,
r1-distill-llama-8b,DeepSeek-R1-Distill-Llama-8B,decoder-24,decoder,23,24,GQA,prefill,gqa,prefill-gqa-gqa-scores,GQA Key/Value 广播与 attention,"Q=[B,32,L_q,128]; K_cache=[B,8,L_kv,128]; V_cache=[B,8,L_kv,128]","scores=[B,32,L_q,L_kv]; out=[B,32,L_q,128]",激活/中间精度见固定参考函数；存储类型只由文件头证据填写,0,本 checkpoint 全分片 header：291 张量；逻辑主干、MTP/DSpark、共享副本和量化元数据分开。未读取权重值或运行模型。,hf-transformers-modeling_llama-py,LlamaAttention.forward,https://github.com/huggingface/transformers/blob/984bc11b0882ff1e5b34ba717ea357e069ceced9/src/transformers/models/llama/modeling_llama.py#L364-L455,RoPE → cache.update → repeat_kv(N_head/N_KV) → QK^T/√D → mask/FP32 softmax → PV,,参考 eager 数学路径；实际 SDPA/FlashAttention、分页与设备分派另核验
r1-distill-llama-8b,DeepSeek-R1-Distill-Llama-8B,decoder-24,decoder,23,24,GQA,prefill,gqa,prefill-gqa-swiglu,Dense SwiGLU,"gate=[N_tok,14336]; up=[N_tok,14336]","act=[N_tok,14336]",激活/中间精度见固定参考函数；存储类型只由文件头证据填写,0,本 checkpoint 全分片 header：291 张量；逻辑主干、MTP/DSpark、共享副本和量化元数据分开。未读取权重值或运行模型。,hf-transformers-modeling_llama-py,LlamaMLP.forward,https://github.com/huggingface/transformers/blob/984bc11b0882ff1e5b34ba717ea357e069ceced9/src/transformers/models/llama/modeling_llama.py#L291-L311,SiLU(gate)*up → down；两次 pre-norm residual 分开,,
r1-distill-llama-8b,DeepSeek-R1-Distill-Llama-8B,decoder-24,decoder,23,24,GQA,decode,gqa,decode-gqa-attention-0,逻辑投影：model.layers.{i}.self_attn.q_proj.weight,"x=[B,L_q,4096]; W=[4096,4096]","y=[B,L_q,4096]",激活/中间精度见固定参考函数；存储类型只由文件头证据填写,16777216,本 checkpoint 全分片 header：291 张量；逻辑主干、MTP/DSpark、共享副本和量化元数据分开。未读取权重值或运行模型。,hf-transformers-modeling_llama-py,LlamaAttention.__init__,https://github.com/huggingface/transformers/blob/984bc11b0882ff1e5b34ba717ea357e069ceced9/src/transformers/models/llama/modeling_llama.py#L329-L362,"y=x @ W^T；权重按[输出,输入]；专家模板另用 N_e 动态 token 数",,
r1-distill-llama-8b,DeepSeek-R1-Distill-Llama-8B,decoder-24,decoder,23,24,GQA,decode,gqa,decode-gqa-attention-1,逻辑投影：model.layers.{i}.self_attn.k_proj.weight,"x=[B,L_q,4096]; W=[1024,4096]","y=[B,L_q,1024]",激活/中间精度见固定参考函数；存储类型只由文件头证据填写,4194304,本 checkpoint 全分片 header：291 张量；逻辑主干、MTP/DSpark、共享副本和量化元数据分开。未读取权重值或运行模型。,hf-transformers-modeling_llama-py,LlamaAttention.__init__,https://github.com/huggingface/transformers/blob/984bc11b0882ff1e5b34ba717ea357e069ceced9/src/transformers/models/llama/modeling_llama.py#L329-L362,"y=x @ W^T；权重按[输出,输入]；专家模板另用 N_e 动态 token 数",,
r1-distill-llama-8b,DeepSeek-R1-Distill-Llama-8B,decoder-24,decoder,23,24,GQA,decode,gqa,decode-gqa-attention-2,逻辑投影：model.layers.{i}.self_attn.v_proj.weight,"x=[B,L_q,4096]; W=[1024,4096]","y=[B,L_q,1024]",激活/中间精度见固定参考函数；存储类型只由文件头证据填写,4194304,本 checkpoint 全分片 header：291 张量；逻辑主干、MTP/DSpark、共享副本和量化元数据分开。未读取权重值或运行模型。,hf-transformers-modeling_llama-py,LlamaAttention.__init__,https://github.com/huggingface/transformers/blob/984bc11b0882ff1e5b34ba717ea357e069ceced9/src/transformers/models/llama/modeling_llama.py#L329-L362,"y=x @ W^T；权重按[输出,输入]；专家模板另用 N_e 动态 token 数",,
r1-distill-llama-8b,DeepSeek-R1-Distill-Llama-8B,decoder-24,decoder,23,24,GQA,decode,gqa,decode-gqa-attention-3,逻辑投影：model.layers.{i}.self_attn.o_proj.weight,"x=[B,L_q,4096]; W=[4096,4096]","y=[B,L_q,4096]",激活/中间精度见固定参考函数；存储类型只由文件头证据填写,16777216,本 checkpoint 全分片 header：291 张量；逻辑主干、MTP/DSpark、共享副本和量化元数据分开。未读取权重值或运行模型。,hf-transformers-modeling_llama-py,LlamaAttention.__init__,https://github.com/huggingface/transformers/blob/984bc11b0882ff1e5b34ba717ea357e069ceced9/src/transformers/models/llama/modeling_llama.py#L329-L362,"y=x @ W^T；权重按[输出,输入]；专家模板另用 N_e 动态 token 数",,
r1-distill-llama-8b,DeepSeek-R1-Distill-Llama-8B,decoder-24,decoder,23,24,GQA,decode,gqa,decode-gqa-ffn-0,逻辑投影：model.layers.{i}.mlp.gate_proj.weight,"x=[B,L_q,4096]; W=[14336,4096]","y=[B,L_q,14336]",激活/中间精度见固定参考函数；存储类型只由文件头证据填写,58720256,本 checkpoint 全分片 header：291 张量；逻辑主干、MTP/DSpark、共享副本和量化元数据分开。未读取权重值或运行模型。,hf-transformers-modeling_llama-py,LlamaMLP.__init__,https://github.com/huggingface/transformers/blob/984bc11b0882ff1e5b34ba717ea357e069ceced9/src/transformers/models/llama/modeling_llama.py#L281-L289,"y=x @ W^T；权重按[输出,输入]；专家模板另用 N_e 动态 token 数",,
r1-distill-llama-8b,DeepSeek-R1-Distill-Llama-8B,decoder-24,decoder,23,24,GQA,decode,gqa,decode-gqa-ffn-1,逻辑投影：model.layers.{i}.mlp.up_proj.weight,"x=[B,L_q,4096]; W=[14336,4096]","y=[B,L_q,14336]",激活/中间精度见固定参考函数；存储类型只由文件头证据填写,58720256,本 checkpoint 全分片 header：291 张量；逻辑主干、MTP/DSpark、共享副本和量化元数据分开。未读取权重值或运行模型。,hf-transformers-modeling_llama-py,LlamaMLP.__init__,https://github.com/huggingface/transformers/blob/984bc11b0882ff1e5b34ba717ea357e069ceced9/src/transformers/models/llama/modeling_llama.py#L281-L289,"y=x @ W^T；权重按[输出,输入]；专家模板另用 N_e 动态 token 数",,
r1-distill-llama-8b,DeepSeek-R1-Distill-Llama-8B,decoder-24,decoder,23,24,GQA,decode,gqa,decode-gqa-ffn-2,逻辑投影：model.layers.{i}.mlp.down_proj.weight,"x=[B,L_q,14336]; W=[4096,14336]","y=[B,L_q,4096]",激活/中间精度见固定参考函数；存储类型只由文件头证据填写,58720256,本 checkpoint 全分片 header：291 张量；逻辑主干、MTP/DSpark、共享副本和量化元数据分开。未读取权重值或运行模型。,hf-transformers-modeling_llama-py,LlamaMLP.__init__,https://github.com/huggingface/transformers/blob/984bc11b0882ff1e5b34ba717ea357e069ceced9/src/transformers/models/llama/modeling_llama.py#L281-L289,"y=x @ W^T；权重按[输出,输入]；专家模板另用 N_e 动态 token 数",,
r1-distill-llama-8b,DeepSeek-R1-Distill-Llama-8B,decoder-24,decoder,23,24,GQA,decode,gqa,decode-gqa-norm-0,向量参数：model.layers.{i}.input_layernorm.weight,parameter=[4096],parameter=[4096],激活/中间精度见固定参考函数；存储类型只由文件头证据填写,4096,本 checkpoint 全分片 header：291 张量；逻辑主干、MTP/DSpark、共享副本和量化元数据分开。未读取权重值或运行模型。,hf-transformers-modeling_llama-py,LlamaDecoderLayer.__init__,https://github.com/huggingface/transformers/blob/984bc11b0882ff1e5b34ba717ea357e069ceced9/src/transformers/models/llama/modeling_llama.py#L685-L693,参数声明；具体 norm、bias、sink 或 mix scale 计算由后续数据流说明,,
r1-distill-llama-8b,DeepSeek-R1-Distill-Llama-8B,decoder-24,decoder,23,24,GQA,decode,gqa,decode-gqa-norm-1,向量参数：model.layers.{i}.post_attention_layernorm.weight,parameter=[4096],parameter=[4096],激活/中间精度见固定参考函数；存储类型只由文件头证据填写,4096,本 checkpoint 全分片 header：291 张量；逻辑主干、MTP/DSpark、共享副本和量化元数据分开。未读取权重值或运行模型。,hf-transformers-modeling_llama-py,LlamaDecoderLayer.__init__,https://github.com/huggingface/transformers/blob/984bc11b0882ff1e5b34ba717ea357e069ceced9/src/transformers/models/llama/modeling_llama.py#L685-L693,参数声明；具体 norm、bias、sink 或 mix scale 计算由后续数据流说明,,
r1-distill-llama-8b,DeepSeek-R1-Distill-Llama-8B,decoder-24,decoder,23,24,GQA,decode,gqa,decode-gqa-gqa-scores,GQA Key/Value 广播与 attention,"Q=[B,32,L_q,128]; K_cache=[B,8,L_kv,128]; V_cache=[B,8,L_kv,128]","scores=[B,32,L_q,L_kv]; out=[B,32,L_q,128]",激活/中间精度见固定参考函数；存储类型只由文件头证据填写,0,本 checkpoint 全分片 header：291 张量；逻辑主干、MTP/DSpark、共享副本和量化元数据分开。未读取权重值或运行模型。,hf-transformers-modeling_llama-py,LlamaAttention.forward,https://github.com/huggingface/transformers/blob/984bc11b0882ff1e5b34ba717ea357e069ceced9/src/transformers/models/llama/modeling_llama.py#L364-L455,RoPE → cache.update → repeat_kv(N_head/N_KV) → QK^T/√D → mask/FP32 softmax → PV,,参考 eager 数学路径；实际 SDPA/FlashAttention、分页与设备分派另核验
r1-distill-llama-8b,DeepSeek-R1-Distill-Llama-8B,decoder-24,decoder,23,24,GQA,decode,gqa,decode-gqa-swiglu,Dense SwiGLU,"gate=[N_tok,14336]; up=[N_tok,14336]","act=[N_tok,14336]",激活/中间精度见固定参考函数；存储类型只由文件头证据填写,0,本 checkpoint 全分片 header：291 张量；逻辑主干、MTP/DSpark、共享副本和量化元数据分开。未读取权重值或运行模型。,hf-transformers-modeling_llama-py,LlamaMLP.forward,https://github.com/huggingface/transformers/blob/984bc11b0882ff1e5b34ba717ea357e069ceced9/src/transformers/models/llama/modeling_llama.py#L291-L311,SiLU(gate)*up → down；两次 pre-norm residual 分开,,
r1-distill-llama-8b,DeepSeek-R1-Distill-Llama-8B,decoder-25,decoder,24,25,GQA,prefill,gqa,prefill-gqa-attention-0,逻辑投影：model.layers.{i}.self_attn.q_proj.weight,"x=[B,L_q,4096]; W=[4096,4096]","y=[B,L_q,4096]",激活/中间精度见固定参考函数；存储类型只由文件头证据填写,16777216,本 checkpoint 全分片 header：291 张量；逻辑主干、MTP/DSpark、共享副本和量化元数据分开。未读取权重值或运行模型。,hf-transformers-modeling_llama-py,LlamaAttention.__init__,https://github.com/huggingface/transformers/blob/984bc11b0882ff1e5b34ba717ea357e069ceced9/src/transformers/models/llama/modeling_llama.py#L329-L362,"y=x @ W^T；权重按[输出,输入]；专家模板另用 N_e 动态 token 数",,
r1-distill-llama-8b,DeepSeek-R1-Distill-Llama-8B,decoder-25,decoder,24,25,GQA,prefill,gqa,prefill-gqa-attention-1,逻辑投影：model.layers.{i}.self_attn.k_proj.weight,"x=[B,L_q,4096]; W=[1024,4096]","y=[B,L_q,1024]",激活/中间精度见固定参考函数；存储类型只由文件头证据填写,4194304,本 checkpoint 全分片 header：291 张量；逻辑主干、MTP/DSpark、共享副本和量化元数据分开。未读取权重值或运行模型。,hf-transformers-modeling_llama-py,LlamaAttention.__init__,https://github.com/huggingface/transformers/blob/984bc11b0882ff1e5b34ba717ea357e069ceced9/src/transformers/models/llama/modeling_llama.py#L329-L362,"y=x @ W^T；权重按[输出,输入]；专家模板另用 N_e 动态 token 数",,
r1-distill-llama-8b,DeepSeek-R1-Distill-Llama-8B,decoder-25,decoder,24,25,GQA,prefill,gqa,prefill-gqa-attention-2,逻辑投影：model.layers.{i}.self_attn.v_proj.weight,"x=[B,L_q,4096]; W=[1024,4096]","y=[B,L_q,1024]",激活/中间精度见固定参考函数；存储类型只由文件头证据填写,4194304,本 checkpoint 全分片 header：291 张量；逻辑主干、MTP/DSpark、共享副本和量化元数据分开。未读取权重值或运行模型。,hf-transformers-modeling_llama-py,LlamaAttention.__init__,https://github.com/huggingface/transformers/blob/984bc11b0882ff1e5b34ba717ea357e069ceced9/src/transformers/models/llama/modeling_llama.py#L329-L362,"y=x @ W^T；权重按[输出,输入]；专家模板另用 N_e 动态 token 数",,
r1-distill-llama-8b,DeepSeek-R1-Distill-Llama-8B,decoder-25,decoder,24,25,GQA,prefill,gqa,prefill-gqa-attention-3,逻辑投影：model.layers.{i}.self_attn.o_proj.weight,"x=[B,L_q,4096]; W=[4096,4096]","y=[B,L_q,4096]",激活/中间精度见固定参考函数；存储类型只由文件头证据填写,16777216,本 checkpoint 全分片 header：291 张量；逻辑主干、MTP/DSpark、共享副本和量化元数据分开。未读取权重值或运行模型。,hf-transformers-modeling_llama-py,LlamaAttention.__init__,https://github.com/huggingface/transformers/blob/984bc11b0882ff1e5b34ba717ea357e069ceced9/src/transformers/models/llama/modeling_llama.py#L329-L362,"y=x @ W^T；权重按[输出,输入]；专家模板另用 N_e 动态 token 数",,
r1-distill-llama-8b,DeepSeek-R1-Distill-Llama-8B,decoder-25,decoder,24,25,GQA,prefill,gqa,prefill-gqa-ffn-0,逻辑投影：model.layers.{i}.mlp.gate_proj.weight,"x=[B,L_q,4096]; W=[14336,4096]","y=[B,L_q,14336]",激活/中间精度见固定参考函数；存储类型只由文件头证据填写,58720256,本 checkpoint 全分片 header：291 张量；逻辑主干、MTP/DSpark、共享副本和量化元数据分开。未读取权重值或运行模型。,hf-transformers-modeling_llama-py,LlamaMLP.__init__,https://github.com/huggingface/transformers/blob/984bc11b0882ff1e5b34ba717ea357e069ceced9/src/transformers/models/llama/modeling_llama.py#L281-L289,"y=x @ W^T；权重按[输出,输入]；专家模板另用 N_e 动态 token 数",,
r1-distill-llama-8b,DeepSeek-R1-Distill-Llama-8B,decoder-25,decoder,24,25,GQA,prefill,gqa,prefill-gqa-ffn-1,逻辑投影：model.layers.{i}.mlp.up_proj.weight,"x=[B,L_q,4096]; W=[14336,4096]","y=[B,L_q,14336]",激活/中间精度见固定参考函数；存储类型只由文件头证据填写,58720256,本 checkpoint 全分片 header：291 张量；逻辑主干、MTP/DSpark、共享副本和量化元数据分开。未读取权重值或运行模型。,hf-transformers-modeling_llama-py,LlamaMLP.__init__,https://github.com/huggingface/transformers/blob/984bc11b0882ff1e5b34ba717ea357e069ceced9/src/transformers/models/llama/modeling_llama.py#L281-L289,"y=x @ W^T；权重按[输出,输入]；专家模板另用 N_e 动态 token 数",,
r1-distill-llama-8b,DeepSeek-R1-Distill-Llama-8B,decoder-25,decoder,24,25,GQA,prefill,gqa,prefill-gqa-ffn-2,逻辑投影：model.layers.{i}.mlp.down_proj.weight,"x=[B,L_q,14336]; W=[4096,14336]","y=[B,L_q,4096]",激活/中间精度见固定参考函数；存储类型只由文件头证据填写,58720256,本 checkpoint 全分片 header：291 张量；逻辑主干、MTP/DSpark、共享副本和量化元数据分开。未读取权重值或运行模型。,hf-transformers-modeling_llama-py,LlamaMLP.__init__,https://github.com/huggingface/transformers/blob/984bc11b0882ff1e5b34ba717ea357e069ceced9/src/transformers/models/llama/modeling_llama.py#L281-L289,"y=x @ W^T；权重按[输出,输入]；专家模板另用 N_e 动态 token 数",,
r1-distill-llama-8b,DeepSeek-R1-Distill-Llama-8B,decoder-25,decoder,24,25,GQA,prefill,gqa,prefill-gqa-norm-0,向量参数：model.layers.{i}.input_layernorm.weight,parameter=[4096],parameter=[4096],激活/中间精度见固定参考函数；存储类型只由文件头证据填写,4096,本 checkpoint 全分片 header：291 张量；逻辑主干、MTP/DSpark、共享副本和量化元数据分开。未读取权重值或运行模型。,hf-transformers-modeling_llama-py,LlamaDecoderLayer.__init__,https://github.com/huggingface/transformers/blob/984bc11b0882ff1e5b34ba717ea357e069ceced9/src/transformers/models/llama/modeling_llama.py#L685-L693,参数声明；具体 norm、bias、sink 或 mix scale 计算由后续数据流说明,,
r1-distill-llama-8b,DeepSeek-R1-Distill-Llama-8B,decoder-25,decoder,24,25,GQA,prefill,gqa,prefill-gqa-norm-1,向量参数：model.layers.{i}.post_attention_layernorm.weight,parameter=[4096],parameter=[4096],激活/中间精度见固定参考函数；存储类型只由文件头证据填写,4096,本 checkpoint 全分片 header：291 张量；逻辑主干、MTP/DSpark、共享副本和量化元数据分开。未读取权重值或运行模型。,hf-transformers-modeling_llama-py,LlamaDecoderLayer.__init__,https://github.com/huggingface/transformers/blob/984bc11b0882ff1e5b34ba717ea357e069ceced9/src/transformers/models/llama/modeling_llama.py#L685-L693,参数声明；具体 norm、bias、sink 或 mix scale 计算由后续数据流说明,,
r1-distill-llama-8b,DeepSeek-R1-Distill-Llama-8B,decoder-25,decoder,24,25,GQA,prefill,gqa,prefill-gqa-gqa-scores,GQA Key/Value 广播与 attention,"Q=[B,32,L_q,128]; K_cache=[B,8,L_kv,128]; V_cache=[B,8,L_kv,128]","scores=[B,32,L_q,L_kv]; out=[B,32,L_q,128]",激活/中间精度见固定参考函数；存储类型只由文件头证据填写,0,本 checkpoint 全分片 header：291 张量；逻辑主干、MTP/DSpark、共享副本和量化元数据分开。未读取权重值或运行模型。,hf-transformers-modeling_llama-py,LlamaAttention.forward,https://github.com/huggingface/transformers/blob/984bc11b0882ff1e5b34ba717ea357e069ceced9/src/transformers/models/llama/modeling_llama.py#L364-L455,RoPE → cache.update → repeat_kv(N_head/N_KV) → QK^T/√D → mask/FP32 softmax → PV,,参考 eager 数学路径；实际 SDPA/FlashAttention、分页与设备分派另核验
r1-distill-llama-8b,DeepSeek-R1-Distill-Llama-8B,decoder-25,decoder,24,25,GQA,prefill,gqa,prefill-gqa-swiglu,Dense SwiGLU,"gate=[N_tok,14336]; up=[N_tok,14336]","act=[N_tok,14336]",激活/中间精度见固定参考函数；存储类型只由文件头证据填写,0,本 checkpoint 全分片 header：291 张量；逻辑主干、MTP/DSpark、共享副本和量化元数据分开。未读取权重值或运行模型。,hf-transformers-modeling_llama-py,LlamaMLP.forward,https://github.com/huggingface/transformers/blob/984bc11b0882ff1e5b34ba717ea357e069ceced9/src/transformers/models/llama/modeling_llama.py#L291-L311,SiLU(gate)*up → down；两次 pre-norm residual 分开,,
r1-distill-llama-8b,DeepSeek-R1-Distill-Llama-8B,decoder-25,decoder,24,25,GQA,decode,gqa,decode-gqa-attention-0,逻辑投影：model.layers.{i}.self_attn.q_proj.weight,"x=[B,L_q,4096]; W=[4096,4096]","y=[B,L_q,4096]",激活/中间精度见固定参考函数；存储类型只由文件头证据填写,16777216,本 checkpoint 全分片 header：291 张量；逻辑主干、MTP/DSpark、共享副本和量化元数据分开。未读取权重值或运行模型。,hf-transformers-modeling_llama-py,LlamaAttention.__init__,https://github.com/huggingface/transformers/blob/984bc11b0882ff1e5b34ba717ea357e069ceced9/src/transformers/models/llama/modeling_llama.py#L329-L362,"y=x @ W^T；权重按[输出,输入]；专家模板另用 N_e 动态 token 数",,
r1-distill-llama-8b,DeepSeek-R1-Distill-Llama-8B,decoder-25,decoder,24,25,GQA,decode,gqa,decode-gqa-attention-1,逻辑投影：model.layers.{i}.self_attn.k_proj.weight,"x=[B,L_q,4096]; W=[1024,4096]","y=[B,L_q,1024]",激活/中间精度见固定参考函数；存储类型只由文件头证据填写,4194304,本 checkpoint 全分片 header：291 张量；逻辑主干、MTP/DSpark、共享副本和量化元数据分开。未读取权重值或运行模型。,hf-transformers-modeling_llama-py,LlamaAttention.__init__,https://github.com/huggingface/transformers/blob/984bc11b0882ff1e5b34ba717ea357e069ceced9/src/transformers/models/llama/modeling_llama.py#L329-L362,"y=x @ W^T；权重按[输出,输入]；专家模板另用 N_e 动态 token 数",,
r1-distill-llama-8b,DeepSeek-R1-Distill-Llama-8B,decoder-25,decoder,24,25,GQA,decode,gqa,decode-gqa-attention-2,逻辑投影：model.layers.{i}.self_attn.v_proj.weight,"x=[B,L_q,4096]; W=[1024,4096]","y=[B,L_q,1024]",激活/中间精度见固定参考函数；存储类型只由文件头证据填写,4194304,本 checkpoint 全分片 header：291 张量；逻辑主干、MTP/DSpark、共享副本和量化元数据分开。未读取权重值或运行模型。,hf-transformers-modeling_llama-py,LlamaAttention.__init__,https://github.com/huggingface/transformers/blob/984bc11b0882ff1e5b34ba717ea357e069ceced9/src/transformers/models/llama/modeling_llama.py#L329-L362,"y=x @ W^T；权重按[输出,输入]；专家模板另用 N_e 动态 token 数",,
r1-distill-llama-8b,DeepSeek-R1-Distill-Llama-8B,decoder-25,decoder,24,25,GQA,decode,gqa,decode-gqa-attention-3,逻辑投影：model.layers.{i}.self_attn.o_proj.weight,"x=[B,L_q,4096]; W=[4096,4096]","y=[B,L_q,4096]",激活/中间精度见固定参考函数；存储类型只由文件头证据填写,16777216,本 checkpoint 全分片 header：291 张量；逻辑主干、MTP/DSpark、共享副本和量化元数据分开。未读取权重值或运行模型。,hf-transformers-modeling_llama-py,LlamaAttention.__init__,https://github.com/huggingface/transformers/blob/984bc11b0882ff1e5b34ba717ea357e069ceced9/src/transformers/models/llama/modeling_llama.py#L329-L362,"y=x @ W^T；权重按[输出,输入]；专家模板另用 N_e 动态 token 数",,
r1-distill-llama-8b,DeepSeek-R1-Distill-Llama-8B,decoder-25,decoder,24,25,GQA,decode,gqa,decode-gqa-ffn-0,逻辑投影：model.layers.{i}.mlp.gate_proj.weight,"x=[B,L_q,4096]; W=[14336,4096]","y=[B,L_q,14336]",激活/中间精度见固定参考函数；存储类型只由文件头证据填写,58720256,本 checkpoint 全分片 header：291 张量；逻辑主干、MTP/DSpark、共享副本和量化元数据分开。未读取权重值或运行模型。,hf-transformers-modeling_llama-py,LlamaMLP.__init__,https://github.com/huggingface/transformers/blob/984bc11b0882ff1e5b34ba717ea357e069ceced9/src/transformers/models/llama/modeling_llama.py#L281-L289,"y=x @ W^T；权重按[输出,输入]；专家模板另用 N_e 动态 token 数",,
r1-distill-llama-8b,DeepSeek-R1-Distill-Llama-8B,decoder-25,decoder,24,25,GQA,decode,gqa,decode-gqa-ffn-1,逻辑投影：model.layers.{i}.mlp.up_proj.weight,"x=[B,L_q,4096]; W=[14336,4096]","y=[B,L_q,14336]",激活/中间精度见固定参考函数；存储类型只由文件头证据填写,58720256,本 checkpoint 全分片 header：291 张量；逻辑主干、MTP/DSpark、共享副本和量化元数据分开。未读取权重值或运行模型。,hf-transformers-modeling_llama-py,LlamaMLP.__init__,https://github.com/huggingface/transformers/blob/984bc11b0882ff1e5b34ba717ea357e069ceced9/src/transformers/models/llama/modeling_llama.py#L281-L289,"y=x @ W^T；权重按[输出,输入]；专家模板另用 N_e 动态 token 数",,
r1-distill-llama-8b,DeepSeek-R1-Distill-Llama-8B,decoder-25,decoder,24,25,GQA,decode,gqa,decode-gqa-ffn-2,逻辑投影：model.layers.{i}.mlp.down_proj.weight,"x=[B,L_q,14336]; W=[4096,14336]","y=[B,L_q,4096]",激活/中间精度见固定参考函数；存储类型只由文件头证据填写,58720256,本 checkpoint 全分片 header：291 张量；逻辑主干、MTP/DSpark、共享副本和量化元数据分开。未读取权重值或运行模型。,hf-transformers-modeling_llama-py,LlamaMLP.__init__,https://github.com/huggingface/transformers/blob/984bc11b0882ff1e5b34ba717ea357e069ceced9/src/transformers/models/llama/modeling_llama.py#L281-L289,"y=x @ W^T；权重按[输出,输入]；专家模板另用 N_e 动态 token 数",,
r1-distill-llama-8b,DeepSeek-R1-Distill-Llama-8B,decoder-25,decoder,24,25,GQA,decode,gqa,decode-gqa-norm-0,向量参数：model.layers.{i}.input_layernorm.weight,parameter=[4096],parameter=[4096],激活/中间精度见固定参考函数；存储类型只由文件头证据填写,4096,本 checkpoint 全分片 header：291 张量；逻辑主干、MTP/DSpark、共享副本和量化元数据分开。未读取权重值或运行模型。,hf-transformers-modeling_llama-py,LlamaDecoderLayer.__init__,https://github.com/huggingface/transformers/blob/984bc11b0882ff1e5b34ba717ea357e069ceced9/src/transformers/models/llama/modeling_llama.py#L685-L693,参数声明；具体 norm、bias、sink 或 mix scale 计算由后续数据流说明,,
r1-distill-llama-8b,DeepSeek-R1-Distill-Llama-8B,decoder-25,decoder,24,25,GQA,decode,gqa,decode-gqa-norm-1,向量参数：model.layers.{i}.post_attention_layernorm.weight,parameter=[4096],parameter=[4096],激活/中间精度见固定参考函数；存储类型只由文件头证据填写,4096,本 checkpoint 全分片 header：291 张量；逻辑主干、MTP/DSpark、共享副本和量化元数据分开。未读取权重值或运行模型。,hf-transformers-modeling_llama-py,LlamaDecoderLayer.__init__,https://github.com/huggingface/transformers/blob/984bc11b0882ff1e5b34ba717ea357e069ceced9/src/transformers/models/llama/modeling_llama.py#L685-L693,参数声明；具体 norm、bias、sink 或 mix scale 计算由后续数据流说明,,
r1-distill-llama-8b,DeepSeek-R1-Distill-Llama-8B,decoder-25,decoder,24,25,GQA,decode,gqa,decode-gqa-gqa-scores,GQA Key/Value 广播与 attention,"Q=[B,32,L_q,128]; K_cache=[B,8,L_kv,128]; V_cache=[B,8,L_kv,128]","scores=[B,32,L_q,L_kv]; out=[B,32,L_q,128]",激活/中间精度见固定参考函数；存储类型只由文件头证据填写,0,本 checkpoint 全分片 header：291 张量；逻辑主干、MTP/DSpark、共享副本和量化元数据分开。未读取权重值或运行模型。,hf-transformers-modeling_llama-py,LlamaAttention.forward,https://github.com/huggingface/transformers/blob/984bc11b0882ff1e5b34ba717ea357e069ceced9/src/transformers/models/llama/modeling_llama.py#L364-L455,RoPE → cache.update → repeat_kv(N_head/N_KV) → QK^T/√D → mask/FP32 softmax → PV,,参考 eager 数学路径；实际 SDPA/FlashAttention、分页与设备分派另核验
r1-distill-llama-8b,DeepSeek-R1-Distill-Llama-8B,decoder-25,decoder,24,25,GQA,decode,gqa,decode-gqa-swiglu,Dense SwiGLU,"gate=[N_tok,14336]; up=[N_tok,14336]","act=[N_tok,14336]",激活/中间精度见固定参考函数；存储类型只由文件头证据填写,0,本 checkpoint 全分片 header：291 张量；逻辑主干、MTP/DSpark、共享副本和量化元数据分开。未读取权重值或运行模型。,hf-transformers-modeling_llama-py,LlamaMLP.forward,https://github.com/huggingface/transformers/blob/984bc11b0882ff1e5b34ba717ea357e069ceced9/src/transformers/models/llama/modeling_llama.py#L291-L311,SiLU(gate)*up → down；两次 pre-norm residual 分开,,
r1-distill-llama-8b,DeepSeek-R1-Distill-Llama-8B,decoder-26,decoder,25,26,GQA,prefill,gqa,prefill-gqa-attention-0,逻辑投影：model.layers.{i}.self_attn.q_proj.weight,"x=[B,L_q,4096]; W=[4096,4096]","y=[B,L_q,4096]",激活/中间精度见固定参考函数；存储类型只由文件头证据填写,16777216,本 checkpoint 全分片 header：291 张量；逻辑主干、MTP/DSpark、共享副本和量化元数据分开。未读取权重值或运行模型。,hf-transformers-modeling_llama-py,LlamaAttention.__init__,https://github.com/huggingface/transformers/blob/984bc11b0882ff1e5b34ba717ea357e069ceced9/src/transformers/models/llama/modeling_llama.py#L329-L362,"y=x @ W^T；权重按[输出,输入]；专家模板另用 N_e 动态 token 数",,
r1-distill-llama-8b,DeepSeek-R1-Distill-Llama-8B,decoder-26,decoder,25,26,GQA,prefill,gqa,prefill-gqa-attention-1,逻辑投影：model.layers.{i}.self_attn.k_proj.weight,"x=[B,L_q,4096]; W=[1024,4096]","y=[B,L_q,1024]",激活/中间精度见固定参考函数；存储类型只由文件头证据填写,4194304,本 checkpoint 全分片 header：291 张量；逻辑主干、MTP/DSpark、共享副本和量化元数据分开。未读取权重值或运行模型。,hf-transformers-modeling_llama-py,LlamaAttention.__init__,https://github.com/huggingface/transformers/blob/984bc11b0882ff1e5b34ba717ea357e069ceced9/src/transformers/models/llama/modeling_llama.py#L329-L362,"y=x @ W^T；权重按[输出,输入]；专家模板另用 N_e 动态 token 数",,
r1-distill-llama-8b,DeepSeek-R1-Distill-Llama-8B,decoder-26,decoder,25,26,GQA,prefill,gqa,prefill-gqa-attention-2,逻辑投影：model.layers.{i}.self_attn.v_proj.weight,"x=[B,L_q,4096]; W=[1024,4096]","y=[B,L_q,1024]",激活/中间精度见固定参考函数；存储类型只由文件头证据填写,4194304,本 checkpoint 全分片 header：291 张量；逻辑主干、MTP/DSpark、共享副本和量化元数据分开。未读取权重值或运行模型。,hf-transformers-modeling_llama-py,LlamaAttention.__init__,https://github.com/huggingface/transformers/blob/984bc11b0882ff1e5b34ba717ea357e069ceced9/src/transformers/models/llama/modeling_llama.py#L329-L362,"y=x @ W^T；权重按[输出,输入]；专家模板另用 N_e 动态 token 数",,
r1-distill-llama-8b,DeepSeek-R1-Distill-Llama-8B,decoder-26,decoder,25,26,GQA,prefill,gqa,prefill-gqa-attention-3,逻辑投影：model.layers.{i}.self_attn.o_proj.weight,"x=[B,L_q,4096]; W=[4096,4096]","y=[B,L_q,4096]",激活/中间精度见固定参考函数；存储类型只由文件头证据填写,16777216,本 checkpoint 全分片 header：291 张量；逻辑主干、MTP/DSpark、共享副本和量化元数据分开。未读取权重值或运行模型。,hf-transformers-modeling_llama-py,LlamaAttention.__init__,https://github.com/huggingface/transformers/blob/984bc11b0882ff1e5b34ba717ea357e069ceced9/src/transformers/models/llama/modeling_llama.py#L329-L362,"y=x @ W^T；权重按[输出,输入]；专家模板另用 N_e 动态 token 数",,
r1-distill-llama-8b,DeepSeek-R1-Distill-Llama-8B,decoder-26,decoder,25,26,GQA,prefill,gqa,prefill-gqa-ffn-0,逻辑投影：model.layers.{i}.mlp.gate_proj.weight,"x=[B,L_q,4096]; W=[14336,4096]","y=[B,L_q,14336]",激活/中间精度见固定参考函数；存储类型只由文件头证据填写,58720256,本 checkpoint 全分片 header：291 张量；逻辑主干、MTP/DSpark、共享副本和量化元数据分开。未读取权重值或运行模型。,hf-transformers-modeling_llama-py,LlamaMLP.__init__,https://github.com/huggingface/transformers/blob/984bc11b0882ff1e5b34ba717ea357e069ceced9/src/transformers/models/llama/modeling_llama.py#L281-L289,"y=x @ W^T；权重按[输出,输入]；专家模板另用 N_e 动态 token 数",,
r1-distill-llama-8b,DeepSeek-R1-Distill-Llama-8B,decoder-26,decoder,25,26,GQA,prefill,gqa,prefill-gqa-ffn-1,逻辑投影：model.layers.{i}.mlp.up_proj.weight,"x=[B,L_q,4096]; W=[14336,4096]","y=[B,L_q,14336]",激活/中间精度见固定参考函数；存储类型只由文件头证据填写,58720256,本 checkpoint 全分片 header：291 张量；逻辑主干、MTP/DSpark、共享副本和量化元数据分开。未读取权重值或运行模型。,hf-transformers-modeling_llama-py,LlamaMLP.__init__,https://github.com/huggingface/transformers/blob/984bc11b0882ff1e5b34ba717ea357e069ceced9/src/transformers/models/llama/modeling_llama.py#L281-L289,"y=x @ W^T；权重按[输出,输入]；专家模板另用 N_e 动态 token 数",,
r1-distill-llama-8b,DeepSeek-R1-Distill-Llama-8B,decoder-26,decoder,25,26,GQA,prefill,gqa,prefill-gqa-ffn-2,逻辑投影：model.layers.{i}.mlp.down_proj.weight,"x=[B,L_q,14336]; W=[4096,14336]","y=[B,L_q,4096]",激活/中间精度见固定参考函数；存储类型只由文件头证据填写,58720256,本 checkpoint 全分片 header：291 张量；逻辑主干、MTP/DSpark、共享副本和量化元数据分开。未读取权重值或运行模型。,hf-transformers-modeling_llama-py,LlamaMLP.__init__,https://github.com/huggingface/transformers/blob/984bc11b0882ff1e5b34ba717ea357e069ceced9/src/transformers/models/llama/modeling_llama.py#L281-L289,"y=x @ W^T；权重按[输出,输入]；专家模板另用 N_e 动态 token 数",,
r1-distill-llama-8b,DeepSeek-R1-Distill-Llama-8B,decoder-26,decoder,25,26,GQA,prefill,gqa,prefill-gqa-norm-0,向量参数：model.layers.{i}.input_layernorm.weight,parameter=[4096],parameter=[4096],激活/中间精度见固定参考函数；存储类型只由文件头证据填写,4096,本 checkpoint 全分片 header：291 张量；逻辑主干、MTP/DSpark、共享副本和量化元数据分开。未读取权重值或运行模型。,hf-transformers-modeling_llama-py,LlamaDecoderLayer.__init__,https://github.com/huggingface/transformers/blob/984bc11b0882ff1e5b34ba717ea357e069ceced9/src/transformers/models/llama/modeling_llama.py#L685-L693,参数声明；具体 norm、bias、sink 或 mix scale 计算由后续数据流说明,,
r1-distill-llama-8b,DeepSeek-R1-Distill-Llama-8B,decoder-26,decoder,25,26,GQA,prefill,gqa,prefill-gqa-norm-1,向量参数：model.layers.{i}.post_attention_layernorm.weight,parameter=[4096],parameter=[4096],激活/中间精度见固定参考函数；存储类型只由文件头证据填写,4096,本 checkpoint 全分片 header：291 张量；逻辑主干、MTP/DSpark、共享副本和量化元数据分开。未读取权重值或运行模型。,hf-transformers-modeling_llama-py,LlamaDecoderLayer.__init__,https://github.com/huggingface/transformers/blob/984bc11b0882ff1e5b34ba717ea357e069ceced9/src/transformers/models/llama/modeling_llama.py#L685-L693,参数声明；具体 norm、bias、sink 或 mix scale 计算由后续数据流说明,,
r1-distill-llama-8b,DeepSeek-R1-Distill-Llama-8B,decoder-26,decoder,25,26,GQA,prefill,gqa,prefill-gqa-gqa-scores,GQA Key/Value 广播与 attention,"Q=[B,32,L_q,128]; K_cache=[B,8,L_kv,128]; V_cache=[B,8,L_kv,128]","scores=[B,32,L_q,L_kv]; out=[B,32,L_q,128]",激活/中间精度见固定参考函数；存储类型只由文件头证据填写,0,本 checkpoint 全分片 header：291 张量；逻辑主干、MTP/DSpark、共享副本和量化元数据分开。未读取权重值或运行模型。,hf-transformers-modeling_llama-py,LlamaAttention.forward,https://github.com/huggingface/transformers/blob/984bc11b0882ff1e5b34ba717ea357e069ceced9/src/transformers/models/llama/modeling_llama.py#L364-L455,RoPE → cache.update → repeat_kv(N_head/N_KV) → QK^T/√D → mask/FP32 softmax → PV,,参考 eager 数学路径；实际 SDPA/FlashAttention、分页与设备分派另核验
r1-distill-llama-8b,DeepSeek-R1-Distill-Llama-8B,decoder-26,decoder,25,26,GQA,prefill,gqa,prefill-gqa-swiglu,Dense SwiGLU,"gate=[N_tok,14336]; up=[N_tok,14336]","act=[N_tok,14336]",激活/中间精度见固定参考函数；存储类型只由文件头证据填写,0,本 checkpoint 全分片 header：291 张量；逻辑主干、MTP/DSpark、共享副本和量化元数据分开。未读取权重值或运行模型。,hf-transformers-modeling_llama-py,LlamaMLP.forward,https://github.com/huggingface/transformers/blob/984bc11b0882ff1e5b34ba717ea357e069ceced9/src/transformers/models/llama/modeling_llama.py#L291-L311,SiLU(gate)*up → down；两次 pre-norm residual 分开,,
r1-distill-llama-8b,DeepSeek-R1-Distill-Llama-8B,decoder-26,decoder,25,26,GQA,decode,gqa,decode-gqa-attention-0,逻辑投影：model.layers.{i}.self_attn.q_proj.weight,"x=[B,L_q,4096]; W=[4096,4096]","y=[B,L_q,4096]",激活/中间精度见固定参考函数；存储类型只由文件头证据填写,16777216,本 checkpoint 全分片 header：291 张量；逻辑主干、MTP/DSpark、共享副本和量化元数据分开。未读取权重值或运行模型。,hf-transformers-modeling_llama-py,LlamaAttention.__init__,https://github.com/huggingface/transformers/blob/984bc11b0882ff1e5b34ba717ea357e069ceced9/src/transformers/models/llama/modeling_llama.py#L329-L362,"y=x @ W^T；权重按[输出,输入]；专家模板另用 N_e 动态 token 数",,
r1-distill-llama-8b,DeepSeek-R1-Distill-Llama-8B,decoder-26,decoder,25,26,GQA,decode,gqa,decode-gqa-attention-1,逻辑投影：model.layers.{i}.self_attn.k_proj.weight,"x=[B,L_q,4096]; W=[1024,4096]","y=[B,L_q,1024]",激活/中间精度见固定参考函数；存储类型只由文件头证据填写,4194304,本 checkpoint 全分片 header：291 张量；逻辑主干、MTP/DSpark、共享副本和量化元数据分开。未读取权重值或运行模型。,hf-transformers-modeling_llama-py,LlamaAttention.__init__,https://github.com/huggingface/transformers/blob/984bc11b0882ff1e5b34ba717ea357e069ceced9/src/transformers/models/llama/modeling_llama.py#L329-L362,"y=x @ W^T；权重按[输出,输入]；专家模板另用 N_e 动态 token 数",,
r1-distill-llama-8b,DeepSeek-R1-Distill-Llama-8B,decoder-26,decoder,25,26,GQA,decode,gqa,decode-gqa-attention-2,逻辑投影：model.layers.{i}.self_attn.v_proj.weight,"x=[B,L_q,4096]; W=[1024,4096]","y=[B,L_q,1024]",激活/中间精度见固定参考函数；存储类型只由文件头证据填写,4194304,本 checkpoint 全分片 header：291 张量；逻辑主干、MTP/DSpark、共享副本和量化元数据分开。未读取权重值或运行模型。,hf-transformers-modeling_llama-py,LlamaAttention.__init__,https://github.com/huggingface/transformers/blob/984bc11b0882ff1e5b34ba717ea357e069ceced9/src/transformers/models/llama/modeling_llama.py#L329-L362,"y=x @ W^T；权重按[输出,输入]；专家模板另用 N_e 动态 token 数",,
r1-distill-llama-8b,DeepSeek-R1-Distill-Llama-8B,decoder-26,decoder,25,26,GQA,decode,gqa,decode-gqa-attention-3,逻辑投影：model.layers.{i}.self_attn.o_proj.weight,"x=[B,L_q,4096]; W=[4096,4096]","y=[B,L_q,4096]",激活/中间精度见固定参考函数；存储类型只由文件头证据填写,16777216,本 checkpoint 全分片 header：291 张量；逻辑主干、MTP/DSpark、共享副本和量化元数据分开。未读取权重值或运行模型。,hf-transformers-modeling_llama-py,LlamaAttention.__init__,https://github.com/huggingface/transformers/blob/984bc11b0882ff1e5b34ba717ea357e069ceced9/src/transformers/models/llama/modeling_llama.py#L329-L362,"y=x @ W^T；权重按[输出,输入]；专家模板另用 N_e 动态 token 数",,
r1-distill-llama-8b,DeepSeek-R1-Distill-Llama-8B,decoder-26,decoder,25,26,GQA,decode,gqa,decode-gqa-ffn-0,逻辑投影：model.layers.{i}.mlp.gate_proj.weight,"x=[B,L_q,4096]; W=[14336,4096]","y=[B,L_q,14336]",激活/中间精度见固定参考函数；存储类型只由文件头证据填写,58720256,本 checkpoint 全分片 header：291 张量；逻辑主干、MTP/DSpark、共享副本和量化元数据分开。未读取权重值或运行模型。,hf-transformers-modeling_llama-py,LlamaMLP.__init__,https://github.com/huggingface/transformers/blob/984bc11b0882ff1e5b34ba717ea357e069ceced9/src/transformers/models/llama/modeling_llama.py#L281-L289,"y=x @ W^T；权重按[输出,输入]；专家模板另用 N_e 动态 token 数",,
r1-distill-llama-8b,DeepSeek-R1-Distill-Llama-8B,decoder-26,decoder,25,26,GQA,decode,gqa,decode-gqa-ffn-1,逻辑投影：model.layers.{i}.mlp.up_proj.weight,"x=[B,L_q,4096]; W=[14336,4096]","y=[B,L_q,14336]",激活/中间精度见固定参考函数；存储类型只由文件头证据填写,58720256,本 checkpoint 全分片 header：291 张量；逻辑主干、MTP/DSpark、共享副本和量化元数据分开。未读取权重值或运行模型。,hf-transformers-modeling_llama-py,LlamaMLP.__init__,https://github.com/huggingface/transformers/blob/984bc11b0882ff1e5b34ba717ea357e069ceced9/src/transformers/models/llama/modeling_llama.py#L281-L289,"y=x @ W^T；权重按[输出,输入]；专家模板另用 N_e 动态 token 数",,
r1-distill-llama-8b,DeepSeek-R1-Distill-Llama-8B,decoder-26,decoder,25,26,GQA,decode,gqa,decode-gqa-ffn-2,逻辑投影：model.layers.{i}.mlp.down_proj.weight,"x=[B,L_q,14336]; W=[4096,14336]","y=[B,L_q,4096]",激活/中间精度见固定参考函数；存储类型只由文件头证据填写,58720256,本 checkpoint 全分片 header：291 张量；逻辑主干、MTP/DSpark、共享副本和量化元数据分开。未读取权重值或运行模型。,hf-transformers-modeling_llama-py,LlamaMLP.__init__,https://github.com/huggingface/transformers/blob/984bc11b0882ff1e5b34ba717ea357e069ceced9/src/transformers/models/llama/modeling_llama.py#L281-L289,"y=x @ W^T；权重按[输出,输入]；专家模板另用 N_e 动态 token 数",,
r1-distill-llama-8b,DeepSeek-R1-Distill-Llama-8B,decoder-26,decoder,25,26,GQA,decode,gqa,decode-gqa-norm-0,向量参数：model.layers.{i}.input_layernorm.weight,parameter=[4096],parameter=[4096],激活/中间精度见固定参考函数；存储类型只由文件头证据填写,4096,本 checkpoint 全分片 header：291 张量；逻辑主干、MTP/DSpark、共享副本和量化元数据分开。未读取权重值或运行模型。,hf-transformers-modeling_llama-py,LlamaDecoderLayer.__init__,https://github.com/huggingface/transformers/blob/984bc11b0882ff1e5b34ba717ea357e069ceced9/src/transformers/models/llama/modeling_llama.py#L685-L693,参数声明；具体 norm、bias、sink 或 mix scale 计算由后续数据流说明,,
r1-distill-llama-8b,DeepSeek-R1-Distill-Llama-8B,decoder-26,decoder,25,26,GQA,decode,gqa,decode-gqa-norm-1,向量参数：model.layers.{i}.post_attention_layernorm.weight,parameter=[4096],parameter=[4096],激活/中间精度见固定参考函数；存储类型只由文件头证据填写,4096,本 checkpoint 全分片 header：291 张量；逻辑主干、MTP/DSpark、共享副本和量化元数据分开。未读取权重值或运行模型。,hf-transformers-modeling_llama-py,LlamaDecoderLayer.__init__,https://github.com/huggingface/transformers/blob/984bc11b0882ff1e5b34ba717ea357e069ceced9/src/transformers/models/llama/modeling_llama.py#L685-L693,参数声明；具体 norm、bias、sink 或 mix scale 计算由后续数据流说明,,
r1-distill-llama-8b,DeepSeek-R1-Distill-Llama-8B,decoder-26,decoder,25,26,GQA,decode,gqa,decode-gqa-gqa-scores,GQA Key/Value 广播与 attention,"Q=[B,32,L_q,128]; K_cache=[B,8,L_kv,128]; V_cache=[B,8,L_kv,128]","scores=[B,32,L_q,L_kv]; out=[B,32,L_q,128]",激活/中间精度见固定参考函数；存储类型只由文件头证据填写,0,本 checkpoint 全分片 header：291 张量；逻辑主干、MTP/DSpark、共享副本和量化元数据分开。未读取权重值或运行模型。,hf-transformers-modeling_llama-py,LlamaAttention.forward,https://github.com/huggingface/transformers/blob/984bc11b0882ff1e5b34ba717ea357e069ceced9/src/transformers/models/llama/modeling_llama.py#L364-L455,RoPE → cache.update → repeat_kv(N_head/N_KV) → QK^T/√D → mask/FP32 softmax → PV,,参考 eager 数学路径；实际 SDPA/FlashAttention、分页与设备分派另核验
r1-distill-llama-8b,DeepSeek-R1-Distill-Llama-8B,decoder-26,decoder,25,26,GQA,decode,gqa,decode-gqa-swiglu,Dense SwiGLU,"gate=[N_tok,14336]; up=[N_tok,14336]","act=[N_tok,14336]",激活/中间精度见固定参考函数；存储类型只由文件头证据填写,0,本 checkpoint 全分片 header：291 张量；逻辑主干、MTP/DSpark、共享副本和量化元数据分开。未读取权重值或运行模型。,hf-transformers-modeling_llama-py,LlamaMLP.forward,https://github.com/huggingface/transformers/blob/984bc11b0882ff1e5b34ba717ea357e069ceced9/src/transformers/models/llama/modeling_llama.py#L291-L311,SiLU(gate)*up → down；两次 pre-norm residual 分开,,
r1-distill-llama-8b,DeepSeek-R1-Distill-Llama-8B,decoder-27,decoder,26,27,GQA,prefill,gqa,prefill-gqa-attention-0,逻辑投影：model.layers.{i}.self_attn.q_proj.weight,"x=[B,L_q,4096]; W=[4096,4096]","y=[B,L_q,4096]",激活/中间精度见固定参考函数；存储类型只由文件头证据填写,16777216,本 checkpoint 全分片 header：291 张量；逻辑主干、MTP/DSpark、共享副本和量化元数据分开。未读取权重值或运行模型。,hf-transformers-modeling_llama-py,LlamaAttention.__init__,https://github.com/huggingface/transformers/blob/984bc11b0882ff1e5b34ba717ea357e069ceced9/src/transformers/models/llama/modeling_llama.py#L329-L362,"y=x @ W^T；权重按[输出,输入]；专家模板另用 N_e 动态 token 数",,
r1-distill-llama-8b,DeepSeek-R1-Distill-Llama-8B,decoder-27,decoder,26,27,GQA,prefill,gqa,prefill-gqa-attention-1,逻辑投影：model.layers.{i}.self_attn.k_proj.weight,"x=[B,L_q,4096]; W=[1024,4096]","y=[B,L_q,1024]",激活/中间精度见固定参考函数；存储类型只由文件头证据填写,4194304,本 checkpoint 全分片 header：291 张量；逻辑主干、MTP/DSpark、共享副本和量化元数据分开。未读取权重值或运行模型。,hf-transformers-modeling_llama-py,LlamaAttention.__init__,https://github.com/huggingface/transformers/blob/984bc11b0882ff1e5b34ba717ea357e069ceced9/src/transformers/models/llama/modeling_llama.py#L329-L362,"y=x @ W^T；权重按[输出,输入]；专家模板另用 N_e 动态 token 数",,
r1-distill-llama-8b,DeepSeek-R1-Distill-Llama-8B,decoder-27,decoder,26,27,GQA,prefill,gqa,prefill-gqa-attention-2,逻辑投影：model.layers.{i}.self_attn.v_proj.weight,"x=[B,L_q,4096]; W=[1024,4096]","y=[B,L_q,1024]",激活/中间精度见固定参考函数；存储类型只由文件头证据填写,4194304,本 checkpoint 全分片 header：291 张量；逻辑主干、MTP/DSpark、共享副本和量化元数据分开。未读取权重值或运行模型。,hf-transformers-modeling_llama-py,LlamaAttention.__init__,https://github.com/huggingface/transformers/blob/984bc11b0882ff1e5b34ba717ea357e069ceced9/src/transformers/models/llama/modeling_llama.py#L329-L362,"y=x @ W^T；权重按[输出,输入]；专家模板另用 N_e 动态 token 数",,
r1-distill-llama-8b,DeepSeek-R1-Distill-Llama-8B,decoder-27,decoder,26,27,GQA,prefill,gqa,prefill-gqa-attention-3,逻辑投影：model.layers.{i}.self_attn.o_proj.weight,"x=[B,L_q,4096]; W=[4096,4096]","y=[B,L_q,4096]",激活/中间精度见固定参考函数；存储类型只由文件头证据填写,16777216,本 checkpoint 全分片 header：291 张量；逻辑主干、MTP/DSpark、共享副本和量化元数据分开。未读取权重值或运行模型。,hf-transformers-modeling_llama-py,LlamaAttention.__init__,https://github.com/huggingface/transformers/blob/984bc11b0882ff1e5b34ba717ea357e069ceced9/src/transformers/models/llama/modeling_llama.py#L329-L362,"y=x @ W^T；权重按[输出,输入]；专家模板另用 N_e 动态 token 数",,
r1-distill-llama-8b,DeepSeek-R1-Distill-Llama-8B,decoder-27,decoder,26,27,GQA,prefill,gqa,prefill-gqa-ffn-0,逻辑投影：model.layers.{i}.mlp.gate_proj.weight,"x=[B,L_q,4096]; W=[14336,4096]","y=[B,L_q,14336]",激活/中间精度见固定参考函数；存储类型只由文件头证据填写,58720256,本 checkpoint 全分片 header：291 张量；逻辑主干、MTP/DSpark、共享副本和量化元数据分开。未读取权重值或运行模型。,hf-transformers-modeling_llama-py,LlamaMLP.__init__,https://github.com/huggingface/transformers/blob/984bc11b0882ff1e5b34ba717ea357e069ceced9/src/transformers/models/llama/modeling_llama.py#L281-L289,"y=x @ W^T；权重按[输出,输入]；专家模板另用 N_e 动态 token 数",,
r1-distill-llama-8b,DeepSeek-R1-Distill-Llama-8B,decoder-27,decoder,26,27,GQA,prefill,gqa,prefill-gqa-ffn-1,逻辑投影：model.layers.{i}.mlp.up_proj.weight,"x=[B,L_q,4096]; W=[14336,4096]","y=[B,L_q,14336]",激活/中间精度见固定参考函数；存储类型只由文件头证据填写,58720256,本 checkpoint 全分片 header：291 张量；逻辑主干、MTP/DSpark、共享副本和量化元数据分开。未读取权重值或运行模型。,hf-transformers-modeling_llama-py,LlamaMLP.__init__,https://github.com/huggingface/transformers/blob/984bc11b0882ff1e5b34ba717ea357e069ceced9/src/transformers/models/llama/modeling_llama.py#L281-L289,"y=x @ W^T；权重按[输出,输入]；专家模板另用 N_e 动态 token 数",,
r1-distill-llama-8b,DeepSeek-R1-Distill-Llama-8B,decoder-27,decoder,26,27,GQA,prefill,gqa,prefill-gqa-ffn-2,逻辑投影：model.layers.{i}.mlp.down_proj.weight,"x=[B,L_q,14336]; W=[4096,14336]","y=[B,L_q,4096]",激活/中间精度见固定参考函数；存储类型只由文件头证据填写,58720256,本 checkpoint 全分片 header：291 张量；逻辑主干、MTP/DSpark、共享副本和量化元数据分开。未读取权重值或运行模型。,hf-transformers-modeling_llama-py,LlamaMLP.__init__,https://github.com/huggingface/transformers/blob/984bc11b0882ff1e5b34ba717ea357e069ceced9/src/transformers/models/llama/modeling_llama.py#L281-L289,"y=x @ W^T；权重按[输出,输入]；专家模板另用 N_e 动态 token 数",,
r1-distill-llama-8b,DeepSeek-R1-Distill-Llama-8B,decoder-27,decoder,26,27,GQA,prefill,gqa,prefill-gqa-norm-0,向量参数：model.layers.{i}.input_layernorm.weight,parameter=[4096],parameter=[4096],激活/中间精度见固定参考函数；存储类型只由文件头证据填写,4096,本 checkpoint 全分片 header：291 张量；逻辑主干、MTP/DSpark、共享副本和量化元数据分开。未读取权重值或运行模型。,hf-transformers-modeling_llama-py,LlamaDecoderLayer.__init__,https://github.com/huggingface/transformers/blob/984bc11b0882ff1e5b34ba717ea357e069ceced9/src/transformers/models/llama/modeling_llama.py#L685-L693,参数声明；具体 norm、bias、sink 或 mix scale 计算由后续数据流说明,,
r1-distill-llama-8b,DeepSeek-R1-Distill-Llama-8B,decoder-27,decoder,26,27,GQA,prefill,gqa,prefill-gqa-norm-1,向量参数：model.layers.{i}.post_attention_layernorm.weight,parameter=[4096],parameter=[4096],激活/中间精度见固定参考函数；存储类型只由文件头证据填写,4096,本 checkpoint 全分片 header：291 张量；逻辑主干、MTP/DSpark、共享副本和量化元数据分开。未读取权重值或运行模型。,hf-transformers-modeling_llama-py,LlamaDecoderLayer.__init__,https://github.com/huggingface/transformers/blob/984bc11b0882ff1e5b34ba717ea357e069ceced9/src/transformers/models/llama/modeling_llama.py#L685-L693,参数声明；具体 norm、bias、sink 或 mix scale 计算由后续数据流说明,,
r1-distill-llama-8b,DeepSeek-R1-Distill-Llama-8B,decoder-27,decoder,26,27,GQA,prefill,gqa,prefill-gqa-gqa-scores,GQA Key/Value 广播与 attention,"Q=[B,32,L_q,128]; K_cache=[B,8,L_kv,128]; V_cache=[B,8,L_kv,128]","scores=[B,32,L_q,L_kv]; out=[B,32,L_q,128]",激活/中间精度见固定参考函数；存储类型只由文件头证据填写,0,本 checkpoint 全分片 header：291 张量；逻辑主干、MTP/DSpark、共享副本和量化元数据分开。未读取权重值或运行模型。,hf-transformers-modeling_llama-py,LlamaAttention.forward,https://github.com/huggingface/transformers/blob/984bc11b0882ff1e5b34ba717ea357e069ceced9/src/transformers/models/llama/modeling_llama.py#L364-L455,RoPE → cache.update → repeat_kv(N_head/N_KV) → QK^T/√D → mask/FP32 softmax → PV,,参考 eager 数学路径；实际 SDPA/FlashAttention、分页与设备分派另核验
r1-distill-llama-8b,DeepSeek-R1-Distill-Llama-8B,decoder-27,decoder,26,27,GQA,prefill,gqa,prefill-gqa-swiglu,Dense SwiGLU,"gate=[N_tok,14336]; up=[N_tok,14336]","act=[N_tok,14336]",激活/中间精度见固定参考函数；存储类型只由文件头证据填写,0,本 checkpoint 全分片 header：291 张量；逻辑主干、MTP/DSpark、共享副本和量化元数据分开。未读取权重值或运行模型。,hf-transformers-modeling_llama-py,LlamaMLP.forward,https://github.com/huggingface/transformers/blob/984bc11b0882ff1e5b34ba717ea357e069ceced9/src/transformers/models/llama/modeling_llama.py#L291-L311,SiLU(gate)*up → down；两次 pre-norm residual 分开,,
r1-distill-llama-8b,DeepSeek-R1-Distill-Llama-8B,decoder-27,decoder,26,27,GQA,decode,gqa,decode-gqa-attention-0,逻辑投影：model.layers.{i}.self_attn.q_proj.weight,"x=[B,L_q,4096]; W=[4096,4096]","y=[B,L_q,4096]",激活/中间精度见固定参考函数；存储类型只由文件头证据填写,16777216,本 checkpoint 全分片 header：291 张量；逻辑主干、MTP/DSpark、共享副本和量化元数据分开。未读取权重值或运行模型。,hf-transformers-modeling_llama-py,LlamaAttention.__init__,https://github.com/huggingface/transformers/blob/984bc11b0882ff1e5b34ba717ea357e069ceced9/src/transformers/models/llama/modeling_llama.py#L329-L362,"y=x @ W^T；权重按[输出,输入]；专家模板另用 N_e 动态 token 数",,
r1-distill-llama-8b,DeepSeek-R1-Distill-Llama-8B,decoder-27,decoder,26,27,GQA,decode,gqa,decode-gqa-attention-1,逻辑投影：model.layers.{i}.self_attn.k_proj.weight,"x=[B,L_q,4096]; W=[1024,4096]","y=[B,L_q,1024]",激活/中间精度见固定参考函数；存储类型只由文件头证据填写,4194304,本 checkpoint 全分片 header：291 张量；逻辑主干、MTP/DSpark、共享副本和量化元数据分开。未读取权重值或运行模型。,hf-transformers-modeling_llama-py,LlamaAttention.__init__,https://github.com/huggingface/transformers/blob/984bc11b0882ff1e5b34ba717ea357e069ceced9/src/transformers/models/llama/modeling_llama.py#L329-L362,"y=x @ W^T；权重按[输出,输入]；专家模板另用 N_e 动态 token 数",,
r1-distill-llama-8b,DeepSeek-R1-Distill-Llama-8B,decoder-27,decoder,26,27,GQA,decode,gqa,decode-gqa-attention-2,逻辑投影：model.layers.{i}.self_attn.v_proj.weight,"x=[B,L_q,4096]; W=[1024,4096]","y=[B,L_q,1024]",激活/中间精度见固定参考函数；存储类型只由文件头证据填写,4194304,本 checkpoint 全分片 header：291 张量；逻辑主干、MTP/DSpark、共享副本和量化元数据分开。未读取权重值或运行模型。,hf-transformers-modeling_llama-py,LlamaAttention.__init__,https://github.com/huggingface/transformers/blob/984bc11b0882ff1e5b34ba717ea357e069ceced9/src/transformers/models/llama/modeling_llama.py#L329-L362,"y=x @ W^T；权重按[输出,输入]；专家模板另用 N_e 动态 token 数",,
r1-distill-llama-8b,DeepSeek-R1-Distill-Llama-8B,decoder-27,decoder,26,27,GQA,decode,gqa,decode-gqa-attention-3,逻辑投影：model.layers.{i}.self_attn.o_proj.weight,"x=[B,L_q,4096]; W=[4096,4096]","y=[B,L_q,4096]",激活/中间精度见固定参考函数；存储类型只由文件头证据填写,16777216,本 checkpoint 全分片 header：291 张量；逻辑主干、MTP/DSpark、共享副本和量化元数据分开。未读取权重值或运行模型。,hf-transformers-modeling_llama-py,LlamaAttention.__init__,https://github.com/huggingface/transformers/blob/984bc11b0882ff1e5b34ba717ea357e069ceced9/src/transformers/models/llama/modeling_llama.py#L329-L362,"y=x @ W^T；权重按[输出,输入]；专家模板另用 N_e 动态 token 数",,
r1-distill-llama-8b,DeepSeek-R1-Distill-Llama-8B,decoder-27,decoder,26,27,GQA,decode,gqa,decode-gqa-ffn-0,逻辑投影：model.layers.{i}.mlp.gate_proj.weight,"x=[B,L_q,4096]; W=[14336,4096]","y=[B,L_q,14336]",激活/中间精度见固定参考函数；存储类型只由文件头证据填写,58720256,本 checkpoint 全分片 header：291 张量；逻辑主干、MTP/DSpark、共享副本和量化元数据分开。未读取权重值或运行模型。,hf-transformers-modeling_llama-py,LlamaMLP.__init__,https://github.com/huggingface/transformers/blob/984bc11b0882ff1e5b34ba717ea357e069ceced9/src/transformers/models/llama/modeling_llama.py#L281-L289,"y=x @ W^T；权重按[输出,输入]；专家模板另用 N_e 动态 token 数",,
r1-distill-llama-8b,DeepSeek-R1-Distill-Llama-8B,decoder-27,decoder,26,27,GQA,decode,gqa,decode-gqa-ffn-1,逻辑投影：model.layers.{i}.mlp.up_proj.weight,"x=[B,L_q,4096]; W=[14336,4096]","y=[B,L_q,14336]",激活/中间精度见固定参考函数；存储类型只由文件头证据填写,58720256,本 checkpoint 全分片 header：291 张量；逻辑主干、MTP/DSpark、共享副本和量化元数据分开。未读取权重值或运行模型。,hf-transformers-modeling_llama-py,LlamaMLP.__init__,https://github.com/huggingface/transformers/blob/984bc11b0882ff1e5b34ba717ea357e069ceced9/src/transformers/models/llama/modeling_llama.py#L281-L289,"y=x @ W^T；权重按[输出,输入]；专家模板另用 N_e 动态 token 数",,
r1-distill-llama-8b,DeepSeek-R1-Distill-Llama-8B,decoder-27,decoder,26,27,GQA,decode,gqa,decode-gqa-ffn-2,逻辑投影：model.layers.{i}.mlp.down_proj.weight,"x=[B,L_q,14336]; W=[4096,14336]","y=[B,L_q,4096]",激活/中间精度见固定参考函数；存储类型只由文件头证据填写,58720256,本 checkpoint 全分片 header：291 张量；逻辑主干、MTP/DSpark、共享副本和量化元数据分开。未读取权重值或运行模型。,hf-transformers-modeling_llama-py,LlamaMLP.__init__,https://github.com/huggingface/transformers/blob/984bc11b0882ff1e5b34ba717ea357e069ceced9/src/transformers/models/llama/modeling_llama.py#L281-L289,"y=x @ W^T；权重按[输出,输入]；专家模板另用 N_e 动态 token 数",,
r1-distill-llama-8b,DeepSeek-R1-Distill-Llama-8B,decoder-27,decoder,26,27,GQA,decode,gqa,decode-gqa-norm-0,向量参数：model.layers.{i}.input_layernorm.weight,parameter=[4096],parameter=[4096],激活/中间精度见固定参考函数；存储类型只由文件头证据填写,4096,本 checkpoint 全分片 header：291 张量；逻辑主干、MTP/DSpark、共享副本和量化元数据分开。未读取权重值或运行模型。,hf-transformers-modeling_llama-py,LlamaDecoderLayer.__init__,https://github.com/huggingface/transformers/blob/984bc11b0882ff1e5b34ba717ea357e069ceced9/src/transformers/models/llama/modeling_llama.py#L685-L693,参数声明；具体 norm、bias、sink 或 mix scale 计算由后续数据流说明,,
r1-distill-llama-8b,DeepSeek-R1-Distill-Llama-8B,decoder-27,decoder,26,27,GQA,decode,gqa,decode-gqa-norm-1,向量参数：model.layers.{i}.post_attention_layernorm.weight,parameter=[4096],parameter=[4096],激活/中间精度见固定参考函数；存储类型只由文件头证据填写,4096,本 checkpoint 全分片 header：291 张量；逻辑主干、MTP/DSpark、共享副本和量化元数据分开。未读取权重值或运行模型。,hf-transformers-modeling_llama-py,LlamaDecoderLayer.__init__,https://github.com/huggingface/transformers/blob/984bc11b0882ff1e5b34ba717ea357e069ceced9/src/transformers/models/llama/modeling_llama.py#L685-L693,参数声明；具体 norm、bias、sink 或 mix scale 计算由后续数据流说明,,
r1-distill-llama-8b,DeepSeek-R1-Distill-Llama-8B,decoder-27,decoder,26,27,GQA,decode,gqa,decode-gqa-gqa-scores,GQA Key/Value 广播与 attention,"Q=[B,32,L_q,128]; K_cache=[B,8,L_kv,128]; V_cache=[B,8,L_kv,128]","scores=[B,32,L_q,L_kv]; out=[B,32,L_q,128]",激活/中间精度见固定参考函数；存储类型只由文件头证据填写,0,本 checkpoint 全分片 header：291 张量；逻辑主干、MTP/DSpark、共享副本和量化元数据分开。未读取权重值或运行模型。,hf-transformers-modeling_llama-py,LlamaAttention.forward,https://github.com/huggingface/transformers/blob/984bc11b0882ff1e5b34ba717ea357e069ceced9/src/transformers/models/llama/modeling_llama.py#L364-L455,RoPE → cache.update → repeat_kv(N_head/N_KV) → QK^T/√D → mask/FP32 softmax → PV,,参考 eager 数学路径；实际 SDPA/FlashAttention、分页与设备分派另核验
r1-distill-llama-8b,DeepSeek-R1-Distill-Llama-8B,decoder-27,decoder,26,27,GQA,decode,gqa,decode-gqa-swiglu,Dense SwiGLU,"gate=[N_tok,14336]; up=[N_tok,14336]","act=[N_tok,14336]",激活/中间精度见固定参考函数；存储类型只由文件头证据填写,0,本 checkpoint 全分片 header：291 张量；逻辑主干、MTP/DSpark、共享副本和量化元数据分开。未读取权重值或运行模型。,hf-transformers-modeling_llama-py,LlamaMLP.forward,https://github.com/huggingface/transformers/blob/984bc11b0882ff1e5b34ba717ea357e069ceced9/src/transformers/models/llama/modeling_llama.py#L291-L311,SiLU(gate)*up → down；两次 pre-norm residual 分开,,
r1-distill-llama-8b,DeepSeek-R1-Distill-Llama-8B,decoder-28,decoder,27,28,GQA,prefill,gqa,prefill-gqa-attention-0,逻辑投影：model.layers.{i}.self_attn.q_proj.weight,"x=[B,L_q,4096]; W=[4096,4096]","y=[B,L_q,4096]",激活/中间精度见固定参考函数；存储类型只由文件头证据填写,16777216,本 checkpoint 全分片 header：291 张量；逻辑主干、MTP/DSpark、共享副本和量化元数据分开。未读取权重值或运行模型。,hf-transformers-modeling_llama-py,LlamaAttention.__init__,https://github.com/huggingface/transformers/blob/984bc11b0882ff1e5b34ba717ea357e069ceced9/src/transformers/models/llama/modeling_llama.py#L329-L362,"y=x @ W^T；权重按[输出,输入]；专家模板另用 N_e 动态 token 数",,
r1-distill-llama-8b,DeepSeek-R1-Distill-Llama-8B,decoder-28,decoder,27,28,GQA,prefill,gqa,prefill-gqa-attention-1,逻辑投影：model.layers.{i}.self_attn.k_proj.weight,"x=[B,L_q,4096]; W=[1024,4096]","y=[B,L_q,1024]",激活/中间精度见固定参考函数；存储类型只由文件头证据填写,4194304,本 checkpoint 全分片 header：291 张量；逻辑主干、MTP/DSpark、共享副本和量化元数据分开。未读取权重值或运行模型。,hf-transformers-modeling_llama-py,LlamaAttention.__init__,https://github.com/huggingface/transformers/blob/984bc11b0882ff1e5b34ba717ea357e069ceced9/src/transformers/models/llama/modeling_llama.py#L329-L362,"y=x @ W^T；权重按[输出,输入]；专家模板另用 N_e 动态 token 数",,
r1-distill-llama-8b,DeepSeek-R1-Distill-Llama-8B,decoder-28,decoder,27,28,GQA,prefill,gqa,prefill-gqa-attention-2,逻辑投影：model.layers.{i}.self_attn.v_proj.weight,"x=[B,L_q,4096]; W=[1024,4096]","y=[B,L_q,1024]",激活/中间精度见固定参考函数；存储类型只由文件头证据填写,4194304,本 checkpoint 全分片 header：291 张量；逻辑主干、MTP/DSpark、共享副本和量化元数据分开。未读取权重值或运行模型。,hf-transformers-modeling_llama-py,LlamaAttention.__init__,https://github.com/huggingface/transformers/blob/984bc11b0882ff1e5b34ba717ea357e069ceced9/src/transformers/models/llama/modeling_llama.py#L329-L362,"y=x @ W^T；权重按[输出,输入]；专家模板另用 N_e 动态 token 数",,
r1-distill-llama-8b,DeepSeek-R1-Distill-Llama-8B,decoder-28,decoder,27,28,GQA,prefill,gqa,prefill-gqa-attention-3,逻辑投影：model.layers.{i}.self_attn.o_proj.weight,"x=[B,L_q,4096]; W=[4096,4096]","y=[B,L_q,4096]",激活/中间精度见固定参考函数；存储类型只由文件头证据填写,16777216,本 checkpoint 全分片 header：291 张量；逻辑主干、MTP/DSpark、共享副本和量化元数据分开。未读取权重值或运行模型。,hf-transformers-modeling_llama-py,LlamaAttention.__init__,https://github.com/huggingface/transformers/blob/984bc11b0882ff1e5b34ba717ea357e069ceced9/src/transformers/models/llama/modeling_llama.py#L329-L362,"y=x @ W^T；权重按[输出,输入]；专家模板另用 N_e 动态 token 数",,
r1-distill-llama-8b,DeepSeek-R1-Distill-Llama-8B,decoder-28,decoder,27,28,GQA,prefill,gqa,prefill-gqa-ffn-0,逻辑投影：model.layers.{i}.mlp.gate_proj.weight,"x=[B,L_q,4096]; W=[14336,4096]","y=[B,L_q,14336]",激活/中间精度见固定参考函数；存储类型只由文件头证据填写,58720256,本 checkpoint 全分片 header：291 张量；逻辑主干、MTP/DSpark、共享副本和量化元数据分开。未读取权重值或运行模型。,hf-transformers-modeling_llama-py,LlamaMLP.__init__,https://github.com/huggingface/transformers/blob/984bc11b0882ff1e5b34ba717ea357e069ceced9/src/transformers/models/llama/modeling_llama.py#L281-L289,"y=x @ W^T；权重按[输出,输入]；专家模板另用 N_e 动态 token 数",,
r1-distill-llama-8b,DeepSeek-R1-Distill-Llama-8B,decoder-28,decoder,27,28,GQA,prefill,gqa,prefill-gqa-ffn-1,逻辑投影：model.layers.{i}.mlp.up_proj.weight,"x=[B,L_q,4096]; W=[14336,4096]","y=[B,L_q,14336]",激活/中间精度见固定参考函数；存储类型只由文件头证据填写,58720256,本 checkpoint 全分片 header：291 张量；逻辑主干、MTP/DSpark、共享副本和量化元数据分开。未读取权重值或运行模型。,hf-transformers-modeling_llama-py,LlamaMLP.__init__,https://github.com/huggingface/transformers/blob/984bc11b0882ff1e5b34ba717ea357e069ceced9/src/transformers/models/llama/modeling_llama.py#L281-L289,"y=x @ W^T；权重按[输出,输入]；专家模板另用 N_e 动态 token 数",,
r1-distill-llama-8b,DeepSeek-R1-Distill-Llama-8B,decoder-28,decoder,27,28,GQA,prefill,gqa,prefill-gqa-ffn-2,逻辑投影：model.layers.{i}.mlp.down_proj.weight,"x=[B,L_q,14336]; W=[4096,14336]","y=[B,L_q,4096]",激活/中间精度见固定参考函数；存储类型只由文件头证据填写,58720256,本 checkpoint 全分片 header：291 张量；逻辑主干、MTP/DSpark、共享副本和量化元数据分开。未读取权重值或运行模型。,hf-transformers-modeling_llama-py,LlamaMLP.__init__,https://github.com/huggingface/transformers/blob/984bc11b0882ff1e5b34ba717ea357e069ceced9/src/transformers/models/llama/modeling_llama.py#L281-L289,"y=x @ W^T；权重按[输出,输入]；专家模板另用 N_e 动态 token 数",,
r1-distill-llama-8b,DeepSeek-R1-Distill-Llama-8B,decoder-28,decoder,27,28,GQA,prefill,gqa,prefill-gqa-norm-0,向量参数：model.layers.{i}.input_layernorm.weight,parameter=[4096],parameter=[4096],激活/中间精度见固定参考函数；存储类型只由文件头证据填写,4096,本 checkpoint 全分片 header：291 张量；逻辑主干、MTP/DSpark、共享副本和量化元数据分开。未读取权重值或运行模型。,hf-transformers-modeling_llama-py,LlamaDecoderLayer.__init__,https://github.com/huggingface/transformers/blob/984bc11b0882ff1e5b34ba717ea357e069ceced9/src/transformers/models/llama/modeling_llama.py#L685-L693,参数声明；具体 norm、bias、sink 或 mix scale 计算由后续数据流说明,,
r1-distill-llama-8b,DeepSeek-R1-Distill-Llama-8B,decoder-28,decoder,27,28,GQA,prefill,gqa,prefill-gqa-norm-1,向量参数：model.layers.{i}.post_attention_layernorm.weight,parameter=[4096],parameter=[4096],激活/中间精度见固定参考函数；存储类型只由文件头证据填写,4096,本 checkpoint 全分片 header：291 张量；逻辑主干、MTP/DSpark、共享副本和量化元数据分开。未读取权重值或运行模型。,hf-transformers-modeling_llama-py,LlamaDecoderLayer.__init__,https://github.com/huggingface/transformers/blob/984bc11b0882ff1e5b34ba717ea357e069ceced9/src/transformers/models/llama/modeling_llama.py#L685-L693,参数声明；具体 norm、bias、sink 或 mix scale 计算由后续数据流说明,,
r1-distill-llama-8b,DeepSeek-R1-Distill-Llama-8B,decoder-28,decoder,27,28,GQA,prefill,gqa,prefill-gqa-gqa-scores,GQA Key/Value 广播与 attention,"Q=[B,32,L_q,128]; K_cache=[B,8,L_kv,128]; V_cache=[B,8,L_kv,128]","scores=[B,32,L_q,L_kv]; out=[B,32,L_q,128]",激活/中间精度见固定参考函数；存储类型只由文件头证据填写,0,本 checkpoint 全分片 header：291 张量；逻辑主干、MTP/DSpark、共享副本和量化元数据分开。未读取权重值或运行模型。,hf-transformers-modeling_llama-py,LlamaAttention.forward,https://github.com/huggingface/transformers/blob/984bc11b0882ff1e5b34ba717ea357e069ceced9/src/transformers/models/llama/modeling_llama.py#L364-L455,RoPE → cache.update → repeat_kv(N_head/N_KV) → QK^T/√D → mask/FP32 softmax → PV,,参考 eager 数学路径；实际 SDPA/FlashAttention、分页与设备分派另核验
r1-distill-llama-8b,DeepSeek-R1-Distill-Llama-8B,decoder-28,decoder,27,28,GQA,prefill,gqa,prefill-gqa-swiglu,Dense SwiGLU,"gate=[N_tok,14336]; up=[N_tok,14336]","act=[N_tok,14336]",激活/中间精度见固定参考函数；存储类型只由文件头证据填写,0,本 checkpoint 全分片 header：291 张量；逻辑主干、MTP/DSpark、共享副本和量化元数据分开。未读取权重值或运行模型。,hf-transformers-modeling_llama-py,LlamaMLP.forward,https://github.com/huggingface/transformers/blob/984bc11b0882ff1e5b34ba717ea357e069ceced9/src/transformers/models/llama/modeling_llama.py#L291-L311,SiLU(gate)*up → down；两次 pre-norm residual 分开,,
r1-distill-llama-8b,DeepSeek-R1-Distill-Llama-8B,decoder-28,decoder,27,28,GQA,decode,gqa,decode-gqa-attention-0,逻辑投影：model.layers.{i}.self_attn.q_proj.weight,"x=[B,L_q,4096]; W=[4096,4096]","y=[B,L_q,4096]",激活/中间精度见固定参考函数；存储类型只由文件头证据填写,16777216,本 checkpoint 全分片 header：291 张量；逻辑主干、MTP/DSpark、共享副本和量化元数据分开。未读取权重值或运行模型。,hf-transformers-modeling_llama-py,LlamaAttention.__init__,https://github.com/huggingface/transformers/blob/984bc11b0882ff1e5b34ba717ea357e069ceced9/src/transformers/models/llama/modeling_llama.py#L329-L362,"y=x @ W^T；权重按[输出,输入]；专家模板另用 N_e 动态 token 数",,
r1-distill-llama-8b,DeepSeek-R1-Distill-Llama-8B,decoder-28,decoder,27,28,GQA,decode,gqa,decode-gqa-attention-1,逻辑投影：model.layers.{i}.self_attn.k_proj.weight,"x=[B,L_q,4096]; W=[1024,4096]","y=[B,L_q,1024]",激活/中间精度见固定参考函数；存储类型只由文件头证据填写,4194304,本 checkpoint 全分片 header：291 张量；逻辑主干、MTP/DSpark、共享副本和量化元数据分开。未读取权重值或运行模型。,hf-transformers-modeling_llama-py,LlamaAttention.__init__,https://github.com/huggingface/transformers/blob/984bc11b0882ff1e5b34ba717ea357e069ceced9/src/transformers/models/llama/modeling_llama.py#L329-L362,"y=x @ W^T；权重按[输出,输入]；专家模板另用 N_e 动态 token 数",,
r1-distill-llama-8b,DeepSeek-R1-Distill-Llama-8B,decoder-28,decoder,27,28,GQA,decode,gqa,decode-gqa-attention-2,逻辑投影：model.layers.{i}.self_attn.v_proj.weight,"x=[B,L_q,4096]; W=[1024,4096]","y=[B,L_q,1024]",激活/中间精度见固定参考函数；存储类型只由文件头证据填写,4194304,本 checkpoint 全分片 header：291 张量；逻辑主干、MTP/DSpark、共享副本和量化元数据分开。未读取权重值或运行模型。,hf-transformers-modeling_llama-py,LlamaAttention.__init__,https://github.com/huggingface/transformers/blob/984bc11b0882ff1e5b34ba717ea357e069ceced9/src/transformers/models/llama/modeling_llama.py#L329-L362,"y=x @ W^T；权重按[输出,输入]；专家模板另用 N_e 动态 token 数",,
r1-distill-llama-8b,DeepSeek-R1-Distill-Llama-8B,decoder-28,decoder,27,28,GQA,decode,gqa,decode-gqa-attention-3,逻辑投影：model.layers.{i}.self_attn.o_proj.weight,"x=[B,L_q,4096]; W=[4096,4096]","y=[B,L_q,4096]",激活/中间精度见固定参考函数；存储类型只由文件头证据填写,16777216,本 checkpoint 全分片 header：291 张量；逻辑主干、MTP/DSpark、共享副本和量化元数据分开。未读取权重值或运行模型。,hf-transformers-modeling_llama-py,LlamaAttention.__init__,https://github.com/huggingface/transformers/blob/984bc11b0882ff1e5b34ba717ea357e069ceced9/src/transformers/models/llama/modeling_llama.py#L329-L362,"y=x @ W^T；权重按[输出,输入]；专家模板另用 N_e 动态 token 数",,
r1-distill-llama-8b,DeepSeek-R1-Distill-Llama-8B,decoder-28,decoder,27,28,GQA,decode,gqa,decode-gqa-ffn-0,逻辑投影：model.layers.{i}.mlp.gate_proj.weight,"x=[B,L_q,4096]; W=[14336,4096]","y=[B,L_q,14336]",激活/中间精度见固定参考函数；存储类型只由文件头证据填写,58720256,本 checkpoint 全分片 header：291 张量；逻辑主干、MTP/DSpark、共享副本和量化元数据分开。未读取权重值或运行模型。,hf-transformers-modeling_llama-py,LlamaMLP.__init__,https://github.com/huggingface/transformers/blob/984bc11b0882ff1e5b34ba717ea357e069ceced9/src/transformers/models/llama/modeling_llama.py#L281-L289,"y=x @ W^T；权重按[输出,输入]；专家模板另用 N_e 动态 token 数",,
r1-distill-llama-8b,DeepSeek-R1-Distill-Llama-8B,decoder-28,decoder,27,28,GQA,decode,gqa,decode-gqa-ffn-1,逻辑投影：model.layers.{i}.mlp.up_proj.weight,"x=[B,L_q,4096]; W=[14336,4096]","y=[B,L_q,14336]",激活/中间精度见固定参考函数；存储类型只由文件头证据填写,58720256,本 checkpoint 全分片 header：291 张量；逻辑主干、MTP/DSpark、共享副本和量化元数据分开。未读取权重值或运行模型。,hf-transformers-modeling_llama-py,LlamaMLP.__init__,https://github.com/huggingface/transformers/blob/984bc11b0882ff1e5b34ba717ea357e069ceced9/src/transformers/models/llama/modeling_llama.py#L281-L289,"y=x @ W^T；权重按[输出,输入]；专家模板另用 N_e 动态 token 数",,
r1-distill-llama-8b,DeepSeek-R1-Distill-Llama-8B,decoder-28,decoder,27,28,GQA,decode,gqa,decode-gqa-ffn-2,逻辑投影：model.layers.{i}.mlp.down_proj.weight,"x=[B,L_q,14336]; W=[4096,14336]","y=[B,L_q,4096]",激活/中间精度见固定参考函数；存储类型只由文件头证据填写,58720256,本 checkpoint 全分片 header：291 张量；逻辑主干、MTP/DSpark、共享副本和量化元数据分开。未读取权重值或运行模型。,hf-transformers-modeling_llama-py,LlamaMLP.__init__,https://github.com/huggingface/transformers/blob/984bc11b0882ff1e5b34ba717ea357e069ceced9/src/transformers/models/llama/modeling_llama.py#L281-L289,"y=x @ W^T；权重按[输出,输入]；专家模板另用 N_e 动态 token 数",,
r1-distill-llama-8b,DeepSeek-R1-Distill-Llama-8B,decoder-28,decoder,27,28,GQA,decode,gqa,decode-gqa-norm-0,向量参数：model.layers.{i}.input_layernorm.weight,parameter=[4096],parameter=[4096],激活/中间精度见固定参考函数；存储类型只由文件头证据填写,4096,本 checkpoint 全分片 header：291 张量；逻辑主干、MTP/DSpark、共享副本和量化元数据分开。未读取权重值或运行模型。,hf-transformers-modeling_llama-py,LlamaDecoderLayer.__init__,https://github.com/huggingface/transformers/blob/984bc11b0882ff1e5b34ba717ea357e069ceced9/src/transformers/models/llama/modeling_llama.py#L685-L693,参数声明；具体 norm、bias、sink 或 mix scale 计算由后续数据流说明,,
r1-distill-llama-8b,DeepSeek-R1-Distill-Llama-8B,decoder-28,decoder,27,28,GQA,decode,gqa,decode-gqa-norm-1,向量参数：model.layers.{i}.post_attention_layernorm.weight,parameter=[4096],parameter=[4096],激活/中间精度见固定参考函数；存储类型只由文件头证据填写,4096,本 checkpoint 全分片 header：291 张量；逻辑主干、MTP/DSpark、共享副本和量化元数据分开。未读取权重值或运行模型。,hf-transformers-modeling_llama-py,LlamaDecoderLayer.__init__,https://github.com/huggingface/transformers/blob/984bc11b0882ff1e5b34ba717ea357e069ceced9/src/transformers/models/llama/modeling_llama.py#L685-L693,参数声明；具体 norm、bias、sink 或 mix scale 计算由后续数据流说明,,
r1-distill-llama-8b,DeepSeek-R1-Distill-Llama-8B,decoder-28,decoder,27,28,GQA,decode,gqa,decode-gqa-gqa-scores,GQA Key/Value 广播与 attention,"Q=[B,32,L_q,128]; K_cache=[B,8,L_kv,128]; V_cache=[B,8,L_kv,128]","scores=[B,32,L_q,L_kv]; out=[B,32,L_q,128]",激活/中间精度见固定参考函数；存储类型只由文件头证据填写,0,本 checkpoint 全分片 header：291 张量；逻辑主干、MTP/DSpark、共享副本和量化元数据分开。未读取权重值或运行模型。,hf-transformers-modeling_llama-py,LlamaAttention.forward,https://github.com/huggingface/transformers/blob/984bc11b0882ff1e5b34ba717ea357e069ceced9/src/transformers/models/llama/modeling_llama.py#L364-L455,RoPE → cache.update → repeat_kv(N_head/N_KV) → QK^T/√D → mask/FP32 softmax → PV,,参考 eager 数学路径；实际 SDPA/FlashAttention、分页与设备分派另核验
r1-distill-llama-8b,DeepSeek-R1-Distill-Llama-8B,decoder-28,decoder,27,28,GQA,decode,gqa,decode-gqa-swiglu,Dense SwiGLU,"gate=[N_tok,14336]; up=[N_tok,14336]","act=[N_tok,14336]",激活/中间精度见固定参考函数；存储类型只由文件头证据填写,0,本 checkpoint 全分片 header：291 张量；逻辑主干、MTP/DSpark、共享副本和量化元数据分开。未读取权重值或运行模型。,hf-transformers-modeling_llama-py,LlamaMLP.forward,https://github.com/huggingface/transformers/blob/984bc11b0882ff1e5b34ba717ea357e069ceced9/src/transformers/models/llama/modeling_llama.py#L291-L311,SiLU(gate)*up → down；两次 pre-norm residual 分开,,
r1-distill-llama-8b,DeepSeek-R1-Distill-Llama-8B,decoder-29,decoder,28,29,GQA,prefill,gqa,prefill-gqa-attention-0,逻辑投影：model.layers.{i}.self_attn.q_proj.weight,"x=[B,L_q,4096]; W=[4096,4096]","y=[B,L_q,4096]",激活/中间精度见固定参考函数；存储类型只由文件头证据填写,16777216,本 checkpoint 全分片 header：291 张量；逻辑主干、MTP/DSpark、共享副本和量化元数据分开。未读取权重值或运行模型。,hf-transformers-modeling_llama-py,LlamaAttention.__init__,https://github.com/huggingface/transformers/blob/984bc11b0882ff1e5b34ba717ea357e069ceced9/src/transformers/models/llama/modeling_llama.py#L329-L362,"y=x @ W^T；权重按[输出,输入]；专家模板另用 N_e 动态 token 数",,
r1-distill-llama-8b,DeepSeek-R1-Distill-Llama-8B,decoder-29,decoder,28,29,GQA,prefill,gqa,prefill-gqa-attention-1,逻辑投影：model.layers.{i}.self_attn.k_proj.weight,"x=[B,L_q,4096]; W=[1024,4096]","y=[B,L_q,1024]",激活/中间精度见固定参考函数；存储类型只由文件头证据填写,4194304,本 checkpoint 全分片 header：291 张量；逻辑主干、MTP/DSpark、共享副本和量化元数据分开。未读取权重值或运行模型。,hf-transformers-modeling_llama-py,LlamaAttention.__init__,https://github.com/huggingface/transformers/blob/984bc11b0882ff1e5b34ba717ea357e069ceced9/src/transformers/models/llama/modeling_llama.py#L329-L362,"y=x @ W^T；权重按[输出,输入]；专家模板另用 N_e 动态 token 数",,
r1-distill-llama-8b,DeepSeek-R1-Distill-Llama-8B,decoder-29,decoder,28,29,GQA,prefill,gqa,prefill-gqa-attention-2,逻辑投影：model.layers.{i}.self_attn.v_proj.weight,"x=[B,L_q,4096]; W=[1024,4096]","y=[B,L_q,1024]",激活/中间精度见固定参考函数；存储类型只由文件头证据填写,4194304,本 checkpoint 全分片 header：291 张量；逻辑主干、MTP/DSpark、共享副本和量化元数据分开。未读取权重值或运行模型。,hf-transformers-modeling_llama-py,LlamaAttention.__init__,https://github.com/huggingface/transformers/blob/984bc11b0882ff1e5b34ba717ea357e069ceced9/src/transformers/models/llama/modeling_llama.py#L329-L362,"y=x @ W^T；权重按[输出,输入]；专家模板另用 N_e 动态 token 数",,
r1-distill-llama-8b,DeepSeek-R1-Distill-Llama-8B,decoder-29,decoder,28,29,GQA,prefill,gqa,prefill-gqa-attention-3,逻辑投影：model.layers.{i}.self_attn.o_proj.weight,"x=[B,L_q,4096]; W=[4096,4096]","y=[B,L_q,4096]",激活/中间精度见固定参考函数；存储类型只由文件头证据填写,16777216,本 checkpoint 全分片 header：291 张量；逻辑主干、MTP/DSpark、共享副本和量化元数据分开。未读取权重值或运行模型。,hf-transformers-modeling_llama-py,LlamaAttention.__init__,https://github.com/huggingface/transformers/blob/984bc11b0882ff1e5b34ba717ea357e069ceced9/src/transformers/models/llama/modeling_llama.py#L329-L362,"y=x @ W^T；权重按[输出,输入]；专家模板另用 N_e 动态 token 数",,
r1-distill-llama-8b,DeepSeek-R1-Distill-Llama-8B,decoder-29,decoder,28,29,GQA,prefill,gqa,prefill-gqa-ffn-0,逻辑投影：model.layers.{i}.mlp.gate_proj.weight,"x=[B,L_q,4096]; W=[14336,4096]","y=[B,L_q,14336]",激活/中间精度见固定参考函数；存储类型只由文件头证据填写,58720256,本 checkpoint 全分片 header：291 张量；逻辑主干、MTP/DSpark、共享副本和量化元数据分开。未读取权重值或运行模型。,hf-transformers-modeling_llama-py,LlamaMLP.__init__,https://github.com/huggingface/transformers/blob/984bc11b0882ff1e5b34ba717ea357e069ceced9/src/transformers/models/llama/modeling_llama.py#L281-L289,"y=x @ W^T；权重按[输出,输入]；专家模板另用 N_e 动态 token 数",,
r1-distill-llama-8b,DeepSeek-R1-Distill-Llama-8B,decoder-29,decoder,28,29,GQA,prefill,gqa,prefill-gqa-ffn-1,逻辑投影：model.layers.{i}.mlp.up_proj.weight,"x=[B,L_q,4096]; W=[14336,4096]","y=[B,L_q,14336]",激活/中间精度见固定参考函数；存储类型只由文件头证据填写,58720256,本 checkpoint 全分片 header：291 张量；逻辑主干、MTP/DSpark、共享副本和量化元数据分开。未读取权重值或运行模型。,hf-transformers-modeling_llama-py,LlamaMLP.__init__,https://github.com/huggingface/transformers/blob/984bc11b0882ff1e5b34ba717ea357e069ceced9/src/transformers/models/llama/modeling_llama.py#L281-L289,"y=x @ W^T；权重按[输出,输入]；专家模板另用 N_e 动态 token 数",,
r1-distill-llama-8b,DeepSeek-R1-Distill-Llama-8B,decoder-29,decoder,28,29,GQA,prefill,gqa,prefill-gqa-ffn-2,逻辑投影：model.layers.{i}.mlp.down_proj.weight,"x=[B,L_q,14336]; W=[4096,14336]","y=[B,L_q,4096]",激活/中间精度见固定参考函数；存储类型只由文件头证据填写,58720256,本 checkpoint 全分片 header：291 张量；逻辑主干、MTP/DSpark、共享副本和量化元数据分开。未读取权重值或运行模型。,hf-transformers-modeling_llama-py,LlamaMLP.__init__,https://github.com/huggingface/transformers/blob/984bc11b0882ff1e5b34ba717ea357e069ceced9/src/transformers/models/llama/modeling_llama.py#L281-L289,"y=x @ W^T；权重按[输出,输入]；专家模板另用 N_e 动态 token 数",,
r1-distill-llama-8b,DeepSeek-R1-Distill-Llama-8B,decoder-29,decoder,28,29,GQA,prefill,gqa,prefill-gqa-norm-0,向量参数：model.layers.{i}.input_layernorm.weight,parameter=[4096],parameter=[4096],激活/中间精度见固定参考函数；存储类型只由文件头证据填写,4096,本 checkpoint 全分片 header：291 张量；逻辑主干、MTP/DSpark、共享副本和量化元数据分开。未读取权重值或运行模型。,hf-transformers-modeling_llama-py,LlamaDecoderLayer.__init__,https://github.com/huggingface/transformers/blob/984bc11b0882ff1e5b34ba717ea357e069ceced9/src/transformers/models/llama/modeling_llama.py#L685-L693,参数声明；具体 norm、bias、sink 或 mix scale 计算由后续数据流说明,,
r1-distill-llama-8b,DeepSeek-R1-Distill-Llama-8B,decoder-29,decoder,28,29,GQA,prefill,gqa,prefill-gqa-norm-1,向量参数：model.layers.{i}.post_attention_layernorm.weight,parameter=[4096],parameter=[4096],激活/中间精度见固定参考函数；存储类型只由文件头证据填写,4096,本 checkpoint 全分片 header：291 张量；逻辑主干、MTP/DSpark、共享副本和量化元数据分开。未读取权重值或运行模型。,hf-transformers-modeling_llama-py,LlamaDecoderLayer.__init__,https://github.com/huggingface/transformers/blob/984bc11b0882ff1e5b34ba717ea357e069ceced9/src/transformers/models/llama/modeling_llama.py#L685-L693,参数声明；具体 norm、bias、sink 或 mix scale 计算由后续数据流说明,,
r1-distill-llama-8b,DeepSeek-R1-Distill-Llama-8B,decoder-29,decoder,28,29,GQA,prefill,gqa,prefill-gqa-gqa-scores,GQA Key/Value 广播与 attention,"Q=[B,32,L_q,128]; K_cache=[B,8,L_kv,128]; V_cache=[B,8,L_kv,128]","scores=[B,32,L_q,L_kv]; out=[B,32,L_q,128]",激活/中间精度见固定参考函数；存储类型只由文件头证据填写,0,本 checkpoint 全分片 header：291 张量；逻辑主干、MTP/DSpark、共享副本和量化元数据分开。未读取权重值或运行模型。,hf-transformers-modeling_llama-py,LlamaAttention.forward,https://github.com/huggingface/transformers/blob/984bc11b0882ff1e5b34ba717ea357e069ceced9/src/transformers/models/llama/modeling_llama.py#L364-L455,RoPE → cache.update → repeat_kv(N_head/N_KV) → QK^T/√D → mask/FP32 softmax → PV,,参考 eager 数学路径；实际 SDPA/FlashAttention、分页与设备分派另核验
r1-distill-llama-8b,DeepSeek-R1-Distill-Llama-8B,decoder-29,decoder,28,29,GQA,prefill,gqa,prefill-gqa-swiglu,Dense SwiGLU,"gate=[N_tok,14336]; up=[N_tok,14336]","act=[N_tok,14336]",激活/中间精度见固定参考函数；存储类型只由文件头证据填写,0,本 checkpoint 全分片 header：291 张量；逻辑主干、MTP/DSpark、共享副本和量化元数据分开。未读取权重值或运行模型。,hf-transformers-modeling_llama-py,LlamaMLP.forward,https://github.com/huggingface/transformers/blob/984bc11b0882ff1e5b34ba717ea357e069ceced9/src/transformers/models/llama/modeling_llama.py#L291-L311,SiLU(gate)*up → down；两次 pre-norm residual 分开,,
r1-distill-llama-8b,DeepSeek-R1-Distill-Llama-8B,decoder-29,decoder,28,29,GQA,decode,gqa,decode-gqa-attention-0,逻辑投影：model.layers.{i}.self_attn.q_proj.weight,"x=[B,L_q,4096]; W=[4096,4096]","y=[B,L_q,4096]",激活/中间精度见固定参考函数；存储类型只由文件头证据填写,16777216,本 checkpoint 全分片 header：291 张量；逻辑主干、MTP/DSpark、共享副本和量化元数据分开。未读取权重值或运行模型。,hf-transformers-modeling_llama-py,LlamaAttention.__init__,https://github.com/huggingface/transformers/blob/984bc11b0882ff1e5b34ba717ea357e069ceced9/src/transformers/models/llama/modeling_llama.py#L329-L362,"y=x @ W^T；权重按[输出,输入]；专家模板另用 N_e 动态 token 数",,
r1-distill-llama-8b,DeepSeek-R1-Distill-Llama-8B,decoder-29,decoder,28,29,GQA,decode,gqa,decode-gqa-attention-1,逻辑投影：model.layers.{i}.self_attn.k_proj.weight,"x=[B,L_q,4096]; W=[1024,4096]","y=[B,L_q,1024]",激活/中间精度见固定参考函数；存储类型只由文件头证据填写,4194304,本 checkpoint 全分片 header：291 张量；逻辑主干、MTP/DSpark、共享副本和量化元数据分开。未读取权重值或运行模型。,hf-transformers-modeling_llama-py,LlamaAttention.__init__,https://github.com/huggingface/transformers/blob/984bc11b0882ff1e5b34ba717ea357e069ceced9/src/transformers/models/llama/modeling_llama.py#L329-L362,"y=x @ W^T；权重按[输出,输入]；专家模板另用 N_e 动态 token 数",,
r1-distill-llama-8b,DeepSeek-R1-Distill-Llama-8B,decoder-29,decoder,28,29,GQA,decode,gqa,decode-gqa-attention-2,逻辑投影：model.layers.{i}.self_attn.v_proj.weight,"x=[B,L_q,4096]; W=[1024,4096]","y=[B,L_q,1024]",激活/中间精度见固定参考函数；存储类型只由文件头证据填写,4194304,本 checkpoint 全分片 header：291 张量；逻辑主干、MTP/DSpark、共享副本和量化元数据分开。未读取权重值或运行模型。,hf-transformers-modeling_llama-py,LlamaAttention.__init__,https://github.com/huggingface/transformers/blob/984bc11b0882ff1e5b34ba717ea357e069ceced9/src/transformers/models/llama/modeling_llama.py#L329-L362,"y=x @ W^T；权重按[输出,输入]；专家模板另用 N_e 动态 token 数",,
r1-distill-llama-8b,DeepSeek-R1-Distill-Llama-8B,decoder-29,decoder,28,29,GQA,decode,gqa,decode-gqa-attention-3,逻辑投影：model.layers.{i}.self_attn.o_proj.weight,"x=[B,L_q,4096]; W=[4096,4096]","y=[B,L_q,4096]",激活/中间精度见固定参考函数；存储类型只由文件头证据填写,16777216,本 checkpoint 全分片 header：291 张量；逻辑主干、MTP/DSpark、共享副本和量化元数据分开。未读取权重值或运行模型。,hf-transformers-modeling_llama-py,LlamaAttention.__init__,https://github.com/huggingface/transformers/blob/984bc11b0882ff1e5b34ba717ea357e069ceced9/src/transformers/models/llama/modeling_llama.py#L329-L362,"y=x @ W^T；权重按[输出,输入]；专家模板另用 N_e 动态 token 数",,
r1-distill-llama-8b,DeepSeek-R1-Distill-Llama-8B,decoder-29,decoder,28,29,GQA,decode,gqa,decode-gqa-ffn-0,逻辑投影：model.layers.{i}.mlp.gate_proj.weight,"x=[B,L_q,4096]; W=[14336,4096]","y=[B,L_q,14336]",激活/中间精度见固定参考函数；存储类型只由文件头证据填写,58720256,本 checkpoint 全分片 header：291 张量；逻辑主干、MTP/DSpark、共享副本和量化元数据分开。未读取权重值或运行模型。,hf-transformers-modeling_llama-py,LlamaMLP.__init__,https://github.com/huggingface/transformers/blob/984bc11b0882ff1e5b34ba717ea357e069ceced9/src/transformers/models/llama/modeling_llama.py#L281-L289,"y=x @ W^T；权重按[输出,输入]；专家模板另用 N_e 动态 token 数",,
r1-distill-llama-8b,DeepSeek-R1-Distill-Llama-8B,decoder-29,decoder,28,29,GQA,decode,gqa,decode-gqa-ffn-1,逻辑投影：model.layers.{i}.mlp.up_proj.weight,"x=[B,L_q,4096]; W=[14336,4096]","y=[B,L_q,14336]",激活/中间精度见固定参考函数；存储类型只由文件头证据填写,58720256,本 checkpoint 全分片 header：291 张量；逻辑主干、MTP/DSpark、共享副本和量化元数据分开。未读取权重值或运行模型。,hf-transformers-modeling_llama-py,LlamaMLP.__init__,https://github.com/huggingface/transformers/blob/984bc11b0882ff1e5b34ba717ea357e069ceced9/src/transformers/models/llama/modeling_llama.py#L281-L289,"y=x @ W^T；权重按[输出,输入]；专家模板另用 N_e 动态 token 数",,
r1-distill-llama-8b,DeepSeek-R1-Distill-Llama-8B,decoder-29,decoder,28,29,GQA,decode,gqa,decode-gqa-ffn-2,逻辑投影：model.layers.{i}.mlp.down_proj.weight,"x=[B,L_q,14336]; W=[4096,14336]","y=[B,L_q,4096]",激活/中间精度见固定参考函数；存储类型只由文件头证据填写,58720256,本 checkpoint 全分片 header：291 张量；逻辑主干、MTP/DSpark、共享副本和量化元数据分开。未读取权重值或运行模型。,hf-transformers-modeling_llama-py,LlamaMLP.__init__,https://github.com/huggingface/transformers/blob/984bc11b0882ff1e5b34ba717ea357e069ceced9/src/transformers/models/llama/modeling_llama.py#L281-L289,"y=x @ W^T；权重按[输出,输入]；专家模板另用 N_e 动态 token 数",,
r1-distill-llama-8b,DeepSeek-R1-Distill-Llama-8B,decoder-29,decoder,28,29,GQA,decode,gqa,decode-gqa-norm-0,向量参数：model.layers.{i}.input_layernorm.weight,parameter=[4096],parameter=[4096],激活/中间精度见固定参考函数；存储类型只由文件头证据填写,4096,本 checkpoint 全分片 header：291 张量；逻辑主干、MTP/DSpark、共享副本和量化元数据分开。未读取权重值或运行模型。,hf-transformers-modeling_llama-py,LlamaDecoderLayer.__init__,https://github.com/huggingface/transformers/blob/984bc11b0882ff1e5b34ba717ea357e069ceced9/src/transformers/models/llama/modeling_llama.py#L685-L693,参数声明；具体 norm、bias、sink 或 mix scale 计算由后续数据流说明,,
r1-distill-llama-8b,DeepSeek-R1-Distill-Llama-8B,decoder-29,decoder,28,29,GQA,decode,gqa,decode-gqa-norm-1,向量参数：model.layers.{i}.post_attention_layernorm.weight,parameter=[4096],parameter=[4096],激活/中间精度见固定参考函数；存储类型只由文件头证据填写,4096,本 checkpoint 全分片 header：291 张量；逻辑主干、MTP/DSpark、共享副本和量化元数据分开。未读取权重值或运行模型。,hf-transformers-modeling_llama-py,LlamaDecoderLayer.__init__,https://github.com/huggingface/transformers/blob/984bc11b0882ff1e5b34ba717ea357e069ceced9/src/transformers/models/llama/modeling_llama.py#L685-L693,参数声明；具体 norm、bias、sink 或 mix scale 计算由后续数据流说明,,
r1-distill-llama-8b,DeepSeek-R1-Distill-Llama-8B,decoder-29,decoder,28,29,GQA,decode,gqa,decode-gqa-gqa-scores,GQA Key/Value 广播与 attention,"Q=[B,32,L_q,128]; K_cache=[B,8,L_kv,128]; V_cache=[B,8,L_kv,128]","scores=[B,32,L_q,L_kv]; out=[B,32,L_q,128]",激活/中间精度见固定参考函数；存储类型只由文件头证据填写,0,本 checkpoint 全分片 header：291 张量；逻辑主干、MTP/DSpark、共享副本和量化元数据分开。未读取权重值或运行模型。,hf-transformers-modeling_llama-py,LlamaAttention.forward,https://github.com/huggingface/transformers/blob/984bc11b0882ff1e5b34ba717ea357e069ceced9/src/transformers/models/llama/modeling_llama.py#L364-L455,RoPE → cache.update → repeat_kv(N_head/N_KV) → QK^T/√D → mask/FP32 softmax → PV,,参考 eager 数学路径；实际 SDPA/FlashAttention、分页与设备分派另核验
r1-distill-llama-8b,DeepSeek-R1-Distill-Llama-8B,decoder-29,decoder,28,29,GQA,decode,gqa,decode-gqa-swiglu,Dense SwiGLU,"gate=[N_tok,14336]; up=[N_tok,14336]","act=[N_tok,14336]",激活/中间精度见固定参考函数；存储类型只由文件头证据填写,0,本 checkpoint 全分片 header：291 张量；逻辑主干、MTP/DSpark、共享副本和量化元数据分开。未读取权重值或运行模型。,hf-transformers-modeling_llama-py,LlamaMLP.forward,https://github.com/huggingface/transformers/blob/984bc11b0882ff1e5b34ba717ea357e069ceced9/src/transformers/models/llama/modeling_llama.py#L291-L311,SiLU(gate)*up → down；两次 pre-norm residual 分开,,
r1-distill-llama-8b,DeepSeek-R1-Distill-Llama-8B,decoder-30,decoder,29,30,GQA,prefill,gqa,prefill-gqa-attention-0,逻辑投影：model.layers.{i}.self_attn.q_proj.weight,"x=[B,L_q,4096]; W=[4096,4096]","y=[B,L_q,4096]",激活/中间精度见固定参考函数；存储类型只由文件头证据填写,16777216,本 checkpoint 全分片 header：291 张量；逻辑主干、MTP/DSpark、共享副本和量化元数据分开。未读取权重值或运行模型。,hf-transformers-modeling_llama-py,LlamaAttention.__init__,https://github.com/huggingface/transformers/blob/984bc11b0882ff1e5b34ba717ea357e069ceced9/src/transformers/models/llama/modeling_llama.py#L329-L362,"y=x @ W^T；权重按[输出,输入]；专家模板另用 N_e 动态 token 数",,
r1-distill-llama-8b,DeepSeek-R1-Distill-Llama-8B,decoder-30,decoder,29,30,GQA,prefill,gqa,prefill-gqa-attention-1,逻辑投影：model.layers.{i}.self_attn.k_proj.weight,"x=[B,L_q,4096]; W=[1024,4096]","y=[B,L_q,1024]",激活/中间精度见固定参考函数；存储类型只由文件头证据填写,4194304,本 checkpoint 全分片 header：291 张量；逻辑主干、MTP/DSpark、共享副本和量化元数据分开。未读取权重值或运行模型。,hf-transformers-modeling_llama-py,LlamaAttention.__init__,https://github.com/huggingface/transformers/blob/984bc11b0882ff1e5b34ba717ea357e069ceced9/src/transformers/models/llama/modeling_llama.py#L329-L362,"y=x @ W^T；权重按[输出,输入]；专家模板另用 N_e 动态 token 数",,
r1-distill-llama-8b,DeepSeek-R1-Distill-Llama-8B,decoder-30,decoder,29,30,GQA,prefill,gqa,prefill-gqa-attention-2,逻辑投影：model.layers.{i}.self_attn.v_proj.weight,"x=[B,L_q,4096]; W=[1024,4096]","y=[B,L_q,1024]",激活/中间精度见固定参考函数；存储类型只由文件头证据填写,4194304,本 checkpoint 全分片 header：291 张量；逻辑主干、MTP/DSpark、共享副本和量化元数据分开。未读取权重值或运行模型。,hf-transformers-modeling_llama-py,LlamaAttention.__init__,https://github.com/huggingface/transformers/blob/984bc11b0882ff1e5b34ba717ea357e069ceced9/src/transformers/models/llama/modeling_llama.py#L329-L362,"y=x @ W^T；权重按[输出,输入]；专家模板另用 N_e 动态 token 数",,
r1-distill-llama-8b,DeepSeek-R1-Distill-Llama-8B,decoder-30,decoder,29,30,GQA,prefill,gqa,prefill-gqa-attention-3,逻辑投影：model.layers.{i}.self_attn.o_proj.weight,"x=[B,L_q,4096]; W=[4096,4096]","y=[B,L_q,4096]",激活/中间精度见固定参考函数；存储类型只由文件头证据填写,16777216,本 checkpoint 全分片 header：291 张量；逻辑主干、MTP/DSpark、共享副本和量化元数据分开。未读取权重值或运行模型。,hf-transformers-modeling_llama-py,LlamaAttention.__init__,https://github.com/huggingface/transformers/blob/984bc11b0882ff1e5b34ba717ea357e069ceced9/src/transformers/models/llama/modeling_llama.py#L329-L362,"y=x @ W^T；权重按[输出,输入]；专家模板另用 N_e 动态 token 数",,
r1-distill-llama-8b,DeepSeek-R1-Distill-Llama-8B,decoder-30,decoder,29,30,GQA,prefill,gqa,prefill-gqa-ffn-0,逻辑投影：model.layers.{i}.mlp.gate_proj.weight,"x=[B,L_q,4096]; W=[14336,4096]","y=[B,L_q,14336]",激活/中间精度见固定参考函数；存储类型只由文件头证据填写,58720256,本 checkpoint 全分片 header：291 张量；逻辑主干、MTP/DSpark、共享副本和量化元数据分开。未读取权重值或运行模型。,hf-transformers-modeling_llama-py,LlamaMLP.__init__,https://github.com/huggingface/transformers/blob/984bc11b0882ff1e5b34ba717ea357e069ceced9/src/transformers/models/llama/modeling_llama.py#L281-L289,"y=x @ W^T；权重按[输出,输入]；专家模板另用 N_e 动态 token 数",,
r1-distill-llama-8b,DeepSeek-R1-Distill-Llama-8B,decoder-30,decoder,29,30,GQA,prefill,gqa,prefill-gqa-ffn-1,逻辑投影：model.layers.{i}.mlp.up_proj.weight,"x=[B,L_q,4096]; W=[14336,4096]","y=[B,L_q,14336]",激活/中间精度见固定参考函数；存储类型只由文件头证据填写,58720256,本 checkpoint 全分片 header：291 张量；逻辑主干、MTP/DSpark、共享副本和量化元数据分开。未读取权重值或运行模型。,hf-transformers-modeling_llama-py,LlamaMLP.__init__,https://github.com/huggingface/transformers/blob/984bc11b0882ff1e5b34ba717ea357e069ceced9/src/transformers/models/llama/modeling_llama.py#L281-L289,"y=x @ W^T；权重按[输出,输入]；专家模板另用 N_e 动态 token 数",,
r1-distill-llama-8b,DeepSeek-R1-Distill-Llama-8B,decoder-30,decoder,29,30,GQA,prefill,gqa,prefill-gqa-ffn-2,逻辑投影：model.layers.{i}.mlp.down_proj.weight,"x=[B,L_q,14336]; W=[4096,14336]","y=[B,L_q,4096]",激活/中间精度见固定参考函数；存储类型只由文件头证据填写,58720256,本 checkpoint 全分片 header：291 张量；逻辑主干、MTP/DSpark、共享副本和量化元数据分开。未读取权重值或运行模型。,hf-transformers-modeling_llama-py,LlamaMLP.__init__,https://github.com/huggingface/transformers/blob/984bc11b0882ff1e5b34ba717ea357e069ceced9/src/transformers/models/llama/modeling_llama.py#L281-L289,"y=x @ W^T；权重按[输出,输入]；专家模板另用 N_e 动态 token 数",,
r1-distill-llama-8b,DeepSeek-R1-Distill-Llama-8B,decoder-30,decoder,29,30,GQA,prefill,gqa,prefill-gqa-norm-0,向量参数：model.layers.{i}.input_layernorm.weight,parameter=[4096],parameter=[4096],激活/中间精度见固定参考函数；存储类型只由文件头证据填写,4096,本 checkpoint 全分片 header：291 张量；逻辑主干、MTP/DSpark、共享副本和量化元数据分开。未读取权重值或运行模型。,hf-transformers-modeling_llama-py,LlamaDecoderLayer.__init__,https://github.com/huggingface/transformers/blob/984bc11b0882ff1e5b34ba717ea357e069ceced9/src/transformers/models/llama/modeling_llama.py#L685-L693,参数声明；具体 norm、bias、sink 或 mix scale 计算由后续数据流说明,,
r1-distill-llama-8b,DeepSeek-R1-Distill-Llama-8B,decoder-30,decoder,29,30,GQA,prefill,gqa,prefill-gqa-norm-1,向量参数：model.layers.{i}.post_attention_layernorm.weight,parameter=[4096],parameter=[4096],激活/中间精度见固定参考函数；存储类型只由文件头证据填写,4096,本 checkpoint 全分片 header：291 张量；逻辑主干、MTP/DSpark、共享副本和量化元数据分开。未读取权重值或运行模型。,hf-transformers-modeling_llama-py,LlamaDecoderLayer.__init__,https://github.com/huggingface/transformers/blob/984bc11b0882ff1e5b34ba717ea357e069ceced9/src/transformers/models/llama/modeling_llama.py#L685-L693,参数声明；具体 norm、bias、sink 或 mix scale 计算由后续数据流说明,,
r1-distill-llama-8b,DeepSeek-R1-Distill-Llama-8B,decoder-30,decoder,29,30,GQA,prefill,gqa,prefill-gqa-gqa-scores,GQA Key/Value 广播与 attention,"Q=[B,32,L_q,128]; K_cache=[B,8,L_kv,128]; V_cache=[B,8,L_kv,128]","scores=[B,32,L_q,L_kv]; out=[B,32,L_q,128]",激活/中间精度见固定参考函数；存储类型只由文件头证据填写,0,本 checkpoint 全分片 header：291 张量；逻辑主干、MTP/DSpark、共享副本和量化元数据分开。未读取权重值或运行模型。,hf-transformers-modeling_llama-py,LlamaAttention.forward,https://github.com/huggingface/transformers/blob/984bc11b0882ff1e5b34ba717ea357e069ceced9/src/transformers/models/llama/modeling_llama.py#L364-L455,RoPE → cache.update → repeat_kv(N_head/N_KV) → QK^T/√D → mask/FP32 softmax → PV,,参考 eager 数学路径；实际 SDPA/FlashAttention、分页与设备分派另核验
r1-distill-llama-8b,DeepSeek-R1-Distill-Llama-8B,decoder-30,decoder,29,30,GQA,prefill,gqa,prefill-gqa-swiglu,Dense SwiGLU,"gate=[N_tok,14336]; up=[N_tok,14336]","act=[N_tok,14336]",激活/中间精度见固定参考函数；存储类型只由文件头证据填写,0,本 checkpoint 全分片 header：291 张量；逻辑主干、MTP/DSpark、共享副本和量化元数据分开。未读取权重值或运行模型。,hf-transformers-modeling_llama-py,LlamaMLP.forward,https://github.com/huggingface/transformers/blob/984bc11b0882ff1e5b34ba717ea357e069ceced9/src/transformers/models/llama/modeling_llama.py#L291-L311,SiLU(gate)*up → down；两次 pre-norm residual 分开,,
r1-distill-llama-8b,DeepSeek-R1-Distill-Llama-8B,decoder-30,decoder,29,30,GQA,decode,gqa,decode-gqa-attention-0,逻辑投影：model.layers.{i}.self_attn.q_proj.weight,"x=[B,L_q,4096]; W=[4096,4096]","y=[B,L_q,4096]",激活/中间精度见固定参考函数；存储类型只由文件头证据填写,16777216,本 checkpoint 全分片 header：291 张量；逻辑主干、MTP/DSpark、共享副本和量化元数据分开。未读取权重值或运行模型。,hf-transformers-modeling_llama-py,LlamaAttention.__init__,https://github.com/huggingface/transformers/blob/984bc11b0882ff1e5b34ba717ea357e069ceced9/src/transformers/models/llama/modeling_llama.py#L329-L362,"y=x @ W^T；权重按[输出,输入]；专家模板另用 N_e 动态 token 数",,
r1-distill-llama-8b,DeepSeek-R1-Distill-Llama-8B,decoder-30,decoder,29,30,GQA,decode,gqa,decode-gqa-attention-1,逻辑投影：model.layers.{i}.self_attn.k_proj.weight,"x=[B,L_q,4096]; W=[1024,4096]","y=[B,L_q,1024]",激活/中间精度见固定参考函数；存储类型只由文件头证据填写,4194304,本 checkpoint 全分片 header：291 张量；逻辑主干、MTP/DSpark、共享副本和量化元数据分开。未读取权重值或运行模型。,hf-transformers-modeling_llama-py,LlamaAttention.__init__,https://github.com/huggingface/transformers/blob/984bc11b0882ff1e5b34ba717ea357e069ceced9/src/transformers/models/llama/modeling_llama.py#L329-L362,"y=x @ W^T；权重按[输出,输入]；专家模板另用 N_e 动态 token 数",,
r1-distill-llama-8b,DeepSeek-R1-Distill-Llama-8B,decoder-30,decoder,29,30,GQA,decode,gqa,decode-gqa-attention-2,逻辑投影：model.layers.{i}.self_attn.v_proj.weight,"x=[B,L_q,4096]; W=[1024,4096]","y=[B,L_q,1024]",激活/中间精度见固定参考函数；存储类型只由文件头证据填写,4194304,本 checkpoint 全分片 header：291 张量；逻辑主干、MTP/DSpark、共享副本和量化元数据分开。未读取权重值或运行模型。,hf-transformers-modeling_llama-py,LlamaAttention.__init__,https://github.com/huggingface/transformers/blob/984bc11b0882ff1e5b34ba717ea357e069ceced9/src/transformers/models/llama/modeling_llama.py#L329-L362,"y=x @ W^T；权重按[输出,输入]；专家模板另用 N_e 动态 token 数",,
r1-distill-llama-8b,DeepSeek-R1-Distill-Llama-8B,decoder-30,decoder,29,30,GQA,decode,gqa,decode-gqa-attention-3,逻辑投影：model.layers.{i}.self_attn.o_proj.weight,"x=[B,L_q,4096]; W=[4096,4096]","y=[B,L_q,4096]",激活/中间精度见固定参考函数；存储类型只由文件头证据填写,16777216,本 checkpoint 全分片 header：291 张量；逻辑主干、MTP/DSpark、共享副本和量化元数据分开。未读取权重值或运行模型。,hf-transformers-modeling_llama-py,LlamaAttention.__init__,https://github.com/huggingface/transformers/blob/984bc11b0882ff1e5b34ba717ea357e069ceced9/src/transformers/models/llama/modeling_llama.py#L329-L362,"y=x @ W^T；权重按[输出,输入]；专家模板另用 N_e 动态 token 数",,
r1-distill-llama-8b,DeepSeek-R1-Distill-Llama-8B,decoder-30,decoder,29,30,GQA,decode,gqa,decode-gqa-ffn-0,逻辑投影：model.layers.{i}.mlp.gate_proj.weight,"x=[B,L_q,4096]; W=[14336,4096]","y=[B,L_q,14336]",激活/中间精度见固定参考函数；存储类型只由文件头证据填写,58720256,本 checkpoint 全分片 header：291 张量；逻辑主干、MTP/DSpark、共享副本和量化元数据分开。未读取权重值或运行模型。,hf-transformers-modeling_llama-py,LlamaMLP.__init__,https://github.com/huggingface/transformers/blob/984bc11b0882ff1e5b34ba717ea357e069ceced9/src/transformers/models/llama/modeling_llama.py#L281-L289,"y=x @ W^T；权重按[输出,输入]；专家模板另用 N_e 动态 token 数",,
r1-distill-llama-8b,DeepSeek-R1-Distill-Llama-8B,decoder-30,decoder,29,30,GQA,decode,gqa,decode-gqa-ffn-1,逻辑投影：model.layers.{i}.mlp.up_proj.weight,"x=[B,L_q,4096]; W=[14336,4096]","y=[B,L_q,14336]",激活/中间精度见固定参考函数；存储类型只由文件头证据填写,58720256,本 checkpoint 全分片 header：291 张量；逻辑主干、MTP/DSpark、共享副本和量化元数据分开。未读取权重值或运行模型。,hf-transformers-modeling_llama-py,LlamaMLP.__init__,https://github.com/huggingface/transformers/blob/984bc11b0882ff1e5b34ba717ea357e069ceced9/src/transformers/models/llama/modeling_llama.py#L281-L289,"y=x @ W^T；权重按[输出,输入]；专家模板另用 N_e 动态 token 数",,
r1-distill-llama-8b,DeepSeek-R1-Distill-Llama-8B,decoder-30,decoder,29,30,GQA,decode,gqa,decode-gqa-ffn-2,逻辑投影：model.layers.{i}.mlp.down_proj.weight,"x=[B,L_q,14336]; W=[4096,14336]","y=[B,L_q,4096]",激活/中间精度见固定参考函数；存储类型只由文件头证据填写,58720256,本 checkpoint 全分片 header：291 张量；逻辑主干、MTP/DSpark、共享副本和量化元数据分开。未读取权重值或运行模型。,hf-transformers-modeling_llama-py,LlamaMLP.__init__,https://github.com/huggingface/transformers/blob/984bc11b0882ff1e5b34ba717ea357e069ceced9/src/transformers/models/llama/modeling_llama.py#L281-L289,"y=x @ W^T；权重按[输出,输入]；专家模板另用 N_e 动态 token 数",,
r1-distill-llama-8b,DeepSeek-R1-Distill-Llama-8B,decoder-30,decoder,29,30,GQA,decode,gqa,decode-gqa-norm-0,向量参数：model.layers.{i}.input_layernorm.weight,parameter=[4096],parameter=[4096],激活/中间精度见固定参考函数；存储类型只由文件头证据填写,4096,本 checkpoint 全分片 header：291 张量；逻辑主干、MTP/DSpark、共享副本和量化元数据分开。未读取权重值或运行模型。,hf-transformers-modeling_llama-py,LlamaDecoderLayer.__init__,https://github.com/huggingface/transformers/blob/984bc11b0882ff1e5b34ba717ea357e069ceced9/src/transformers/models/llama/modeling_llama.py#L685-L693,参数声明；具体 norm、bias、sink 或 mix scale 计算由后续数据流说明,,
r1-distill-llama-8b,DeepSeek-R1-Distill-Llama-8B,decoder-30,decoder,29,30,GQA,decode,gqa,decode-gqa-norm-1,向量参数：model.layers.{i}.post_attention_layernorm.weight,parameter=[4096],parameter=[4096],激活/中间精度见固定参考函数；存储类型只由文件头证据填写,4096,本 checkpoint 全分片 header：291 张量；逻辑主干、MTP/DSpark、共享副本和量化元数据分开。未读取权重值或运行模型。,hf-transformers-modeling_llama-py,LlamaDecoderLayer.__init__,https://github.com/huggingface/transformers/blob/984bc11b0882ff1e5b34ba717ea357e069ceced9/src/transformers/models/llama/modeling_llama.py#L685-L693,参数声明；具体 norm、bias、sink 或 mix scale 计算由后续数据流说明,,
r1-distill-llama-8b,DeepSeek-R1-Distill-Llama-8B,decoder-30,decoder,29,30,GQA,decode,gqa,decode-gqa-gqa-scores,GQA Key/Value 广播与 attention,"Q=[B,32,L_q,128]; K_cache=[B,8,L_kv,128]; V_cache=[B,8,L_kv,128]","scores=[B,32,L_q,L_kv]; out=[B,32,L_q,128]",激活/中间精度见固定参考函数；存储类型只由文件头证据填写,0,本 checkpoint 全分片 header：291 张量；逻辑主干、MTP/DSpark、共享副本和量化元数据分开。未读取权重值或运行模型。,hf-transformers-modeling_llama-py,LlamaAttention.forward,https://github.com/huggingface/transformers/blob/984bc11b0882ff1e5b34ba717ea357e069ceced9/src/transformers/models/llama/modeling_llama.py#L364-L455,RoPE → cache.update → repeat_kv(N_head/N_KV) → QK^T/√D → mask/FP32 softmax → PV,,参考 eager 数学路径；实际 SDPA/FlashAttention、分页与设备分派另核验
r1-distill-llama-8b,DeepSeek-R1-Distill-Llama-8B,decoder-30,decoder,29,30,GQA,decode,gqa,decode-gqa-swiglu,Dense SwiGLU,"gate=[N_tok,14336]; up=[N_tok,14336]","act=[N_tok,14336]",激活/中间精度见固定参考函数；存储类型只由文件头证据填写,0,本 checkpoint 全分片 header：291 张量；逻辑主干、MTP/DSpark、共享副本和量化元数据分开。未读取权重值或运行模型。,hf-transformers-modeling_llama-py,LlamaMLP.forward,https://github.com/huggingface/transformers/blob/984bc11b0882ff1e5b34ba717ea357e069ceced9/src/transformers/models/llama/modeling_llama.py#L291-L311,SiLU(gate)*up → down；两次 pre-norm residual 分开,,
r1-distill-llama-8b,DeepSeek-R1-Distill-Llama-8B,decoder-31,decoder,30,31,GQA,prefill,gqa,prefill-gqa-attention-0,逻辑投影：model.layers.{i}.self_attn.q_proj.weight,"x=[B,L_q,4096]; W=[4096,4096]","y=[B,L_q,4096]",激活/中间精度见固定参考函数；存储类型只由文件头证据填写,16777216,本 checkpoint 全分片 header：291 张量；逻辑主干、MTP/DSpark、共享副本和量化元数据分开。未读取权重值或运行模型。,hf-transformers-modeling_llama-py,LlamaAttention.__init__,https://github.com/huggingface/transformers/blob/984bc11b0882ff1e5b34ba717ea357e069ceced9/src/transformers/models/llama/modeling_llama.py#L329-L362,"y=x @ W^T；权重按[输出,输入]；专家模板另用 N_e 动态 token 数",,
r1-distill-llama-8b,DeepSeek-R1-Distill-Llama-8B,decoder-31,decoder,30,31,GQA,prefill,gqa,prefill-gqa-attention-1,逻辑投影：model.layers.{i}.self_attn.k_proj.weight,"x=[B,L_q,4096]; W=[1024,4096]","y=[B,L_q,1024]",激活/中间精度见固定参考函数；存储类型只由文件头证据填写,4194304,本 checkpoint 全分片 header：291 张量；逻辑主干、MTP/DSpark、共享副本和量化元数据分开。未读取权重值或运行模型。,hf-transformers-modeling_llama-py,LlamaAttention.__init__,https://github.com/huggingface/transformers/blob/984bc11b0882ff1e5b34ba717ea357e069ceced9/src/transformers/models/llama/modeling_llama.py#L329-L362,"y=x @ W^T；权重按[输出,输入]；专家模板另用 N_e 动态 token 数",,
r1-distill-llama-8b,DeepSeek-R1-Distill-Llama-8B,decoder-31,decoder,30,31,GQA,prefill,gqa,prefill-gqa-attention-2,逻辑投影：model.layers.{i}.self_attn.v_proj.weight,"x=[B,L_q,4096]; W=[1024,4096]","y=[B,L_q,1024]",激活/中间精度见固定参考函数；存储类型只由文件头证据填写,4194304,本 checkpoint 全分片 header：291 张量；逻辑主干、MTP/DSpark、共享副本和量化元数据分开。未读取权重值或运行模型。,hf-transformers-modeling_llama-py,LlamaAttention.__init__,https://github.com/huggingface/transformers/blob/984bc11b0882ff1e5b34ba717ea357e069ceced9/src/transformers/models/llama/modeling_llama.py#L329-L362,"y=x @ W^T；权重按[输出,输入]；专家模板另用 N_e 动态 token 数",,
r1-distill-llama-8b,DeepSeek-R1-Distill-Llama-8B,decoder-31,decoder,30,31,GQA,prefill,gqa,prefill-gqa-attention-3,逻辑投影：model.layers.{i}.self_attn.o_proj.weight,"x=[B,L_q,4096]; W=[4096,4096]","y=[B,L_q,4096]",激活/中间精度见固定参考函数；存储类型只由文件头证据填写,16777216,本 checkpoint 全分片 header：291 张量；逻辑主干、MTP/DSpark、共享副本和量化元数据分开。未读取权重值或运行模型。,hf-transformers-modeling_llama-py,LlamaAttention.__init__,https://github.com/huggingface/transformers/blob/984bc11b0882ff1e5b34ba717ea357e069ceced9/src/transformers/models/llama/modeling_llama.py#L329-L362,"y=x @ W^T；权重按[输出,输入]；专家模板另用 N_e 动态 token 数",,
r1-distill-llama-8b,DeepSeek-R1-Distill-Llama-8B,decoder-31,decoder,30,31,GQA,prefill,gqa,prefill-gqa-ffn-0,逻辑投影：model.layers.{i}.mlp.gate_proj.weight,"x=[B,L_q,4096]; W=[14336,4096]","y=[B,L_q,14336]",激活/中间精度见固定参考函数；存储类型只由文件头证据填写,58720256,本 checkpoint 全分片 header：291 张量；逻辑主干、MTP/DSpark、共享副本和量化元数据分开。未读取权重值或运行模型。,hf-transformers-modeling_llama-py,LlamaMLP.__init__,https://github.com/huggingface/transformers/blob/984bc11b0882ff1e5b34ba717ea357e069ceced9/src/transformers/models/llama/modeling_llama.py#L281-L289,"y=x @ W^T；权重按[输出,输入]；专家模板另用 N_e 动态 token 数",,
r1-distill-llama-8b,DeepSeek-R1-Distill-Llama-8B,decoder-31,decoder,30,31,GQA,prefill,gqa,prefill-gqa-ffn-1,逻辑投影：model.layers.{i}.mlp.up_proj.weight,"x=[B,L_q,4096]; W=[14336,4096]","y=[B,L_q,14336]",激活/中间精度见固定参考函数；存储类型只由文件头证据填写,58720256,本 checkpoint 全分片 header：291 张量；逻辑主干、MTP/DSpark、共享副本和量化元数据分开。未读取权重值或运行模型。,hf-transformers-modeling_llama-py,LlamaMLP.__init__,https://github.com/huggingface/transformers/blob/984bc11b0882ff1e5b34ba717ea357e069ceced9/src/transformers/models/llama/modeling_llama.py#L281-L289,"y=x @ W^T；权重按[输出,输入]；专家模板另用 N_e 动态 token 数",,
r1-distill-llama-8b,DeepSeek-R1-Distill-Llama-8B,decoder-31,decoder,30,31,GQA,prefill,gqa,prefill-gqa-ffn-2,逻辑投影：model.layers.{i}.mlp.down_proj.weight,"x=[B,L_q,14336]; W=[4096,14336]","y=[B,L_q,4096]",激活/中间精度见固定参考函数；存储类型只由文件头证据填写,58720256,本 checkpoint 全分片 header：291 张量；逻辑主干、MTP/DSpark、共享副本和量化元数据分开。未读取权重值或运行模型。,hf-transformers-modeling_llama-py,LlamaMLP.__init__,https://github.com/huggingface/transformers/blob/984bc11b0882ff1e5b34ba717ea357e069ceced9/src/transformers/models/llama/modeling_llama.py#L281-L289,"y=x @ W^T；权重按[输出,输入]；专家模板另用 N_e 动态 token 数",,
r1-distill-llama-8b,DeepSeek-R1-Distill-Llama-8B,decoder-31,decoder,30,31,GQA,prefill,gqa,prefill-gqa-norm-0,向量参数：model.layers.{i}.input_layernorm.weight,parameter=[4096],parameter=[4096],激活/中间精度见固定参考函数；存储类型只由文件头证据填写,4096,本 checkpoint 全分片 header：291 张量；逻辑主干、MTP/DSpark、共享副本和量化元数据分开。未读取权重值或运行模型。,hf-transformers-modeling_llama-py,LlamaDecoderLayer.__init__,https://github.com/huggingface/transformers/blob/984bc11b0882ff1e5b34ba717ea357e069ceced9/src/transformers/models/llama/modeling_llama.py#L685-L693,参数声明；具体 norm、bias、sink 或 mix scale 计算由后续数据流说明,,
r1-distill-llama-8b,DeepSeek-R1-Distill-Llama-8B,decoder-31,decoder,30,31,GQA,prefill,gqa,prefill-gqa-norm-1,向量参数：model.layers.{i}.post_attention_layernorm.weight,parameter=[4096],parameter=[4096],激活/中间精度见固定参考函数；存储类型只由文件头证据填写,4096,本 checkpoint 全分片 header：291 张量；逻辑主干、MTP/DSpark、共享副本和量化元数据分开。未读取权重值或运行模型。,hf-transformers-modeling_llama-py,LlamaDecoderLayer.__init__,https://github.com/huggingface/transformers/blob/984bc11b0882ff1e5b34ba717ea357e069ceced9/src/transformers/models/llama/modeling_llama.py#L685-L693,参数声明；具体 norm、bias、sink 或 mix scale 计算由后续数据流说明,,
r1-distill-llama-8b,DeepSeek-R1-Distill-Llama-8B,decoder-31,decoder,30,31,GQA,prefill,gqa,prefill-gqa-gqa-scores,GQA Key/Value 广播与 attention,"Q=[B,32,L_q,128]; K_cache=[B,8,L_kv,128]; V_cache=[B,8,L_kv,128]","scores=[B,32,L_q,L_kv]; out=[B,32,L_q,128]",激活/中间精度见固定参考函数；存储类型只由文件头证据填写,0,本 checkpoint 全分片 header：291 张量；逻辑主干、MTP/DSpark、共享副本和量化元数据分开。未读取权重值或运行模型。,hf-transformers-modeling_llama-py,LlamaAttention.forward,https://github.com/huggingface/transformers/blob/984bc11b0882ff1e5b34ba717ea357e069ceced9/src/transformers/models/llama/modeling_llama.py#L364-L455,RoPE → cache.update → repeat_kv(N_head/N_KV) → QK^T/√D → mask/FP32 softmax → PV,,参考 eager 数学路径；实际 SDPA/FlashAttention、分页与设备分派另核验
r1-distill-llama-8b,DeepSeek-R1-Distill-Llama-8B,decoder-31,decoder,30,31,GQA,prefill,gqa,prefill-gqa-swiglu,Dense SwiGLU,"gate=[N_tok,14336]; up=[N_tok,14336]","act=[N_tok,14336]",激活/中间精度见固定参考函数；存储类型只由文件头证据填写,0,本 checkpoint 全分片 header：291 张量；逻辑主干、MTP/DSpark、共享副本和量化元数据分开。未读取权重值或运行模型。,hf-transformers-modeling_llama-py,LlamaMLP.forward,https://github.com/huggingface/transformers/blob/984bc11b0882ff1e5b34ba717ea357e069ceced9/src/transformers/models/llama/modeling_llama.py#L291-L311,SiLU(gate)*up → down；两次 pre-norm residual 分开,,
r1-distill-llama-8b,DeepSeek-R1-Distill-Llama-8B,decoder-31,decoder,30,31,GQA,decode,gqa,decode-gqa-attention-0,逻辑投影：model.layers.{i}.self_attn.q_proj.weight,"x=[B,L_q,4096]; W=[4096,4096]","y=[B,L_q,4096]",激活/中间精度见固定参考函数；存储类型只由文件头证据填写,16777216,本 checkpoint 全分片 header：291 张量；逻辑主干、MTP/DSpark、共享副本和量化元数据分开。未读取权重值或运行模型。,hf-transformers-modeling_llama-py,LlamaAttention.__init__,https://github.com/huggingface/transformers/blob/984bc11b0882ff1e5b34ba717ea357e069ceced9/src/transformers/models/llama/modeling_llama.py#L329-L362,"y=x @ W^T；权重按[输出,输入]；专家模板另用 N_e 动态 token 数",,
r1-distill-llama-8b,DeepSeek-R1-Distill-Llama-8B,decoder-31,decoder,30,31,GQA,decode,gqa,decode-gqa-attention-1,逻辑投影：model.layers.{i}.self_attn.k_proj.weight,"x=[B,L_q,4096]; W=[1024,4096]","y=[B,L_q,1024]",激活/中间精度见固定参考函数；存储类型只由文件头证据填写,4194304,本 checkpoint 全分片 header：291 张量；逻辑主干、MTP/DSpark、共享副本和量化元数据分开。未读取权重值或运行模型。,hf-transformers-modeling_llama-py,LlamaAttention.__init__,https://github.com/huggingface/transformers/blob/984bc11b0882ff1e5b34ba717ea357e069ceced9/src/transformers/models/llama/modeling_llama.py#L329-L362,"y=x @ W^T；权重按[输出,输入]；专家模板另用 N_e 动态 token 数",,
r1-distill-llama-8b,DeepSeek-R1-Distill-Llama-8B,decoder-31,decoder,30,31,GQA,decode,gqa,decode-gqa-attention-2,逻辑投影：model.layers.{i}.self_attn.v_proj.weight,"x=[B,L_q,4096]; W=[1024,4096]","y=[B,L_q,1024]",激活/中间精度见固定参考函数；存储类型只由文件头证据填写,4194304,本 checkpoint 全分片 header：291 张量；逻辑主干、MTP/DSpark、共享副本和量化元数据分开。未读取权重值或运行模型。,hf-transformers-modeling_llama-py,LlamaAttention.__init__,https://github.com/huggingface/transformers/blob/984bc11b0882ff1e5b34ba717ea357e069ceced9/src/transformers/models/llama/modeling_llama.py#L329-L362,"y=x @ W^T；权重按[输出,输入]；专家模板另用 N_e 动态 token 数",,
r1-distill-llama-8b,DeepSeek-R1-Distill-Llama-8B,decoder-31,decoder,30,31,GQA,decode,gqa,decode-gqa-attention-3,逻辑投影：model.layers.{i}.self_attn.o_proj.weight,"x=[B,L_q,4096]; W=[4096,4096]","y=[B,L_q,4096]",激活/中间精度见固定参考函数；存储类型只由文件头证据填写,16777216,本 checkpoint 全分片 header：291 张量；逻辑主干、MTP/DSpark、共享副本和量化元数据分开。未读取权重值或运行模型。,hf-transformers-modeling_llama-py,LlamaAttention.__init__,https://github.com/huggingface/transformers/blob/984bc11b0882ff1e5b34ba717ea357e069ceced9/src/transformers/models/llama/modeling_llama.py#L329-L362,"y=x @ W^T；权重按[输出,输入]；专家模板另用 N_e 动态 token 数",,
r1-distill-llama-8b,DeepSeek-R1-Distill-Llama-8B,decoder-31,decoder,30,31,GQA,decode,gqa,decode-gqa-ffn-0,逻辑投影：model.layers.{i}.mlp.gate_proj.weight,"x=[B,L_q,4096]; W=[14336,4096]","y=[B,L_q,14336]",激活/中间精度见固定参考函数；存储类型只由文件头证据填写,58720256,本 checkpoint 全分片 header：291 张量；逻辑主干、MTP/DSpark、共享副本和量化元数据分开。未读取权重值或运行模型。,hf-transformers-modeling_llama-py,LlamaMLP.__init__,https://github.com/huggingface/transformers/blob/984bc11b0882ff1e5b34ba717ea357e069ceced9/src/transformers/models/llama/modeling_llama.py#L281-L289,"y=x @ W^T；权重按[输出,输入]；专家模板另用 N_e 动态 token 数",,
r1-distill-llama-8b,DeepSeek-R1-Distill-Llama-8B,decoder-31,decoder,30,31,GQA,decode,gqa,decode-gqa-ffn-1,逻辑投影：model.layers.{i}.mlp.up_proj.weight,"x=[B,L_q,4096]; W=[14336,4096]","y=[B,L_q,14336]",激活/中间精度见固定参考函数；存储类型只由文件头证据填写,58720256,本 checkpoint 全分片 header：291 张量；逻辑主干、MTP/DSpark、共享副本和量化元数据分开。未读取权重值或运行模型。,hf-transformers-modeling_llama-py,LlamaMLP.__init__,https://github.com/huggingface/transformers/blob/984bc11b0882ff1e5b34ba717ea357e069ceced9/src/transformers/models/llama/modeling_llama.py#L281-L289,"y=x @ W^T；权重按[输出,输入]；专家模板另用 N_e 动态 token 数",,
r1-distill-llama-8b,DeepSeek-R1-Distill-Llama-8B,decoder-31,decoder,30,31,GQA,decode,gqa,decode-gqa-ffn-2,逻辑投影：model.layers.{i}.mlp.down_proj.weight,"x=[B,L_q,14336]; W=[4096,14336]","y=[B,L_q,4096]",激活/中间精度见固定参考函数；存储类型只由文件头证据填写,58720256,本 checkpoint 全分片 header：291 张量；逻辑主干、MTP/DSpark、共享副本和量化元数据分开。未读取权重值或运行模型。,hf-transformers-modeling_llama-py,LlamaMLP.__init__,https://github.com/huggingface/transformers/blob/984bc11b0882ff1e5b34ba717ea357e069ceced9/src/transformers/models/llama/modeling_llama.py#L281-L289,"y=x @ W^T；权重按[输出,输入]；专家模板另用 N_e 动态 token 数",,
r1-distill-llama-8b,DeepSeek-R1-Distill-Llama-8B,decoder-31,decoder,30,31,GQA,decode,gqa,decode-gqa-norm-0,向量参数：model.layers.{i}.input_layernorm.weight,parameter=[4096],parameter=[4096],激活/中间精度见固定参考函数；存储类型只由文件头证据填写,4096,本 checkpoint 全分片 header：291 张量；逻辑主干、MTP/DSpark、共享副本和量化元数据分开。未读取权重值或运行模型。,hf-transformers-modeling_llama-py,LlamaDecoderLayer.__init__,https://github.com/huggingface/transformers/blob/984bc11b0882ff1e5b34ba717ea357e069ceced9/src/transformers/models/llama/modeling_llama.py#L685-L693,参数声明；具体 norm、bias、sink 或 mix scale 计算由后续数据流说明,,
r1-distill-llama-8b,DeepSeek-R1-Distill-Llama-8B,decoder-31,decoder,30,31,GQA,decode,gqa,decode-gqa-norm-1,向量参数：model.layers.{i}.post_attention_layernorm.weight,parameter=[4096],parameter=[4096],激活/中间精度见固定参考函数；存储类型只由文件头证据填写,4096,本 checkpoint 全分片 header：291 张量；逻辑主干、MTP/DSpark、共享副本和量化元数据分开。未读取权重值或运行模型。,hf-transformers-modeling_llama-py,LlamaDecoderLayer.__init__,https://github.com/huggingface/transformers/blob/984bc11b0882ff1e5b34ba717ea357e069ceced9/src/transformers/models/llama/modeling_llama.py#L685-L693,参数声明；具体 norm、bias、sink 或 mix scale 计算由后续数据流说明,,
r1-distill-llama-8b,DeepSeek-R1-Distill-Llama-8B,decoder-31,decoder,30,31,GQA,decode,gqa,decode-gqa-gqa-scores,GQA Key/Value 广播与 attention,"Q=[B,32,L_q,128]; K_cache=[B,8,L_kv,128]; V_cache=[B,8,L_kv,128]","scores=[B,32,L_q,L_kv]; out=[B,32,L_q,128]",激活/中间精度见固定参考函数；存储类型只由文件头证据填写,0,本 checkpoint 全分片 header：291 张量；逻辑主干、MTP/DSpark、共享副本和量化元数据分开。未读取权重值或运行模型。,hf-transformers-modeling_llama-py,LlamaAttention.forward,https://github.com/huggingface/transformers/blob/984bc11b0882ff1e5b34ba717ea357e069ceced9/src/transformers/models/llama/modeling_llama.py#L364-L455,RoPE → cache.update → repeat_kv(N_head/N_KV) → QK^T/√D → mask/FP32 softmax → PV,,参考 eager 数学路径；实际 SDPA/FlashAttention、分页与设备分派另核验
r1-distill-llama-8b,DeepSeek-R1-Distill-Llama-8B,decoder-31,decoder,30,31,GQA,decode,gqa,decode-gqa-swiglu,Dense SwiGLU,"gate=[N_tok,14336]; up=[N_tok,14336]","act=[N_tok,14336]",激活/中间精度见固定参考函数；存储类型只由文件头证据填写,0,本 checkpoint 全分片 header：291 张量；逻辑主干、MTP/DSpark、共享副本和量化元数据分开。未读取权重值或运行模型。,hf-transformers-modeling_llama-py,LlamaMLP.forward,https://github.com/huggingface/transformers/blob/984bc11b0882ff1e5b34ba717ea357e069ceced9/src/transformers/models/llama/modeling_llama.py#L291-L311,SiLU(gate)*up → down；两次 pre-norm residual 分开,,
r1-distill-llama-8b,DeepSeek-R1-Distill-Llama-8B,decoder-32,decoder,31,32,GQA,prefill,gqa,prefill-gqa-attention-0,逻辑投影：model.layers.{i}.self_attn.q_proj.weight,"x=[B,L_q,4096]; W=[4096,4096]","y=[B,L_q,4096]",激活/中间精度见固定参考函数；存储类型只由文件头证据填写,16777216,本 checkpoint 全分片 header：291 张量；逻辑主干、MTP/DSpark、共享副本和量化元数据分开。未读取权重值或运行模型。,hf-transformers-modeling_llama-py,LlamaAttention.__init__,https://github.com/huggingface/transformers/blob/984bc11b0882ff1e5b34ba717ea357e069ceced9/src/transformers/models/llama/modeling_llama.py#L329-L362,"y=x @ W^T；权重按[输出,输入]；专家模板另用 N_e 动态 token 数",,
r1-distill-llama-8b,DeepSeek-R1-Distill-Llama-8B,decoder-32,decoder,31,32,GQA,prefill,gqa,prefill-gqa-attention-1,逻辑投影：model.layers.{i}.self_attn.k_proj.weight,"x=[B,L_q,4096]; W=[1024,4096]","y=[B,L_q,1024]",激活/中间精度见固定参考函数；存储类型只由文件头证据填写,4194304,本 checkpoint 全分片 header：291 张量；逻辑主干、MTP/DSpark、共享副本和量化元数据分开。未读取权重值或运行模型。,hf-transformers-modeling_llama-py,LlamaAttention.__init__,https://github.com/huggingface/transformers/blob/984bc11b0882ff1e5b34ba717ea357e069ceced9/src/transformers/models/llama/modeling_llama.py#L329-L362,"y=x @ W^T；权重按[输出,输入]；专家模板另用 N_e 动态 token 数",,
r1-distill-llama-8b,DeepSeek-R1-Distill-Llama-8B,decoder-32,decoder,31,32,GQA,prefill,gqa,prefill-gqa-attention-2,逻辑投影：model.layers.{i}.self_attn.v_proj.weight,"x=[B,L_q,4096]; W=[1024,4096]","y=[B,L_q,1024]",激活/中间精度见固定参考函数；存储类型只由文件头证据填写,4194304,本 checkpoint 全分片 header：291 张量；逻辑主干、MTP/DSpark、共享副本和量化元数据分开。未读取权重值或运行模型。,hf-transformers-modeling_llama-py,LlamaAttention.__init__,https://github.com/huggingface/transformers/blob/984bc11b0882ff1e5b34ba717ea357e069ceced9/src/transformers/models/llama/modeling_llama.py#L329-L362,"y=x @ W^T；权重按[输出,输入]；专家模板另用 N_e 动态 token 数",,
r1-distill-llama-8b,DeepSeek-R1-Distill-Llama-8B,decoder-32,decoder,31,32,GQA,prefill,gqa,prefill-gqa-attention-3,逻辑投影：model.layers.{i}.self_attn.o_proj.weight,"x=[B,L_q,4096]; W=[4096,4096]","y=[B,L_q,4096]",激活/中间精度见固定参考函数；存储类型只由文件头证据填写,16777216,本 checkpoint 全分片 header：291 张量；逻辑主干、MTP/DSpark、共享副本和量化元数据分开。未读取权重值或运行模型。,hf-transformers-modeling_llama-py,LlamaAttention.__init__,https://github.com/huggingface/transformers/blob/984bc11b0882ff1e5b34ba717ea357e069ceced9/src/transformers/models/llama/modeling_llama.py#L329-L362,"y=x @ W^T；权重按[输出,输入]；专家模板另用 N_e 动态 token 数",,
r1-distill-llama-8b,DeepSeek-R1-Distill-Llama-8B,decoder-32,decoder,31,32,GQA,prefill,gqa,prefill-gqa-ffn-0,逻辑投影：model.layers.{i}.mlp.gate_proj.weight,"x=[B,L_q,4096]; W=[14336,4096]","y=[B,L_q,14336]",激活/中间精度见固定参考函数；存储类型只由文件头证据填写,58720256,本 checkpoint 全分片 header：291 张量；逻辑主干、MTP/DSpark、共享副本和量化元数据分开。未读取权重值或运行模型。,hf-transformers-modeling_llama-py,LlamaMLP.__init__,https://github.com/huggingface/transformers/blob/984bc11b0882ff1e5b34ba717ea357e069ceced9/src/transformers/models/llama/modeling_llama.py#L281-L289,"y=x @ W^T；权重按[输出,输入]；专家模板另用 N_e 动态 token 数",,
r1-distill-llama-8b,DeepSeek-R1-Distill-Llama-8B,decoder-32,decoder,31,32,GQA,prefill,gqa,prefill-gqa-ffn-1,逻辑投影：model.layers.{i}.mlp.up_proj.weight,"x=[B,L_q,4096]; W=[14336,4096]","y=[B,L_q,14336]",激活/中间精度见固定参考函数；存储类型只由文件头证据填写,58720256,本 checkpoint 全分片 header：291 张量；逻辑主干、MTP/DSpark、共享副本和量化元数据分开。未读取权重值或运行模型。,hf-transformers-modeling_llama-py,LlamaMLP.__init__,https://github.com/huggingface/transformers/blob/984bc11b0882ff1e5b34ba717ea357e069ceced9/src/transformers/models/llama/modeling_llama.py#L281-L289,"y=x @ W^T；权重按[输出,输入]；专家模板另用 N_e 动态 token 数",,
r1-distill-llama-8b,DeepSeek-R1-Distill-Llama-8B,decoder-32,decoder,31,32,GQA,prefill,gqa,prefill-gqa-ffn-2,逻辑投影：model.layers.{i}.mlp.down_proj.weight,"x=[B,L_q,14336]; W=[4096,14336]","y=[B,L_q,4096]",激活/中间精度见固定参考函数；存储类型只由文件头证据填写,58720256,本 checkpoint 全分片 header：291 张量；逻辑主干、MTP/DSpark、共享副本和量化元数据分开。未读取权重值或运行模型。,hf-transformers-modeling_llama-py,LlamaMLP.__init__,https://github.com/huggingface/transformers/blob/984bc11b0882ff1e5b34ba717ea357e069ceced9/src/transformers/models/llama/modeling_llama.py#L281-L289,"y=x @ W^T；权重按[输出,输入]；专家模板另用 N_e 动态 token 数",,
r1-distill-llama-8b,DeepSeek-R1-Distill-Llama-8B,decoder-32,decoder,31,32,GQA,prefill,gqa,prefill-gqa-norm-0,向量参数：model.layers.{i}.input_layernorm.weight,parameter=[4096],parameter=[4096],激活/中间精度见固定参考函数；存储类型只由文件头证据填写,4096,本 checkpoint 全分片 header：291 张量；逻辑主干、MTP/DSpark、共享副本和量化元数据分开。未读取权重值或运行模型。,hf-transformers-modeling_llama-py,LlamaDecoderLayer.__init__,https://github.com/huggingface/transformers/blob/984bc11b0882ff1e5b34ba717ea357e069ceced9/src/transformers/models/llama/modeling_llama.py#L685-L693,参数声明；具体 norm、bias、sink 或 mix scale 计算由后续数据流说明,,
r1-distill-llama-8b,DeepSeek-R1-Distill-Llama-8B,decoder-32,decoder,31,32,GQA,prefill,gqa,prefill-gqa-norm-1,向量参数：model.layers.{i}.post_attention_layernorm.weight,parameter=[4096],parameter=[4096],激活/中间精度见固定参考函数；存储类型只由文件头证据填写,4096,本 checkpoint 全分片 header：291 张量；逻辑主干、MTP/DSpark、共享副本和量化元数据分开。未读取权重值或运行模型。,hf-transformers-modeling_llama-py,LlamaDecoderLayer.__init__,https://github.com/huggingface/transformers/blob/984bc11b0882ff1e5b34ba717ea357e069ceced9/src/transformers/models/llama/modeling_llama.py#L685-L693,参数声明；具体 norm、bias、sink 或 mix scale 计算由后续数据流说明,,
r1-distill-llama-8b,DeepSeek-R1-Distill-Llama-8B,decoder-32,decoder,31,32,GQA,prefill,gqa,prefill-gqa-gqa-scores,GQA Key/Value 广播与 attention,"Q=[B,32,L_q,128]; K_cache=[B,8,L_kv,128]; V_cache=[B,8,L_kv,128]","scores=[B,32,L_q,L_kv]; out=[B,32,L_q,128]",激活/中间精度见固定参考函数；存储类型只由文件头证据填写,0,本 checkpoint 全分片 header：291 张量；逻辑主干、MTP/DSpark、共享副本和量化元数据分开。未读取权重值或运行模型。,hf-transformers-modeling_llama-py,LlamaAttention.forward,https://github.com/huggingface/transformers/blob/984bc11b0882ff1e5b34ba717ea357e069ceced9/src/transformers/models/llama/modeling_llama.py#L364-L455,RoPE → cache.update → repeat_kv(N_head/N_KV) → QK^T/√D → mask/FP32 softmax → PV,,参考 eager 数学路径；实际 SDPA/FlashAttention、分页与设备分派另核验
r1-distill-llama-8b,DeepSeek-R1-Distill-Llama-8B,decoder-32,decoder,31,32,GQA,prefill,gqa,prefill-gqa-swiglu,Dense SwiGLU,"gate=[N_tok,14336]; up=[N_tok,14336]","act=[N_tok,14336]",激活/中间精度见固定参考函数；存储类型只由文件头证据填写,0,本 checkpoint 全分片 header：291 张量；逻辑主干、MTP/DSpark、共享副本和量化元数据分开。未读取权重值或运行模型。,hf-transformers-modeling_llama-py,LlamaMLP.forward,https://github.com/huggingface/transformers/blob/984bc11b0882ff1e5b34ba717ea357e069ceced9/src/transformers/models/llama/modeling_llama.py#L291-L311,SiLU(gate)*up → down；两次 pre-norm residual 分开,,
r1-distill-llama-8b,DeepSeek-R1-Distill-Llama-8B,decoder-32,decoder,31,32,GQA,decode,gqa,decode-gqa-attention-0,逻辑投影：model.layers.{i}.self_attn.q_proj.weight,"x=[B,L_q,4096]; W=[4096,4096]","y=[B,L_q,4096]",激活/中间精度见固定参考函数；存储类型只由文件头证据填写,16777216,本 checkpoint 全分片 header：291 张量；逻辑主干、MTP/DSpark、共享副本和量化元数据分开。未读取权重值或运行模型。,hf-transformers-modeling_llama-py,LlamaAttention.__init__,https://github.com/huggingface/transformers/blob/984bc11b0882ff1e5b34ba717ea357e069ceced9/src/transformers/models/llama/modeling_llama.py#L329-L362,"y=x @ W^T；权重按[输出,输入]；专家模板另用 N_e 动态 token 数",,
r1-distill-llama-8b,DeepSeek-R1-Distill-Llama-8B,decoder-32,decoder,31,32,GQA,decode,gqa,decode-gqa-attention-1,逻辑投影：model.layers.{i}.self_attn.k_proj.weight,"x=[B,L_q,4096]; W=[1024,4096]","y=[B,L_q,1024]",激活/中间精度见固定参考函数；存储类型只由文件头证据填写,4194304,本 checkpoint 全分片 header：291 张量；逻辑主干、MTP/DSpark、共享副本和量化元数据分开。未读取权重值或运行模型。,hf-transformers-modeling_llama-py,LlamaAttention.__init__,https://github.com/huggingface/transformers/blob/984bc11b0882ff1e5b34ba717ea357e069ceced9/src/transformers/models/llama/modeling_llama.py#L329-L362,"y=x @ W^T；权重按[输出,输入]；专家模板另用 N_e 动态 token 数",,
r1-distill-llama-8b,DeepSeek-R1-Distill-Llama-8B,decoder-32,decoder,31,32,GQA,decode,gqa,decode-gqa-attention-2,逻辑投影：model.layers.{i}.self_attn.v_proj.weight,"x=[B,L_q,4096]; W=[1024,4096]","y=[B,L_q,1024]",激活/中间精度见固定参考函数；存储类型只由文件头证据填写,4194304,本 checkpoint 全分片 header：291 张量；逻辑主干、MTP/DSpark、共享副本和量化元数据分开。未读取权重值或运行模型。,hf-transformers-modeling_llama-py,LlamaAttention.__init__,https://github.com/huggingface/transformers/blob/984bc11b0882ff1e5b34ba717ea357e069ceced9/src/transformers/models/llama/modeling_llama.py#L329-L362,"y=x @ W^T；权重按[输出,输入]；专家模板另用 N_e 动态 token 数",,
r1-distill-llama-8b,DeepSeek-R1-Distill-Llama-8B,decoder-32,decoder,31,32,GQA,decode,gqa,decode-gqa-attention-3,逻辑投影：model.layers.{i}.self_attn.o_proj.weight,"x=[B,L_q,4096]; W=[4096,4096]","y=[B,L_q,4096]",激活/中间精度见固定参考函数；存储类型只由文件头证据填写,16777216,本 checkpoint 全分片 header：291 张量；逻辑主干、MTP/DSpark、共享副本和量化元数据分开。未读取权重值或运行模型。,hf-transformers-modeling_llama-py,LlamaAttention.__init__,https://github.com/huggingface/transformers/blob/984bc11b0882ff1e5b34ba717ea357e069ceced9/src/transformers/models/llama/modeling_llama.py#L329-L362,"y=x @ W^T；权重按[输出,输入]；专家模板另用 N_e 动态 token 数",,
r1-distill-llama-8b,DeepSeek-R1-Distill-Llama-8B,decoder-32,decoder,31,32,GQA,decode,gqa,decode-gqa-ffn-0,逻辑投影：model.layers.{i}.mlp.gate_proj.weight,"x=[B,L_q,4096]; W=[14336,4096]","y=[B,L_q,14336]",激活/中间精度见固定参考函数；存储类型只由文件头证据填写,58720256,本 checkpoint 全分片 header：291 张量；逻辑主干、MTP/DSpark、共享副本和量化元数据分开。未读取权重值或运行模型。,hf-transformers-modeling_llama-py,LlamaMLP.__init__,https://github.com/huggingface/transformers/blob/984bc11b0882ff1e5b34ba717ea357e069ceced9/src/transformers/models/llama/modeling_llama.py#L281-L289,"y=x @ W^T；权重按[输出,输入]；专家模板另用 N_e 动态 token 数",,
r1-distill-llama-8b,DeepSeek-R1-Distill-Llama-8B,decoder-32,decoder,31,32,GQA,decode,gqa,decode-gqa-ffn-1,逻辑投影：model.layers.{i}.mlp.up_proj.weight,"x=[B,L_q,4096]; W=[14336,4096]","y=[B,L_q,14336]",激活/中间精度见固定参考函数；存储类型只由文件头证据填写,58720256,本 checkpoint 全分片 header：291 张量；逻辑主干、MTP/DSpark、共享副本和量化元数据分开。未读取权重值或运行模型。,hf-transformers-modeling_llama-py,LlamaMLP.__init__,https://github.com/huggingface/transformers/blob/984bc11b0882ff1e5b34ba717ea357e069ceced9/src/transformers/models/llama/modeling_llama.py#L281-L289,"y=x @ W^T；权重按[输出,输入]；专家模板另用 N_e 动态 token 数",,
r1-distill-llama-8b,DeepSeek-R1-Distill-Llama-8B,decoder-32,decoder,31,32,GQA,decode,gqa,decode-gqa-ffn-2,逻辑投影：model.layers.{i}.mlp.down_proj.weight,"x=[B,L_q,14336]; W=[4096,14336]","y=[B,L_q,4096]",激活/中间精度见固定参考函数；存储类型只由文件头证据填写,58720256,本 checkpoint 全分片 header：291 张量；逻辑主干、MTP/DSpark、共享副本和量化元数据分开。未读取权重值或运行模型。,hf-transformers-modeling_llama-py,LlamaMLP.__init__,https://github.com/huggingface/transformers/blob/984bc11b0882ff1e5b34ba717ea357e069ceced9/src/transformers/models/llama/modeling_llama.py#L281-L289,"y=x @ W^T；权重按[输出,输入]；专家模板另用 N_e 动态 token 数",,
r1-distill-llama-8b,DeepSeek-R1-Distill-Llama-8B,decoder-32,decoder,31,32,GQA,decode,gqa,decode-gqa-norm-0,向量参数：model.layers.{i}.input_layernorm.weight,parameter=[4096],parameter=[4096],激活/中间精度见固定参考函数；存储类型只由文件头证据填写,4096,本 checkpoint 全分片 header：291 张量；逻辑主干、MTP/DSpark、共享副本和量化元数据分开。未读取权重值或运行模型。,hf-transformers-modeling_llama-py,LlamaDecoderLayer.__init__,https://github.com/huggingface/transformers/blob/984bc11b0882ff1e5b34ba717ea357e069ceced9/src/transformers/models/llama/modeling_llama.py#L685-L693,参数声明；具体 norm、bias、sink 或 mix scale 计算由后续数据流说明,,
r1-distill-llama-8b,DeepSeek-R1-Distill-Llama-8B,decoder-32,decoder,31,32,GQA,decode,gqa,decode-gqa-norm-1,向量参数：model.layers.{i}.post_attention_layernorm.weight,parameter=[4096],parameter=[4096],激活/中间精度见固定参考函数；存储类型只由文件头证据填写,4096,本 checkpoint 全分片 header：291 张量；逻辑主干、MTP/DSpark、共享副本和量化元数据分开。未读取权重值或运行模型。,hf-transformers-modeling_llama-py,LlamaDecoderLayer.__init__,https://github.com/huggingface/transformers/blob/984bc11b0882ff1e5b34ba717ea357e069ceced9/src/transformers/models/llama/modeling_llama.py#L685-L693,参数声明；具体 norm、bias、sink 或 mix scale 计算由后续数据流说明,,
r1-distill-llama-8b,DeepSeek-R1-Distill-Llama-8B,decoder-32,decoder,31,32,GQA,decode,gqa,decode-gqa-gqa-scores,GQA Key/Value 广播与 attention,"Q=[B,32,L_q,128]; K_cache=[B,8,L_kv,128]; V_cache=[B,8,L_kv,128]","scores=[B,32,L_q,L_kv]; out=[B,32,L_q,128]",激活/中间精度见固定参考函数；存储类型只由文件头证据填写,0,本 checkpoint 全分片 header：291 张量；逻辑主干、MTP/DSpark、共享副本和量化元数据分开。未读取权重值或运行模型。,hf-transformers-modeling_llama-py,LlamaAttention.forward,https://github.com/huggingface/transformers/blob/984bc11b0882ff1e5b34ba717ea357e069ceced9/src/transformers/models/llama/modeling_llama.py#L364-L455,RoPE → cache.update → repeat_kv(N_head/N_KV) → QK^T/√D → mask/FP32 softmax → PV,,参考 eager 数学路径；实际 SDPA/FlashAttention、分页与设备分派另核验
r1-distill-llama-8b,DeepSeek-R1-Distill-Llama-8B,decoder-32,decoder,31,32,GQA,decode,gqa,decode-gqa-swiglu,Dense SwiGLU,"gate=[N_tok,14336]; up=[N_tok,14336]","act=[N_tok,14336]",激活/中间精度见固定参考函数；存储类型只由文件头证据填写,0,本 checkpoint 全分片 header：291 张量；逻辑主干、MTP/DSpark、共享副本和量化元数据分开。未读取权重值或运行模型。,hf-transformers-modeling_llama-py,LlamaMLP.forward,https://github.com/huggingface/transformers/blob/984bc11b0882ff1e5b34ba717ea357e069ceced9/src/transformers/models/llama/modeling_llama.py#L291-L311,SiLU(gate)*up → down；两次 pre-norm residual 分开,,
r1-distill-llama-8b,DeepSeek-R1-Distill-Llama-8B,embedding,global,,0,embedding,prefill,embedding,prefill-embedding-embedding-0,逻辑投影：model.embed_tokens.weight,"x=[B,L_q,4096]; W=[128256,4096]","y=[B,L_q,128256]",激活/中间精度见固定参考函数；存储类型只由文件头证据填写,525336576,本 checkpoint 全分片 header：291 张量；逻辑主干、MTP/DSpark、共享副本和量化元数据分开。未读取权重值或运行模型。,hf-transformers-modeling_llama-py,LlamaModel.__init__,https://github.com/huggingface/transformers/blob/984bc11b0882ff1e5b34ba717ea357e069ceced9/src/transformers/models/llama/modeling_llama.py#L895-L909,"y=x @ W^T；权重按[输出,输入]；专家模板另用 N_e 动态 token 数",,
r1-distill-llama-8b,DeepSeek-R1-Distill-Llama-8B,embedding,global,,0,embedding,prefill,embedding,prefill-embedding-embedding,Token embedding lookup,"ids=[B,L_q]","hidden=[B,L_q,4096]",激活/中间精度见固定参考函数；存储类型只由文件头证据填写,0,本 checkpoint 全分片 header：291 张量；逻辑主干、MTP/DSpark、共享副本和量化元数据分开。未读取权重值或运行模型。,hf-transformers-modeling_llama-py,LlamaModel.forward,https://github.com/huggingface/transformers/blob/984bc11b0882ff1e5b34ba717ea357e069ceced9/src/transformers/models/llama/modeling_llama.py#L918-L1037,embedding[input_ids]；若 mHC 再增加 4-stream 轴，不新增 embedding 参数,,
r1-distill-llama-8b,DeepSeek-R1-Distill-Llama-8B,embedding,global,,0,embedding,decode,embedding,decode-embedding-embedding-0,逻辑投影：model.embed_tokens.weight,"x=[B,L_q,4096]; W=[128256,4096]","y=[B,L_q,128256]",激活/中间精度见固定参考函数；存储类型只由文件头证据填写,525336576,本 checkpoint 全分片 header：291 张量；逻辑主干、MTP/DSpark、共享副本和量化元数据分开。未读取权重值或运行模型。,hf-transformers-modeling_llama-py,LlamaModel.__init__,https://github.com/huggingface/transformers/blob/984bc11b0882ff1e5b34ba717ea357e069ceced9/src/transformers/models/llama/modeling_llama.py#L895-L909,"y=x @ W^T；权重按[输出,输入]；专家模板另用 N_e 动态 token 数",,
r1-distill-llama-8b,DeepSeek-R1-Distill-Llama-8B,embedding,global,,0,embedding,decode,embedding,decode-embedding-embedding,Token embedding lookup,"ids=[B,L_q]","hidden=[B,L_q,4096]",激活/中间精度见固定参考函数；存储类型只由文件头证据填写,0,本 checkpoint 全分片 header：291 张量；逻辑主干、MTP/DSpark、共享副本和量化元数据分开。未读取权重值或运行模型。,hf-transformers-modeling_llama-py,LlamaModel.forward,https://github.com/huggingface/transformers/blob/984bc11b0882ff1e5b34ba717ea357e069ceced9/src/transformers/models/llama/modeling_llama.py#L918-L1037,embedding[input_ids]；若 mHC 再增加 4-stream 轴，不新增 embedding 参数,,
r1-distill-llama-8b,DeepSeek-R1-Distill-Llama-8B,final-norm,global,,0,final-norm,prefill,final-norm,prefill-final-norm-final-norm-0,向量参数：model.norm.weight,parameter=[4096],parameter=[4096],激活/中间精度见固定参考函数；存储类型只由文件头证据填写,4096,本 checkpoint 全分片 header：291 张量；逻辑主干、MTP/DSpark、共享副本和量化元数据分开。未读取权重值或运行模型。,hf-transformers-modeling_llama-py,LlamaModel.__init__,https://github.com/huggingface/transformers/blob/984bc11b0882ff1e5b34ba717ea357e069ceced9/src/transformers/models/llama/modeling_llama.py#L895-L909,参数声明；具体 norm、bias、sink 或 mix scale 计算由后续数据流说明,,
r1-distill-llama-8b,DeepSeek-R1-Distill-Llama-8B,final-norm,global,,0,final-norm,decode,final-norm,decode-final-norm-final-norm-0,向量参数：model.norm.weight,parameter=[4096],parameter=[4096],激活/中间精度见固定参考函数；存储类型只由文件头证据填写,4096,本 checkpoint 全分片 header：291 张量；逻辑主干、MTP/DSpark、共享副本和量化元数据分开。未读取权重值或运行模型。,hf-transformers-modeling_llama-py,LlamaModel.__init__,https://github.com/huggingface/transformers/blob/984bc11b0882ff1e5b34ba717ea357e069ceced9/src/transformers/models/llama/modeling_llama.py#L895-L909,参数声明；具体 norm、bias、sink 或 mix scale 计算由后续数据流说明,,
r1-distill-llama-8b,DeepSeek-R1-Distill-Llama-8B,output-head,global,,0,output-head,prefill,output-head,prefill-output-head-output-head-0,逻辑投影：lm_head.weight,"x=[B,L_q,4096]; W=[128256,4096]","y=[B,L_q,128256]",激活/中间精度见固定参考函数；存储类型只由文件头证据填写,525336576,本 checkpoint 全分片 header：291 张量；逻辑主干、MTP/DSpark、共享副本和量化元数据分开。未读取权重值或运行模型。,hf-transformers-modeling_llama-py,LlamaForCausalLM.__init__,https://github.com/huggingface/transformers/blob/984bc11b0882ff1e5b34ba717ea357e069ceced9/src/transformers/models/llama/modeling_llama.py#L1114-L1121,"y=x @ W^T；权重按[输出,输入]；专家模板另用 N_e 动态 token 数",,
r1-distill-llama-8b,DeepSeek-R1-Distill-Llama-8B,output-head,global,,0,output-head,prefill,output-head,prefill-output-head-logits,输出 logits,"hidden=[B,L_q,4096]","logits=[B,L_q,128256]",激活/中间精度见固定参考函数；存储类型只由文件头证据填写,0,本 checkpoint 全分片 header：291 张量；逻辑主干、MTP/DSpark、共享副本和量化元数据分开。未读取权重值或运行模型。,hf-transformers-modeling_llama-py,LlamaForCausalLM.forward,https://github.com/huggingface/transformers/blob/984bc11b0882ff1e5b34ba717ea357e069ceced9/src/transformers/models/llama/modeling_llama.py#L1143-L1234,所选 HF eager 参考返回各 query token logits；服务框架的裁剪另核验,,
r1-distill-llama-8b,DeepSeek-R1-Distill-Llama-8B,output-head,global,,0,output-head,decode,output-head,decode-output-head-output-head-0,逻辑投影：lm_head.weight,"x=[B,L_q,4096]; W=[128256,4096]","y=[B,L_q,128256]",激活/中间精度见固定参考函数；存储类型只由文件头证据填写,525336576,本 checkpoint 全分片 header：291 张量；逻辑主干、MTP/DSpark、共享副本和量化元数据分开。未读取权重值或运行模型。,hf-transformers-modeling_llama-py,LlamaForCausalLM.__init__,https://github.com/huggingface/transformers/blob/984bc11b0882ff1e5b34ba717ea357e069ceced9/src/transformers/models/llama/modeling_llama.py#L1114-L1121,"y=x @ W^T；权重按[输出,输入]；专家模板另用 N_e 动态 token 数",,
r1-distill-llama-8b,DeepSeek-R1-Distill-Llama-8B,output-head,global,,0,output-head,decode,output-head,decode-output-head-logits,输出 logits,"hidden=[B,L_q,4096]","logits=[B,L_q,128256]",激活/中间精度见固定参考函数；存储类型只由文件头证据填写,0,本 checkpoint 全分片 header：291 张量；逻辑主干、MTP/DSpark、共享副本和量化元数据分开。未读取权重值或运行模型。,hf-transformers-modeling_llama-py,LlamaForCausalLM.forward,https://github.com/huggingface/transformers/blob/984bc11b0882ff1e5b34ba717ea357e069ceced9/src/transformers/models/llama/modeling_llama.py#L1143-L1234,所选 HF eager 参考返回各 query token logits；服务框架的裁剪另核验,,
