model_id,source_layer_0based,display_layer_1based,layer_kind,phase,attention_path,step_id,operation,input_shape,output_shape,input_shape_example,output_shape_example,dtype,math_relation,reference_url,reference_symbol,source_id,source_revision,evidence,backend,backend_evidence,duration,condition,note
deepseek-ai/DeepSeek-V3,0,1,Dense,prefill,naive,attn_norm,Attention 前 RMSNorm,"x=[B,L_q,H]","x_norm=[B,L_q,H]","x=[2,4,7168]","x_norm=[2,4,7168]",激活/缓存由调用者 dtype 决定；本轮 shape 场景假设 BF16,"RMSNorm(x; gamma[H], eps)",https://github.com/deepseek-ai/DeepSeek-V3/blob/9b4e9788e4a3a731f7567338ed15d3ec549ce03b/inference/model.py#L720-L735,Block.forward,gh-deepseek-v3-inference-model-py,9b4e9788e4a3a731f7567338ed15d3ec549ce03b,derived,unknown,unknown,,MP=1; B=2; L_q=4; L_kv=4; start_pos=0; N_e=1 (动态代表例),
deepseek-ai/DeepSeek-V3,0,1,Dense,prefill,naive,q_a,Q 低秩下投影,"x_norm=[B,L_q,H]; W_qa=[R_q,H]","q_low=[B,L_q,R_q]","x_norm=[2,4,7168]; W_qa=[1536,7168]","q_low=[2,4,1536]",激活/缓存由调用者 dtype 决定；本轮 shape 场景假设 BF16,q_low=x_norm @ W_qa^T,https://github.com/deepseek-ai/DeepSeek-V3/blob/9b4e9788e4a3a731f7567338ed15d3ec549ce03b/inference/model.py#L446-L497,MLA.forward,gh-deepseek-v3-inference-model-py,9b4e9788e4a3a731f7567338ed15d3ec549ce03b,derived,unknown,unknown,,MP=1; B=2; L_q=4; L_kv=4; start_pos=0; N_e=1 (动态代表例),
deepseek-ai/DeepSeek-V3,0,1,Dense,prefill,naive,q_norm,Q 低秩 RMSNorm,"q_low=[B,L_q,R_q]","q_low_norm=[B,L_q,R_q]","q_low=[2,4,1536]","q_low_norm=[2,4,1536]",激活/缓存由调用者 dtype 决定；本轮 shape 场景假设 BF16,RMSNorm(q_low; gamma[R_q]),https://github.com/deepseek-ai/DeepSeek-V3/blob/9b4e9788e4a3a731f7567338ed15d3ec549ce03b/inference/model.py#L446-L497,MLA.forward,gh-deepseek-v3-inference-model-py,9b4e9788e4a3a731f7567338ed15d3ec549ce03b,derived,unknown,unknown,,MP=1; B=2; L_q=4; L_kv=4; start_pos=0; N_e=1 (动态代表例),
deepseek-ai/DeepSeek-V3,0,1,Dense,prefill,naive,q_b,Q 上投影,"q_low_norm=[B,L_q,R_q]; W_qb=[N_head*(D_nope+D_rope),R_q]","q_flat=[B,L_q,N_head*(D_nope+D_rope)]","q_low_norm=[2,4,1536]; W_qb=[24576,1536]","q_flat=[2,4,24576]",激活/缓存由调用者 dtype 决定；本轮 shape 场景假设 BF16,q_flat=q_low_norm @ W_qb^T,https://github.com/deepseek-ai/DeepSeek-V3/blob/9b4e9788e4a3a731f7567338ed15d3ec549ce03b/inference/model.py#L446-L497,MLA.forward,gh-deepseek-v3-inference-model-py,9b4e9788e4a3a731f7567338ed15d3ec549ce03b,derived,unknown,unknown,,MP=1; B=2; L_q=4; L_kv=4; start_pos=0; N_e=1 (动态代表例),
deepseek-ai/DeepSeek-V3,0,1,Dense,prefill,naive,q_view,Q heads reshape,"q_flat=[B,L_q,N_head*(D_nope+D_rope)]","q=[B,L_q,N_head,D_nope+D_rope]","q_flat=[2,4,24576]","q=[2,4,128,192]",激活/缓存由调用者 dtype 决定；本轮 shape 场景假设 BF16,reshape q_flat to heads,https://github.com/deepseek-ai/DeepSeek-V3/blob/9b4e9788e4a3a731f7567338ed15d3ec549ce03b/inference/model.py#L446-L497,MLA.forward,gh-deepseek-v3-inference-model-py,9b4e9788e4a3a731f7567338ed15d3ec549ce03b,derived,unknown,unknown,,MP=1; B=2; L_q=4; L_kv=4; start_pos=0; N_e=1 (动态代表例),
deepseek-ai/DeepSeek-V3,0,1,Dense,prefill,naive,q_split,拆分 Q NoPE 与 RoPE,"q=[B,L_q,N_head,D_nope+D_rope]","q_nope=[B,L_q,N_head,D_nope]; q_pe=[B,L_q,N_head,D_rope]","q=[2,4,128,192]","q_nope=[2,4,128,128]; q_pe=[2,4,128,64]",激活/缓存由调用者 dtype 决定；本轮 shape 场景假设 BF16,"split last axis [D_nope,D_rope]",https://github.com/deepseek-ai/DeepSeek-V3/blob/9b4e9788e4a3a731f7567338ed15d3ec549ce03b/inference/model.py#L446-L497,MLA.forward,gh-deepseek-v3-inference-model-py,9b4e9788e4a3a731f7567338ed15d3ec549ce03b,derived,unknown,unknown,,MP=1; B=2; L_q=4; L_kv=4; start_pos=0; N_e=1 (动态代表例),
deepseek-ai/DeepSeek-V3,0,1,Dense,prefill,naive,q_rope,Q 位置旋转,"q_pe=[B,L_q,N_head,D_rope]","q_rot=[B,L_q,N_head,D_rope]","q_pe=[2,4,128,64]","q_rot=[2,4,128,64]",旋转先转 FP32/complex，返回输入 dtype,"apply_rotary_emb(q_pe, freqs_cis)",https://github.com/deepseek-ai/DeepSeek-V3/blob/9b4e9788e4a3a731f7567338ed15d3ec549ce03b/inference/model.py#L446-L497,MLA.forward,gh-deepseek-v3-inference-model-py,9b4e9788e4a3a731f7567338ed15d3ec549ce03b,derived,unknown,unknown,,MP=1; B=2; L_q=4; L_kv=4; start_pos=0; N_e=1 (动态代表例),位置频率切片不是可训练矩阵
deepseek-ai/DeepSeek-V3,0,1,Dense,prefill,naive,kv_a,KV 低秩及共享位置投影,"x_norm=[B,L_q,H]; W_kva=[R_kv+D_rope,H]","kv_joint=[B,L_q,R_kv+D_rope]","x_norm=[2,4,7168]; W_kva=[576,7168]","kv_joint=[2,4,576]",激活/缓存由调用者 dtype 决定；本轮 shape 场景假设 BF16,kv_joint=x_norm @ W_kva^T,https://github.com/deepseek-ai/DeepSeek-V3/blob/9b4e9788e4a3a731f7567338ed15d3ec549ce03b/inference/model.py#L446-L497,MLA.forward,gh-deepseek-v3-inference-model-py,9b4e9788e4a3a731f7567338ed15d3ec549ce03b,derived,unknown,unknown,,MP=1; B=2; L_q=4; L_kv=4; start_pos=0; N_e=1 (动态代表例),
deepseek-ai/DeepSeek-V3,0,1,Dense,prefill,naive,kv_split,拆分潜变量与共享位置 Key,"kv_joint=[B,L_q,R_kv+D_rope]","kv_low=[B,L_q,R_kv]; k_pe=[B,L_q,D_rope]","kv_joint=[2,4,576]","kv_low=[2,4,512]; k_pe=[2,4,64]",激活/缓存由调用者 dtype 决定；本轮 shape 场景假设 BF16,"split last axis [R_kv,D_rope]",https://github.com/deepseek-ai/DeepSeek-V3/blob/9b4e9788e4a3a731f7567338ed15d3ec549ce03b/inference/model.py#L446-L497,MLA.forward,gh-deepseek-v3-inference-model-py,9b4e9788e4a3a731f7567338ed15d3ec549ce03b,derived,unknown,unknown,,MP=1; B=2; L_q=4; L_kv=4; start_pos=0; N_e=1 (动态代表例),
deepseek-ai/DeepSeek-V3,0,1,Dense,prefill,naive,k_unsqueeze,为共享位置 Key 增加 head 轴,"k_pe=[B,L_q,D_rope]","k_pe_single=[B,L_q,1,D_rope]","k_pe=[2,4,64]","k_pe_single=[2,4,1,64]",激活/缓存由调用者 dtype 决定；本轮 shape 场景假设 BF16,unsqueeze head axis=2,https://github.com/deepseek-ai/DeepSeek-V3/blob/9b4e9788e4a3a731f7567338ed15d3ec549ce03b/inference/model.py#L446-L497,MLA.forward,gh-deepseek-v3-inference-model-py,9b4e9788e4a3a731f7567338ed15d3ec549ce03b,derived,unknown,unknown,,MP=1; B=2; L_q=4; L_kv=4; start_pos=0; N_e=1 (动态代表例),
deepseek-ai/DeepSeek-V3,0,1,Dense,prefill,naive,k_rope,共享 Key 位置旋转,"k_pe_single=[B,L_q,1,D_rope]","k_rot_single=[B,L_q,1,D_rope]","k_pe_single=[2,4,1,64]","k_rot_single=[2,4,1,64]",旋转先转 FP32/complex，返回输入 dtype,"apply_rotary_emb(k_pe.unsqueeze(2), freqs_cis)",https://github.com/deepseek-ai/DeepSeek-V3/blob/9b4e9788e4a3a731f7567338ed15d3ec549ce03b/inference/model.py#L446-L497,MLA.forward,gh-deepseek-v3-inference-model-py,9b4e9788e4a3a731f7567338ed15d3ec549ce03b,derived,unknown,unknown,,MP=1; B=2; L_q=4; L_kv=4; start_pos=0; N_e=1 (动态代表例),
deepseek-ai/DeepSeek-V3,0,1,Dense,prefill,naive,k_squeeze,共享位置 Key 去掉单 head 轴,"k_rot_single=[B,L_q,1,D_rope]","k_rot=[B,L_q,D_rope]","k_rot_single=[2,4,1,64]","k_rot=[2,4,64]",激活/缓存由调用者 dtype 决定；本轮 shape 场景假设 BF16,squeeze head axis for compressed positional cache,https://github.com/deepseek-ai/DeepSeek-V3/blob/9b4e9788e4a3a731f7567338ed15d3ec549ce03b/inference/model.py#L446-L497,MLA.forward,gh-deepseek-v3-inference-model-py,9b4e9788e4a3a731f7567338ed15d3ec549ce03b,derived,unknown,unknown,,MP=1; B=2; L_q=4; L_kv=4; start_pos=0; N_e=1 (动态代表例),
deepseek-ai/DeepSeek-V3,0,1,Dense,prefill,naive,kv_norm,KV 低秩 RMSNorm,"kv_low=[B,L_q,R_kv]","c_new=[B,L_q,R_kv]","kv_low=[2,4,512]","c_new=[2,4,512]",激活/缓存由调用者 dtype 决定；本轮 shape 场景假设 BF16,RMSNorm(kv_low; gamma[R_kv]),https://github.com/deepseek-ai/DeepSeek-V3/blob/9b4e9788e4a3a731f7567338ed15d3ec549ce03b/inference/model.py#L446-L497,MLA.forward,gh-deepseek-v3-inference-model-py,9b4e9788e4a3a731f7567338ed15d3ec549ce03b,derived,unknown,unknown,,MP=1; B=2; L_q=4; L_kv=4; start_pos=0; N_e=1 (动态代表例),
deepseek-ai/DeepSeek-V3,0,1,Dense,prefill,naive,kv_b,展开 KV 上投影,"c_new=[B,L_q,R_kv]; W_kvb=[N_head*(D_nope+D_v),R_kv]","kv_flat=[B,L_q,N_head*(D_nope+D_v)]","c_new=[2,4,512]; W_kvb=[32768,512]","kv_flat=[2,4,32768]",激活/缓存由调用者 dtype 决定；本轮 shape 场景假设 BF16,kv_flat=c_new @ W_kvb^T,https://github.com/deepseek-ai/DeepSeek-V3/blob/9b4e9788e4a3a731f7567338ed15d3ec549ce03b/inference/model.py#L446-L497,MLA.forward,gh-deepseek-v3-inference-model-py,9b4e9788e4a3a731f7567338ed15d3ec549ce03b,derived,unknown,unknown,,MP=1; B=2; L_q=4; L_kv=4; start_pos=0; N_e=1 (动态代表例),
deepseek-ai/DeepSeek-V3,0,1,Dense,prefill,naive,kv_view,展开 KV heads reshape,"kv_flat=[B,L_q,N_head*(D_nope+D_v)]","kv_heads=[B,L_q,N_head,D_nope+D_v]","kv_flat=[2,4,32768]","kv_heads=[2,4,128,256]",激活/缓存由调用者 dtype 决定；本轮 shape 场景假设 BF16,reshape kv_flat to heads,https://github.com/deepseek-ai/DeepSeek-V3/blob/9b4e9788e4a3a731f7567338ed15d3ec549ce03b/inference/model.py#L446-L497,MLA.forward,gh-deepseek-v3-inference-model-py,9b4e9788e4a3a731f7567338ed15d3ec549ce03b,derived,unknown,unknown,,MP=1; B=2; L_q=4; L_kv=4; start_pos=0; N_e=1 (动态代表例),
deepseek-ai/DeepSeek-V3,0,1,Dense,prefill,naive,kv_heads_split,拆分展开 Key 与 Value,"kv_heads=[B,L_q,N_head,D_nope+D_v]","k_nope=[B,L_q,N_head,D_nope]; v_new=[B,L_q,N_head,D_v]","kv_heads=[2,4,128,256]","k_nope=[2,4,128,128]; v_new=[2,4,128,128]",激活/缓存由调用者 dtype 决定；本轮 shape 场景假设 BF16,"split last axis [D_nope,D_v]",https://github.com/deepseek-ai/DeepSeek-V3/blob/9b4e9788e4a3a731f7567338ed15d3ec549ce03b/inference/model.py#L446-L497,MLA.forward,gh-deepseek-v3-inference-model-py,9b4e9788e4a3a731f7567338ed15d3ec549ce03b,derived,unknown,unknown,,MP=1; B=2; L_q=4; L_kv=4; start_pos=0; N_e=1 (动态代表例),
deepseek-ai/DeepSeek-V3,0,1,Dense,prefill,naive,k_broadcast,共享位置 Key 广播,"k_rot_single=[B,L_q,1,D_rope]","k_rot_heads=[B,L_q,N_head,D_rope]","k_rot_single=[2,4,1,64]","k_rot_heads=[2,4,128,64]",激活/缓存由调用者 dtype 决定；本轮 shape 场景假设 BF16,expand head axis without adding parameters,https://github.com/deepseek-ai/DeepSeek-V3/blob/9b4e9788e4a3a731f7567338ed15d3ec549ce03b/inference/model.py#L446-L497,MLA.forward,gh-deepseek-v3-inference-model-py,9b4e9788e4a3a731f7567338ed15d3ec549ce03b,derived,unknown,unknown,,MP=1; B=2; L_q=4; L_kv=4; start_pos=0; N_e=1 (动态代表例),
deepseek-ai/DeepSeek-V3,0,1,Dense,prefill,naive,k_concat,构造完整 Key,"k_nope=[B,L_q,N_head,D_nope]; k_rot_heads=[B,L_q,N_head,D_rope]","k_new=[B,L_q,N_head,D_nope+D_rope]","k_nope=[2,4,128,128]; k_rot_heads=[2,4,128,64]","k_new=[2,4,128,192]",激活/缓存由调用者 dtype 决定；本轮 shape 场景假设 BF16,concat NoPE and rotated Key,https://github.com/deepseek-ai/DeepSeek-V3/blob/9b4e9788e4a3a731f7567338ed15d3ec549ce03b/inference/model.py#L446-L497,MLA.forward,gh-deepseek-v3-inference-model-py,9b4e9788e4a3a731f7567338ed15d3ec549ce03b,derived,unknown,unknown,,MP=1; B=2; L_q=4; L_kv=4; start_pos=0; N_e=1 (动态代表例),
deepseek-ai/DeepSeek-V3,0,1,Dense,prefill,naive,q_concat,构造完整 Query,"q_nope=[B,L_q,N_head,D_nope]; q_rot=[B,L_q,N_head,D_rope]","q_full=[B,L_q,N_head,D_nope+D_rope]","q_nope=[2,4,128,128]; q_rot=[2,4,128,64]","q_full=[2,4,128,192]",激活/缓存由调用者 dtype 决定；本轮 shape 场景假设 BF16,concat NoPE and rotated Query,https://github.com/deepseek-ai/DeepSeek-V3/blob/9b4e9788e4a3a731f7567338ed15d3ec549ce03b/inference/model.py#L446-L497,MLA.forward,gh-deepseek-v3-inference-model-py,9b4e9788e4a3a731f7567338ed15d3ec549ce03b,derived,unknown,unknown,,MP=1; B=2; L_q=4; L_kv=4; start_pos=0; N_e=1 (动态代表例),
deepseek-ai/DeepSeek-V3,0,1,Dense,prefill,naive,k_cache,写展开 Key cache,"k_new=[B,L_q,N_head,D_nope+D_rope]","k_cache=[B,L_kv,N_head,D_nope+D_rope]","k_new=[2,4,128,192]","k_cache=[2,4,128,192]",激活/缓存由调用者 dtype 决定；本轮 shape 场景假设 BF16,write [start_pos:start_pos+L_q]; read active [:L_kv],https://github.com/deepseek-ai/DeepSeek-V3/blob/9b4e9788e4a3a731f7567338ed15d3ec549ce03b/inference/model.py#L446-L497,MLA.forward,gh-deepseek-v3-inference-model-py,9b4e9788e4a3a731f7567338ed15d3ec549ce03b,derived,unknown,unknown,,MP=1; B=2; L_q=4; L_kv=4; start_pos=0; N_e=1 (动态代表例),
deepseek-ai/DeepSeek-V3,0,1,Dense,prefill,naive,v_cache,写展开 Value cache,"v_new=[B,L_q,N_head,D_v]","v_cache=[B,L_kv,N_head,D_v]","v_new=[2,4,128,128]","v_cache=[2,4,128,128]",激活/缓存由调用者 dtype 决定；本轮 shape 场景假设 BF16,write active new values,https://github.com/deepseek-ai/DeepSeek-V3/blob/9b4e9788e4a3a731f7567338ed15d3ec549ce03b/inference/model.py#L446-L497,MLA.forward,gh-deepseek-v3-inference-model-py,9b4e9788e4a3a731f7567338ed15d3ec549ce03b,derived,unknown,unknown,,MP=1; B=2; L_q=4; L_kv=4; start_pos=0; N_e=1 (动态代表例),
deepseek-ai/DeepSeek-V3,0,1,Dense,prefill,naive,naive_scores,展开 QK 打分,"q_full=[B,L_q,N_head,D_nope+D_rope]; k_cache=[B,L_kv,N_head,D_nope+D_rope]","scores=[B,L_q,N_head,L_kv]","q_full=[2,4,128,192]; k_cache=[2,4,128,192]","scores=[2,4,128,4]",激活/缓存由调用者 dtype 决定；本轮 shape 场景假设 BF16,"scores=alpha*einsum(bqhd,bshd->bqhs)",https://github.com/deepseek-ai/DeepSeek-V3/blob/9b4e9788e4a3a731f7567338ed15d3ec549ce03b/inference/model.py#L446-L497,MLA.forward,gh-deepseek-v3-inference-model-py,9b4e9788e4a3a731f7567338ed15d3ec549ce03b,derived,unknown,unknown,,MP=1; B=2; L_q=4; L_kv=4; start_pos=0; N_e=1 (动态代表例),
deepseek-ai/DeepSeek-V3,0,1,Dense,prefill,naive,attention_prob,Mask 与 attention softmax,"scores=[B,L_q,N_head,L_kv]","prob=[B,L_q,N_head,L_kv]","scores=[2,4,128,4]","prob=[2,4,128,4]",softmax 显式 FP32，然后 type_as(x),"initial prefill adds causal [L_q,L_q] mask; decode L_q=1 mask=None; softmax over L_kv",https://github.com/deepseek-ai/DeepSeek-V3/blob/9b4e9788e4a3a731f7567338ed15d3ec549ce03b/inference/model.py#L446-L497,MLA.forward,gh-deepseek-v3-inference-model-py,9b4e9788e4a3a731f7567338ed15d3ec549ce03b,derived,unknown,unknown,,MP=1; B=2; L_q=4; L_kv=4; start_pos=0; N_e=1 (动态代表例),本轮 prefill 为 start_pos=0；不声称支持带历史 chunked prefill 的方形 mask
deepseek-ai/DeepSeek-V3,0,1,Dense,prefill,naive,naive_context,展开 Value 加权聚合,"prob=[B,L_q,N_head,L_kv]; v_cache=[B,L_kv,N_head,D_v]","attn_heads=[B,L_q,N_head,D_v]","prob=[2,4,128,4]; v_cache=[2,4,128,128]","attn_heads=[2,4,128,128]",激活/缓存由调用者 dtype 决定；本轮 shape 场景假设 BF16,"einsum(bqhs,bshd->bqhd)",https://github.com/deepseek-ai/DeepSeek-V3/blob/9b4e9788e4a3a731f7567338ed15d3ec549ce03b/inference/model.py#L446-L497,MLA.forward,gh-deepseek-v3-inference-model-py,9b4e9788e4a3a731f7567338ed15d3ec549ce03b,derived,unknown,unknown,,MP=1; B=2; L_q=4; L_kv=4; start_pos=0; N_e=1 (动态代表例),
deepseek-ai/DeepSeek-V3,0,1,Dense,prefill,naive,attn_flatten,合并 attention heads,"attn_heads=[B,L_q,N_head,D_v]","attn_flat=[B,L_q,N_head*D_v]","attn_heads=[2,4,128,128]","attn_flat=[2,4,16384]",激活/缓存由调用者 dtype 决定；本轮 shape 场景假设 BF16,flatten head and value axes,https://github.com/deepseek-ai/DeepSeek-V3/blob/9b4e9788e4a3a731f7567338ed15d3ec549ce03b/inference/model.py#L446-L497,MLA.forward,gh-deepseek-v3-inference-model-py,9b4e9788e4a3a731f7567338ed15d3ec549ce03b,derived,unknown,unknown,,MP=1; B=2; L_q=4; L_kv=4; start_pos=0; N_e=1 (动态代表例),
deepseek-ai/DeepSeek-V3,0,1,Dense,prefill,naive,o_proj,Attention 输出投影,"attn_flat=[B,L_q,N_head*D_v]; W_o=[H,N_head*D_v]","attn_out=[B,L_q,H]","attn_flat=[2,4,16384]; W_o=[7168,16384]","attn_out=[2,4,7168]",激活/缓存由调用者 dtype 决定；本轮 shape 场景假设 BF16,attn_out=attn_flat @ W_o^T,https://github.com/deepseek-ai/DeepSeek-V3/blob/9b4e9788e4a3a731f7567338ed15d3ec549ce03b/inference/model.py#L446-L497,MLA.forward,gh-deepseek-v3-inference-model-py,9b4e9788e4a3a731f7567338ed15d3ec549ce03b,derived,unknown,unknown,,MP=1; B=2; L_q=4; L_kv=4; start_pos=0; N_e=1 (动态代表例),
deepseek-ai/DeepSeek-V3,0,1,Dense,prefill,naive,attn_residual,Attention 残差相加,"x=[B,L_q,H]; attn_out=[B,L_q,H]","after_attn=[B,L_q,H]","x=[2,4,7168]; attn_out=[2,4,7168]","after_attn=[2,4,7168]",激活/缓存由调用者 dtype 决定；本轮 shape 场景假设 BF16,after_attn=x+attn_out,https://github.com/deepseek-ai/DeepSeek-V3/blob/9b4e9788e4a3a731f7567338ed15d3ec549ce03b/inference/model.py#L720-L735,Block.forward,gh-deepseek-v3-inference-model-py,9b4e9788e4a3a731f7567338ed15d3ec549ce03b,derived,unknown,unknown,,MP=1; B=2; L_q=4; L_kv=4; start_pos=0; N_e=1 (动态代表例),
deepseek-ai/DeepSeek-V3,0,1,Dense,prefill,naive,ffn_norm,FFN 前 RMSNorm,"after_attn=[B,L_q,H]","ffn_input=[B,L_q,H]","after_attn=[2,4,7168]","ffn_input=[2,4,7168]",激活/缓存由调用者 dtype 决定；本轮 shape 场景假设 BF16,"RMSNorm(after_attn; gamma[H], eps)",https://github.com/deepseek-ai/DeepSeek-V3/blob/9b4e9788e4a3a731f7567338ed15d3ec549ce03b/inference/model.py#L720-L735,Block.forward,gh-deepseek-v3-inference-model-py,9b4e9788e4a3a731f7567338ed15d3ec549ce03b,derived,unknown,unknown,,MP=1; B=2; L_q=4; L_kv=4; start_pos=0; N_e=1 (动态代表例),
deepseek-ai/DeepSeek-V3,0,1,Dense,prefill,naive,dense_gate,Dense gate 投影,"ffn_input=[B,L_q,H]; W_gate=[I_dense,H]","g=[B,L_q,I_dense]","ffn_input=[2,4,7168]; W_gate=[18432,7168]","g=[2,4,18432]",激活/缓存由调用者 dtype 决定；本轮 shape 场景假设 BF16,g=ffn_input @ W_gate^T,https://github.com/deepseek-ai/DeepSeek-V3/blob/9b4e9788e4a3a731f7567338ed15d3ec549ce03b/inference/model.py#L522-L532,MLP.forward,gh-deepseek-v3-inference-model-py,9b4e9788e4a3a731f7567338ed15d3ec549ce03b,derived,unknown,unknown,,MP=1; B=2; L_q=4; L_kv=4; start_pos=0; N_e=1 (动态代表例),
deepseek-ai/DeepSeek-V3,0,1,Dense,prefill,naive,dense_up,Dense up 投影,"ffn_input=[B,L_q,H]; W_up=[I_dense,H]","u=[B,L_q,I_dense]","ffn_input=[2,4,7168]; W_up=[18432,7168]","u=[2,4,18432]",激活/缓存由调用者 dtype 决定；本轮 shape 场景假设 BF16,u=ffn_input @ W_up^T,https://github.com/deepseek-ai/DeepSeek-V3/blob/9b4e9788e4a3a731f7567338ed15d3ec549ce03b/inference/model.py#L522-L532,MLP.forward,gh-deepseek-v3-inference-model-py,9b4e9788e4a3a731f7567338ed15d3ec549ce03b,derived,unknown,unknown,,MP=1; B=2; L_q=4; L_kv=4; start_pos=0; N_e=1 (动态代表例),
deepseek-ai/DeepSeek-V3,0,1,Dense,prefill,naive,dense_activation,Dense SwiGLU,"g=[B,L_q,I_dense]; u=[B,L_q,I_dense]","gu=[B,L_q,I_dense]","g=[2,4,18432]; u=[2,4,18432]","gu=[2,4,18432]",激活/缓存由调用者 dtype 决定；本轮 shape 场景假设 BF16,SiLU(g)*u,https://github.com/deepseek-ai/DeepSeek-V3/blob/9b4e9788e4a3a731f7567338ed15d3ec549ce03b/inference/model.py#L522-L532,MLP.forward,gh-deepseek-v3-inference-model-py,9b4e9788e4a3a731f7567338ed15d3ec549ce03b,derived,unknown,unknown,,MP=1; B=2; L_q=4; L_kv=4; start_pos=0; N_e=1 (动态代表例),
deepseek-ai/DeepSeek-V3,0,1,Dense,prefill,naive,dense_down,Dense down 投影,"gu=[B,L_q,I_dense]; W_down=[H,I_dense]","ffn_out=[B,L_q,H]","gu=[2,4,18432]; W_down=[7168,18432]","ffn_out=[2,4,7168]",激活/缓存由调用者 dtype 决定；本轮 shape 场景假设 BF16,gu @ W_down^T,https://github.com/deepseek-ai/DeepSeek-V3/blob/9b4e9788e4a3a731f7567338ed15d3ec549ce03b/inference/model.py#L522-L532,MLP.forward,gh-deepseek-v3-inference-model-py,9b4e9788e4a3a731f7567338ed15d3ec549ce03b,derived,unknown,unknown,,MP=1; B=2; L_q=4; L_kv=4; start_pos=0; N_e=1 (动态代表例),
deepseek-ai/DeepSeek-V3,0,1,Dense,prefill,naive,ffn_residual,FFN 残差相加,"after_attn=[B,L_q,H]; ffn_out=[B,L_q,H]","layer_out=[B,L_q,H]","after_attn=[2,4,7168]; ffn_out=[2,4,7168]","layer_out=[2,4,7168]",激活/缓存由调用者 dtype 决定；本轮 shape 场景假设 BF16,after_attn+ffn_out,https://github.com/deepseek-ai/DeepSeek-V3/blob/9b4e9788e4a3a731f7567338ed15d3ec549ce03b/inference/model.py#L720-L735,Block.forward,gh-deepseek-v3-inference-model-py,9b4e9788e4a3a731f7567338ed15d3ec549ce03b,derived,unknown,unknown,,MP=1; B=2; L_q=4; L_kv=4; start_pos=0; N_e=1 (动态代表例),
deepseek-ai/DeepSeek-V3,0,1,Dense,prefill,absorb,attn_norm,Attention 前 RMSNorm,"x=[B,L_q,H]","x_norm=[B,L_q,H]","x=[2,4,7168]","x_norm=[2,4,7168]",激活/缓存由调用者 dtype 决定；本轮 shape 场景假设 BF16,"RMSNorm(x; gamma[H], eps)",https://github.com/deepseek-ai/DeepSeek-V3/blob/9b4e9788e4a3a731f7567338ed15d3ec549ce03b/inference/model.py#L720-L735,Block.forward,gh-deepseek-v3-inference-model-py,9b4e9788e4a3a731f7567338ed15d3ec549ce03b,derived,unknown,unknown,,MP=1; B=2; L_q=4; L_kv=4; start_pos=0; N_e=1 (动态代表例),
deepseek-ai/DeepSeek-V3,0,1,Dense,prefill,absorb,q_a,Q 低秩下投影,"x_norm=[B,L_q,H]; W_qa=[R_q,H]","q_low=[B,L_q,R_q]","x_norm=[2,4,7168]; W_qa=[1536,7168]","q_low=[2,4,1536]",激活/缓存由调用者 dtype 决定；本轮 shape 场景假设 BF16,q_low=x_norm @ W_qa^T,https://github.com/deepseek-ai/DeepSeek-V3/blob/9b4e9788e4a3a731f7567338ed15d3ec549ce03b/inference/model.py#L446-L497,MLA.forward,gh-deepseek-v3-inference-model-py,9b4e9788e4a3a731f7567338ed15d3ec549ce03b,derived,unknown,unknown,,MP=1; B=2; L_q=4; L_kv=4; start_pos=0; N_e=1 (动态代表例),
deepseek-ai/DeepSeek-V3,0,1,Dense,prefill,absorb,q_norm,Q 低秩 RMSNorm,"q_low=[B,L_q,R_q]","q_low_norm=[B,L_q,R_q]","q_low=[2,4,1536]","q_low_norm=[2,4,1536]",激活/缓存由调用者 dtype 决定；本轮 shape 场景假设 BF16,RMSNorm(q_low; gamma[R_q]),https://github.com/deepseek-ai/DeepSeek-V3/blob/9b4e9788e4a3a731f7567338ed15d3ec549ce03b/inference/model.py#L446-L497,MLA.forward,gh-deepseek-v3-inference-model-py,9b4e9788e4a3a731f7567338ed15d3ec549ce03b,derived,unknown,unknown,,MP=1; B=2; L_q=4; L_kv=4; start_pos=0; N_e=1 (动态代表例),
deepseek-ai/DeepSeek-V3,0,1,Dense,prefill,absorb,q_b,Q 上投影,"q_low_norm=[B,L_q,R_q]; W_qb=[N_head*(D_nope+D_rope),R_q]","q_flat=[B,L_q,N_head*(D_nope+D_rope)]","q_low_norm=[2,4,1536]; W_qb=[24576,1536]","q_flat=[2,4,24576]",激活/缓存由调用者 dtype 决定；本轮 shape 场景假设 BF16,q_flat=q_low_norm @ W_qb^T,https://github.com/deepseek-ai/DeepSeek-V3/blob/9b4e9788e4a3a731f7567338ed15d3ec549ce03b/inference/model.py#L446-L497,MLA.forward,gh-deepseek-v3-inference-model-py,9b4e9788e4a3a731f7567338ed15d3ec549ce03b,derived,unknown,unknown,,MP=1; B=2; L_q=4; L_kv=4; start_pos=0; N_e=1 (动态代表例),
deepseek-ai/DeepSeek-V3,0,1,Dense,prefill,absorb,q_view,Q heads reshape,"q_flat=[B,L_q,N_head*(D_nope+D_rope)]","q=[B,L_q,N_head,D_nope+D_rope]","q_flat=[2,4,24576]","q=[2,4,128,192]",激活/缓存由调用者 dtype 决定；本轮 shape 场景假设 BF16,reshape q_flat to heads,https://github.com/deepseek-ai/DeepSeek-V3/blob/9b4e9788e4a3a731f7567338ed15d3ec549ce03b/inference/model.py#L446-L497,MLA.forward,gh-deepseek-v3-inference-model-py,9b4e9788e4a3a731f7567338ed15d3ec549ce03b,derived,unknown,unknown,,MP=1; B=2; L_q=4; L_kv=4; start_pos=0; N_e=1 (动态代表例),
deepseek-ai/DeepSeek-V3,0,1,Dense,prefill,absorb,q_split,拆分 Q NoPE 与 RoPE,"q=[B,L_q,N_head,D_nope+D_rope]","q_nope=[B,L_q,N_head,D_nope]; q_pe=[B,L_q,N_head,D_rope]","q=[2,4,128,192]","q_nope=[2,4,128,128]; q_pe=[2,4,128,64]",激活/缓存由调用者 dtype 决定；本轮 shape 场景假设 BF16,"split last axis [D_nope,D_rope]",https://github.com/deepseek-ai/DeepSeek-V3/blob/9b4e9788e4a3a731f7567338ed15d3ec549ce03b/inference/model.py#L446-L497,MLA.forward,gh-deepseek-v3-inference-model-py,9b4e9788e4a3a731f7567338ed15d3ec549ce03b,derived,unknown,unknown,,MP=1; B=2; L_q=4; L_kv=4; start_pos=0; N_e=1 (动态代表例),
deepseek-ai/DeepSeek-V3,0,1,Dense,prefill,absorb,q_rope,Q 位置旋转,"q_pe=[B,L_q,N_head,D_rope]","q_rot=[B,L_q,N_head,D_rope]","q_pe=[2,4,128,64]","q_rot=[2,4,128,64]",旋转先转 FP32/complex，返回输入 dtype,"apply_rotary_emb(q_pe, freqs_cis)",https://github.com/deepseek-ai/DeepSeek-V3/blob/9b4e9788e4a3a731f7567338ed15d3ec549ce03b/inference/model.py#L446-L497,MLA.forward,gh-deepseek-v3-inference-model-py,9b4e9788e4a3a731f7567338ed15d3ec549ce03b,derived,unknown,unknown,,MP=1; B=2; L_q=4; L_kv=4; start_pos=0; N_e=1 (动态代表例),位置频率切片不是可训练矩阵
deepseek-ai/DeepSeek-V3,0,1,Dense,prefill,absorb,kv_a,KV 低秩及共享位置投影,"x_norm=[B,L_q,H]; W_kva=[R_kv+D_rope,H]","kv_joint=[B,L_q,R_kv+D_rope]","x_norm=[2,4,7168]; W_kva=[576,7168]","kv_joint=[2,4,576]",激活/缓存由调用者 dtype 决定；本轮 shape 场景假设 BF16,kv_joint=x_norm @ W_kva^T,https://github.com/deepseek-ai/DeepSeek-V3/blob/9b4e9788e4a3a731f7567338ed15d3ec549ce03b/inference/model.py#L446-L497,MLA.forward,gh-deepseek-v3-inference-model-py,9b4e9788e4a3a731f7567338ed15d3ec549ce03b,derived,unknown,unknown,,MP=1; B=2; L_q=4; L_kv=4; start_pos=0; N_e=1 (动态代表例),
deepseek-ai/DeepSeek-V3,0,1,Dense,prefill,absorb,kv_split,拆分潜变量与共享位置 Key,"kv_joint=[B,L_q,R_kv+D_rope]","kv_low=[B,L_q,R_kv]; k_pe=[B,L_q,D_rope]","kv_joint=[2,4,576]","kv_low=[2,4,512]; k_pe=[2,4,64]",激活/缓存由调用者 dtype 决定；本轮 shape 场景假设 BF16,"split last axis [R_kv,D_rope]",https://github.com/deepseek-ai/DeepSeek-V3/blob/9b4e9788e4a3a731f7567338ed15d3ec549ce03b/inference/model.py#L446-L497,MLA.forward,gh-deepseek-v3-inference-model-py,9b4e9788e4a3a731f7567338ed15d3ec549ce03b,derived,unknown,unknown,,MP=1; B=2; L_q=4; L_kv=4; start_pos=0; N_e=1 (动态代表例),
deepseek-ai/DeepSeek-V3,0,1,Dense,prefill,absorb,k_unsqueeze,为共享位置 Key 增加 head 轴,"k_pe=[B,L_q,D_rope]","k_pe_single=[B,L_q,1,D_rope]","k_pe=[2,4,64]","k_pe_single=[2,4,1,64]",激活/缓存由调用者 dtype 决定；本轮 shape 场景假设 BF16,unsqueeze head axis=2,https://github.com/deepseek-ai/DeepSeek-V3/blob/9b4e9788e4a3a731f7567338ed15d3ec549ce03b/inference/model.py#L446-L497,MLA.forward,gh-deepseek-v3-inference-model-py,9b4e9788e4a3a731f7567338ed15d3ec549ce03b,derived,unknown,unknown,,MP=1; B=2; L_q=4; L_kv=4; start_pos=0; N_e=1 (动态代表例),
deepseek-ai/DeepSeek-V3,0,1,Dense,prefill,absorb,k_rope,共享 Key 位置旋转,"k_pe_single=[B,L_q,1,D_rope]","k_rot_single=[B,L_q,1,D_rope]","k_pe_single=[2,4,1,64]","k_rot_single=[2,4,1,64]",旋转先转 FP32/complex，返回输入 dtype,"apply_rotary_emb(k_pe.unsqueeze(2), freqs_cis)",https://github.com/deepseek-ai/DeepSeek-V3/blob/9b4e9788e4a3a731f7567338ed15d3ec549ce03b/inference/model.py#L446-L497,MLA.forward,gh-deepseek-v3-inference-model-py,9b4e9788e4a3a731f7567338ed15d3ec549ce03b,derived,unknown,unknown,,MP=1; B=2; L_q=4; L_kv=4; start_pos=0; N_e=1 (动态代表例),
deepseek-ai/DeepSeek-V3,0,1,Dense,prefill,absorb,k_squeeze,共享位置 Key 去掉单 head 轴,"k_rot_single=[B,L_q,1,D_rope]","k_rot=[B,L_q,D_rope]","k_rot_single=[2,4,1,64]","k_rot=[2,4,64]",激活/缓存由调用者 dtype 决定；本轮 shape 场景假设 BF16,squeeze head axis for compressed positional cache,https://github.com/deepseek-ai/DeepSeek-V3/blob/9b4e9788e4a3a731f7567338ed15d3ec549ce03b/inference/model.py#L446-L497,MLA.forward,gh-deepseek-v3-inference-model-py,9b4e9788e4a3a731f7567338ed15d3ec549ce03b,derived,unknown,unknown,,MP=1; B=2; L_q=4; L_kv=4; start_pos=0; N_e=1 (动态代表例),
deepseek-ai/DeepSeek-V3,0,1,Dense,prefill,absorb,kv_norm,KV 低秩 RMSNorm,"kv_low=[B,L_q,R_kv]","c_new=[B,L_q,R_kv]","kv_low=[2,4,512]","c_new=[2,4,512]",激活/缓存由调用者 dtype 决定；本轮 shape 场景假设 BF16,RMSNorm(kv_low; gamma[R_kv]),https://github.com/deepseek-ai/DeepSeek-V3/blob/9b4e9788e4a3a731f7567338ed15d3ec549ce03b/inference/model.py#L446-L497,MLA.forward,gh-deepseek-v3-inference-model-py,9b4e9788e4a3a731f7567338ed15d3ec549ce03b,derived,unknown,unknown,,MP=1; B=2; L_q=4; L_kv=4; start_pos=0; N_e=1 (动态代表例),
deepseek-ai/DeepSeek-V3,0,1,Dense,prefill,absorb,absorb_weight,按需解量化 KV 上投影并分头,"W_kvb=[N_head*(D_nope+D_v),R_kv]","W_kvb_heads=[N_head,D_nope+D_v,R_kv]","W_kvb=[32768,512]","W_kvb_heads=[128,256,512]",FP8 条件分支解量化到 torch.get_default_dtype(),weight_dequant iff scale exists; view heads,https://github.com/deepseek-ai/DeepSeek-V3/blob/9b4e9788e4a3a731f7567338ed15d3ec549ce03b/inference/model.py#L446-L497,MLA.forward,gh-deepseek-v3-inference-model-py,9b4e9788e4a3a731f7567338ed15d3ec549ce03b,derived,unknown,unknown,,MP=1; B=2; L_q=4; L_kv=4; start_pos=0; N_e=1 (动态代表例),不假设预先缓存了反量化权重；源码每次进入该分支进行条件处理
deepseek-ai/DeepSeek-V3,0,1,Dense,prefill,absorb,absorb_weight_split,区分潜变量 Key/Value 权重,"W_kvb_heads=[N_head,D_nope+D_v,R_kv]","W_k=[N_head,D_nope,R_kv]; W_v=[N_head,D_v,R_kv]","W_kvb_heads=[128,256,512]","W_k=[128,128,512]; W_v=[128,128,512]",激活/缓存由调用者 dtype 决定；本轮 shape 场景假设 BF16,slice key prefix and value suffix along axis 1,https://github.com/deepseek-ai/DeepSeek-V3/blob/9b4e9788e4a3a731f7567338ed15d3ec549ce03b/inference/model.py#L446-L497,MLA.forward,gh-deepseek-v3-inference-model-py,9b4e9788e4a3a731f7567338ed15d3ec549ce03b,derived,unknown,unknown,,MP=1; B=2; L_q=4; L_kv=4; start_pos=0; N_e=1 (动态代表例),
deepseek-ai/DeepSeek-V3,0,1,Dense,prefill,absorb,q_absorb,将 Key 上投影吸收到 Query,"q_nope=[B,L_q,N_head,D_nope]; W_k=[N_head,D_nope,R_kv]","q_abs=[B,L_q,N_head,R_kv]","q_nope=[2,4,128,128]; W_k=[128,128,512]","q_abs=[2,4,128,512]",激活/缓存由调用者 dtype 决定；本轮 shape 场景假设 BF16,"einsum(bqhd,hdc->bqhc)",https://github.com/deepseek-ai/DeepSeek-V3/blob/9b4e9788e4a3a731f7567338ed15d3ec549ce03b/inference/model.py#L446-L497,MLA.forward,gh-deepseek-v3-inference-model-py,9b4e9788e4a3a731f7567338ed15d3ec549ce03b,derived,unknown,unknown,,MP=1; B=2; L_q=4; L_kv=4; start_pos=0; N_e=1 (动态代表例),
deepseek-ai/DeepSeek-V3,0,1,Dense,prefill,absorb,latent_cache,写归一化 KV 潜变量 cache,"c_new=[B,L_q,R_kv]","c_cache=[B,L_kv,R_kv]","c_new=[2,4,512]","c_cache=[2,4,512]",激活/缓存由调用者 dtype 决定；本轮 shape 场景假设 BF16,"cache normalized low-rank KV, not expanded K/V",https://github.com/deepseek-ai/DeepSeek-V3/blob/9b4e9788e4a3a731f7567338ed15d3ec549ce03b/inference/model.py#L446-L497,MLA.forward,gh-deepseek-v3-inference-model-py,9b4e9788e4a3a731f7567338ed15d3ec549ce03b,derived,unknown,unknown,,MP=1; B=2; L_q=4; L_kv=4; start_pos=0; N_e=1 (动态代表例),
deepseek-ai/DeepSeek-V3,0,1,Dense,prefill,absorb,pe_cache,写共享位置 cache,"k_rot=[B,L_q,D_rope]","pe_cache=[B,L_kv,D_rope]","k_rot=[2,4,64]","pe_cache=[2,4,64]",激活/缓存由调用者 dtype 决定；本轮 shape 场景假设 BF16,cache rotated shared positional key,https://github.com/deepseek-ai/DeepSeek-V3/blob/9b4e9788e4a3a731f7567338ed15d3ec549ce03b/inference/model.py#L446-L497,MLA.forward,gh-deepseek-v3-inference-model-py,9b4e9788e4a3a731f7567338ed15d3ec549ce03b,derived,unknown,unknown,,MP=1; B=2; L_q=4; L_kv=4; start_pos=0; N_e=1 (动态代表例),
deepseek-ai/DeepSeek-V3,0,1,Dense,prefill,absorb,latent_score,潜变量打分,"q_abs=[B,L_q,N_head,R_kv]; c_cache=[B,L_kv,R_kv]","score_nope=[B,L_q,N_head,L_kv]","q_abs=[2,4,128,512]; c_cache=[2,4,512]","score_nope=[2,4,128,4]",激活/缓存由调用者 dtype 决定；本轮 shape 场景假设 BF16,"einsum(bqhc,bsc->bqhs)",https://github.com/deepseek-ai/DeepSeek-V3/blob/9b4e9788e4a3a731f7567338ed15d3ec549ce03b/inference/model.py#L446-L497,MLA.forward,gh-deepseek-v3-inference-model-py,9b4e9788e4a3a731f7567338ed15d3ec549ce03b,derived,unknown,unknown,,MP=1; B=2; L_q=4; L_kv=4; start_pos=0; N_e=1 (动态代表例),
deepseek-ai/DeepSeek-V3,0,1,Dense,prefill,absorb,rope_score,共享位置打分,"q_rot=[B,L_q,N_head,D_rope]; pe_cache=[B,L_kv,D_rope]","score_rope=[B,L_q,N_head,L_kv]","q_rot=[2,4,128,64]; pe_cache=[2,4,64]","score_rope=[2,4,128,4]",激活/缓存由调用者 dtype 决定；本轮 shape 场景假设 BF16,"einsum(bqhr,bsr->bqhs)",https://github.com/deepseek-ai/DeepSeek-V3/blob/9b4e9788e4a3a731f7567338ed15d3ec549ce03b/inference/model.py#L446-L497,MLA.forward,gh-deepseek-v3-inference-model-py,9b4e9788e4a3a731f7567338ed15d3ec549ce03b,derived,unknown,unknown,,MP=1; B=2; L_q=4; L_kv=4; start_pos=0; N_e=1 (动态代表例),
deepseek-ai/DeepSeek-V3,0,1,Dense,prefill,absorb,score_combine,合并两路 attention 分数,"score_nope=[B,L_q,N_head,L_kv]; score_rope=[B,L_q,N_head,L_kv]","scores=[B,L_q,N_head,L_kv]","score_nope=[2,4,128,4]; score_rope=[2,4,128,4]","scores=[2,4,128,4]",激活/缓存由调用者 dtype 决定；本轮 shape 场景假设 BF16,alpha*(score_nope+score_rope),https://github.com/deepseek-ai/DeepSeek-V3/blob/9b4e9788e4a3a731f7567338ed15d3ec549ce03b/inference/model.py#L446-L497,MLA.forward,gh-deepseek-v3-inference-model-py,9b4e9788e4a3a731f7567338ed15d3ec549ce03b,derived,unknown,unknown,,MP=1; B=2; L_q=4; L_kv=4; start_pos=0; N_e=1 (动态代表例),
deepseek-ai/DeepSeek-V3,0,1,Dense,prefill,absorb,attention_prob,Mask 与 attention softmax,"scores=[B,L_q,N_head,L_kv]","prob=[B,L_q,N_head,L_kv]","scores=[2,4,128,4]","prob=[2,4,128,4]",softmax 显式 FP32，然后 type_as(x),"initial prefill adds causal [L_q,L_q] mask; decode L_q=1 mask=None; softmax over L_kv",https://github.com/deepseek-ai/DeepSeek-V3/blob/9b4e9788e4a3a731f7567338ed15d3ec549ce03b/inference/model.py#L446-L497,MLA.forward,gh-deepseek-v3-inference-model-py,9b4e9788e4a3a731f7567338ed15d3ec549ce03b,derived,unknown,unknown,,MP=1; B=2; L_q=4; L_kv=4; start_pos=0; N_e=1 (动态代表例),本轮 prefill 为 start_pos=0；不声称支持带历史 chunked prefill 的方形 mask
deepseek-ai/DeepSeek-V3,0,1,Dense,prefill,absorb,latent_context,潜变量加权聚合,"prob=[B,L_q,N_head,L_kv]; c_cache=[B,L_kv,R_kv]","latent_context=[B,L_q,N_head,R_kv]","prob=[2,4,128,4]; c_cache=[2,4,512]","latent_context=[2,4,128,512]",激活/缓存由调用者 dtype 决定；本轮 shape 场景假设 BF16,"einsum(bqhs,bsc->bqhc)",https://github.com/deepseek-ai/DeepSeek-V3/blob/9b4e9788e4a3a731f7567338ed15d3ec549ce03b/inference/model.py#L446-L497,MLA.forward,gh-deepseek-v3-inference-model-py,9b4e9788e4a3a731f7567338ed15d3ec549ce03b,derived,unknown,unknown,,MP=1; B=2; L_q=4; L_kv=4; start_pos=0; N_e=1 (动态代表例),
deepseek-ai/DeepSeek-V3,0,1,Dense,prefill,absorb,value_expand,聚合后 Value 上投影,"latent_context=[B,L_q,N_head,R_kv]; W_v=[N_head,D_v,R_kv]","attn_heads=[B,L_q,N_head,D_v]","latent_context=[2,4,128,512]; W_v=[128,128,512]","attn_heads=[2,4,128,128]",激活/缓存由调用者 dtype 决定；本轮 shape 场景假设 BF16,"einsum(bqhc,hdc->bqhd)",https://github.com/deepseek-ai/DeepSeek-V3/blob/9b4e9788e4a3a731f7567338ed15d3ec549ce03b/inference/model.py#L446-L497,MLA.forward,gh-deepseek-v3-inference-model-py,9b4e9788e4a3a731f7567338ed15d3ec549ce03b,derived,unknown,unknown,,MP=1; B=2; L_q=4; L_kv=4; start_pos=0; N_e=1 (动态代表例),
deepseek-ai/DeepSeek-V3,0,1,Dense,prefill,absorb,attn_flatten,合并 attention heads,"attn_heads=[B,L_q,N_head,D_v]","attn_flat=[B,L_q,N_head*D_v]","attn_heads=[2,4,128,128]","attn_flat=[2,4,16384]",激活/缓存由调用者 dtype 决定；本轮 shape 场景假设 BF16,flatten head and value axes,https://github.com/deepseek-ai/DeepSeek-V3/blob/9b4e9788e4a3a731f7567338ed15d3ec549ce03b/inference/model.py#L446-L497,MLA.forward,gh-deepseek-v3-inference-model-py,9b4e9788e4a3a731f7567338ed15d3ec549ce03b,derived,unknown,unknown,,MP=1; B=2; L_q=4; L_kv=4; start_pos=0; N_e=1 (动态代表例),
deepseek-ai/DeepSeek-V3,0,1,Dense,prefill,absorb,o_proj,Attention 输出投影,"attn_flat=[B,L_q,N_head*D_v]; W_o=[H,N_head*D_v]","attn_out=[B,L_q,H]","attn_flat=[2,4,16384]; W_o=[7168,16384]","attn_out=[2,4,7168]",激活/缓存由调用者 dtype 决定；本轮 shape 场景假设 BF16,attn_out=attn_flat @ W_o^T,https://github.com/deepseek-ai/DeepSeek-V3/blob/9b4e9788e4a3a731f7567338ed15d3ec549ce03b/inference/model.py#L446-L497,MLA.forward,gh-deepseek-v3-inference-model-py,9b4e9788e4a3a731f7567338ed15d3ec549ce03b,derived,unknown,unknown,,MP=1; B=2; L_q=4; L_kv=4; start_pos=0; N_e=1 (动态代表例),
deepseek-ai/DeepSeek-V3,0,1,Dense,prefill,absorb,attn_residual,Attention 残差相加,"x=[B,L_q,H]; attn_out=[B,L_q,H]","after_attn=[B,L_q,H]","x=[2,4,7168]; attn_out=[2,4,7168]","after_attn=[2,4,7168]",激活/缓存由调用者 dtype 决定；本轮 shape 场景假设 BF16,after_attn=x+attn_out,https://github.com/deepseek-ai/DeepSeek-V3/blob/9b4e9788e4a3a731f7567338ed15d3ec549ce03b/inference/model.py#L720-L735,Block.forward,gh-deepseek-v3-inference-model-py,9b4e9788e4a3a731f7567338ed15d3ec549ce03b,derived,unknown,unknown,,MP=1; B=2; L_q=4; L_kv=4; start_pos=0; N_e=1 (动态代表例),
deepseek-ai/DeepSeek-V3,0,1,Dense,prefill,absorb,ffn_norm,FFN 前 RMSNorm,"after_attn=[B,L_q,H]","ffn_input=[B,L_q,H]","after_attn=[2,4,7168]","ffn_input=[2,4,7168]",激活/缓存由调用者 dtype 决定；本轮 shape 场景假设 BF16,"RMSNorm(after_attn; gamma[H], eps)",https://github.com/deepseek-ai/DeepSeek-V3/blob/9b4e9788e4a3a731f7567338ed15d3ec549ce03b/inference/model.py#L720-L735,Block.forward,gh-deepseek-v3-inference-model-py,9b4e9788e4a3a731f7567338ed15d3ec549ce03b,derived,unknown,unknown,,MP=1; B=2; L_q=4; L_kv=4; start_pos=0; N_e=1 (动态代表例),
deepseek-ai/DeepSeek-V3,0,1,Dense,prefill,absorb,dense_gate,Dense gate 投影,"ffn_input=[B,L_q,H]; W_gate=[I_dense,H]","g=[B,L_q,I_dense]","ffn_input=[2,4,7168]; W_gate=[18432,7168]","g=[2,4,18432]",激活/缓存由调用者 dtype 决定；本轮 shape 场景假设 BF16,g=ffn_input @ W_gate^T,https://github.com/deepseek-ai/DeepSeek-V3/blob/9b4e9788e4a3a731f7567338ed15d3ec549ce03b/inference/model.py#L522-L532,MLP.forward,gh-deepseek-v3-inference-model-py,9b4e9788e4a3a731f7567338ed15d3ec549ce03b,derived,unknown,unknown,,MP=1; B=2; L_q=4; L_kv=4; start_pos=0; N_e=1 (动态代表例),
deepseek-ai/DeepSeek-V3,0,1,Dense,prefill,absorb,dense_up,Dense up 投影,"ffn_input=[B,L_q,H]; W_up=[I_dense,H]","u=[B,L_q,I_dense]","ffn_input=[2,4,7168]; W_up=[18432,7168]","u=[2,4,18432]",激活/缓存由调用者 dtype 决定；本轮 shape 场景假设 BF16,u=ffn_input @ W_up^T,https://github.com/deepseek-ai/DeepSeek-V3/blob/9b4e9788e4a3a731f7567338ed15d3ec549ce03b/inference/model.py#L522-L532,MLP.forward,gh-deepseek-v3-inference-model-py,9b4e9788e4a3a731f7567338ed15d3ec549ce03b,derived,unknown,unknown,,MP=1; B=2; L_q=4; L_kv=4; start_pos=0; N_e=1 (动态代表例),
deepseek-ai/DeepSeek-V3,0,1,Dense,prefill,absorb,dense_activation,Dense SwiGLU,"g=[B,L_q,I_dense]; u=[B,L_q,I_dense]","gu=[B,L_q,I_dense]","g=[2,4,18432]; u=[2,4,18432]","gu=[2,4,18432]",激活/缓存由调用者 dtype 决定；本轮 shape 场景假设 BF16,SiLU(g)*u,https://github.com/deepseek-ai/DeepSeek-V3/blob/9b4e9788e4a3a731f7567338ed15d3ec549ce03b/inference/model.py#L522-L532,MLP.forward,gh-deepseek-v3-inference-model-py,9b4e9788e4a3a731f7567338ed15d3ec549ce03b,derived,unknown,unknown,,MP=1; B=2; L_q=4; L_kv=4; start_pos=0; N_e=1 (动态代表例),
deepseek-ai/DeepSeek-V3,0,1,Dense,prefill,absorb,dense_down,Dense down 投影,"gu=[B,L_q,I_dense]; W_down=[H,I_dense]","ffn_out=[B,L_q,H]","gu=[2,4,18432]; W_down=[7168,18432]","ffn_out=[2,4,7168]",激活/缓存由调用者 dtype 决定；本轮 shape 场景假设 BF16,gu @ W_down^T,https://github.com/deepseek-ai/DeepSeek-V3/blob/9b4e9788e4a3a731f7567338ed15d3ec549ce03b/inference/model.py#L522-L532,MLP.forward,gh-deepseek-v3-inference-model-py,9b4e9788e4a3a731f7567338ed15d3ec549ce03b,derived,unknown,unknown,,MP=1; B=2; L_q=4; L_kv=4; start_pos=0; N_e=1 (动态代表例),
deepseek-ai/DeepSeek-V3,0,1,Dense,prefill,absorb,ffn_residual,FFN 残差相加,"after_attn=[B,L_q,H]; ffn_out=[B,L_q,H]","layer_out=[B,L_q,H]","after_attn=[2,4,7168]; ffn_out=[2,4,7168]","layer_out=[2,4,7168]",激活/缓存由调用者 dtype 决定；本轮 shape 场景假设 BF16,after_attn+ffn_out,https://github.com/deepseek-ai/DeepSeek-V3/blob/9b4e9788e4a3a731f7567338ed15d3ec549ce03b/inference/model.py#L720-L735,Block.forward,gh-deepseek-v3-inference-model-py,9b4e9788e4a3a731f7567338ed15d3ec549ce03b,derived,unknown,unknown,,MP=1; B=2; L_q=4; L_kv=4; start_pos=0; N_e=1 (动态代表例),
deepseek-ai/DeepSeek-V3,0,1,Dense,decode,naive,attn_norm,Attention 前 RMSNorm,"x=[B,L_q,H]","x_norm=[B,L_q,H]","x=[2,1,7168]","x_norm=[2,1,7168]",激活/缓存由调用者 dtype 决定；本轮 shape 场景假设 BF16,"RMSNorm(x; gamma[H], eps)",https://github.com/deepseek-ai/DeepSeek-V3/blob/9b4e9788e4a3a731f7567338ed15d3ec549ce03b/inference/model.py#L720-L735,Block.forward,gh-deepseek-v3-inference-model-py,9b4e9788e4a3a731f7567338ed15d3ec549ce03b,derived,unknown,unknown,,MP=1; B=2; L_q=1; L_kv=8; start_pos=7; N_e=1 (动态代表例),
deepseek-ai/DeepSeek-V3,0,1,Dense,decode,naive,q_a,Q 低秩下投影,"x_norm=[B,L_q,H]; W_qa=[R_q,H]","q_low=[B,L_q,R_q]","x_norm=[2,1,7168]; W_qa=[1536,7168]","q_low=[2,1,1536]",激活/缓存由调用者 dtype 决定；本轮 shape 场景假设 BF16,q_low=x_norm @ W_qa^T,https://github.com/deepseek-ai/DeepSeek-V3/blob/9b4e9788e4a3a731f7567338ed15d3ec549ce03b/inference/model.py#L446-L497,MLA.forward,gh-deepseek-v3-inference-model-py,9b4e9788e4a3a731f7567338ed15d3ec549ce03b,derived,unknown,unknown,,MP=1; B=2; L_q=1; L_kv=8; start_pos=7; N_e=1 (动态代表例),
deepseek-ai/DeepSeek-V3,0,1,Dense,decode,naive,q_norm,Q 低秩 RMSNorm,"q_low=[B,L_q,R_q]","q_low_norm=[B,L_q,R_q]","q_low=[2,1,1536]","q_low_norm=[2,1,1536]",激活/缓存由调用者 dtype 决定；本轮 shape 场景假设 BF16,RMSNorm(q_low; gamma[R_q]),https://github.com/deepseek-ai/DeepSeek-V3/blob/9b4e9788e4a3a731f7567338ed15d3ec549ce03b/inference/model.py#L446-L497,MLA.forward,gh-deepseek-v3-inference-model-py,9b4e9788e4a3a731f7567338ed15d3ec549ce03b,derived,unknown,unknown,,MP=1; B=2; L_q=1; L_kv=8; start_pos=7; N_e=1 (动态代表例),
deepseek-ai/DeepSeek-V3,0,1,Dense,decode,naive,q_b,Q 上投影,"q_low_norm=[B,L_q,R_q]; W_qb=[N_head*(D_nope+D_rope),R_q]","q_flat=[B,L_q,N_head*(D_nope+D_rope)]","q_low_norm=[2,1,1536]; W_qb=[24576,1536]","q_flat=[2,1,24576]",激活/缓存由调用者 dtype 决定；本轮 shape 场景假设 BF16,q_flat=q_low_norm @ W_qb^T,https://github.com/deepseek-ai/DeepSeek-V3/blob/9b4e9788e4a3a731f7567338ed15d3ec549ce03b/inference/model.py#L446-L497,MLA.forward,gh-deepseek-v3-inference-model-py,9b4e9788e4a3a731f7567338ed15d3ec549ce03b,derived,unknown,unknown,,MP=1; B=2; L_q=1; L_kv=8; start_pos=7; N_e=1 (动态代表例),
deepseek-ai/DeepSeek-V3,0,1,Dense,decode,naive,q_view,Q heads reshape,"q_flat=[B,L_q,N_head*(D_nope+D_rope)]","q=[B,L_q,N_head,D_nope+D_rope]","q_flat=[2,1,24576]","q=[2,1,128,192]",激活/缓存由调用者 dtype 决定；本轮 shape 场景假设 BF16,reshape q_flat to heads,https://github.com/deepseek-ai/DeepSeek-V3/blob/9b4e9788e4a3a731f7567338ed15d3ec549ce03b/inference/model.py#L446-L497,MLA.forward,gh-deepseek-v3-inference-model-py,9b4e9788e4a3a731f7567338ed15d3ec549ce03b,derived,unknown,unknown,,MP=1; B=2; L_q=1; L_kv=8; start_pos=7; N_e=1 (动态代表例),
deepseek-ai/DeepSeek-V3,0,1,Dense,decode,naive,q_split,拆分 Q NoPE 与 RoPE,"q=[B,L_q,N_head,D_nope+D_rope]","q_nope=[B,L_q,N_head,D_nope]; q_pe=[B,L_q,N_head,D_rope]","q=[2,1,128,192]","q_nope=[2,1,128,128]; q_pe=[2,1,128,64]",激活/缓存由调用者 dtype 决定；本轮 shape 场景假设 BF16,"split last axis [D_nope,D_rope]",https://github.com/deepseek-ai/DeepSeek-V3/blob/9b4e9788e4a3a731f7567338ed15d3ec549ce03b/inference/model.py#L446-L497,MLA.forward,gh-deepseek-v3-inference-model-py,9b4e9788e4a3a731f7567338ed15d3ec549ce03b,derived,unknown,unknown,,MP=1; B=2; L_q=1; L_kv=8; start_pos=7; N_e=1 (动态代表例),
deepseek-ai/DeepSeek-V3,0,1,Dense,decode,naive,q_rope,Q 位置旋转,"q_pe=[B,L_q,N_head,D_rope]","q_rot=[B,L_q,N_head,D_rope]","q_pe=[2,1,128,64]","q_rot=[2,1,128,64]",旋转先转 FP32/complex，返回输入 dtype,"apply_rotary_emb(q_pe, freqs_cis)",https://github.com/deepseek-ai/DeepSeek-V3/blob/9b4e9788e4a3a731f7567338ed15d3ec549ce03b/inference/model.py#L446-L497,MLA.forward,gh-deepseek-v3-inference-model-py,9b4e9788e4a3a731f7567338ed15d3ec549ce03b,derived,unknown,unknown,,MP=1; B=2; L_q=1; L_kv=8; start_pos=7; N_e=1 (动态代表例),位置频率切片不是可训练矩阵
deepseek-ai/DeepSeek-V3,0,1,Dense,decode,naive,kv_a,KV 低秩及共享位置投影,"x_norm=[B,L_q,H]; W_kva=[R_kv+D_rope,H]","kv_joint=[B,L_q,R_kv+D_rope]","x_norm=[2,1,7168]; W_kva=[576,7168]","kv_joint=[2,1,576]",激活/缓存由调用者 dtype 决定；本轮 shape 场景假设 BF16,kv_joint=x_norm @ W_kva^T,https://github.com/deepseek-ai/DeepSeek-V3/blob/9b4e9788e4a3a731f7567338ed15d3ec549ce03b/inference/model.py#L446-L497,MLA.forward,gh-deepseek-v3-inference-model-py,9b4e9788e4a3a731f7567338ed15d3ec549ce03b,derived,unknown,unknown,,MP=1; B=2; L_q=1; L_kv=8; start_pos=7; N_e=1 (动态代表例),
deepseek-ai/DeepSeek-V3,0,1,Dense,decode,naive,kv_split,拆分潜变量与共享位置 Key,"kv_joint=[B,L_q,R_kv+D_rope]","kv_low=[B,L_q,R_kv]; k_pe=[B,L_q,D_rope]","kv_joint=[2,1,576]","kv_low=[2,1,512]; k_pe=[2,1,64]",激活/缓存由调用者 dtype 决定；本轮 shape 场景假设 BF16,"split last axis [R_kv,D_rope]",https://github.com/deepseek-ai/DeepSeek-V3/blob/9b4e9788e4a3a731f7567338ed15d3ec549ce03b/inference/model.py#L446-L497,MLA.forward,gh-deepseek-v3-inference-model-py,9b4e9788e4a3a731f7567338ed15d3ec549ce03b,derived,unknown,unknown,,MP=1; B=2; L_q=1; L_kv=8; start_pos=7; N_e=1 (动态代表例),
deepseek-ai/DeepSeek-V3,0,1,Dense,decode,naive,k_unsqueeze,为共享位置 Key 增加 head 轴,"k_pe=[B,L_q,D_rope]","k_pe_single=[B,L_q,1,D_rope]","k_pe=[2,1,64]","k_pe_single=[2,1,1,64]",激活/缓存由调用者 dtype 决定；本轮 shape 场景假设 BF16,unsqueeze head axis=2,https://github.com/deepseek-ai/DeepSeek-V3/blob/9b4e9788e4a3a731f7567338ed15d3ec549ce03b/inference/model.py#L446-L497,MLA.forward,gh-deepseek-v3-inference-model-py,9b4e9788e4a3a731f7567338ed15d3ec549ce03b,derived,unknown,unknown,,MP=1; B=2; L_q=1; L_kv=8; start_pos=7; N_e=1 (动态代表例),
deepseek-ai/DeepSeek-V3,0,1,Dense,decode,naive,k_rope,共享 Key 位置旋转,"k_pe_single=[B,L_q,1,D_rope]","k_rot_single=[B,L_q,1,D_rope]","k_pe_single=[2,1,1,64]","k_rot_single=[2,1,1,64]",旋转先转 FP32/complex，返回输入 dtype,"apply_rotary_emb(k_pe.unsqueeze(2), freqs_cis)",https://github.com/deepseek-ai/DeepSeek-V3/blob/9b4e9788e4a3a731f7567338ed15d3ec549ce03b/inference/model.py#L446-L497,MLA.forward,gh-deepseek-v3-inference-model-py,9b4e9788e4a3a731f7567338ed15d3ec549ce03b,derived,unknown,unknown,,MP=1; B=2; L_q=1; L_kv=8; start_pos=7; N_e=1 (动态代表例),
deepseek-ai/DeepSeek-V3,0,1,Dense,decode,naive,k_squeeze,共享位置 Key 去掉单 head 轴,"k_rot_single=[B,L_q,1,D_rope]","k_rot=[B,L_q,D_rope]","k_rot_single=[2,1,1,64]","k_rot=[2,1,64]",激活/缓存由调用者 dtype 决定；本轮 shape 场景假设 BF16,squeeze head axis for compressed positional cache,https://github.com/deepseek-ai/DeepSeek-V3/blob/9b4e9788e4a3a731f7567338ed15d3ec549ce03b/inference/model.py#L446-L497,MLA.forward,gh-deepseek-v3-inference-model-py,9b4e9788e4a3a731f7567338ed15d3ec549ce03b,derived,unknown,unknown,,MP=1; B=2; L_q=1; L_kv=8; start_pos=7; N_e=1 (动态代表例),
deepseek-ai/DeepSeek-V3,0,1,Dense,decode,naive,kv_norm,KV 低秩 RMSNorm,"kv_low=[B,L_q,R_kv]","c_new=[B,L_q,R_kv]","kv_low=[2,1,512]","c_new=[2,1,512]",激活/缓存由调用者 dtype 决定；本轮 shape 场景假设 BF16,RMSNorm(kv_low; gamma[R_kv]),https://github.com/deepseek-ai/DeepSeek-V3/blob/9b4e9788e4a3a731f7567338ed15d3ec549ce03b/inference/model.py#L446-L497,MLA.forward,gh-deepseek-v3-inference-model-py,9b4e9788e4a3a731f7567338ed15d3ec549ce03b,derived,unknown,unknown,,MP=1; B=2; L_q=1; L_kv=8; start_pos=7; N_e=1 (动态代表例),
deepseek-ai/DeepSeek-V3,0,1,Dense,decode,naive,kv_b,展开 KV 上投影,"c_new=[B,L_q,R_kv]; W_kvb=[N_head*(D_nope+D_v),R_kv]","kv_flat=[B,L_q,N_head*(D_nope+D_v)]","c_new=[2,1,512]; W_kvb=[32768,512]","kv_flat=[2,1,32768]",激活/缓存由调用者 dtype 决定；本轮 shape 场景假设 BF16,kv_flat=c_new @ W_kvb^T,https://github.com/deepseek-ai/DeepSeek-V3/blob/9b4e9788e4a3a731f7567338ed15d3ec549ce03b/inference/model.py#L446-L497,MLA.forward,gh-deepseek-v3-inference-model-py,9b4e9788e4a3a731f7567338ed15d3ec549ce03b,derived,unknown,unknown,,MP=1; B=2; L_q=1; L_kv=8; start_pos=7; N_e=1 (动态代表例),
deepseek-ai/DeepSeek-V3,0,1,Dense,decode,naive,kv_view,展开 KV heads reshape,"kv_flat=[B,L_q,N_head*(D_nope+D_v)]","kv_heads=[B,L_q,N_head,D_nope+D_v]","kv_flat=[2,1,32768]","kv_heads=[2,1,128,256]",激活/缓存由调用者 dtype 决定；本轮 shape 场景假设 BF16,reshape kv_flat to heads,https://github.com/deepseek-ai/DeepSeek-V3/blob/9b4e9788e4a3a731f7567338ed15d3ec549ce03b/inference/model.py#L446-L497,MLA.forward,gh-deepseek-v3-inference-model-py,9b4e9788e4a3a731f7567338ed15d3ec549ce03b,derived,unknown,unknown,,MP=1; B=2; L_q=1; L_kv=8; start_pos=7; N_e=1 (动态代表例),
deepseek-ai/DeepSeek-V3,0,1,Dense,decode,naive,kv_heads_split,拆分展开 Key 与 Value,"kv_heads=[B,L_q,N_head,D_nope+D_v]","k_nope=[B,L_q,N_head,D_nope]; v_new=[B,L_q,N_head,D_v]","kv_heads=[2,1,128,256]","k_nope=[2,1,128,128]; v_new=[2,1,128,128]",激活/缓存由调用者 dtype 决定；本轮 shape 场景假设 BF16,"split last axis [D_nope,D_v]",https://github.com/deepseek-ai/DeepSeek-V3/blob/9b4e9788e4a3a731f7567338ed15d3ec549ce03b/inference/model.py#L446-L497,MLA.forward,gh-deepseek-v3-inference-model-py,9b4e9788e4a3a731f7567338ed15d3ec549ce03b,derived,unknown,unknown,,MP=1; B=2; L_q=1; L_kv=8; start_pos=7; N_e=1 (动态代表例),
deepseek-ai/DeepSeek-V3,0,1,Dense,decode,naive,k_broadcast,共享位置 Key 广播,"k_rot_single=[B,L_q,1,D_rope]","k_rot_heads=[B,L_q,N_head,D_rope]","k_rot_single=[2,1,1,64]","k_rot_heads=[2,1,128,64]",激活/缓存由调用者 dtype 决定；本轮 shape 场景假设 BF16,expand head axis without adding parameters,https://github.com/deepseek-ai/DeepSeek-V3/blob/9b4e9788e4a3a731f7567338ed15d3ec549ce03b/inference/model.py#L446-L497,MLA.forward,gh-deepseek-v3-inference-model-py,9b4e9788e4a3a731f7567338ed15d3ec549ce03b,derived,unknown,unknown,,MP=1; B=2; L_q=1; L_kv=8; start_pos=7; N_e=1 (动态代表例),
deepseek-ai/DeepSeek-V3,0,1,Dense,decode,naive,k_concat,构造完整 Key,"k_nope=[B,L_q,N_head,D_nope]; k_rot_heads=[B,L_q,N_head,D_rope]","k_new=[B,L_q,N_head,D_nope+D_rope]","k_nope=[2,1,128,128]; k_rot_heads=[2,1,128,64]","k_new=[2,1,128,192]",激活/缓存由调用者 dtype 决定；本轮 shape 场景假设 BF16,concat NoPE and rotated Key,https://github.com/deepseek-ai/DeepSeek-V3/blob/9b4e9788e4a3a731f7567338ed15d3ec549ce03b/inference/model.py#L446-L497,MLA.forward,gh-deepseek-v3-inference-model-py,9b4e9788e4a3a731f7567338ed15d3ec549ce03b,derived,unknown,unknown,,MP=1; B=2; L_q=1; L_kv=8; start_pos=7; N_e=1 (动态代表例),
deepseek-ai/DeepSeek-V3,0,1,Dense,decode,naive,q_concat,构造完整 Query,"q_nope=[B,L_q,N_head,D_nope]; q_rot=[B,L_q,N_head,D_rope]","q_full=[B,L_q,N_head,D_nope+D_rope]","q_nope=[2,1,128,128]; q_rot=[2,1,128,64]","q_full=[2,1,128,192]",激活/缓存由调用者 dtype 决定；本轮 shape 场景假设 BF16,concat NoPE and rotated Query,https://github.com/deepseek-ai/DeepSeek-V3/blob/9b4e9788e4a3a731f7567338ed15d3ec549ce03b/inference/model.py#L446-L497,MLA.forward,gh-deepseek-v3-inference-model-py,9b4e9788e4a3a731f7567338ed15d3ec549ce03b,derived,unknown,unknown,,MP=1; B=2; L_q=1; L_kv=8; start_pos=7; N_e=1 (动态代表例),
deepseek-ai/DeepSeek-V3,0,1,Dense,decode,naive,k_cache,写展开 Key cache,"k_new=[B,L_q,N_head,D_nope+D_rope]","k_cache=[B,L_kv,N_head,D_nope+D_rope]","k_new=[2,1,128,192]","k_cache=[2,8,128,192]",激活/缓存由调用者 dtype 决定；本轮 shape 场景假设 BF16,write [start_pos:start_pos+L_q]; read active [:L_kv],https://github.com/deepseek-ai/DeepSeek-V3/blob/9b4e9788e4a3a731f7567338ed15d3ec549ce03b/inference/model.py#L446-L497,MLA.forward,gh-deepseek-v3-inference-model-py,9b4e9788e4a3a731f7567338ed15d3ec549ce03b,derived,unknown,unknown,,MP=1; B=2; L_q=1; L_kv=8; start_pos=7; N_e=1 (动态代表例),
deepseek-ai/DeepSeek-V3,0,1,Dense,decode,naive,v_cache,写展开 Value cache,"v_new=[B,L_q,N_head,D_v]","v_cache=[B,L_kv,N_head,D_v]","v_new=[2,1,128,128]","v_cache=[2,8,128,128]",激活/缓存由调用者 dtype 决定；本轮 shape 场景假设 BF16,write active new values,https://github.com/deepseek-ai/DeepSeek-V3/blob/9b4e9788e4a3a731f7567338ed15d3ec549ce03b/inference/model.py#L446-L497,MLA.forward,gh-deepseek-v3-inference-model-py,9b4e9788e4a3a731f7567338ed15d3ec549ce03b,derived,unknown,unknown,,MP=1; B=2; L_q=1; L_kv=8; start_pos=7; N_e=1 (动态代表例),
deepseek-ai/DeepSeek-V3,0,1,Dense,decode,naive,naive_scores,展开 QK 打分,"q_full=[B,L_q,N_head,D_nope+D_rope]; k_cache=[B,L_kv,N_head,D_nope+D_rope]","scores=[B,L_q,N_head,L_kv]","q_full=[2,1,128,192]; k_cache=[2,8,128,192]","scores=[2,1,128,8]",激活/缓存由调用者 dtype 决定；本轮 shape 场景假设 BF16,"scores=alpha*einsum(bqhd,bshd->bqhs)",https://github.com/deepseek-ai/DeepSeek-V3/blob/9b4e9788e4a3a731f7567338ed15d3ec549ce03b/inference/model.py#L446-L497,MLA.forward,gh-deepseek-v3-inference-model-py,9b4e9788e4a3a731f7567338ed15d3ec549ce03b,derived,unknown,unknown,,MP=1; B=2; L_q=1; L_kv=8; start_pos=7; N_e=1 (动态代表例),
deepseek-ai/DeepSeek-V3,0,1,Dense,decode,naive,attention_prob,Mask 与 attention softmax,"scores=[B,L_q,N_head,L_kv]","prob=[B,L_q,N_head,L_kv]","scores=[2,1,128,8]","prob=[2,1,128,8]",softmax 显式 FP32，然后 type_as(x),"initial prefill adds causal [L_q,L_q] mask; decode L_q=1 mask=None; softmax over L_kv",https://github.com/deepseek-ai/DeepSeek-V3/blob/9b4e9788e4a3a731f7567338ed15d3ec549ce03b/inference/model.py#L446-L497,MLA.forward,gh-deepseek-v3-inference-model-py,9b4e9788e4a3a731f7567338ed15d3ec549ce03b,derived,unknown,unknown,,MP=1; B=2; L_q=1; L_kv=8; start_pos=7; N_e=1 (动态代表例),本轮 prefill 为 start_pos=0；不声称支持带历史 chunked prefill 的方形 mask
deepseek-ai/DeepSeek-V3,0,1,Dense,decode,naive,naive_context,展开 Value 加权聚合,"prob=[B,L_q,N_head,L_kv]; v_cache=[B,L_kv,N_head,D_v]","attn_heads=[B,L_q,N_head,D_v]","prob=[2,1,128,8]; v_cache=[2,8,128,128]","attn_heads=[2,1,128,128]",激活/缓存由调用者 dtype 决定；本轮 shape 场景假设 BF16,"einsum(bqhs,bshd->bqhd)",https://github.com/deepseek-ai/DeepSeek-V3/blob/9b4e9788e4a3a731f7567338ed15d3ec549ce03b/inference/model.py#L446-L497,MLA.forward,gh-deepseek-v3-inference-model-py,9b4e9788e4a3a731f7567338ed15d3ec549ce03b,derived,unknown,unknown,,MP=1; B=2; L_q=1; L_kv=8; start_pos=7; N_e=1 (动态代表例),
deepseek-ai/DeepSeek-V3,0,1,Dense,decode,naive,attn_flatten,合并 attention heads,"attn_heads=[B,L_q,N_head,D_v]","attn_flat=[B,L_q,N_head*D_v]","attn_heads=[2,1,128,128]","attn_flat=[2,1,16384]",激活/缓存由调用者 dtype 决定；本轮 shape 场景假设 BF16,flatten head and value axes,https://github.com/deepseek-ai/DeepSeek-V3/blob/9b4e9788e4a3a731f7567338ed15d3ec549ce03b/inference/model.py#L446-L497,MLA.forward,gh-deepseek-v3-inference-model-py,9b4e9788e4a3a731f7567338ed15d3ec549ce03b,derived,unknown,unknown,,MP=1; B=2; L_q=1; L_kv=8; start_pos=7; N_e=1 (动态代表例),
deepseek-ai/DeepSeek-V3,0,1,Dense,decode,naive,o_proj,Attention 输出投影,"attn_flat=[B,L_q,N_head*D_v]; W_o=[H,N_head*D_v]","attn_out=[B,L_q,H]","attn_flat=[2,1,16384]; W_o=[7168,16384]","attn_out=[2,1,7168]",激活/缓存由调用者 dtype 决定；本轮 shape 场景假设 BF16,attn_out=attn_flat @ W_o^T,https://github.com/deepseek-ai/DeepSeek-V3/blob/9b4e9788e4a3a731f7567338ed15d3ec549ce03b/inference/model.py#L446-L497,MLA.forward,gh-deepseek-v3-inference-model-py,9b4e9788e4a3a731f7567338ed15d3ec549ce03b,derived,unknown,unknown,,MP=1; B=2; L_q=1; L_kv=8; start_pos=7; N_e=1 (动态代表例),
deepseek-ai/DeepSeek-V3,0,1,Dense,decode,naive,attn_residual,Attention 残差相加,"x=[B,L_q,H]; attn_out=[B,L_q,H]","after_attn=[B,L_q,H]","x=[2,1,7168]; attn_out=[2,1,7168]","after_attn=[2,1,7168]",激活/缓存由调用者 dtype 决定；本轮 shape 场景假设 BF16,after_attn=x+attn_out,https://github.com/deepseek-ai/DeepSeek-V3/blob/9b4e9788e4a3a731f7567338ed15d3ec549ce03b/inference/model.py#L720-L735,Block.forward,gh-deepseek-v3-inference-model-py,9b4e9788e4a3a731f7567338ed15d3ec549ce03b,derived,unknown,unknown,,MP=1; B=2; L_q=1; L_kv=8; start_pos=7; N_e=1 (动态代表例),
deepseek-ai/DeepSeek-V3,0,1,Dense,decode,naive,ffn_norm,FFN 前 RMSNorm,"after_attn=[B,L_q,H]","ffn_input=[B,L_q,H]","after_attn=[2,1,7168]","ffn_input=[2,1,7168]",激活/缓存由调用者 dtype 决定；本轮 shape 场景假设 BF16,"RMSNorm(after_attn; gamma[H], eps)",https://github.com/deepseek-ai/DeepSeek-V3/blob/9b4e9788e4a3a731f7567338ed15d3ec549ce03b/inference/model.py#L720-L735,Block.forward,gh-deepseek-v3-inference-model-py,9b4e9788e4a3a731f7567338ed15d3ec549ce03b,derived,unknown,unknown,,MP=1; B=2; L_q=1; L_kv=8; start_pos=7; N_e=1 (动态代表例),
deepseek-ai/DeepSeek-V3,0,1,Dense,decode,naive,dense_gate,Dense gate 投影,"ffn_input=[B,L_q,H]; W_gate=[I_dense,H]","g=[B,L_q,I_dense]","ffn_input=[2,1,7168]; W_gate=[18432,7168]","g=[2,1,18432]",激活/缓存由调用者 dtype 决定；本轮 shape 场景假设 BF16,g=ffn_input @ W_gate^T,https://github.com/deepseek-ai/DeepSeek-V3/blob/9b4e9788e4a3a731f7567338ed15d3ec549ce03b/inference/model.py#L522-L532,MLP.forward,gh-deepseek-v3-inference-model-py,9b4e9788e4a3a731f7567338ed15d3ec549ce03b,derived,unknown,unknown,,MP=1; B=2; L_q=1; L_kv=8; start_pos=7; N_e=1 (动态代表例),
deepseek-ai/DeepSeek-V3,0,1,Dense,decode,naive,dense_up,Dense up 投影,"ffn_input=[B,L_q,H]; W_up=[I_dense,H]","u=[B,L_q,I_dense]","ffn_input=[2,1,7168]; W_up=[18432,7168]","u=[2,1,18432]",激活/缓存由调用者 dtype 决定；本轮 shape 场景假设 BF16,u=ffn_input @ W_up^T,https://github.com/deepseek-ai/DeepSeek-V3/blob/9b4e9788e4a3a731f7567338ed15d3ec549ce03b/inference/model.py#L522-L532,MLP.forward,gh-deepseek-v3-inference-model-py,9b4e9788e4a3a731f7567338ed15d3ec549ce03b,derived,unknown,unknown,,MP=1; B=2; L_q=1; L_kv=8; start_pos=7; N_e=1 (动态代表例),
deepseek-ai/DeepSeek-V3,0,1,Dense,decode,naive,dense_activation,Dense SwiGLU,"g=[B,L_q,I_dense]; u=[B,L_q,I_dense]","gu=[B,L_q,I_dense]","g=[2,1,18432]; u=[2,1,18432]","gu=[2,1,18432]",激活/缓存由调用者 dtype 决定；本轮 shape 场景假设 BF16,SiLU(g)*u,https://github.com/deepseek-ai/DeepSeek-V3/blob/9b4e9788e4a3a731f7567338ed15d3ec549ce03b/inference/model.py#L522-L532,MLP.forward,gh-deepseek-v3-inference-model-py,9b4e9788e4a3a731f7567338ed15d3ec549ce03b,derived,unknown,unknown,,MP=1; B=2; L_q=1; L_kv=8; start_pos=7; N_e=1 (动态代表例),
deepseek-ai/DeepSeek-V3,0,1,Dense,decode,naive,dense_down,Dense down 投影,"gu=[B,L_q,I_dense]; W_down=[H,I_dense]","ffn_out=[B,L_q,H]","gu=[2,1,18432]; W_down=[7168,18432]","ffn_out=[2,1,7168]",激活/缓存由调用者 dtype 决定；本轮 shape 场景假设 BF16,gu @ W_down^T,https://github.com/deepseek-ai/DeepSeek-V3/blob/9b4e9788e4a3a731f7567338ed15d3ec549ce03b/inference/model.py#L522-L532,MLP.forward,gh-deepseek-v3-inference-model-py,9b4e9788e4a3a731f7567338ed15d3ec549ce03b,derived,unknown,unknown,,MP=1; B=2; L_q=1; L_kv=8; start_pos=7; N_e=1 (动态代表例),
deepseek-ai/DeepSeek-V3,0,1,Dense,decode,naive,ffn_residual,FFN 残差相加,"after_attn=[B,L_q,H]; ffn_out=[B,L_q,H]","layer_out=[B,L_q,H]","after_attn=[2,1,7168]; ffn_out=[2,1,7168]","layer_out=[2,1,7168]",激活/缓存由调用者 dtype 决定；本轮 shape 场景假设 BF16,after_attn+ffn_out,https://github.com/deepseek-ai/DeepSeek-V3/blob/9b4e9788e4a3a731f7567338ed15d3ec549ce03b/inference/model.py#L720-L735,Block.forward,gh-deepseek-v3-inference-model-py,9b4e9788e4a3a731f7567338ed15d3ec549ce03b,derived,unknown,unknown,,MP=1; B=2; L_q=1; L_kv=8; start_pos=7; N_e=1 (动态代表例),
deepseek-ai/DeepSeek-V3,0,1,Dense,decode,absorb,attn_norm,Attention 前 RMSNorm,"x=[B,L_q,H]","x_norm=[B,L_q,H]","x=[2,1,7168]","x_norm=[2,1,7168]",激活/缓存由调用者 dtype 决定；本轮 shape 场景假设 BF16,"RMSNorm(x; gamma[H], eps)",https://github.com/deepseek-ai/DeepSeek-V3/blob/9b4e9788e4a3a731f7567338ed15d3ec549ce03b/inference/model.py#L720-L735,Block.forward,gh-deepseek-v3-inference-model-py,9b4e9788e4a3a731f7567338ed15d3ec549ce03b,derived,unknown,unknown,,MP=1; B=2; L_q=1; L_kv=8; start_pos=7; N_e=1 (动态代表例),
deepseek-ai/DeepSeek-V3,0,1,Dense,decode,absorb,q_a,Q 低秩下投影,"x_norm=[B,L_q,H]; W_qa=[R_q,H]","q_low=[B,L_q,R_q]","x_norm=[2,1,7168]; W_qa=[1536,7168]","q_low=[2,1,1536]",激活/缓存由调用者 dtype 决定；本轮 shape 场景假设 BF16,q_low=x_norm @ W_qa^T,https://github.com/deepseek-ai/DeepSeek-V3/blob/9b4e9788e4a3a731f7567338ed15d3ec549ce03b/inference/model.py#L446-L497,MLA.forward,gh-deepseek-v3-inference-model-py,9b4e9788e4a3a731f7567338ed15d3ec549ce03b,derived,unknown,unknown,,MP=1; B=2; L_q=1; L_kv=8; start_pos=7; N_e=1 (动态代表例),
deepseek-ai/DeepSeek-V3,0,1,Dense,decode,absorb,q_norm,Q 低秩 RMSNorm,"q_low=[B,L_q,R_q]","q_low_norm=[B,L_q,R_q]","q_low=[2,1,1536]","q_low_norm=[2,1,1536]",激活/缓存由调用者 dtype 决定；本轮 shape 场景假设 BF16,RMSNorm(q_low; gamma[R_q]),https://github.com/deepseek-ai/DeepSeek-V3/blob/9b4e9788e4a3a731f7567338ed15d3ec549ce03b/inference/model.py#L446-L497,MLA.forward,gh-deepseek-v3-inference-model-py,9b4e9788e4a3a731f7567338ed15d3ec549ce03b,derived,unknown,unknown,,MP=1; B=2; L_q=1; L_kv=8; start_pos=7; N_e=1 (动态代表例),
deepseek-ai/DeepSeek-V3,0,1,Dense,decode,absorb,q_b,Q 上投影,"q_low_norm=[B,L_q,R_q]; W_qb=[N_head*(D_nope+D_rope),R_q]","q_flat=[B,L_q,N_head*(D_nope+D_rope)]","q_low_norm=[2,1,1536]; W_qb=[24576,1536]","q_flat=[2,1,24576]",激活/缓存由调用者 dtype 决定；本轮 shape 场景假设 BF16,q_flat=q_low_norm @ W_qb^T,https://github.com/deepseek-ai/DeepSeek-V3/blob/9b4e9788e4a3a731f7567338ed15d3ec549ce03b/inference/model.py#L446-L497,MLA.forward,gh-deepseek-v3-inference-model-py,9b4e9788e4a3a731f7567338ed15d3ec549ce03b,derived,unknown,unknown,,MP=1; B=2; L_q=1; L_kv=8; start_pos=7; N_e=1 (动态代表例),
deepseek-ai/DeepSeek-V3,0,1,Dense,decode,absorb,q_view,Q heads reshape,"q_flat=[B,L_q,N_head*(D_nope+D_rope)]","q=[B,L_q,N_head,D_nope+D_rope]","q_flat=[2,1,24576]","q=[2,1,128,192]",激活/缓存由调用者 dtype 决定；本轮 shape 场景假设 BF16,reshape q_flat to heads,https://github.com/deepseek-ai/DeepSeek-V3/blob/9b4e9788e4a3a731f7567338ed15d3ec549ce03b/inference/model.py#L446-L497,MLA.forward,gh-deepseek-v3-inference-model-py,9b4e9788e4a3a731f7567338ed15d3ec549ce03b,derived,unknown,unknown,,MP=1; B=2; L_q=1; L_kv=8; start_pos=7; N_e=1 (动态代表例),
deepseek-ai/DeepSeek-V3,0,1,Dense,decode,absorb,q_split,拆分 Q NoPE 与 RoPE,"q=[B,L_q,N_head,D_nope+D_rope]","q_nope=[B,L_q,N_head,D_nope]; q_pe=[B,L_q,N_head,D_rope]","q=[2,1,128,192]","q_nope=[2,1,128,128]; q_pe=[2,1,128,64]",激活/缓存由调用者 dtype 决定；本轮 shape 场景假设 BF16,"split last axis [D_nope,D_rope]",https://github.com/deepseek-ai/DeepSeek-V3/blob/9b4e9788e4a3a731f7567338ed15d3ec549ce03b/inference/model.py#L446-L497,MLA.forward,gh-deepseek-v3-inference-model-py,9b4e9788e4a3a731f7567338ed15d3ec549ce03b,derived,unknown,unknown,,MP=1; B=2; L_q=1; L_kv=8; start_pos=7; N_e=1 (动态代表例),
deepseek-ai/DeepSeek-V3,0,1,Dense,decode,absorb,q_rope,Q 位置旋转,"q_pe=[B,L_q,N_head,D_rope]","q_rot=[B,L_q,N_head,D_rope]","q_pe=[2,1,128,64]","q_rot=[2,1,128,64]",旋转先转 FP32/complex，返回输入 dtype,"apply_rotary_emb(q_pe, freqs_cis)",https://github.com/deepseek-ai/DeepSeek-V3/blob/9b4e9788e4a3a731f7567338ed15d3ec549ce03b/inference/model.py#L446-L497,MLA.forward,gh-deepseek-v3-inference-model-py,9b4e9788e4a3a731f7567338ed15d3ec549ce03b,derived,unknown,unknown,,MP=1; B=2; L_q=1; L_kv=8; start_pos=7; N_e=1 (动态代表例),位置频率切片不是可训练矩阵
deepseek-ai/DeepSeek-V3,0,1,Dense,decode,absorb,kv_a,KV 低秩及共享位置投影,"x_norm=[B,L_q,H]; W_kva=[R_kv+D_rope,H]","kv_joint=[B,L_q,R_kv+D_rope]","x_norm=[2,1,7168]; W_kva=[576,7168]","kv_joint=[2,1,576]",激活/缓存由调用者 dtype 决定；本轮 shape 场景假设 BF16,kv_joint=x_norm @ W_kva^T,https://github.com/deepseek-ai/DeepSeek-V3/blob/9b4e9788e4a3a731f7567338ed15d3ec549ce03b/inference/model.py#L446-L497,MLA.forward,gh-deepseek-v3-inference-model-py,9b4e9788e4a3a731f7567338ed15d3ec549ce03b,derived,unknown,unknown,,MP=1; B=2; L_q=1; L_kv=8; start_pos=7; N_e=1 (动态代表例),
deepseek-ai/DeepSeek-V3,0,1,Dense,decode,absorb,kv_split,拆分潜变量与共享位置 Key,"kv_joint=[B,L_q,R_kv+D_rope]","kv_low=[B,L_q,R_kv]; k_pe=[B,L_q,D_rope]","kv_joint=[2,1,576]","kv_low=[2,1,512]; k_pe=[2,1,64]",激活/缓存由调用者 dtype 决定；本轮 shape 场景假设 BF16,"split last axis [R_kv,D_rope]",https://github.com/deepseek-ai/DeepSeek-V3/blob/9b4e9788e4a3a731f7567338ed15d3ec549ce03b/inference/model.py#L446-L497,MLA.forward,gh-deepseek-v3-inference-model-py,9b4e9788e4a3a731f7567338ed15d3ec549ce03b,derived,unknown,unknown,,MP=1; B=2; L_q=1; L_kv=8; start_pos=7; N_e=1 (动态代表例),
deepseek-ai/DeepSeek-V3,0,1,Dense,decode,absorb,k_unsqueeze,为共享位置 Key 增加 head 轴,"k_pe=[B,L_q,D_rope]","k_pe_single=[B,L_q,1,D_rope]","k_pe=[2,1,64]","k_pe_single=[2,1,1,64]",激活/缓存由调用者 dtype 决定；本轮 shape 场景假设 BF16,unsqueeze head axis=2,https://github.com/deepseek-ai/DeepSeek-V3/blob/9b4e9788e4a3a731f7567338ed15d3ec549ce03b/inference/model.py#L446-L497,MLA.forward,gh-deepseek-v3-inference-model-py,9b4e9788e4a3a731f7567338ed15d3ec549ce03b,derived,unknown,unknown,,MP=1; B=2; L_q=1; L_kv=8; start_pos=7; N_e=1 (动态代表例),
deepseek-ai/DeepSeek-V3,0,1,Dense,decode,absorb,k_rope,共享 Key 位置旋转,"k_pe_single=[B,L_q,1,D_rope]","k_rot_single=[B,L_q,1,D_rope]","k_pe_single=[2,1,1,64]","k_rot_single=[2,1,1,64]",旋转先转 FP32/complex，返回输入 dtype,"apply_rotary_emb(k_pe.unsqueeze(2), freqs_cis)",https://github.com/deepseek-ai/DeepSeek-V3/blob/9b4e9788e4a3a731f7567338ed15d3ec549ce03b/inference/model.py#L446-L497,MLA.forward,gh-deepseek-v3-inference-model-py,9b4e9788e4a3a731f7567338ed15d3ec549ce03b,derived,unknown,unknown,,MP=1; B=2; L_q=1; L_kv=8; start_pos=7; N_e=1 (动态代表例),
deepseek-ai/DeepSeek-V3,0,1,Dense,decode,absorb,k_squeeze,共享位置 Key 去掉单 head 轴,"k_rot_single=[B,L_q,1,D_rope]","k_rot=[B,L_q,D_rope]","k_rot_single=[2,1,1,64]","k_rot=[2,1,64]",激活/缓存由调用者 dtype 决定；本轮 shape 场景假设 BF16,squeeze head axis for compressed positional cache,https://github.com/deepseek-ai/DeepSeek-V3/blob/9b4e9788e4a3a731f7567338ed15d3ec549ce03b/inference/model.py#L446-L497,MLA.forward,gh-deepseek-v3-inference-model-py,9b4e9788e4a3a731f7567338ed15d3ec549ce03b,derived,unknown,unknown,,MP=1; B=2; L_q=1; L_kv=8; start_pos=7; N_e=1 (动态代表例),
deepseek-ai/DeepSeek-V3,0,1,Dense,decode,absorb,kv_norm,KV 低秩 RMSNorm,"kv_low=[B,L_q,R_kv]","c_new=[B,L_q,R_kv]","kv_low=[2,1,512]","c_new=[2,1,512]",激活/缓存由调用者 dtype 决定；本轮 shape 场景假设 BF16,RMSNorm(kv_low; gamma[R_kv]),https://github.com/deepseek-ai/DeepSeek-V3/blob/9b4e9788e4a3a731f7567338ed15d3ec549ce03b/inference/model.py#L446-L497,MLA.forward,gh-deepseek-v3-inference-model-py,9b4e9788e4a3a731f7567338ed15d3ec549ce03b,derived,unknown,unknown,,MP=1; B=2; L_q=1; L_kv=8; start_pos=7; N_e=1 (动态代表例),
deepseek-ai/DeepSeek-V3,0,1,Dense,decode,absorb,absorb_weight,按需解量化 KV 上投影并分头,"W_kvb=[N_head*(D_nope+D_v),R_kv]","W_kvb_heads=[N_head,D_nope+D_v,R_kv]","W_kvb=[32768,512]","W_kvb_heads=[128,256,512]",FP8 条件分支解量化到 torch.get_default_dtype(),weight_dequant iff scale exists; view heads,https://github.com/deepseek-ai/DeepSeek-V3/blob/9b4e9788e4a3a731f7567338ed15d3ec549ce03b/inference/model.py#L446-L497,MLA.forward,gh-deepseek-v3-inference-model-py,9b4e9788e4a3a731f7567338ed15d3ec549ce03b,derived,unknown,unknown,,MP=1; B=2; L_q=1; L_kv=8; start_pos=7; N_e=1 (动态代表例),不假设预先缓存了反量化权重；源码每次进入该分支进行条件处理
deepseek-ai/DeepSeek-V3,0,1,Dense,decode,absorb,absorb_weight_split,区分潜变量 Key/Value 权重,"W_kvb_heads=[N_head,D_nope+D_v,R_kv]","W_k=[N_head,D_nope,R_kv]; W_v=[N_head,D_v,R_kv]","W_kvb_heads=[128,256,512]","W_k=[128,128,512]; W_v=[128,128,512]",激活/缓存由调用者 dtype 决定；本轮 shape 场景假设 BF16,slice key prefix and value suffix along axis 1,https://github.com/deepseek-ai/DeepSeek-V3/blob/9b4e9788e4a3a731f7567338ed15d3ec549ce03b/inference/model.py#L446-L497,MLA.forward,gh-deepseek-v3-inference-model-py,9b4e9788e4a3a731f7567338ed15d3ec549ce03b,derived,unknown,unknown,,MP=1; B=2; L_q=1; L_kv=8; start_pos=7; N_e=1 (动态代表例),
deepseek-ai/DeepSeek-V3,0,1,Dense,decode,absorb,q_absorb,将 Key 上投影吸收到 Query,"q_nope=[B,L_q,N_head,D_nope]; W_k=[N_head,D_nope,R_kv]","q_abs=[B,L_q,N_head,R_kv]","q_nope=[2,1,128,128]; W_k=[128,128,512]","q_abs=[2,1,128,512]",激活/缓存由调用者 dtype 决定；本轮 shape 场景假设 BF16,"einsum(bqhd,hdc->bqhc)",https://github.com/deepseek-ai/DeepSeek-V3/blob/9b4e9788e4a3a731f7567338ed15d3ec549ce03b/inference/model.py#L446-L497,MLA.forward,gh-deepseek-v3-inference-model-py,9b4e9788e4a3a731f7567338ed15d3ec549ce03b,derived,unknown,unknown,,MP=1; B=2; L_q=1; L_kv=8; start_pos=7; N_e=1 (动态代表例),
deepseek-ai/DeepSeek-V3,0,1,Dense,decode,absorb,latent_cache,写归一化 KV 潜变量 cache,"c_new=[B,L_q,R_kv]","c_cache=[B,L_kv,R_kv]","c_new=[2,1,512]","c_cache=[2,8,512]",激活/缓存由调用者 dtype 决定；本轮 shape 场景假设 BF16,"cache normalized low-rank KV, not expanded K/V",https://github.com/deepseek-ai/DeepSeek-V3/blob/9b4e9788e4a3a731f7567338ed15d3ec549ce03b/inference/model.py#L446-L497,MLA.forward,gh-deepseek-v3-inference-model-py,9b4e9788e4a3a731f7567338ed15d3ec549ce03b,derived,unknown,unknown,,MP=1; B=2; L_q=1; L_kv=8; start_pos=7; N_e=1 (动态代表例),
deepseek-ai/DeepSeek-V3,0,1,Dense,decode,absorb,pe_cache,写共享位置 cache,"k_rot=[B,L_q,D_rope]","pe_cache=[B,L_kv,D_rope]","k_rot=[2,1,64]","pe_cache=[2,8,64]",激活/缓存由调用者 dtype 决定；本轮 shape 场景假设 BF16,cache rotated shared positional key,https://github.com/deepseek-ai/DeepSeek-V3/blob/9b4e9788e4a3a731f7567338ed15d3ec549ce03b/inference/model.py#L446-L497,MLA.forward,gh-deepseek-v3-inference-model-py,9b4e9788e4a3a731f7567338ed15d3ec549ce03b,derived,unknown,unknown,,MP=1; B=2; L_q=1; L_kv=8; start_pos=7; N_e=1 (动态代表例),
deepseek-ai/DeepSeek-V3,0,1,Dense,decode,absorb,latent_score,潜变量打分,"q_abs=[B,L_q,N_head,R_kv]; c_cache=[B,L_kv,R_kv]","score_nope=[B,L_q,N_head,L_kv]","q_abs=[2,1,128,512]; c_cache=[2,8,512]","score_nope=[2,1,128,8]",激活/缓存由调用者 dtype 决定；本轮 shape 场景假设 BF16,"einsum(bqhc,bsc->bqhs)",https://github.com/deepseek-ai/DeepSeek-V3/blob/9b4e9788e4a3a731f7567338ed15d3ec549ce03b/inference/model.py#L446-L497,MLA.forward,gh-deepseek-v3-inference-model-py,9b4e9788e4a3a731f7567338ed15d3ec549ce03b,derived,unknown,unknown,,MP=1; B=2; L_q=1; L_kv=8; start_pos=7; N_e=1 (动态代表例),
deepseek-ai/DeepSeek-V3,0,1,Dense,decode,absorb,rope_score,共享位置打分,"q_rot=[B,L_q,N_head,D_rope]; pe_cache=[B,L_kv,D_rope]","score_rope=[B,L_q,N_head,L_kv]","q_rot=[2,1,128,64]; pe_cache=[2,8,64]","score_rope=[2,1,128,8]",激活/缓存由调用者 dtype 决定；本轮 shape 场景假设 BF16,"einsum(bqhr,bsr->bqhs)",https://github.com/deepseek-ai/DeepSeek-V3/blob/9b4e9788e4a3a731f7567338ed15d3ec549ce03b/inference/model.py#L446-L497,MLA.forward,gh-deepseek-v3-inference-model-py,9b4e9788e4a3a731f7567338ed15d3ec549ce03b,derived,unknown,unknown,,MP=1; B=2; L_q=1; L_kv=8; start_pos=7; N_e=1 (动态代表例),
deepseek-ai/DeepSeek-V3,0,1,Dense,decode,absorb,score_combine,合并两路 attention 分数,"score_nope=[B,L_q,N_head,L_kv]; score_rope=[B,L_q,N_head,L_kv]","scores=[B,L_q,N_head,L_kv]","score_nope=[2,1,128,8]; score_rope=[2,1,128,8]","scores=[2,1,128,8]",激活/缓存由调用者 dtype 决定；本轮 shape 场景假设 BF16,alpha*(score_nope+score_rope),https://github.com/deepseek-ai/DeepSeek-V3/blob/9b4e9788e4a3a731f7567338ed15d3ec549ce03b/inference/model.py#L446-L497,MLA.forward,gh-deepseek-v3-inference-model-py,9b4e9788e4a3a731f7567338ed15d3ec549ce03b,derived,unknown,unknown,,MP=1; B=2; L_q=1; L_kv=8; start_pos=7; N_e=1 (动态代表例),
deepseek-ai/DeepSeek-V3,0,1,Dense,decode,absorb,attention_prob,Mask 与 attention softmax,"scores=[B,L_q,N_head,L_kv]","prob=[B,L_q,N_head,L_kv]","scores=[2,1,128,8]","prob=[2,1,128,8]",softmax 显式 FP32，然后 type_as(x),"initial prefill adds causal [L_q,L_q] mask; decode L_q=1 mask=None; softmax over L_kv",https://github.com/deepseek-ai/DeepSeek-V3/blob/9b4e9788e4a3a731f7567338ed15d3ec549ce03b/inference/model.py#L446-L497,MLA.forward,gh-deepseek-v3-inference-model-py,9b4e9788e4a3a731f7567338ed15d3ec549ce03b,derived,unknown,unknown,,MP=1; B=2; L_q=1; L_kv=8; start_pos=7; N_e=1 (动态代表例),本轮 prefill 为 start_pos=0；不声称支持带历史 chunked prefill 的方形 mask
deepseek-ai/DeepSeek-V3,0,1,Dense,decode,absorb,latent_context,潜变量加权聚合,"prob=[B,L_q,N_head,L_kv]; c_cache=[B,L_kv,R_kv]","latent_context=[B,L_q,N_head,R_kv]","prob=[2,1,128,8]; c_cache=[2,8,512]","latent_context=[2,1,128,512]",激活/缓存由调用者 dtype 决定；本轮 shape 场景假设 BF16,"einsum(bqhs,bsc->bqhc)",https://github.com/deepseek-ai/DeepSeek-V3/blob/9b4e9788e4a3a731f7567338ed15d3ec549ce03b/inference/model.py#L446-L497,MLA.forward,gh-deepseek-v3-inference-model-py,9b4e9788e4a3a731f7567338ed15d3ec549ce03b,derived,unknown,unknown,,MP=1; B=2; L_q=1; L_kv=8; start_pos=7; N_e=1 (动态代表例),
deepseek-ai/DeepSeek-V3,0,1,Dense,decode,absorb,value_expand,聚合后 Value 上投影,"latent_context=[B,L_q,N_head,R_kv]; W_v=[N_head,D_v,R_kv]","attn_heads=[B,L_q,N_head,D_v]","latent_context=[2,1,128,512]; W_v=[128,128,512]","attn_heads=[2,1,128,128]",激活/缓存由调用者 dtype 决定；本轮 shape 场景假设 BF16,"einsum(bqhc,hdc->bqhd)",https://github.com/deepseek-ai/DeepSeek-V3/blob/9b4e9788e4a3a731f7567338ed15d3ec549ce03b/inference/model.py#L446-L497,MLA.forward,gh-deepseek-v3-inference-model-py,9b4e9788e4a3a731f7567338ed15d3ec549ce03b,derived,unknown,unknown,,MP=1; B=2; L_q=1; L_kv=8; start_pos=7; N_e=1 (动态代表例),
deepseek-ai/DeepSeek-V3,0,1,Dense,decode,absorb,attn_flatten,合并 attention heads,"attn_heads=[B,L_q,N_head,D_v]","attn_flat=[B,L_q,N_head*D_v]","attn_heads=[2,1,128,128]","attn_flat=[2,1,16384]",激活/缓存由调用者 dtype 决定；本轮 shape 场景假设 BF16,flatten head and value axes,https://github.com/deepseek-ai/DeepSeek-V3/blob/9b4e9788e4a3a731f7567338ed15d3ec549ce03b/inference/model.py#L446-L497,MLA.forward,gh-deepseek-v3-inference-model-py,9b4e9788e4a3a731f7567338ed15d3ec549ce03b,derived,unknown,unknown,,MP=1; B=2; L_q=1; L_kv=8; start_pos=7; N_e=1 (动态代表例),
deepseek-ai/DeepSeek-V3,0,1,Dense,decode,absorb,o_proj,Attention 输出投影,"attn_flat=[B,L_q,N_head*D_v]; W_o=[H,N_head*D_v]","attn_out=[B,L_q,H]","attn_flat=[2,1,16384]; W_o=[7168,16384]","attn_out=[2,1,7168]",激活/缓存由调用者 dtype 决定；本轮 shape 场景假设 BF16,attn_out=attn_flat @ W_o^T,https://github.com/deepseek-ai/DeepSeek-V3/blob/9b4e9788e4a3a731f7567338ed15d3ec549ce03b/inference/model.py#L446-L497,MLA.forward,gh-deepseek-v3-inference-model-py,9b4e9788e4a3a731f7567338ed15d3ec549ce03b,derived,unknown,unknown,,MP=1; B=2; L_q=1; L_kv=8; start_pos=7; N_e=1 (动态代表例),
deepseek-ai/DeepSeek-V3,0,1,Dense,decode,absorb,attn_residual,Attention 残差相加,"x=[B,L_q,H]; attn_out=[B,L_q,H]","after_attn=[B,L_q,H]","x=[2,1,7168]; attn_out=[2,1,7168]","after_attn=[2,1,7168]",激活/缓存由调用者 dtype 决定；本轮 shape 场景假设 BF16,after_attn=x+attn_out,https://github.com/deepseek-ai/DeepSeek-V3/blob/9b4e9788e4a3a731f7567338ed15d3ec549ce03b/inference/model.py#L720-L735,Block.forward,gh-deepseek-v3-inference-model-py,9b4e9788e4a3a731f7567338ed15d3ec549ce03b,derived,unknown,unknown,,MP=1; B=2; L_q=1; L_kv=8; start_pos=7; N_e=1 (动态代表例),
deepseek-ai/DeepSeek-V3,0,1,Dense,decode,absorb,ffn_norm,FFN 前 RMSNorm,"after_attn=[B,L_q,H]","ffn_input=[B,L_q,H]","after_attn=[2,1,7168]","ffn_input=[2,1,7168]",激活/缓存由调用者 dtype 决定；本轮 shape 场景假设 BF16,"RMSNorm(after_attn; gamma[H], eps)",https://github.com/deepseek-ai/DeepSeek-V3/blob/9b4e9788e4a3a731f7567338ed15d3ec549ce03b/inference/model.py#L720-L735,Block.forward,gh-deepseek-v3-inference-model-py,9b4e9788e4a3a731f7567338ed15d3ec549ce03b,derived,unknown,unknown,,MP=1; B=2; L_q=1; L_kv=8; start_pos=7; N_e=1 (动态代表例),
deepseek-ai/DeepSeek-V3,0,1,Dense,decode,absorb,dense_gate,Dense gate 投影,"ffn_input=[B,L_q,H]; W_gate=[I_dense,H]","g=[B,L_q,I_dense]","ffn_input=[2,1,7168]; W_gate=[18432,7168]","g=[2,1,18432]",激活/缓存由调用者 dtype 决定；本轮 shape 场景假设 BF16,g=ffn_input @ W_gate^T,https://github.com/deepseek-ai/DeepSeek-V3/blob/9b4e9788e4a3a731f7567338ed15d3ec549ce03b/inference/model.py#L522-L532,MLP.forward,gh-deepseek-v3-inference-model-py,9b4e9788e4a3a731f7567338ed15d3ec549ce03b,derived,unknown,unknown,,MP=1; B=2; L_q=1; L_kv=8; start_pos=7; N_e=1 (动态代表例),
deepseek-ai/DeepSeek-V3,0,1,Dense,decode,absorb,dense_up,Dense up 投影,"ffn_input=[B,L_q,H]; W_up=[I_dense,H]","u=[B,L_q,I_dense]","ffn_input=[2,1,7168]; W_up=[18432,7168]","u=[2,1,18432]",激活/缓存由调用者 dtype 决定；本轮 shape 场景假设 BF16,u=ffn_input @ W_up^T,https://github.com/deepseek-ai/DeepSeek-V3/blob/9b4e9788e4a3a731f7567338ed15d3ec549ce03b/inference/model.py#L522-L532,MLP.forward,gh-deepseek-v3-inference-model-py,9b4e9788e4a3a731f7567338ed15d3ec549ce03b,derived,unknown,unknown,,MP=1; B=2; L_q=1; L_kv=8; start_pos=7; N_e=1 (动态代表例),
deepseek-ai/DeepSeek-V3,0,1,Dense,decode,absorb,dense_activation,Dense SwiGLU,"g=[B,L_q,I_dense]; u=[B,L_q,I_dense]","gu=[B,L_q,I_dense]","g=[2,1,18432]; u=[2,1,18432]","gu=[2,1,18432]",激活/缓存由调用者 dtype 决定；本轮 shape 场景假设 BF16,SiLU(g)*u,https://github.com/deepseek-ai/DeepSeek-V3/blob/9b4e9788e4a3a731f7567338ed15d3ec549ce03b/inference/model.py#L522-L532,MLP.forward,gh-deepseek-v3-inference-model-py,9b4e9788e4a3a731f7567338ed15d3ec549ce03b,derived,unknown,unknown,,MP=1; B=2; L_q=1; L_kv=8; start_pos=7; N_e=1 (动态代表例),
deepseek-ai/DeepSeek-V3,0,1,Dense,decode,absorb,dense_down,Dense down 投影,"gu=[B,L_q,I_dense]; W_down=[H,I_dense]","ffn_out=[B,L_q,H]","gu=[2,1,18432]; W_down=[7168,18432]","ffn_out=[2,1,7168]",激活/缓存由调用者 dtype 决定；本轮 shape 场景假设 BF16,gu @ W_down^T,https://github.com/deepseek-ai/DeepSeek-V3/blob/9b4e9788e4a3a731f7567338ed15d3ec549ce03b/inference/model.py#L522-L532,MLP.forward,gh-deepseek-v3-inference-model-py,9b4e9788e4a3a731f7567338ed15d3ec549ce03b,derived,unknown,unknown,,MP=1; B=2; L_q=1; L_kv=8; start_pos=7; N_e=1 (动态代表例),
deepseek-ai/DeepSeek-V3,0,1,Dense,decode,absorb,ffn_residual,FFN 残差相加,"after_attn=[B,L_q,H]; ffn_out=[B,L_q,H]","layer_out=[B,L_q,H]","after_attn=[2,1,7168]; ffn_out=[2,1,7168]","layer_out=[2,1,7168]",激活/缓存由调用者 dtype 决定；本轮 shape 场景假设 BF16,after_attn+ffn_out,https://github.com/deepseek-ai/DeepSeek-V3/blob/9b4e9788e4a3a731f7567338ed15d3ec549ce03b/inference/model.py#L720-L735,Block.forward,gh-deepseek-v3-inference-model-py,9b4e9788e4a3a731f7567338ed15d3ec549ce03b,derived,unknown,unknown,,MP=1; B=2; L_q=1; L_kv=8; start_pos=7; N_e=1 (动态代表例),
deepseek-ai/DeepSeek-V3,3,4,MoE,prefill,naive,attn_norm,Attention 前 RMSNorm,"x=[B,L_q,H]","x_norm=[B,L_q,H]","x=[2,4,7168]","x_norm=[2,4,7168]",激活/缓存由调用者 dtype 决定；本轮 shape 场景假设 BF16,"RMSNorm(x; gamma[H], eps)",https://github.com/deepseek-ai/DeepSeek-V3/blob/9b4e9788e4a3a731f7567338ed15d3ec549ce03b/inference/model.py#L720-L735,Block.forward,gh-deepseek-v3-inference-model-py,9b4e9788e4a3a731f7567338ed15d3ec549ce03b,derived,unknown,unknown,,MP=1; B=2; L_q=4; L_kv=4; start_pos=0; N_e=1 (动态代表例),
deepseek-ai/DeepSeek-V3,3,4,MoE,prefill,naive,q_a,Q 低秩下投影,"x_norm=[B,L_q,H]; W_qa=[R_q,H]","q_low=[B,L_q,R_q]","x_norm=[2,4,7168]; W_qa=[1536,7168]","q_low=[2,4,1536]",激活/缓存由调用者 dtype 决定；本轮 shape 场景假设 BF16,q_low=x_norm @ W_qa^T,https://github.com/deepseek-ai/DeepSeek-V3/blob/9b4e9788e4a3a731f7567338ed15d3ec549ce03b/inference/model.py#L446-L497,MLA.forward,gh-deepseek-v3-inference-model-py,9b4e9788e4a3a731f7567338ed15d3ec549ce03b,derived,unknown,unknown,,MP=1; B=2; L_q=4; L_kv=4; start_pos=0; N_e=1 (动态代表例),
deepseek-ai/DeepSeek-V3,3,4,MoE,prefill,naive,q_norm,Q 低秩 RMSNorm,"q_low=[B,L_q,R_q]","q_low_norm=[B,L_q,R_q]","q_low=[2,4,1536]","q_low_norm=[2,4,1536]",激活/缓存由调用者 dtype 决定；本轮 shape 场景假设 BF16,RMSNorm(q_low; gamma[R_q]),https://github.com/deepseek-ai/DeepSeek-V3/blob/9b4e9788e4a3a731f7567338ed15d3ec549ce03b/inference/model.py#L446-L497,MLA.forward,gh-deepseek-v3-inference-model-py,9b4e9788e4a3a731f7567338ed15d3ec549ce03b,derived,unknown,unknown,,MP=1; B=2; L_q=4; L_kv=4; start_pos=0; N_e=1 (动态代表例),
deepseek-ai/DeepSeek-V3,3,4,MoE,prefill,naive,q_b,Q 上投影,"q_low_norm=[B,L_q,R_q]; W_qb=[N_head*(D_nope+D_rope),R_q]","q_flat=[B,L_q,N_head*(D_nope+D_rope)]","q_low_norm=[2,4,1536]; W_qb=[24576,1536]","q_flat=[2,4,24576]",激活/缓存由调用者 dtype 决定；本轮 shape 场景假设 BF16,q_flat=q_low_norm @ W_qb^T,https://github.com/deepseek-ai/DeepSeek-V3/blob/9b4e9788e4a3a731f7567338ed15d3ec549ce03b/inference/model.py#L446-L497,MLA.forward,gh-deepseek-v3-inference-model-py,9b4e9788e4a3a731f7567338ed15d3ec549ce03b,derived,unknown,unknown,,MP=1; B=2; L_q=4; L_kv=4; start_pos=0; N_e=1 (动态代表例),
deepseek-ai/DeepSeek-V3,3,4,MoE,prefill,naive,q_view,Q heads reshape,"q_flat=[B,L_q,N_head*(D_nope+D_rope)]","q=[B,L_q,N_head,D_nope+D_rope]","q_flat=[2,4,24576]","q=[2,4,128,192]",激活/缓存由调用者 dtype 决定；本轮 shape 场景假设 BF16,reshape q_flat to heads,https://github.com/deepseek-ai/DeepSeek-V3/blob/9b4e9788e4a3a731f7567338ed15d3ec549ce03b/inference/model.py#L446-L497,MLA.forward,gh-deepseek-v3-inference-model-py,9b4e9788e4a3a731f7567338ed15d3ec549ce03b,derived,unknown,unknown,,MP=1; B=2; L_q=4; L_kv=4; start_pos=0; N_e=1 (动态代表例),
deepseek-ai/DeepSeek-V3,3,4,MoE,prefill,naive,q_split,拆分 Q NoPE 与 RoPE,"q=[B,L_q,N_head,D_nope+D_rope]","q_nope=[B,L_q,N_head,D_nope]; q_pe=[B,L_q,N_head,D_rope]","q=[2,4,128,192]","q_nope=[2,4,128,128]; q_pe=[2,4,128,64]",激活/缓存由调用者 dtype 决定；本轮 shape 场景假设 BF16,"split last axis [D_nope,D_rope]",https://github.com/deepseek-ai/DeepSeek-V3/blob/9b4e9788e4a3a731f7567338ed15d3ec549ce03b/inference/model.py#L446-L497,MLA.forward,gh-deepseek-v3-inference-model-py,9b4e9788e4a3a731f7567338ed15d3ec549ce03b,derived,unknown,unknown,,MP=1; B=2; L_q=4; L_kv=4; start_pos=0; N_e=1 (动态代表例),
deepseek-ai/DeepSeek-V3,3,4,MoE,prefill,naive,q_rope,Q 位置旋转,"q_pe=[B,L_q,N_head,D_rope]","q_rot=[B,L_q,N_head,D_rope]","q_pe=[2,4,128,64]","q_rot=[2,4,128,64]",旋转先转 FP32/complex，返回输入 dtype,"apply_rotary_emb(q_pe, freqs_cis)",https://github.com/deepseek-ai/DeepSeek-V3/blob/9b4e9788e4a3a731f7567338ed15d3ec549ce03b/inference/model.py#L446-L497,MLA.forward,gh-deepseek-v3-inference-model-py,9b4e9788e4a3a731f7567338ed15d3ec549ce03b,derived,unknown,unknown,,MP=1; B=2; L_q=4; L_kv=4; start_pos=0; N_e=1 (动态代表例),位置频率切片不是可训练矩阵
deepseek-ai/DeepSeek-V3,3,4,MoE,prefill,naive,kv_a,KV 低秩及共享位置投影,"x_norm=[B,L_q,H]; W_kva=[R_kv+D_rope,H]","kv_joint=[B,L_q,R_kv+D_rope]","x_norm=[2,4,7168]; W_kva=[576,7168]","kv_joint=[2,4,576]",激活/缓存由调用者 dtype 决定；本轮 shape 场景假设 BF16,kv_joint=x_norm @ W_kva^T,https://github.com/deepseek-ai/DeepSeek-V3/blob/9b4e9788e4a3a731f7567338ed15d3ec549ce03b/inference/model.py#L446-L497,MLA.forward,gh-deepseek-v3-inference-model-py,9b4e9788e4a3a731f7567338ed15d3ec549ce03b,derived,unknown,unknown,,MP=1; B=2; L_q=4; L_kv=4; start_pos=0; N_e=1 (动态代表例),
deepseek-ai/DeepSeek-V3,3,4,MoE,prefill,naive,kv_split,拆分潜变量与共享位置 Key,"kv_joint=[B,L_q,R_kv+D_rope]","kv_low=[B,L_q,R_kv]; k_pe=[B,L_q,D_rope]","kv_joint=[2,4,576]","kv_low=[2,4,512]; k_pe=[2,4,64]",激活/缓存由调用者 dtype 决定；本轮 shape 场景假设 BF16,"split last axis [R_kv,D_rope]",https://github.com/deepseek-ai/DeepSeek-V3/blob/9b4e9788e4a3a731f7567338ed15d3ec549ce03b/inference/model.py#L446-L497,MLA.forward,gh-deepseek-v3-inference-model-py,9b4e9788e4a3a731f7567338ed15d3ec549ce03b,derived,unknown,unknown,,MP=1; B=2; L_q=4; L_kv=4; start_pos=0; N_e=1 (动态代表例),
deepseek-ai/DeepSeek-V3,3,4,MoE,prefill,naive,k_unsqueeze,为共享位置 Key 增加 head 轴,"k_pe=[B,L_q,D_rope]","k_pe_single=[B,L_q,1,D_rope]","k_pe=[2,4,64]","k_pe_single=[2,4,1,64]",激活/缓存由调用者 dtype 决定；本轮 shape 场景假设 BF16,unsqueeze head axis=2,https://github.com/deepseek-ai/DeepSeek-V3/blob/9b4e9788e4a3a731f7567338ed15d3ec549ce03b/inference/model.py#L446-L497,MLA.forward,gh-deepseek-v3-inference-model-py,9b4e9788e4a3a731f7567338ed15d3ec549ce03b,derived,unknown,unknown,,MP=1; B=2; L_q=4; L_kv=4; start_pos=0; N_e=1 (动态代表例),
deepseek-ai/DeepSeek-V3,3,4,MoE,prefill,naive,k_rope,共享 Key 位置旋转,"k_pe_single=[B,L_q,1,D_rope]","k_rot_single=[B,L_q,1,D_rope]","k_pe_single=[2,4,1,64]","k_rot_single=[2,4,1,64]",旋转先转 FP32/complex，返回输入 dtype,"apply_rotary_emb(k_pe.unsqueeze(2), freqs_cis)",https://github.com/deepseek-ai/DeepSeek-V3/blob/9b4e9788e4a3a731f7567338ed15d3ec549ce03b/inference/model.py#L446-L497,MLA.forward,gh-deepseek-v3-inference-model-py,9b4e9788e4a3a731f7567338ed15d3ec549ce03b,derived,unknown,unknown,,MP=1; B=2; L_q=4; L_kv=4; start_pos=0; N_e=1 (动态代表例),
deepseek-ai/DeepSeek-V3,3,4,MoE,prefill,naive,k_squeeze,共享位置 Key 去掉单 head 轴,"k_rot_single=[B,L_q,1,D_rope]","k_rot=[B,L_q,D_rope]","k_rot_single=[2,4,1,64]","k_rot=[2,4,64]",激活/缓存由调用者 dtype 决定；本轮 shape 场景假设 BF16,squeeze head axis for compressed positional cache,https://github.com/deepseek-ai/DeepSeek-V3/blob/9b4e9788e4a3a731f7567338ed15d3ec549ce03b/inference/model.py#L446-L497,MLA.forward,gh-deepseek-v3-inference-model-py,9b4e9788e4a3a731f7567338ed15d3ec549ce03b,derived,unknown,unknown,,MP=1; B=2; L_q=4; L_kv=4; start_pos=0; N_e=1 (动态代表例),
deepseek-ai/DeepSeek-V3,3,4,MoE,prefill,naive,kv_norm,KV 低秩 RMSNorm,"kv_low=[B,L_q,R_kv]","c_new=[B,L_q,R_kv]","kv_low=[2,4,512]","c_new=[2,4,512]",激活/缓存由调用者 dtype 决定；本轮 shape 场景假设 BF16,RMSNorm(kv_low; gamma[R_kv]),https://github.com/deepseek-ai/DeepSeek-V3/blob/9b4e9788e4a3a731f7567338ed15d3ec549ce03b/inference/model.py#L446-L497,MLA.forward,gh-deepseek-v3-inference-model-py,9b4e9788e4a3a731f7567338ed15d3ec549ce03b,derived,unknown,unknown,,MP=1; B=2; L_q=4; L_kv=4; start_pos=0; N_e=1 (动态代表例),
deepseek-ai/DeepSeek-V3,3,4,MoE,prefill,naive,kv_b,展开 KV 上投影,"c_new=[B,L_q,R_kv]; W_kvb=[N_head*(D_nope+D_v),R_kv]","kv_flat=[B,L_q,N_head*(D_nope+D_v)]","c_new=[2,4,512]; W_kvb=[32768,512]","kv_flat=[2,4,32768]",激活/缓存由调用者 dtype 决定；本轮 shape 场景假设 BF16,kv_flat=c_new @ W_kvb^T,https://github.com/deepseek-ai/DeepSeek-V3/blob/9b4e9788e4a3a731f7567338ed15d3ec549ce03b/inference/model.py#L446-L497,MLA.forward,gh-deepseek-v3-inference-model-py,9b4e9788e4a3a731f7567338ed15d3ec549ce03b,derived,unknown,unknown,,MP=1; B=2; L_q=4; L_kv=4; start_pos=0; N_e=1 (动态代表例),
deepseek-ai/DeepSeek-V3,3,4,MoE,prefill,naive,kv_view,展开 KV heads reshape,"kv_flat=[B,L_q,N_head*(D_nope+D_v)]","kv_heads=[B,L_q,N_head,D_nope+D_v]","kv_flat=[2,4,32768]","kv_heads=[2,4,128,256]",激活/缓存由调用者 dtype 决定；本轮 shape 场景假设 BF16,reshape kv_flat to heads,https://github.com/deepseek-ai/DeepSeek-V3/blob/9b4e9788e4a3a731f7567338ed15d3ec549ce03b/inference/model.py#L446-L497,MLA.forward,gh-deepseek-v3-inference-model-py,9b4e9788e4a3a731f7567338ed15d3ec549ce03b,derived,unknown,unknown,,MP=1; B=2; L_q=4; L_kv=4; start_pos=0; N_e=1 (动态代表例),
deepseek-ai/DeepSeek-V3,3,4,MoE,prefill,naive,kv_heads_split,拆分展开 Key 与 Value,"kv_heads=[B,L_q,N_head,D_nope+D_v]","k_nope=[B,L_q,N_head,D_nope]; v_new=[B,L_q,N_head,D_v]","kv_heads=[2,4,128,256]","k_nope=[2,4,128,128]; v_new=[2,4,128,128]",激活/缓存由调用者 dtype 决定；本轮 shape 场景假设 BF16,"split last axis [D_nope,D_v]",https://github.com/deepseek-ai/DeepSeek-V3/blob/9b4e9788e4a3a731f7567338ed15d3ec549ce03b/inference/model.py#L446-L497,MLA.forward,gh-deepseek-v3-inference-model-py,9b4e9788e4a3a731f7567338ed15d3ec549ce03b,derived,unknown,unknown,,MP=1; B=2; L_q=4; L_kv=4; start_pos=0; N_e=1 (动态代表例),
deepseek-ai/DeepSeek-V3,3,4,MoE,prefill,naive,k_broadcast,共享位置 Key 广播,"k_rot_single=[B,L_q,1,D_rope]","k_rot_heads=[B,L_q,N_head,D_rope]","k_rot_single=[2,4,1,64]","k_rot_heads=[2,4,128,64]",激活/缓存由调用者 dtype 决定；本轮 shape 场景假设 BF16,expand head axis without adding parameters,https://github.com/deepseek-ai/DeepSeek-V3/blob/9b4e9788e4a3a731f7567338ed15d3ec549ce03b/inference/model.py#L446-L497,MLA.forward,gh-deepseek-v3-inference-model-py,9b4e9788e4a3a731f7567338ed15d3ec549ce03b,derived,unknown,unknown,,MP=1; B=2; L_q=4; L_kv=4; start_pos=0; N_e=1 (动态代表例),
deepseek-ai/DeepSeek-V3,3,4,MoE,prefill,naive,k_concat,构造完整 Key,"k_nope=[B,L_q,N_head,D_nope]; k_rot_heads=[B,L_q,N_head,D_rope]","k_new=[B,L_q,N_head,D_nope+D_rope]","k_nope=[2,4,128,128]; k_rot_heads=[2,4,128,64]","k_new=[2,4,128,192]",激活/缓存由调用者 dtype 决定；本轮 shape 场景假设 BF16,concat NoPE and rotated Key,https://github.com/deepseek-ai/DeepSeek-V3/blob/9b4e9788e4a3a731f7567338ed15d3ec549ce03b/inference/model.py#L446-L497,MLA.forward,gh-deepseek-v3-inference-model-py,9b4e9788e4a3a731f7567338ed15d3ec549ce03b,derived,unknown,unknown,,MP=1; B=2; L_q=4; L_kv=4; start_pos=0; N_e=1 (动态代表例),
deepseek-ai/DeepSeek-V3,3,4,MoE,prefill,naive,q_concat,构造完整 Query,"q_nope=[B,L_q,N_head,D_nope]; q_rot=[B,L_q,N_head,D_rope]","q_full=[B,L_q,N_head,D_nope+D_rope]","q_nope=[2,4,128,128]; q_rot=[2,4,128,64]","q_full=[2,4,128,192]",激活/缓存由调用者 dtype 决定；本轮 shape 场景假设 BF16,concat NoPE and rotated Query,https://github.com/deepseek-ai/DeepSeek-V3/blob/9b4e9788e4a3a731f7567338ed15d3ec549ce03b/inference/model.py#L446-L497,MLA.forward,gh-deepseek-v3-inference-model-py,9b4e9788e4a3a731f7567338ed15d3ec549ce03b,derived,unknown,unknown,,MP=1; B=2; L_q=4; L_kv=4; start_pos=0; N_e=1 (动态代表例),
deepseek-ai/DeepSeek-V3,3,4,MoE,prefill,naive,k_cache,写展开 Key cache,"k_new=[B,L_q,N_head,D_nope+D_rope]","k_cache=[B,L_kv,N_head,D_nope+D_rope]","k_new=[2,4,128,192]","k_cache=[2,4,128,192]",激活/缓存由调用者 dtype 决定；本轮 shape 场景假设 BF16,write [start_pos:start_pos+L_q]; read active [:L_kv],https://github.com/deepseek-ai/DeepSeek-V3/blob/9b4e9788e4a3a731f7567338ed15d3ec549ce03b/inference/model.py#L446-L497,MLA.forward,gh-deepseek-v3-inference-model-py,9b4e9788e4a3a731f7567338ed15d3ec549ce03b,derived,unknown,unknown,,MP=1; B=2; L_q=4; L_kv=4; start_pos=0; N_e=1 (动态代表例),
deepseek-ai/DeepSeek-V3,3,4,MoE,prefill,naive,v_cache,写展开 Value cache,"v_new=[B,L_q,N_head,D_v]","v_cache=[B,L_kv,N_head,D_v]","v_new=[2,4,128,128]","v_cache=[2,4,128,128]",激活/缓存由调用者 dtype 决定；本轮 shape 场景假设 BF16,write active new values,https://github.com/deepseek-ai/DeepSeek-V3/blob/9b4e9788e4a3a731f7567338ed15d3ec549ce03b/inference/model.py#L446-L497,MLA.forward,gh-deepseek-v3-inference-model-py,9b4e9788e4a3a731f7567338ed15d3ec549ce03b,derived,unknown,unknown,,MP=1; B=2; L_q=4; L_kv=4; start_pos=0; N_e=1 (动态代表例),
deepseek-ai/DeepSeek-V3,3,4,MoE,prefill,naive,naive_scores,展开 QK 打分,"q_full=[B,L_q,N_head,D_nope+D_rope]; k_cache=[B,L_kv,N_head,D_nope+D_rope]","scores=[B,L_q,N_head,L_kv]","q_full=[2,4,128,192]; k_cache=[2,4,128,192]","scores=[2,4,128,4]",激活/缓存由调用者 dtype 决定；本轮 shape 场景假设 BF16,"scores=alpha*einsum(bqhd,bshd->bqhs)",https://github.com/deepseek-ai/DeepSeek-V3/blob/9b4e9788e4a3a731f7567338ed15d3ec549ce03b/inference/model.py#L446-L497,MLA.forward,gh-deepseek-v3-inference-model-py,9b4e9788e4a3a731f7567338ed15d3ec549ce03b,derived,unknown,unknown,,MP=1; B=2; L_q=4; L_kv=4; start_pos=0; N_e=1 (动态代表例),
deepseek-ai/DeepSeek-V3,3,4,MoE,prefill,naive,attention_prob,Mask 与 attention softmax,"scores=[B,L_q,N_head,L_kv]","prob=[B,L_q,N_head,L_kv]","scores=[2,4,128,4]","prob=[2,4,128,4]",softmax 显式 FP32，然后 type_as(x),"initial prefill adds causal [L_q,L_q] mask; decode L_q=1 mask=None; softmax over L_kv",https://github.com/deepseek-ai/DeepSeek-V3/blob/9b4e9788e4a3a731f7567338ed15d3ec549ce03b/inference/model.py#L446-L497,MLA.forward,gh-deepseek-v3-inference-model-py,9b4e9788e4a3a731f7567338ed15d3ec549ce03b,derived,unknown,unknown,,MP=1; B=2; L_q=4; L_kv=4; start_pos=0; N_e=1 (动态代表例),本轮 prefill 为 start_pos=0；不声称支持带历史 chunked prefill 的方形 mask
deepseek-ai/DeepSeek-V3,3,4,MoE,prefill,naive,naive_context,展开 Value 加权聚合,"prob=[B,L_q,N_head,L_kv]; v_cache=[B,L_kv,N_head,D_v]","attn_heads=[B,L_q,N_head,D_v]","prob=[2,4,128,4]; v_cache=[2,4,128,128]","attn_heads=[2,4,128,128]",激活/缓存由调用者 dtype 决定；本轮 shape 场景假设 BF16,"einsum(bqhs,bshd->bqhd)",https://github.com/deepseek-ai/DeepSeek-V3/blob/9b4e9788e4a3a731f7567338ed15d3ec549ce03b/inference/model.py#L446-L497,MLA.forward,gh-deepseek-v3-inference-model-py,9b4e9788e4a3a731f7567338ed15d3ec549ce03b,derived,unknown,unknown,,MP=1; B=2; L_q=4; L_kv=4; start_pos=0; N_e=1 (动态代表例),
deepseek-ai/DeepSeek-V3,3,4,MoE,prefill,naive,attn_flatten,合并 attention heads,"attn_heads=[B,L_q,N_head,D_v]","attn_flat=[B,L_q,N_head*D_v]","attn_heads=[2,4,128,128]","attn_flat=[2,4,16384]",激活/缓存由调用者 dtype 决定；本轮 shape 场景假设 BF16,flatten head and value axes,https://github.com/deepseek-ai/DeepSeek-V3/blob/9b4e9788e4a3a731f7567338ed15d3ec549ce03b/inference/model.py#L446-L497,MLA.forward,gh-deepseek-v3-inference-model-py,9b4e9788e4a3a731f7567338ed15d3ec549ce03b,derived,unknown,unknown,,MP=1; B=2; L_q=4; L_kv=4; start_pos=0; N_e=1 (动态代表例),
deepseek-ai/DeepSeek-V3,3,4,MoE,prefill,naive,o_proj,Attention 输出投影,"attn_flat=[B,L_q,N_head*D_v]; W_o=[H,N_head*D_v]","attn_out=[B,L_q,H]","attn_flat=[2,4,16384]; W_o=[7168,16384]","attn_out=[2,4,7168]",激活/缓存由调用者 dtype 决定；本轮 shape 场景假设 BF16,attn_out=attn_flat @ W_o^T,https://github.com/deepseek-ai/DeepSeek-V3/blob/9b4e9788e4a3a731f7567338ed15d3ec549ce03b/inference/model.py#L446-L497,MLA.forward,gh-deepseek-v3-inference-model-py,9b4e9788e4a3a731f7567338ed15d3ec549ce03b,derived,unknown,unknown,,MP=1; B=2; L_q=4; L_kv=4; start_pos=0; N_e=1 (动态代表例),
deepseek-ai/DeepSeek-V3,3,4,MoE,prefill,naive,attn_residual,Attention 残差相加,"x=[B,L_q,H]; attn_out=[B,L_q,H]","after_attn=[B,L_q,H]","x=[2,4,7168]; attn_out=[2,4,7168]","after_attn=[2,4,7168]",激活/缓存由调用者 dtype 决定；本轮 shape 场景假设 BF16,after_attn=x+attn_out,https://github.com/deepseek-ai/DeepSeek-V3/blob/9b4e9788e4a3a731f7567338ed15d3ec549ce03b/inference/model.py#L720-L735,Block.forward,gh-deepseek-v3-inference-model-py,9b4e9788e4a3a731f7567338ed15d3ec549ce03b,derived,unknown,unknown,,MP=1; B=2; L_q=4; L_kv=4; start_pos=0; N_e=1 (动态代表例),
deepseek-ai/DeepSeek-V3,3,4,MoE,prefill,naive,ffn_norm,FFN 前 RMSNorm,"after_attn=[B,L_q,H]","ffn_input=[B,L_q,H]","after_attn=[2,4,7168]","ffn_input=[2,4,7168]",激活/缓存由调用者 dtype 决定；本轮 shape 场景假设 BF16,"RMSNorm(after_attn; gamma[H], eps)",https://github.com/deepseek-ai/DeepSeek-V3/blob/9b4e9788e4a3a731f7567338ed15d3ec549ce03b/inference/model.py#L720-L735,Block.forward,gh-deepseek-v3-inference-model-py,9b4e9788e4a3a731f7567338ed15d3ec549ce03b,derived,unknown,unknown,,MP=1; B=2; L_q=4; L_kv=4; start_pos=0; N_e=1 (动态代表例),
deepseek-ai/DeepSeek-V3,3,4,MoE,prefill,naive,moe_flatten,MoE token 展平,"ffn_input=[B,L_q,H]","tokens=[N_tok,H]","ffn_input=[2,4,7168]","tokens=[8,7168]",激活/缓存由调用者 dtype 决定；本轮 shape 场景假设 BF16,N_tok=B*L_q for padded demo,https://github.com/deepseek-ai/DeepSeek-V3/blob/9b4e9788e4a3a731f7567338ed15d3ec549ce03b/inference/model.py#L669-L693,MoE.forward,gh-deepseek-v3-inference-model-py,9b4e9788e4a3a731f7567338ed15d3ec549ce03b,derived,unknown,unknown,,MP=1; B=2; L_q=4; L_kv=4; start_pos=0; N_e=1 (动态代表例),
deepseek-ai/DeepSeek-V3,3,4,MoE,prefill,naive,router_linear,路由打分投影,"tokens=[N_tok,H]; W_router=[E,H]","logits=[N_tok,E]","tokens=[8,7168]; W_router=[256,7168]","logits=[8,256]",demo 未显式转 FP32；HF MoEGate.forward 显式将输入与权重转 FP32,"linear(tokens,W_router)",https://github.com/deepseek-ai/DeepSeek-V3/blob/9b4e9788e4a3a731f7567338ed15d3ec549ce03b/inference/model.py#L566-L598,Gate.forward,gh-deepseek-v3-inference-model-py,9b4e9788e4a3a731f7567338ed15d3ec549ce03b,derived,unknown,unknown,,MP=1; B=2; L_q=4; L_kv=4; start_pos=0; N_e=1 (动态代表例),
deepseek-ai/DeepSeek-V3,3,4,MoE,prefill,naive,router_sigmoid,路由 sigmoid,"logits=[N_tok,E]","original_scores=[N_tok,E]","logits=[8,256]","original_scores=[8,256]",激活/缓存由调用者 dtype 决定；本轮 shape 场景假设 BF16,sigmoid(logits),https://github.com/deepseek-ai/DeepSeek-V3/blob/9b4e9788e4a3a731f7567338ed15d3ec549ce03b/inference/model.py#L566-L598,Gate.forward,gh-deepseek-v3-inference-model-py,9b4e9788e4a3a731f7567338ed15d3ec549ce03b,derived,unknown,unknown,,MP=1; B=2; L_q=4; L_kv=4; start_pos=0; N_e=1 (动态代表例),
deepseek-ai/DeepSeek-V3,3,4,MoE,prefill,naive,router_bias,选择分数加校正 bias,"original_scores=[N_tok,E]; correction_bias=[E]","choice_scores=[N_tok,E]","original_scores=[8,256]; correction_bias=[256]","choice_scores=[8,256]",demo correction bias 构造为 FP32；保留 original_scores 用于最终权重,selection only: original_scores+correction_bias,https://github.com/deepseek-ai/DeepSeek-V3/blob/9b4e9788e4a3a731f7567338ed15d3ec549ce03b/inference/model.py#L566-L598,Gate.forward,gh-deepseek-v3-inference-model-py,9b4e9788e4a3a731f7567338ed15d3ec549ce03b,derived,unknown,unknown,,MP=1; B=2; L_q=4; L_kv=4; start_pos=0; N_e=1 (动态代表例),
deepseek-ai/DeepSeek-V3,3,4,MoE,prefill,naive,group_view,路由分组,"choice_scores=[N_tok,E]","grouped=[N_tok,G,E//G]","choice_scores=[8,256]","grouped=[8,8,32]",激活/缓存由调用者 dtype 决定；本轮 shape 场景假设 BF16,reshape to G groups,https://github.com/deepseek-ai/DeepSeek-V3/blob/9b4e9788e4a3a731f7567338ed15d3ec549ce03b/inference/model.py#L566-L598,Gate.forward,gh-deepseek-v3-inference-model-py,9b4e9788e4a3a731f7567338ed15d3ec549ce03b,derived,unknown,unknown,,MP=1; B=2; L_q=4; L_kv=4; start_pos=0; N_e=1 (动态代表例),
deepseek-ai/DeepSeek-V3,3,4,MoE,prefill,naive,group_score,每组 top-2 分数求和,"grouped=[N_tok,G,E//G]","group_scores=[N_tok,G]","grouped=[8,8,32]","group_scores=[8,8]",激活/缓存由调用者 dtype 决定；本轮 shape 场景假设 BF16,"sum(topk(grouped,2),last_axis)",https://github.com/deepseek-ai/DeepSeek-V3/blob/9b4e9788e4a3a731f7567338ed15d3ec549ce03b/inference/model.py#L566-L598,Gate.forward,gh-deepseek-v3-inference-model-py,9b4e9788e4a3a731f7567338ed15d3ec549ce03b,derived,unknown,unknown,,MP=1; B=2; L_q=4; L_kv=4; start_pos=0; N_e=1 (动态代表例),
deepseek-ai/DeepSeek-V3,3,4,MoE,prefill,naive,group_topk,选择专家组,"group_scores=[N_tok,G]","selected_groups=[N_tok,G_keep]","group_scores=[8,8]","selected_groups=[8,4]",输出为整型 group indices；score 精度依输入路径,topk groups with G_keep=4,https://github.com/deepseek-ai/DeepSeek-V3/blob/9b4e9788e4a3a731f7567338ed15d3ec549ce03b/inference/model.py#L566-L598,Gate.forward,gh-deepseek-v3-inference-model-py,9b4e9788e4a3a731f7567338ed15d3ec549ce03b,derived,unknown,unknown,,MP=1; B=2; L_q=4; L_kv=4; start_pos=0; N_e=1 (动态代表例),
deepseek-ai/DeepSeek-V3,3,4,MoE,prefill,naive,group_mask,屏蔽未选择专家组,"choice_scores=[N_tok,E]; selected_groups=[N_tok,G_keep]","masked_choice=[N_tok,E]","choice_scores=[8,256]; selected_groups=[8,4]","masked_choice=[8,256]",激活/缓存由调用者 dtype 决定；本轮 shape 场景假设 BF16,unselected groups masked to -inf,https://github.com/deepseek-ai/DeepSeek-V3/blob/9b4e9788e4a3a731f7567338ed15d3ec549ce03b/inference/model.py#L566-L598,Gate.forward,gh-deepseek-v3-inference-model-py,9b4e9788e4a3a731f7567338ed15d3ec549ce03b,derived,unknown,unknown,,MP=1; B=2; L_q=4; L_kv=4; start_pos=0; N_e=1 (动态代表例),
deepseek-ai/DeepSeek-V3,3,4,MoE,prefill,naive,expert_topk,选择路由专家,"masked_choice=[N_tok,E]","indices=[N_tok,K]","masked_choice=[8,256]","indices=[8,8]",输出为整型 expert indices；score 精度依输入路径,topk masked_choice with K=8,https://github.com/deepseek-ai/DeepSeek-V3/blob/9b4e9788e4a3a731f7567338ed15d3ec549ce03b/inference/model.py#L566-L598,Gate.forward,gh-deepseek-v3-inference-model-py,9b4e9788e4a3a731f7567338ed15d3ec549ce03b,derived,unknown,unknown,,MP=1; B=2; L_q=4; L_kv=4; start_pos=0; N_e=1 (动态代表例),
deepseek-ai/DeepSeek-V3,3,4,MoE,prefill,naive,route_weights,取原分数、归一化与缩放,"original_scores=[N_tok,E]; indices=[N_tok,K]","route_weights=[N_tok,K]","original_scores=[8,256]; indices=[8,8]","route_weights=[8,8]",激活/缓存由调用者 dtype 决定；本轮 shape 场景假设 BF16,gather ORIGINAL scores; normalize sum; multiply 2.5; type_as(tokens),https://github.com/deepseek-ai/DeepSeek-V3/blob/9b4e9788e4a3a731f7567338ed15d3ec549ce03b/inference/model.py#L566-L598,Gate.forward,gh-deepseek-v3-inference-model-py,9b4e9788e4a3a731f7567338ed15d3ec549ce03b,derived,unknown,unknown,,MP=1; B=2; L_q=4; L_kv=4; start_pos=0; N_e=1 (动态代表例),correction bias 不进入最终归一化权重；HF 分母额外加 1e-20
deepseek-ai/DeepSeek-V3,3,4,MoE,prefill,naive,routed_init,初始化路由专家累加输出,"tokens=[N_tok,H]","routed_zero=[N_tok,H]","tokens=[8,7168]","routed_zero=[8,7168]",激活/缓存由调用者 dtype 决定；本轮 shape 场景假设 BF16,zeros_like(tokens),https://github.com/deepseek-ai/DeepSeek-V3/blob/9b4e9788e4a3a731f7567338ed15d3ec549ce03b/inference/model.py#L669-L693,MoE.forward,gh-deepseek-v3-inference-model-py,9b4e9788e4a3a731f7567338ed15d3ec549ce03b,derived,unknown,unknown,,MP=1; B=2; L_q=4; L_kv=4; start_pos=0; N_e=1 (动态代表例),
deepseek-ai/DeepSeek-V3,3,4,MoE,prefill,naive,dispatch,按专家 gather token,"tokens=[N_tok,H]; indices=[N_tok,K]","expert_tokens=[N_e,H]; expert_token_indices=[N_e]; expert_slots=[N_e]","tokens=[8,7168]; indices=[8,8]","expert_tokens=[1,7168]; expert_token_indices=[1]; expert_slots=[1]",expert_tokens 保持激活 dtype；token/slot indices 为整型,"bincount IDs; idx,top=torch.where(indices==e); x[idx]",https://github.com/deepseek-ai/DeepSeek-V3/blob/9b4e9788e4a3a731f7567338ed15d3ec549ce03b/inference/model.py#L669-L693,MoE.forward,gh-deepseek-v3-inference-model-py,9b4e9788e4a3a731f7567338ed15d3ec549ce03b,derived,unknown,unknown,,MP=1; B=2; L_q=4; L_kv=4; start_pos=0; N_e=1 (动态代表例),demo 用逐专家 gather 与加权 scatter；HF moe_infer 则排序，EP>1 时另含 all-to-all，未审阅生产框架
deepseek-ai/DeepSeek-V3,3,4,MoE,prefill,naive,expert_gate,代表路由专家 gate,"expert_tokens=[N_e,H]; W_eg=[I_expert,H]","eg=[N_e,I_expert]","expert_tokens=[1,7168]; W_eg=[2048,7168]","eg=[1,2048]",激活/缓存由调用者 dtype 决定；本轮 shape 场景假设 BF16,eg=expert_tokens @ W_eg^T,https://github.com/deepseek-ai/DeepSeek-V3/blob/9b4e9788e4a3a731f7567338ed15d3ec549ce03b/inference/model.py#L623-L633,Expert.forward,gh-deepseek-v3-inference-model-py,9b4e9788e4a3a731f7567338ed15d3ec549ce03b,derived,unknown,unknown,,MP=1; B=2; L_q=4; L_kv=4; start_pos=0; N_e=1 (动态代表例),模板覆盖 E 个专家；每专家 N_e 动态，N_e=0 时跳过
deepseek-ai/DeepSeek-V3,3,4,MoE,prefill,naive,expert_up,代表路由专家 up,"expert_tokens=[N_e,H]; W_eu=[I_expert,H]","eu=[N_e,I_expert]","expert_tokens=[1,7168]; W_eu=[2048,7168]","eu=[1,2048]",激活/缓存由调用者 dtype 决定；本轮 shape 场景假设 BF16,eu=expert_tokens @ W_eu^T,https://github.com/deepseek-ai/DeepSeek-V3/blob/9b4e9788e4a3a731f7567338ed15d3ec549ce03b/inference/model.py#L623-L633,Expert.forward,gh-deepseek-v3-inference-model-py,9b4e9788e4a3a731f7567338ed15d3ec549ce03b,derived,unknown,unknown,,MP=1; B=2; L_q=4; L_kv=4; start_pos=0; N_e=1 (动态代表例),模板覆盖 E 个专家；每专家 N_e 动态，N_e=0 时跳过
deepseek-ai/DeepSeek-V3,3,4,MoE,prefill,naive,expert_activation,路由专家 SwiGLU,"eg=[N_e,I_expert]; eu=[N_e,I_expert]","egu=[N_e,I_expert]","eg=[1,2048]; eu=[1,2048]","egu=[1,2048]",激活/缓存由调用者 dtype 决定；本轮 shape 场景假设 BF16,SiLU(eg)*eu,https://github.com/deepseek-ai/DeepSeek-V3/blob/9b4e9788e4a3a731f7567338ed15d3ec549ce03b/inference/model.py#L623-L633,Expert.forward,gh-deepseek-v3-inference-model-py,9b4e9788e4a3a731f7567338ed15d3ec549ce03b,derived,unknown,unknown,,MP=1; B=2; L_q=4; L_kv=4; start_pos=0; N_e=1 (动态代表例),
deepseek-ai/DeepSeek-V3,3,4,MoE,prefill,naive,expert_down,路由专家 down,"egu=[N_e,I_expert]; W_ed=[H,I_expert]","expert_out=[N_e,H]","egu=[1,2048]; W_ed=[7168,2048]","expert_out=[1,7168]",激活/缓存由调用者 dtype 决定；本轮 shape 场景假设 BF16,egu @ W_ed^T,https://github.com/deepseek-ai/DeepSeek-V3/blob/9b4e9788e4a3a731f7567338ed15d3ec549ce03b/inference/model.py#L623-L633,Expert.forward,gh-deepseek-v3-inference-model-py,9b4e9788e4a3a731f7567338ed15d3ec549ce03b,derived,unknown,unknown,,MP=1; B=2; L_q=4; L_kv=4; start_pos=0; N_e=1 (动态代表例),
deepseek-ai/DeepSeek-V3,3,4,MoE,prefill,naive,expert_route_weight,取代表专家路由权重,"route_weights=[N_tok,K]; expert_token_indices=[N_e]; expert_slots=[N_e]","expert_weights=[N_e,1]","route_weights=[8,8]; expert_token_indices=[1]; expert_slots=[1]","expert_weights=[1,1]",激活/缓存由调用者 dtype 决定；本轮 shape 场景假设 BF16,"weights[idx,top,None]",https://github.com/deepseek-ai/DeepSeek-V3/blob/9b4e9788e4a3a731f7567338ed15d3ec549ce03b/inference/model.py#L669-L693,MoE.forward,gh-deepseek-v3-inference-model-py,9b4e9788e4a3a731f7567338ed15d3ec549ce03b,derived,unknown,unknown,,MP=1; B=2; L_q=4; L_kv=4; start_pos=0; N_e=1 (动态代表例),
deepseek-ai/DeepSeek-V3,3,4,MoE,prefill,naive,expert_weighted,代表专家输出乘路由权重,"expert_out=[N_e,H]; expert_weights=[N_e,1]","weighted_expert=[N_e,H]","expert_out=[1,7168]; expert_weights=[1,1]","weighted_expert=[1,7168]",激活/缓存由调用者 dtype 决定；本轮 shape 场景假设 BF16,expert_out*expert_weights,https://github.com/deepseek-ai/DeepSeek-V3/blob/9b4e9788e4a3a731f7567338ed15d3ec549ce03b/inference/model.py#L669-L693,MoE.forward,gh-deepseek-v3-inference-model-py,9b4e9788e4a3a731f7567338ed15d3ec549ce03b,derived,unknown,unknown,,MP=1; B=2; L_q=4; L_kv=4; start_pos=0; N_e=1 (动态代表例),
deepseek-ai/DeepSeek-V3,3,4,MoE,prefill,naive,weighted_scatter,路由专家加权 scatter 累加,"weighted_expert=[N_e,H]; expert_token_indices=[N_e]; routed_zero=[N_tok,H]","routed_out=[N_tok,H]","weighted_expert=[1,7168]; expert_token_indices=[1]; routed_zero=[8,7168]","routed_out=[8,7168]",激活/缓存由调用者 dtype 决定；本轮 shape 场景假设 BF16,y[idx] += weighted_expert; repeat for all nonempty local experts,https://github.com/deepseek-ai/DeepSeek-V3/blob/9b4e9788e4a3a731f7567338ed15d3ec549ce03b/inference/model.py#L669-L693,MoE.forward,gh-deepseek-v3-inference-model-py,9b4e9788e4a3a731f7567338ed15d3ec549ce03b,derived,unknown,unknown,,MP=1; B=2; L_q=4; L_kv=4; start_pos=0; N_e=1 (动态代表例),
deepseek-ai/DeepSeek-V3,3,4,MoE,prefill,naive,shared_gate,共享专家 gate,"tokens=[N_tok,H]; W_sg=[N_shared*I_expert,H]","sg=[N_tok,N_shared*I_expert]","tokens=[8,7168]; W_sg=[2048,7168]","sg=[8,2048]",激活/缓存由调用者 dtype 决定；本轮 shape 场景假设 BF16,sg=tokens @ W_sg^T,https://github.com/deepseek-ai/DeepSeek-V3/blob/9b4e9788e4a3a731f7567338ed15d3ec549ce03b/inference/model.py#L522-L532,MLP.forward,gh-deepseek-v3-inference-model-py,9b4e9788e4a3a731f7567338ed15d3ec549ce03b,derived,unknown,unknown,,MP=1; B=2; L_q=4; L_kv=4; start_pos=0; N_e=1 (动态代表例),
deepseek-ai/DeepSeek-V3,3,4,MoE,prefill,naive,shared_up,共享专家 up,"tokens=[N_tok,H]; W_su=[N_shared*I_expert,H]","su=[N_tok,N_shared*I_expert]","tokens=[8,7168]; W_su=[2048,7168]","su=[8,2048]",激活/缓存由调用者 dtype 决定；本轮 shape 场景假设 BF16,su=tokens @ W_su^T,https://github.com/deepseek-ai/DeepSeek-V3/blob/9b4e9788e4a3a731f7567338ed15d3ec549ce03b/inference/model.py#L522-L532,MLP.forward,gh-deepseek-v3-inference-model-py,9b4e9788e4a3a731f7567338ed15d3ec549ce03b,derived,unknown,unknown,,MP=1; B=2; L_q=4; L_kv=4; start_pos=0; N_e=1 (动态代表例),
deepseek-ai/DeepSeek-V3,3,4,MoE,prefill,naive,shared_activation,共享专家 SwiGLU,"sg=[N_tok,N_shared*I_expert]; su=[N_tok,N_shared*I_expert]","sgu=[N_tok,N_shared*I_expert]","sg=[8,2048]; su=[8,2048]","sgu=[8,2048]",激活/缓存由调用者 dtype 决定；本轮 shape 场景假设 BF16,SiLU(sg)*su,https://github.com/deepseek-ai/DeepSeek-V3/blob/9b4e9788e4a3a731f7567338ed15d3ec549ce03b/inference/model.py#L522-L532,MLP.forward,gh-deepseek-v3-inference-model-py,9b4e9788e4a3a731f7567338ed15d3ec549ce03b,derived,unknown,unknown,,MP=1; B=2; L_q=4; L_kv=4; start_pos=0; N_e=1 (动态代表例),
deepseek-ai/DeepSeek-V3,3,4,MoE,prefill,naive,shared_down,共享专家 down,"sgu=[N_tok,N_shared*I_expert]; W_sd=[H,N_shared*I_expert]","shared_out=[N_tok,H]","sgu=[8,2048]; W_sd=[7168,2048]","shared_out=[8,7168]",激活/缓存由调用者 dtype 决定；本轮 shape 场景假设 BF16,sgu @ W_sd^T,https://github.com/deepseek-ai/DeepSeek-V3/blob/9b4e9788e4a3a731f7567338ed15d3ec549ce03b/inference/model.py#L522-L532,MLP.forward,gh-deepseek-v3-inference-model-py,9b4e9788e4a3a731f7567338ed15d3ec549ce03b,derived,unknown,unknown,,MP=1; B=2; L_q=4; L_kv=4; start_pos=0; N_e=1 (动态代表例),
deepseek-ai/DeepSeek-V3,3,4,MoE,prefill,naive,moe_combine,合并路由与共享专家,"routed_out=[N_tok,H]; shared_out=[N_tok,H]","moe_flat=[N_tok,H]","routed_out=[8,7168]; shared_out=[8,7168]","moe_flat=[8,7168]",激活/缓存由调用者 dtype 决定；本轮 shape 场景假设 BF16,routed_out+shared_out; world_size>1 routed_out all_reduce before addition,https://github.com/deepseek-ai/DeepSeek-V3/blob/9b4e9788e4a3a731f7567338ed15d3ec549ce03b/inference/model.py#L669-L693,MoE.forward,gh-deepseek-v3-inference-model-py,9b4e9788e4a3a731f7567338ed15d3ec549ce03b,derived,unknown,unknown,,MP=1; B=2; L_q=4; L_kv=4; start_pos=0; N_e=1 (动态代表例),
deepseek-ai/DeepSeek-V3,3,4,MoE,prefill,naive,moe_reshape,恢复 MoE 层 shape,"moe_flat=[N_tok,H]","ffn_out=[B,L_q,H]","moe_flat=[8,7168]","ffn_out=[2,4,7168]",激活/缓存由调用者 dtype 决定；本轮 shape 场景假设 BF16,"reshape to original [B,L_q,H]",https://github.com/deepseek-ai/DeepSeek-V3/blob/9b4e9788e4a3a731f7567338ed15d3ec549ce03b/inference/model.py#L669-L693,MoE.forward,gh-deepseek-v3-inference-model-py,9b4e9788e4a3a731f7567338ed15d3ec549ce03b,derived,unknown,unknown,,MP=1; B=2; L_q=4; L_kv=4; start_pos=0; N_e=1 (动态代表例),
deepseek-ai/DeepSeek-V3,3,4,MoE,prefill,naive,ffn_residual,FFN 残差相加,"after_attn=[B,L_q,H]; ffn_out=[B,L_q,H]","layer_out=[B,L_q,H]","after_attn=[2,4,7168]; ffn_out=[2,4,7168]","layer_out=[2,4,7168]",激活/缓存由调用者 dtype 决定；本轮 shape 场景假设 BF16,after_attn+ffn_out,https://github.com/deepseek-ai/DeepSeek-V3/blob/9b4e9788e4a3a731f7567338ed15d3ec549ce03b/inference/model.py#L720-L735,Block.forward,gh-deepseek-v3-inference-model-py,9b4e9788e4a3a731f7567338ed15d3ec549ce03b,derived,unknown,unknown,,MP=1; B=2; L_q=4; L_kv=4; start_pos=0; N_e=1 (动态代表例),
deepseek-ai/DeepSeek-V3,3,4,MoE,prefill,absorb,attn_norm,Attention 前 RMSNorm,"x=[B,L_q,H]","x_norm=[B,L_q,H]","x=[2,4,7168]","x_norm=[2,4,7168]",激活/缓存由调用者 dtype 决定；本轮 shape 场景假设 BF16,"RMSNorm(x; gamma[H], eps)",https://github.com/deepseek-ai/DeepSeek-V3/blob/9b4e9788e4a3a731f7567338ed15d3ec549ce03b/inference/model.py#L720-L735,Block.forward,gh-deepseek-v3-inference-model-py,9b4e9788e4a3a731f7567338ed15d3ec549ce03b,derived,unknown,unknown,,MP=1; B=2; L_q=4; L_kv=4; start_pos=0; N_e=1 (动态代表例),
deepseek-ai/DeepSeek-V3,3,4,MoE,prefill,absorb,q_a,Q 低秩下投影,"x_norm=[B,L_q,H]; W_qa=[R_q,H]","q_low=[B,L_q,R_q]","x_norm=[2,4,7168]; W_qa=[1536,7168]","q_low=[2,4,1536]",激活/缓存由调用者 dtype 决定；本轮 shape 场景假设 BF16,q_low=x_norm @ W_qa^T,https://github.com/deepseek-ai/DeepSeek-V3/blob/9b4e9788e4a3a731f7567338ed15d3ec549ce03b/inference/model.py#L446-L497,MLA.forward,gh-deepseek-v3-inference-model-py,9b4e9788e4a3a731f7567338ed15d3ec549ce03b,derived,unknown,unknown,,MP=1; B=2; L_q=4; L_kv=4; start_pos=0; N_e=1 (动态代表例),
deepseek-ai/DeepSeek-V3,3,4,MoE,prefill,absorb,q_norm,Q 低秩 RMSNorm,"q_low=[B,L_q,R_q]","q_low_norm=[B,L_q,R_q]","q_low=[2,4,1536]","q_low_norm=[2,4,1536]",激活/缓存由调用者 dtype 决定；本轮 shape 场景假设 BF16,RMSNorm(q_low; gamma[R_q]),https://github.com/deepseek-ai/DeepSeek-V3/blob/9b4e9788e4a3a731f7567338ed15d3ec549ce03b/inference/model.py#L446-L497,MLA.forward,gh-deepseek-v3-inference-model-py,9b4e9788e4a3a731f7567338ed15d3ec549ce03b,derived,unknown,unknown,,MP=1; B=2; L_q=4; L_kv=4; start_pos=0; N_e=1 (动态代表例),
deepseek-ai/DeepSeek-V3,3,4,MoE,prefill,absorb,q_b,Q 上投影,"q_low_norm=[B,L_q,R_q]; W_qb=[N_head*(D_nope+D_rope),R_q]","q_flat=[B,L_q,N_head*(D_nope+D_rope)]","q_low_norm=[2,4,1536]; W_qb=[24576,1536]","q_flat=[2,4,24576]",激活/缓存由调用者 dtype 决定；本轮 shape 场景假设 BF16,q_flat=q_low_norm @ W_qb^T,https://github.com/deepseek-ai/DeepSeek-V3/blob/9b4e9788e4a3a731f7567338ed15d3ec549ce03b/inference/model.py#L446-L497,MLA.forward,gh-deepseek-v3-inference-model-py,9b4e9788e4a3a731f7567338ed15d3ec549ce03b,derived,unknown,unknown,,MP=1; B=2; L_q=4; L_kv=4; start_pos=0; N_e=1 (动态代表例),
deepseek-ai/DeepSeek-V3,3,4,MoE,prefill,absorb,q_view,Q heads reshape,"q_flat=[B,L_q,N_head*(D_nope+D_rope)]","q=[B,L_q,N_head,D_nope+D_rope]","q_flat=[2,4,24576]","q=[2,4,128,192]",激活/缓存由调用者 dtype 决定；本轮 shape 场景假设 BF16,reshape q_flat to heads,https://github.com/deepseek-ai/DeepSeek-V3/blob/9b4e9788e4a3a731f7567338ed15d3ec549ce03b/inference/model.py#L446-L497,MLA.forward,gh-deepseek-v3-inference-model-py,9b4e9788e4a3a731f7567338ed15d3ec549ce03b,derived,unknown,unknown,,MP=1; B=2; L_q=4; L_kv=4; start_pos=0; N_e=1 (动态代表例),
deepseek-ai/DeepSeek-V3,3,4,MoE,prefill,absorb,q_split,拆分 Q NoPE 与 RoPE,"q=[B,L_q,N_head,D_nope+D_rope]","q_nope=[B,L_q,N_head,D_nope]; q_pe=[B,L_q,N_head,D_rope]","q=[2,4,128,192]","q_nope=[2,4,128,128]; q_pe=[2,4,128,64]",激活/缓存由调用者 dtype 决定；本轮 shape 场景假设 BF16,"split last axis [D_nope,D_rope]",https://github.com/deepseek-ai/DeepSeek-V3/blob/9b4e9788e4a3a731f7567338ed15d3ec549ce03b/inference/model.py#L446-L497,MLA.forward,gh-deepseek-v3-inference-model-py,9b4e9788e4a3a731f7567338ed15d3ec549ce03b,derived,unknown,unknown,,MP=1; B=2; L_q=4; L_kv=4; start_pos=0; N_e=1 (动态代表例),
deepseek-ai/DeepSeek-V3,3,4,MoE,prefill,absorb,q_rope,Q 位置旋转,"q_pe=[B,L_q,N_head,D_rope]","q_rot=[B,L_q,N_head,D_rope]","q_pe=[2,4,128,64]","q_rot=[2,4,128,64]",旋转先转 FP32/complex，返回输入 dtype,"apply_rotary_emb(q_pe, freqs_cis)",https://github.com/deepseek-ai/DeepSeek-V3/blob/9b4e9788e4a3a731f7567338ed15d3ec549ce03b/inference/model.py#L446-L497,MLA.forward,gh-deepseek-v3-inference-model-py,9b4e9788e4a3a731f7567338ed15d3ec549ce03b,derived,unknown,unknown,,MP=1; B=2; L_q=4; L_kv=4; start_pos=0; N_e=1 (动态代表例),位置频率切片不是可训练矩阵
deepseek-ai/DeepSeek-V3,3,4,MoE,prefill,absorb,kv_a,KV 低秩及共享位置投影,"x_norm=[B,L_q,H]; W_kva=[R_kv+D_rope,H]","kv_joint=[B,L_q,R_kv+D_rope]","x_norm=[2,4,7168]; W_kva=[576,7168]","kv_joint=[2,4,576]",激活/缓存由调用者 dtype 决定；本轮 shape 场景假设 BF16,kv_joint=x_norm @ W_kva^T,https://github.com/deepseek-ai/DeepSeek-V3/blob/9b4e9788e4a3a731f7567338ed15d3ec549ce03b/inference/model.py#L446-L497,MLA.forward,gh-deepseek-v3-inference-model-py,9b4e9788e4a3a731f7567338ed15d3ec549ce03b,derived,unknown,unknown,,MP=1; B=2; L_q=4; L_kv=4; start_pos=0; N_e=1 (动态代表例),
deepseek-ai/DeepSeek-V3,3,4,MoE,prefill,absorb,kv_split,拆分潜变量与共享位置 Key,"kv_joint=[B,L_q,R_kv+D_rope]","kv_low=[B,L_q,R_kv]; k_pe=[B,L_q,D_rope]","kv_joint=[2,4,576]","kv_low=[2,4,512]; k_pe=[2,4,64]",激活/缓存由调用者 dtype 决定；本轮 shape 场景假设 BF16,"split last axis [R_kv,D_rope]",https://github.com/deepseek-ai/DeepSeek-V3/blob/9b4e9788e4a3a731f7567338ed15d3ec549ce03b/inference/model.py#L446-L497,MLA.forward,gh-deepseek-v3-inference-model-py,9b4e9788e4a3a731f7567338ed15d3ec549ce03b,derived,unknown,unknown,,MP=1; B=2; L_q=4; L_kv=4; start_pos=0; N_e=1 (动态代表例),
deepseek-ai/DeepSeek-V3,3,4,MoE,prefill,absorb,k_unsqueeze,为共享位置 Key 增加 head 轴,"k_pe=[B,L_q,D_rope]","k_pe_single=[B,L_q,1,D_rope]","k_pe=[2,4,64]","k_pe_single=[2,4,1,64]",激活/缓存由调用者 dtype 决定；本轮 shape 场景假设 BF16,unsqueeze head axis=2,https://github.com/deepseek-ai/DeepSeek-V3/blob/9b4e9788e4a3a731f7567338ed15d3ec549ce03b/inference/model.py#L446-L497,MLA.forward,gh-deepseek-v3-inference-model-py,9b4e9788e4a3a731f7567338ed15d3ec549ce03b,derived,unknown,unknown,,MP=1; B=2; L_q=4; L_kv=4; start_pos=0; N_e=1 (动态代表例),
deepseek-ai/DeepSeek-V3,3,4,MoE,prefill,absorb,k_rope,共享 Key 位置旋转,"k_pe_single=[B,L_q,1,D_rope]","k_rot_single=[B,L_q,1,D_rope]","k_pe_single=[2,4,1,64]","k_rot_single=[2,4,1,64]",旋转先转 FP32/complex，返回输入 dtype,"apply_rotary_emb(k_pe.unsqueeze(2), freqs_cis)",https://github.com/deepseek-ai/DeepSeek-V3/blob/9b4e9788e4a3a731f7567338ed15d3ec549ce03b/inference/model.py#L446-L497,MLA.forward,gh-deepseek-v3-inference-model-py,9b4e9788e4a3a731f7567338ed15d3ec549ce03b,derived,unknown,unknown,,MP=1; B=2; L_q=4; L_kv=4; start_pos=0; N_e=1 (动态代表例),
deepseek-ai/DeepSeek-V3,3,4,MoE,prefill,absorb,k_squeeze,共享位置 Key 去掉单 head 轴,"k_rot_single=[B,L_q,1,D_rope]","k_rot=[B,L_q,D_rope]","k_rot_single=[2,4,1,64]","k_rot=[2,4,64]",激活/缓存由调用者 dtype 决定；本轮 shape 场景假设 BF16,squeeze head axis for compressed positional cache,https://github.com/deepseek-ai/DeepSeek-V3/blob/9b4e9788e4a3a731f7567338ed15d3ec549ce03b/inference/model.py#L446-L497,MLA.forward,gh-deepseek-v3-inference-model-py,9b4e9788e4a3a731f7567338ed15d3ec549ce03b,derived,unknown,unknown,,MP=1; B=2; L_q=4; L_kv=4; start_pos=0; N_e=1 (动态代表例),
deepseek-ai/DeepSeek-V3,3,4,MoE,prefill,absorb,kv_norm,KV 低秩 RMSNorm,"kv_low=[B,L_q,R_kv]","c_new=[B,L_q,R_kv]","kv_low=[2,4,512]","c_new=[2,4,512]",激活/缓存由调用者 dtype 决定；本轮 shape 场景假设 BF16,RMSNorm(kv_low; gamma[R_kv]),https://github.com/deepseek-ai/DeepSeek-V3/blob/9b4e9788e4a3a731f7567338ed15d3ec549ce03b/inference/model.py#L446-L497,MLA.forward,gh-deepseek-v3-inference-model-py,9b4e9788e4a3a731f7567338ed15d3ec549ce03b,derived,unknown,unknown,,MP=1; B=2; L_q=4; L_kv=4; start_pos=0; N_e=1 (动态代表例),
deepseek-ai/DeepSeek-V3,3,4,MoE,prefill,absorb,absorb_weight,按需解量化 KV 上投影并分头,"W_kvb=[N_head*(D_nope+D_v),R_kv]","W_kvb_heads=[N_head,D_nope+D_v,R_kv]","W_kvb=[32768,512]","W_kvb_heads=[128,256,512]",FP8 条件分支解量化到 torch.get_default_dtype(),weight_dequant iff scale exists; view heads,https://github.com/deepseek-ai/DeepSeek-V3/blob/9b4e9788e4a3a731f7567338ed15d3ec549ce03b/inference/model.py#L446-L497,MLA.forward,gh-deepseek-v3-inference-model-py,9b4e9788e4a3a731f7567338ed15d3ec549ce03b,derived,unknown,unknown,,MP=1; B=2; L_q=4; L_kv=4; start_pos=0; N_e=1 (动态代表例),不假设预先缓存了反量化权重；源码每次进入该分支进行条件处理
deepseek-ai/DeepSeek-V3,3,4,MoE,prefill,absorb,absorb_weight_split,区分潜变量 Key/Value 权重,"W_kvb_heads=[N_head,D_nope+D_v,R_kv]","W_k=[N_head,D_nope,R_kv]; W_v=[N_head,D_v,R_kv]","W_kvb_heads=[128,256,512]","W_k=[128,128,512]; W_v=[128,128,512]",激活/缓存由调用者 dtype 决定；本轮 shape 场景假设 BF16,slice key prefix and value suffix along axis 1,https://github.com/deepseek-ai/DeepSeek-V3/blob/9b4e9788e4a3a731f7567338ed15d3ec549ce03b/inference/model.py#L446-L497,MLA.forward,gh-deepseek-v3-inference-model-py,9b4e9788e4a3a731f7567338ed15d3ec549ce03b,derived,unknown,unknown,,MP=1; B=2; L_q=4; L_kv=4; start_pos=0; N_e=1 (动态代表例),
deepseek-ai/DeepSeek-V3,3,4,MoE,prefill,absorb,q_absorb,将 Key 上投影吸收到 Query,"q_nope=[B,L_q,N_head,D_nope]; W_k=[N_head,D_nope,R_kv]","q_abs=[B,L_q,N_head,R_kv]","q_nope=[2,4,128,128]; W_k=[128,128,512]","q_abs=[2,4,128,512]",激活/缓存由调用者 dtype 决定；本轮 shape 场景假设 BF16,"einsum(bqhd,hdc->bqhc)",https://github.com/deepseek-ai/DeepSeek-V3/blob/9b4e9788e4a3a731f7567338ed15d3ec549ce03b/inference/model.py#L446-L497,MLA.forward,gh-deepseek-v3-inference-model-py,9b4e9788e4a3a731f7567338ed15d3ec549ce03b,derived,unknown,unknown,,MP=1; B=2; L_q=4; L_kv=4; start_pos=0; N_e=1 (动态代表例),
deepseek-ai/DeepSeek-V3,3,4,MoE,prefill,absorb,latent_cache,写归一化 KV 潜变量 cache,"c_new=[B,L_q,R_kv]","c_cache=[B,L_kv,R_kv]","c_new=[2,4,512]","c_cache=[2,4,512]",激活/缓存由调用者 dtype 决定；本轮 shape 场景假设 BF16,"cache normalized low-rank KV, not expanded K/V",https://github.com/deepseek-ai/DeepSeek-V3/blob/9b4e9788e4a3a731f7567338ed15d3ec549ce03b/inference/model.py#L446-L497,MLA.forward,gh-deepseek-v3-inference-model-py,9b4e9788e4a3a731f7567338ed15d3ec549ce03b,derived,unknown,unknown,,MP=1; B=2; L_q=4; L_kv=4; start_pos=0; N_e=1 (动态代表例),
deepseek-ai/DeepSeek-V3,3,4,MoE,prefill,absorb,pe_cache,写共享位置 cache,"k_rot=[B,L_q,D_rope]","pe_cache=[B,L_kv,D_rope]","k_rot=[2,4,64]","pe_cache=[2,4,64]",激活/缓存由调用者 dtype 决定；本轮 shape 场景假设 BF16,cache rotated shared positional key,https://github.com/deepseek-ai/DeepSeek-V3/blob/9b4e9788e4a3a731f7567338ed15d3ec549ce03b/inference/model.py#L446-L497,MLA.forward,gh-deepseek-v3-inference-model-py,9b4e9788e4a3a731f7567338ed15d3ec549ce03b,derived,unknown,unknown,,MP=1; B=2; L_q=4; L_kv=4; start_pos=0; N_e=1 (动态代表例),
deepseek-ai/DeepSeek-V3,3,4,MoE,prefill,absorb,latent_score,潜变量打分,"q_abs=[B,L_q,N_head,R_kv]; c_cache=[B,L_kv,R_kv]","score_nope=[B,L_q,N_head,L_kv]","q_abs=[2,4,128,512]; c_cache=[2,4,512]","score_nope=[2,4,128,4]",激活/缓存由调用者 dtype 决定；本轮 shape 场景假设 BF16,"einsum(bqhc,bsc->bqhs)",https://github.com/deepseek-ai/DeepSeek-V3/blob/9b4e9788e4a3a731f7567338ed15d3ec549ce03b/inference/model.py#L446-L497,MLA.forward,gh-deepseek-v3-inference-model-py,9b4e9788e4a3a731f7567338ed15d3ec549ce03b,derived,unknown,unknown,,MP=1; B=2; L_q=4; L_kv=4; start_pos=0; N_e=1 (动态代表例),
deepseek-ai/DeepSeek-V3,3,4,MoE,prefill,absorb,rope_score,共享位置打分,"q_rot=[B,L_q,N_head,D_rope]; pe_cache=[B,L_kv,D_rope]","score_rope=[B,L_q,N_head,L_kv]","q_rot=[2,4,128,64]; pe_cache=[2,4,64]","score_rope=[2,4,128,4]",激活/缓存由调用者 dtype 决定；本轮 shape 场景假设 BF16,"einsum(bqhr,bsr->bqhs)",https://github.com/deepseek-ai/DeepSeek-V3/blob/9b4e9788e4a3a731f7567338ed15d3ec549ce03b/inference/model.py#L446-L497,MLA.forward,gh-deepseek-v3-inference-model-py,9b4e9788e4a3a731f7567338ed15d3ec549ce03b,derived,unknown,unknown,,MP=1; B=2; L_q=4; L_kv=4; start_pos=0; N_e=1 (动态代表例),
deepseek-ai/DeepSeek-V3,3,4,MoE,prefill,absorb,score_combine,合并两路 attention 分数,"score_nope=[B,L_q,N_head,L_kv]; score_rope=[B,L_q,N_head,L_kv]","scores=[B,L_q,N_head,L_kv]","score_nope=[2,4,128,4]; score_rope=[2,4,128,4]","scores=[2,4,128,4]",激活/缓存由调用者 dtype 决定；本轮 shape 场景假设 BF16,alpha*(score_nope+score_rope),https://github.com/deepseek-ai/DeepSeek-V3/blob/9b4e9788e4a3a731f7567338ed15d3ec549ce03b/inference/model.py#L446-L497,MLA.forward,gh-deepseek-v3-inference-model-py,9b4e9788e4a3a731f7567338ed15d3ec549ce03b,derived,unknown,unknown,,MP=1; B=2; L_q=4; L_kv=4; start_pos=0; N_e=1 (动态代表例),
deepseek-ai/DeepSeek-V3,3,4,MoE,prefill,absorb,attention_prob,Mask 与 attention softmax,"scores=[B,L_q,N_head,L_kv]","prob=[B,L_q,N_head,L_kv]","scores=[2,4,128,4]","prob=[2,4,128,4]",softmax 显式 FP32，然后 type_as(x),"initial prefill adds causal [L_q,L_q] mask; decode L_q=1 mask=None; softmax over L_kv",https://github.com/deepseek-ai/DeepSeek-V3/blob/9b4e9788e4a3a731f7567338ed15d3ec549ce03b/inference/model.py#L446-L497,MLA.forward,gh-deepseek-v3-inference-model-py,9b4e9788e4a3a731f7567338ed15d3ec549ce03b,derived,unknown,unknown,,MP=1; B=2; L_q=4; L_kv=4; start_pos=0; N_e=1 (动态代表例),本轮 prefill 为 start_pos=0；不声称支持带历史 chunked prefill 的方形 mask
deepseek-ai/DeepSeek-V3,3,4,MoE,prefill,absorb,latent_context,潜变量加权聚合,"prob=[B,L_q,N_head,L_kv]; c_cache=[B,L_kv,R_kv]","latent_context=[B,L_q,N_head,R_kv]","prob=[2,4,128,4]; c_cache=[2,4,512]","latent_context=[2,4,128,512]",激活/缓存由调用者 dtype 决定；本轮 shape 场景假设 BF16,"einsum(bqhs,bsc->bqhc)",https://github.com/deepseek-ai/DeepSeek-V3/blob/9b4e9788e4a3a731f7567338ed15d3ec549ce03b/inference/model.py#L446-L497,MLA.forward,gh-deepseek-v3-inference-model-py,9b4e9788e4a3a731f7567338ed15d3ec549ce03b,derived,unknown,unknown,,MP=1; B=2; L_q=4; L_kv=4; start_pos=0; N_e=1 (动态代表例),
deepseek-ai/DeepSeek-V3,3,4,MoE,prefill,absorb,value_expand,聚合后 Value 上投影,"latent_context=[B,L_q,N_head,R_kv]; W_v=[N_head,D_v,R_kv]","attn_heads=[B,L_q,N_head,D_v]","latent_context=[2,4,128,512]; W_v=[128,128,512]","attn_heads=[2,4,128,128]",激活/缓存由调用者 dtype 决定；本轮 shape 场景假设 BF16,"einsum(bqhc,hdc->bqhd)",https://github.com/deepseek-ai/DeepSeek-V3/blob/9b4e9788e4a3a731f7567338ed15d3ec549ce03b/inference/model.py#L446-L497,MLA.forward,gh-deepseek-v3-inference-model-py,9b4e9788e4a3a731f7567338ed15d3ec549ce03b,derived,unknown,unknown,,MP=1; B=2; L_q=4; L_kv=4; start_pos=0; N_e=1 (动态代表例),
deepseek-ai/DeepSeek-V3,3,4,MoE,prefill,absorb,attn_flatten,合并 attention heads,"attn_heads=[B,L_q,N_head,D_v]","attn_flat=[B,L_q,N_head*D_v]","attn_heads=[2,4,128,128]","attn_flat=[2,4,16384]",激活/缓存由调用者 dtype 决定；本轮 shape 场景假设 BF16,flatten head and value axes,https://github.com/deepseek-ai/DeepSeek-V3/blob/9b4e9788e4a3a731f7567338ed15d3ec549ce03b/inference/model.py#L446-L497,MLA.forward,gh-deepseek-v3-inference-model-py,9b4e9788e4a3a731f7567338ed15d3ec549ce03b,derived,unknown,unknown,,MP=1; B=2; L_q=4; L_kv=4; start_pos=0; N_e=1 (动态代表例),
deepseek-ai/DeepSeek-V3,3,4,MoE,prefill,absorb,o_proj,Attention 输出投影,"attn_flat=[B,L_q,N_head*D_v]; W_o=[H,N_head*D_v]","attn_out=[B,L_q,H]","attn_flat=[2,4,16384]; W_o=[7168,16384]","attn_out=[2,4,7168]",激活/缓存由调用者 dtype 决定；本轮 shape 场景假设 BF16,attn_out=attn_flat @ W_o^T,https://github.com/deepseek-ai/DeepSeek-V3/blob/9b4e9788e4a3a731f7567338ed15d3ec549ce03b/inference/model.py#L446-L497,MLA.forward,gh-deepseek-v3-inference-model-py,9b4e9788e4a3a731f7567338ed15d3ec549ce03b,derived,unknown,unknown,,MP=1; B=2; L_q=4; L_kv=4; start_pos=0; N_e=1 (动态代表例),
deepseek-ai/DeepSeek-V3,3,4,MoE,prefill,absorb,attn_residual,Attention 残差相加,"x=[B,L_q,H]; attn_out=[B,L_q,H]","after_attn=[B,L_q,H]","x=[2,4,7168]; attn_out=[2,4,7168]","after_attn=[2,4,7168]",激活/缓存由调用者 dtype 决定；本轮 shape 场景假设 BF16,after_attn=x+attn_out,https://github.com/deepseek-ai/DeepSeek-V3/blob/9b4e9788e4a3a731f7567338ed15d3ec549ce03b/inference/model.py#L720-L735,Block.forward,gh-deepseek-v3-inference-model-py,9b4e9788e4a3a731f7567338ed15d3ec549ce03b,derived,unknown,unknown,,MP=1; B=2; L_q=4; L_kv=4; start_pos=0; N_e=1 (动态代表例),
deepseek-ai/DeepSeek-V3,3,4,MoE,prefill,absorb,ffn_norm,FFN 前 RMSNorm,"after_attn=[B,L_q,H]","ffn_input=[B,L_q,H]","after_attn=[2,4,7168]","ffn_input=[2,4,7168]",激活/缓存由调用者 dtype 决定；本轮 shape 场景假设 BF16,"RMSNorm(after_attn; gamma[H], eps)",https://github.com/deepseek-ai/DeepSeek-V3/blob/9b4e9788e4a3a731f7567338ed15d3ec549ce03b/inference/model.py#L720-L735,Block.forward,gh-deepseek-v3-inference-model-py,9b4e9788e4a3a731f7567338ed15d3ec549ce03b,derived,unknown,unknown,,MP=1; B=2; L_q=4; L_kv=4; start_pos=0; N_e=1 (动态代表例),
deepseek-ai/DeepSeek-V3,3,4,MoE,prefill,absorb,moe_flatten,MoE token 展平,"ffn_input=[B,L_q,H]","tokens=[N_tok,H]","ffn_input=[2,4,7168]","tokens=[8,7168]",激活/缓存由调用者 dtype 决定；本轮 shape 场景假设 BF16,N_tok=B*L_q for padded demo,https://github.com/deepseek-ai/DeepSeek-V3/blob/9b4e9788e4a3a731f7567338ed15d3ec549ce03b/inference/model.py#L669-L693,MoE.forward,gh-deepseek-v3-inference-model-py,9b4e9788e4a3a731f7567338ed15d3ec549ce03b,derived,unknown,unknown,,MP=1; B=2; L_q=4; L_kv=4; start_pos=0; N_e=1 (动态代表例),
deepseek-ai/DeepSeek-V3,3,4,MoE,prefill,absorb,router_linear,路由打分投影,"tokens=[N_tok,H]; W_router=[E,H]","logits=[N_tok,E]","tokens=[8,7168]; W_router=[256,7168]","logits=[8,256]",demo 未显式转 FP32；HF MoEGate.forward 显式将输入与权重转 FP32,"linear(tokens,W_router)",https://github.com/deepseek-ai/DeepSeek-V3/blob/9b4e9788e4a3a731f7567338ed15d3ec549ce03b/inference/model.py#L566-L598,Gate.forward,gh-deepseek-v3-inference-model-py,9b4e9788e4a3a731f7567338ed15d3ec549ce03b,derived,unknown,unknown,,MP=1; B=2; L_q=4; L_kv=4; start_pos=0; N_e=1 (动态代表例),
deepseek-ai/DeepSeek-V3,3,4,MoE,prefill,absorb,router_sigmoid,路由 sigmoid,"logits=[N_tok,E]","original_scores=[N_tok,E]","logits=[8,256]","original_scores=[8,256]",激活/缓存由调用者 dtype 决定；本轮 shape 场景假设 BF16,sigmoid(logits),https://github.com/deepseek-ai/DeepSeek-V3/blob/9b4e9788e4a3a731f7567338ed15d3ec549ce03b/inference/model.py#L566-L598,Gate.forward,gh-deepseek-v3-inference-model-py,9b4e9788e4a3a731f7567338ed15d3ec549ce03b,derived,unknown,unknown,,MP=1; B=2; L_q=4; L_kv=4; start_pos=0; N_e=1 (动态代表例),
deepseek-ai/DeepSeek-V3,3,4,MoE,prefill,absorb,router_bias,选择分数加校正 bias,"original_scores=[N_tok,E]; correction_bias=[E]","choice_scores=[N_tok,E]","original_scores=[8,256]; correction_bias=[256]","choice_scores=[8,256]",demo correction bias 构造为 FP32；保留 original_scores 用于最终权重,selection only: original_scores+correction_bias,https://github.com/deepseek-ai/DeepSeek-V3/blob/9b4e9788e4a3a731f7567338ed15d3ec549ce03b/inference/model.py#L566-L598,Gate.forward,gh-deepseek-v3-inference-model-py,9b4e9788e4a3a731f7567338ed15d3ec549ce03b,derived,unknown,unknown,,MP=1; B=2; L_q=4; L_kv=4; start_pos=0; N_e=1 (动态代表例),
deepseek-ai/DeepSeek-V3,3,4,MoE,prefill,absorb,group_view,路由分组,"choice_scores=[N_tok,E]","grouped=[N_tok,G,E//G]","choice_scores=[8,256]","grouped=[8,8,32]",激活/缓存由调用者 dtype 决定；本轮 shape 场景假设 BF16,reshape to G groups,https://github.com/deepseek-ai/DeepSeek-V3/blob/9b4e9788e4a3a731f7567338ed15d3ec549ce03b/inference/model.py#L566-L598,Gate.forward,gh-deepseek-v3-inference-model-py,9b4e9788e4a3a731f7567338ed15d3ec549ce03b,derived,unknown,unknown,,MP=1; B=2; L_q=4; L_kv=4; start_pos=0; N_e=1 (动态代表例),
deepseek-ai/DeepSeek-V3,3,4,MoE,prefill,absorb,group_score,每组 top-2 分数求和,"grouped=[N_tok,G,E//G]","group_scores=[N_tok,G]","grouped=[8,8,32]","group_scores=[8,8]",激活/缓存由调用者 dtype 决定；本轮 shape 场景假设 BF16,"sum(topk(grouped,2),last_axis)",https://github.com/deepseek-ai/DeepSeek-V3/blob/9b4e9788e4a3a731f7567338ed15d3ec549ce03b/inference/model.py#L566-L598,Gate.forward,gh-deepseek-v3-inference-model-py,9b4e9788e4a3a731f7567338ed15d3ec549ce03b,derived,unknown,unknown,,MP=1; B=2; L_q=4; L_kv=4; start_pos=0; N_e=1 (动态代表例),
deepseek-ai/DeepSeek-V3,3,4,MoE,prefill,absorb,group_topk,选择专家组,"group_scores=[N_tok,G]","selected_groups=[N_tok,G_keep]","group_scores=[8,8]","selected_groups=[8,4]",输出为整型 group indices；score 精度依输入路径,topk groups with G_keep=4,https://github.com/deepseek-ai/DeepSeek-V3/blob/9b4e9788e4a3a731f7567338ed15d3ec549ce03b/inference/model.py#L566-L598,Gate.forward,gh-deepseek-v3-inference-model-py,9b4e9788e4a3a731f7567338ed15d3ec549ce03b,derived,unknown,unknown,,MP=1; B=2; L_q=4; L_kv=4; start_pos=0; N_e=1 (动态代表例),
deepseek-ai/DeepSeek-V3,3,4,MoE,prefill,absorb,group_mask,屏蔽未选择专家组,"choice_scores=[N_tok,E]; selected_groups=[N_tok,G_keep]","masked_choice=[N_tok,E]","choice_scores=[8,256]; selected_groups=[8,4]","masked_choice=[8,256]",激活/缓存由调用者 dtype 决定；本轮 shape 场景假设 BF16,unselected groups masked to -inf,https://github.com/deepseek-ai/DeepSeek-V3/blob/9b4e9788e4a3a731f7567338ed15d3ec549ce03b/inference/model.py#L566-L598,Gate.forward,gh-deepseek-v3-inference-model-py,9b4e9788e4a3a731f7567338ed15d3ec549ce03b,derived,unknown,unknown,,MP=1; B=2; L_q=4; L_kv=4; start_pos=0; N_e=1 (动态代表例),
deepseek-ai/DeepSeek-V3,3,4,MoE,prefill,absorb,expert_topk,选择路由专家,"masked_choice=[N_tok,E]","indices=[N_tok,K]","masked_choice=[8,256]","indices=[8,8]",输出为整型 expert indices；score 精度依输入路径,topk masked_choice with K=8,https://github.com/deepseek-ai/DeepSeek-V3/blob/9b4e9788e4a3a731f7567338ed15d3ec549ce03b/inference/model.py#L566-L598,Gate.forward,gh-deepseek-v3-inference-model-py,9b4e9788e4a3a731f7567338ed15d3ec549ce03b,derived,unknown,unknown,,MP=1; B=2; L_q=4; L_kv=4; start_pos=0; N_e=1 (动态代表例),
deepseek-ai/DeepSeek-V3,3,4,MoE,prefill,absorb,route_weights,取原分数、归一化与缩放,"original_scores=[N_tok,E]; indices=[N_tok,K]","route_weights=[N_tok,K]","original_scores=[8,256]; indices=[8,8]","route_weights=[8,8]",激活/缓存由调用者 dtype 决定；本轮 shape 场景假设 BF16,gather ORIGINAL scores; normalize sum; multiply 2.5; type_as(tokens),https://github.com/deepseek-ai/DeepSeek-V3/blob/9b4e9788e4a3a731f7567338ed15d3ec549ce03b/inference/model.py#L566-L598,Gate.forward,gh-deepseek-v3-inference-model-py,9b4e9788e4a3a731f7567338ed15d3ec549ce03b,derived,unknown,unknown,,MP=1; B=2; L_q=4; L_kv=4; start_pos=0; N_e=1 (动态代表例),correction bias 不进入最终归一化权重；HF 分母额外加 1e-20
deepseek-ai/DeepSeek-V3,3,4,MoE,prefill,absorb,routed_init,初始化路由专家累加输出,"tokens=[N_tok,H]","routed_zero=[N_tok,H]","tokens=[8,7168]","routed_zero=[8,7168]",激活/缓存由调用者 dtype 决定；本轮 shape 场景假设 BF16,zeros_like(tokens),https://github.com/deepseek-ai/DeepSeek-V3/blob/9b4e9788e4a3a731f7567338ed15d3ec549ce03b/inference/model.py#L669-L693,MoE.forward,gh-deepseek-v3-inference-model-py,9b4e9788e4a3a731f7567338ed15d3ec549ce03b,derived,unknown,unknown,,MP=1; B=2; L_q=4; L_kv=4; start_pos=0; N_e=1 (动态代表例),
deepseek-ai/DeepSeek-V3,3,4,MoE,prefill,absorb,dispatch,按专家 gather token,"tokens=[N_tok,H]; indices=[N_tok,K]","expert_tokens=[N_e,H]; expert_token_indices=[N_e]; expert_slots=[N_e]","tokens=[8,7168]; indices=[8,8]","expert_tokens=[1,7168]; expert_token_indices=[1]; expert_slots=[1]",expert_tokens 保持激活 dtype；token/slot indices 为整型,"bincount IDs; idx,top=torch.where(indices==e); x[idx]",https://github.com/deepseek-ai/DeepSeek-V3/blob/9b4e9788e4a3a731f7567338ed15d3ec549ce03b/inference/model.py#L669-L693,MoE.forward,gh-deepseek-v3-inference-model-py,9b4e9788e4a3a731f7567338ed15d3ec549ce03b,derived,unknown,unknown,,MP=1; B=2; L_q=4; L_kv=4; start_pos=0; N_e=1 (动态代表例),demo 用逐专家 gather 与加权 scatter；HF moe_infer 则排序，EP>1 时另含 all-to-all，未审阅生产框架
deepseek-ai/DeepSeek-V3,3,4,MoE,prefill,absorb,expert_gate,代表路由专家 gate,"expert_tokens=[N_e,H]; W_eg=[I_expert,H]","eg=[N_e,I_expert]","expert_tokens=[1,7168]; W_eg=[2048,7168]","eg=[1,2048]",激活/缓存由调用者 dtype 决定；本轮 shape 场景假设 BF16,eg=expert_tokens @ W_eg^T,https://github.com/deepseek-ai/DeepSeek-V3/blob/9b4e9788e4a3a731f7567338ed15d3ec549ce03b/inference/model.py#L623-L633,Expert.forward,gh-deepseek-v3-inference-model-py,9b4e9788e4a3a731f7567338ed15d3ec549ce03b,derived,unknown,unknown,,MP=1; B=2; L_q=4; L_kv=4; start_pos=0; N_e=1 (动态代表例),模板覆盖 E 个专家；每专家 N_e 动态，N_e=0 时跳过
deepseek-ai/DeepSeek-V3,3,4,MoE,prefill,absorb,expert_up,代表路由专家 up,"expert_tokens=[N_e,H]; W_eu=[I_expert,H]","eu=[N_e,I_expert]","expert_tokens=[1,7168]; W_eu=[2048,7168]","eu=[1,2048]",激活/缓存由调用者 dtype 决定；本轮 shape 场景假设 BF16,eu=expert_tokens @ W_eu^T,https://github.com/deepseek-ai/DeepSeek-V3/blob/9b4e9788e4a3a731f7567338ed15d3ec549ce03b/inference/model.py#L623-L633,Expert.forward,gh-deepseek-v3-inference-model-py,9b4e9788e4a3a731f7567338ed15d3ec549ce03b,derived,unknown,unknown,,MP=1; B=2; L_q=4; L_kv=4; start_pos=0; N_e=1 (动态代表例),模板覆盖 E 个专家；每专家 N_e 动态，N_e=0 时跳过
deepseek-ai/DeepSeek-V3,3,4,MoE,prefill,absorb,expert_activation,路由专家 SwiGLU,"eg=[N_e,I_expert]; eu=[N_e,I_expert]","egu=[N_e,I_expert]","eg=[1,2048]; eu=[1,2048]","egu=[1,2048]",激活/缓存由调用者 dtype 决定；本轮 shape 场景假设 BF16,SiLU(eg)*eu,https://github.com/deepseek-ai/DeepSeek-V3/blob/9b4e9788e4a3a731f7567338ed15d3ec549ce03b/inference/model.py#L623-L633,Expert.forward,gh-deepseek-v3-inference-model-py,9b4e9788e4a3a731f7567338ed15d3ec549ce03b,derived,unknown,unknown,,MP=1; B=2; L_q=4; L_kv=4; start_pos=0; N_e=1 (动态代表例),
deepseek-ai/DeepSeek-V3,3,4,MoE,prefill,absorb,expert_down,路由专家 down,"egu=[N_e,I_expert]; W_ed=[H,I_expert]","expert_out=[N_e,H]","egu=[1,2048]; W_ed=[7168,2048]","expert_out=[1,7168]",激活/缓存由调用者 dtype 决定；本轮 shape 场景假设 BF16,egu @ W_ed^T,https://github.com/deepseek-ai/DeepSeek-V3/blob/9b4e9788e4a3a731f7567338ed15d3ec549ce03b/inference/model.py#L623-L633,Expert.forward,gh-deepseek-v3-inference-model-py,9b4e9788e4a3a731f7567338ed15d3ec549ce03b,derived,unknown,unknown,,MP=1; B=2; L_q=4; L_kv=4; start_pos=0; N_e=1 (动态代表例),
deepseek-ai/DeepSeek-V3,3,4,MoE,prefill,absorb,expert_route_weight,取代表专家路由权重,"route_weights=[N_tok,K]; expert_token_indices=[N_e]; expert_slots=[N_e]","expert_weights=[N_e,1]","route_weights=[8,8]; expert_token_indices=[1]; expert_slots=[1]","expert_weights=[1,1]",激活/缓存由调用者 dtype 决定；本轮 shape 场景假设 BF16,"weights[idx,top,None]",https://github.com/deepseek-ai/DeepSeek-V3/blob/9b4e9788e4a3a731f7567338ed15d3ec549ce03b/inference/model.py#L669-L693,MoE.forward,gh-deepseek-v3-inference-model-py,9b4e9788e4a3a731f7567338ed15d3ec549ce03b,derived,unknown,unknown,,MP=1; B=2; L_q=4; L_kv=4; start_pos=0; N_e=1 (动态代表例),
deepseek-ai/DeepSeek-V3,3,4,MoE,prefill,absorb,expert_weighted,代表专家输出乘路由权重,"expert_out=[N_e,H]; expert_weights=[N_e,1]","weighted_expert=[N_e,H]","expert_out=[1,7168]; expert_weights=[1,1]","weighted_expert=[1,7168]",激活/缓存由调用者 dtype 决定；本轮 shape 场景假设 BF16,expert_out*expert_weights,https://github.com/deepseek-ai/DeepSeek-V3/blob/9b4e9788e4a3a731f7567338ed15d3ec549ce03b/inference/model.py#L669-L693,MoE.forward,gh-deepseek-v3-inference-model-py,9b4e9788e4a3a731f7567338ed15d3ec549ce03b,derived,unknown,unknown,,MP=1; B=2; L_q=4; L_kv=4; start_pos=0; N_e=1 (动态代表例),
deepseek-ai/DeepSeek-V3,3,4,MoE,prefill,absorb,weighted_scatter,路由专家加权 scatter 累加,"weighted_expert=[N_e,H]; expert_token_indices=[N_e]; routed_zero=[N_tok,H]","routed_out=[N_tok,H]","weighted_expert=[1,7168]; expert_token_indices=[1]; routed_zero=[8,7168]","routed_out=[8,7168]",激活/缓存由调用者 dtype 决定；本轮 shape 场景假设 BF16,y[idx] += weighted_expert; repeat for all nonempty local experts,https://github.com/deepseek-ai/DeepSeek-V3/blob/9b4e9788e4a3a731f7567338ed15d3ec549ce03b/inference/model.py#L669-L693,MoE.forward,gh-deepseek-v3-inference-model-py,9b4e9788e4a3a731f7567338ed15d3ec549ce03b,derived,unknown,unknown,,MP=1; B=2; L_q=4; L_kv=4; start_pos=0; N_e=1 (动态代表例),
deepseek-ai/DeepSeek-V3,3,4,MoE,prefill,absorb,shared_gate,共享专家 gate,"tokens=[N_tok,H]; W_sg=[N_shared*I_expert,H]","sg=[N_tok,N_shared*I_expert]","tokens=[8,7168]; W_sg=[2048,7168]","sg=[8,2048]",激活/缓存由调用者 dtype 决定；本轮 shape 场景假设 BF16,sg=tokens @ W_sg^T,https://github.com/deepseek-ai/DeepSeek-V3/blob/9b4e9788e4a3a731f7567338ed15d3ec549ce03b/inference/model.py#L522-L532,MLP.forward,gh-deepseek-v3-inference-model-py,9b4e9788e4a3a731f7567338ed15d3ec549ce03b,derived,unknown,unknown,,MP=1; B=2; L_q=4; L_kv=4; start_pos=0; N_e=1 (动态代表例),
deepseek-ai/DeepSeek-V3,3,4,MoE,prefill,absorb,shared_up,共享专家 up,"tokens=[N_tok,H]; W_su=[N_shared*I_expert,H]","su=[N_tok,N_shared*I_expert]","tokens=[8,7168]; W_su=[2048,7168]","su=[8,2048]",激活/缓存由调用者 dtype 决定；本轮 shape 场景假设 BF16,su=tokens @ W_su^T,https://github.com/deepseek-ai/DeepSeek-V3/blob/9b4e9788e4a3a731f7567338ed15d3ec549ce03b/inference/model.py#L522-L532,MLP.forward,gh-deepseek-v3-inference-model-py,9b4e9788e4a3a731f7567338ed15d3ec549ce03b,derived,unknown,unknown,,MP=1; B=2; L_q=4; L_kv=4; start_pos=0; N_e=1 (动态代表例),
deepseek-ai/DeepSeek-V3,3,4,MoE,prefill,absorb,shared_activation,共享专家 SwiGLU,"sg=[N_tok,N_shared*I_expert]; su=[N_tok,N_shared*I_expert]","sgu=[N_tok,N_shared*I_expert]","sg=[8,2048]; su=[8,2048]","sgu=[8,2048]",激活/缓存由调用者 dtype 决定；本轮 shape 场景假设 BF16,SiLU(sg)*su,https://github.com/deepseek-ai/DeepSeek-V3/blob/9b4e9788e4a3a731f7567338ed15d3ec549ce03b/inference/model.py#L522-L532,MLP.forward,gh-deepseek-v3-inference-model-py,9b4e9788e4a3a731f7567338ed15d3ec549ce03b,derived,unknown,unknown,,MP=1; B=2; L_q=4; L_kv=4; start_pos=0; N_e=1 (动态代表例),
deepseek-ai/DeepSeek-V3,3,4,MoE,prefill,absorb,shared_down,共享专家 down,"sgu=[N_tok,N_shared*I_expert]; W_sd=[H,N_shared*I_expert]","shared_out=[N_tok,H]","sgu=[8,2048]; W_sd=[7168,2048]","shared_out=[8,7168]",激活/缓存由调用者 dtype 决定；本轮 shape 场景假设 BF16,sgu @ W_sd^T,https://github.com/deepseek-ai/DeepSeek-V3/blob/9b4e9788e4a3a731f7567338ed15d3ec549ce03b/inference/model.py#L522-L532,MLP.forward,gh-deepseek-v3-inference-model-py,9b4e9788e4a3a731f7567338ed15d3ec549ce03b,derived,unknown,unknown,,MP=1; B=2; L_q=4; L_kv=4; start_pos=0; N_e=1 (动态代表例),
deepseek-ai/DeepSeek-V3,3,4,MoE,prefill,absorb,moe_combine,合并路由与共享专家,"routed_out=[N_tok,H]; shared_out=[N_tok,H]","moe_flat=[N_tok,H]","routed_out=[8,7168]; shared_out=[8,7168]","moe_flat=[8,7168]",激活/缓存由调用者 dtype 决定；本轮 shape 场景假设 BF16,routed_out+shared_out; world_size>1 routed_out all_reduce before addition,https://github.com/deepseek-ai/DeepSeek-V3/blob/9b4e9788e4a3a731f7567338ed15d3ec549ce03b/inference/model.py#L669-L693,MoE.forward,gh-deepseek-v3-inference-model-py,9b4e9788e4a3a731f7567338ed15d3ec549ce03b,derived,unknown,unknown,,MP=1; B=2; L_q=4; L_kv=4; start_pos=0; N_e=1 (动态代表例),
deepseek-ai/DeepSeek-V3,3,4,MoE,prefill,absorb,moe_reshape,恢复 MoE 层 shape,"moe_flat=[N_tok,H]","ffn_out=[B,L_q,H]","moe_flat=[8,7168]","ffn_out=[2,4,7168]",激活/缓存由调用者 dtype 决定；本轮 shape 场景假设 BF16,"reshape to original [B,L_q,H]",https://github.com/deepseek-ai/DeepSeek-V3/blob/9b4e9788e4a3a731f7567338ed15d3ec549ce03b/inference/model.py#L669-L693,MoE.forward,gh-deepseek-v3-inference-model-py,9b4e9788e4a3a731f7567338ed15d3ec549ce03b,derived,unknown,unknown,,MP=1; B=2; L_q=4; L_kv=4; start_pos=0; N_e=1 (动态代表例),
deepseek-ai/DeepSeek-V3,3,4,MoE,prefill,absorb,ffn_residual,FFN 残差相加,"after_attn=[B,L_q,H]; ffn_out=[B,L_q,H]","layer_out=[B,L_q,H]","after_attn=[2,4,7168]; ffn_out=[2,4,7168]","layer_out=[2,4,7168]",激活/缓存由调用者 dtype 决定；本轮 shape 场景假设 BF16,after_attn+ffn_out,https://github.com/deepseek-ai/DeepSeek-V3/blob/9b4e9788e4a3a731f7567338ed15d3ec549ce03b/inference/model.py#L720-L735,Block.forward,gh-deepseek-v3-inference-model-py,9b4e9788e4a3a731f7567338ed15d3ec549ce03b,derived,unknown,unknown,,MP=1; B=2; L_q=4; L_kv=4; start_pos=0; N_e=1 (动态代表例),
deepseek-ai/DeepSeek-V3,3,4,MoE,decode,naive,attn_norm,Attention 前 RMSNorm,"x=[B,L_q,H]","x_norm=[B,L_q,H]","x=[2,1,7168]","x_norm=[2,1,7168]",激活/缓存由调用者 dtype 决定；本轮 shape 场景假设 BF16,"RMSNorm(x; gamma[H], eps)",https://github.com/deepseek-ai/DeepSeek-V3/blob/9b4e9788e4a3a731f7567338ed15d3ec549ce03b/inference/model.py#L720-L735,Block.forward,gh-deepseek-v3-inference-model-py,9b4e9788e4a3a731f7567338ed15d3ec549ce03b,derived,unknown,unknown,,MP=1; B=2; L_q=1; L_kv=8; start_pos=7; N_e=1 (动态代表例),
deepseek-ai/DeepSeek-V3,3,4,MoE,decode,naive,q_a,Q 低秩下投影,"x_norm=[B,L_q,H]; W_qa=[R_q,H]","q_low=[B,L_q,R_q]","x_norm=[2,1,7168]; W_qa=[1536,7168]","q_low=[2,1,1536]",激活/缓存由调用者 dtype 决定；本轮 shape 场景假设 BF16,q_low=x_norm @ W_qa^T,https://github.com/deepseek-ai/DeepSeek-V3/blob/9b4e9788e4a3a731f7567338ed15d3ec549ce03b/inference/model.py#L446-L497,MLA.forward,gh-deepseek-v3-inference-model-py,9b4e9788e4a3a731f7567338ed15d3ec549ce03b,derived,unknown,unknown,,MP=1; B=2; L_q=1; L_kv=8; start_pos=7; N_e=1 (动态代表例),
deepseek-ai/DeepSeek-V3,3,4,MoE,decode,naive,q_norm,Q 低秩 RMSNorm,"q_low=[B,L_q,R_q]","q_low_norm=[B,L_q,R_q]","q_low=[2,1,1536]","q_low_norm=[2,1,1536]",激活/缓存由调用者 dtype 决定；本轮 shape 场景假设 BF16,RMSNorm(q_low; gamma[R_q]),https://github.com/deepseek-ai/DeepSeek-V3/blob/9b4e9788e4a3a731f7567338ed15d3ec549ce03b/inference/model.py#L446-L497,MLA.forward,gh-deepseek-v3-inference-model-py,9b4e9788e4a3a731f7567338ed15d3ec549ce03b,derived,unknown,unknown,,MP=1; B=2; L_q=1; L_kv=8; start_pos=7; N_e=1 (动态代表例),
deepseek-ai/DeepSeek-V3,3,4,MoE,decode,naive,q_b,Q 上投影,"q_low_norm=[B,L_q,R_q]; W_qb=[N_head*(D_nope+D_rope),R_q]","q_flat=[B,L_q,N_head*(D_nope+D_rope)]","q_low_norm=[2,1,1536]; W_qb=[24576,1536]","q_flat=[2,1,24576]",激活/缓存由调用者 dtype 决定；本轮 shape 场景假设 BF16,q_flat=q_low_norm @ W_qb^T,https://github.com/deepseek-ai/DeepSeek-V3/blob/9b4e9788e4a3a731f7567338ed15d3ec549ce03b/inference/model.py#L446-L497,MLA.forward,gh-deepseek-v3-inference-model-py,9b4e9788e4a3a731f7567338ed15d3ec549ce03b,derived,unknown,unknown,,MP=1; B=2; L_q=1; L_kv=8; start_pos=7; N_e=1 (动态代表例),
deepseek-ai/DeepSeek-V3,3,4,MoE,decode,naive,q_view,Q heads reshape,"q_flat=[B,L_q,N_head*(D_nope+D_rope)]","q=[B,L_q,N_head,D_nope+D_rope]","q_flat=[2,1,24576]","q=[2,1,128,192]",激活/缓存由调用者 dtype 决定；本轮 shape 场景假设 BF16,reshape q_flat to heads,https://github.com/deepseek-ai/DeepSeek-V3/blob/9b4e9788e4a3a731f7567338ed15d3ec549ce03b/inference/model.py#L446-L497,MLA.forward,gh-deepseek-v3-inference-model-py,9b4e9788e4a3a731f7567338ed15d3ec549ce03b,derived,unknown,unknown,,MP=1; B=2; L_q=1; L_kv=8; start_pos=7; N_e=1 (动态代表例),
deepseek-ai/DeepSeek-V3,3,4,MoE,decode,naive,q_split,拆分 Q NoPE 与 RoPE,"q=[B,L_q,N_head,D_nope+D_rope]","q_nope=[B,L_q,N_head,D_nope]; q_pe=[B,L_q,N_head,D_rope]","q=[2,1,128,192]","q_nope=[2,1,128,128]; q_pe=[2,1,128,64]",激活/缓存由调用者 dtype 决定；本轮 shape 场景假设 BF16,"split last axis [D_nope,D_rope]",https://github.com/deepseek-ai/DeepSeek-V3/blob/9b4e9788e4a3a731f7567338ed15d3ec549ce03b/inference/model.py#L446-L497,MLA.forward,gh-deepseek-v3-inference-model-py,9b4e9788e4a3a731f7567338ed15d3ec549ce03b,derived,unknown,unknown,,MP=1; B=2; L_q=1; L_kv=8; start_pos=7; N_e=1 (动态代表例),
deepseek-ai/DeepSeek-V3,3,4,MoE,decode,naive,q_rope,Q 位置旋转,"q_pe=[B,L_q,N_head,D_rope]","q_rot=[B,L_q,N_head,D_rope]","q_pe=[2,1,128,64]","q_rot=[2,1,128,64]",旋转先转 FP32/complex，返回输入 dtype,"apply_rotary_emb(q_pe, freqs_cis)",https://github.com/deepseek-ai/DeepSeek-V3/blob/9b4e9788e4a3a731f7567338ed15d3ec549ce03b/inference/model.py#L446-L497,MLA.forward,gh-deepseek-v3-inference-model-py,9b4e9788e4a3a731f7567338ed15d3ec549ce03b,derived,unknown,unknown,,MP=1; B=2; L_q=1; L_kv=8; start_pos=7; N_e=1 (动态代表例),位置频率切片不是可训练矩阵
deepseek-ai/DeepSeek-V3,3,4,MoE,decode,naive,kv_a,KV 低秩及共享位置投影,"x_norm=[B,L_q,H]; W_kva=[R_kv+D_rope,H]","kv_joint=[B,L_q,R_kv+D_rope]","x_norm=[2,1,7168]; W_kva=[576,7168]","kv_joint=[2,1,576]",激活/缓存由调用者 dtype 决定；本轮 shape 场景假设 BF16,kv_joint=x_norm @ W_kva^T,https://github.com/deepseek-ai/DeepSeek-V3/blob/9b4e9788e4a3a731f7567338ed15d3ec549ce03b/inference/model.py#L446-L497,MLA.forward,gh-deepseek-v3-inference-model-py,9b4e9788e4a3a731f7567338ed15d3ec549ce03b,derived,unknown,unknown,,MP=1; B=2; L_q=1; L_kv=8; start_pos=7; N_e=1 (动态代表例),
deepseek-ai/DeepSeek-V3,3,4,MoE,decode,naive,kv_split,拆分潜变量与共享位置 Key,"kv_joint=[B,L_q,R_kv+D_rope]","kv_low=[B,L_q,R_kv]; k_pe=[B,L_q,D_rope]","kv_joint=[2,1,576]","kv_low=[2,1,512]; k_pe=[2,1,64]",激活/缓存由调用者 dtype 决定；本轮 shape 场景假设 BF16,"split last axis [R_kv,D_rope]",https://github.com/deepseek-ai/DeepSeek-V3/blob/9b4e9788e4a3a731f7567338ed15d3ec549ce03b/inference/model.py#L446-L497,MLA.forward,gh-deepseek-v3-inference-model-py,9b4e9788e4a3a731f7567338ed15d3ec549ce03b,derived,unknown,unknown,,MP=1; B=2; L_q=1; L_kv=8; start_pos=7; N_e=1 (动态代表例),
deepseek-ai/DeepSeek-V3,3,4,MoE,decode,naive,k_unsqueeze,为共享位置 Key 增加 head 轴,"k_pe=[B,L_q,D_rope]","k_pe_single=[B,L_q,1,D_rope]","k_pe=[2,1,64]","k_pe_single=[2,1,1,64]",激活/缓存由调用者 dtype 决定；本轮 shape 场景假设 BF16,unsqueeze head axis=2,https://github.com/deepseek-ai/DeepSeek-V3/blob/9b4e9788e4a3a731f7567338ed15d3ec549ce03b/inference/model.py#L446-L497,MLA.forward,gh-deepseek-v3-inference-model-py,9b4e9788e4a3a731f7567338ed15d3ec549ce03b,derived,unknown,unknown,,MP=1; B=2; L_q=1; L_kv=8; start_pos=7; N_e=1 (动态代表例),
deepseek-ai/DeepSeek-V3,3,4,MoE,decode,naive,k_rope,共享 Key 位置旋转,"k_pe_single=[B,L_q,1,D_rope]","k_rot_single=[B,L_q,1,D_rope]","k_pe_single=[2,1,1,64]","k_rot_single=[2,1,1,64]",旋转先转 FP32/complex，返回输入 dtype,"apply_rotary_emb(k_pe.unsqueeze(2), freqs_cis)",https://github.com/deepseek-ai/DeepSeek-V3/blob/9b4e9788e4a3a731f7567338ed15d3ec549ce03b/inference/model.py#L446-L497,MLA.forward,gh-deepseek-v3-inference-model-py,9b4e9788e4a3a731f7567338ed15d3ec549ce03b,derived,unknown,unknown,,MP=1; B=2; L_q=1; L_kv=8; start_pos=7; N_e=1 (动态代表例),
deepseek-ai/DeepSeek-V3,3,4,MoE,decode,naive,k_squeeze,共享位置 Key 去掉单 head 轴,"k_rot_single=[B,L_q,1,D_rope]","k_rot=[B,L_q,D_rope]","k_rot_single=[2,1,1,64]","k_rot=[2,1,64]",激活/缓存由调用者 dtype 决定；本轮 shape 场景假设 BF16,squeeze head axis for compressed positional cache,https://github.com/deepseek-ai/DeepSeek-V3/blob/9b4e9788e4a3a731f7567338ed15d3ec549ce03b/inference/model.py#L446-L497,MLA.forward,gh-deepseek-v3-inference-model-py,9b4e9788e4a3a731f7567338ed15d3ec549ce03b,derived,unknown,unknown,,MP=1; B=2; L_q=1; L_kv=8; start_pos=7; N_e=1 (动态代表例),
deepseek-ai/DeepSeek-V3,3,4,MoE,decode,naive,kv_norm,KV 低秩 RMSNorm,"kv_low=[B,L_q,R_kv]","c_new=[B,L_q,R_kv]","kv_low=[2,1,512]","c_new=[2,1,512]",激活/缓存由调用者 dtype 决定；本轮 shape 场景假设 BF16,RMSNorm(kv_low; gamma[R_kv]),https://github.com/deepseek-ai/DeepSeek-V3/blob/9b4e9788e4a3a731f7567338ed15d3ec549ce03b/inference/model.py#L446-L497,MLA.forward,gh-deepseek-v3-inference-model-py,9b4e9788e4a3a731f7567338ed15d3ec549ce03b,derived,unknown,unknown,,MP=1; B=2; L_q=1; L_kv=8; start_pos=7; N_e=1 (动态代表例),
deepseek-ai/DeepSeek-V3,3,4,MoE,decode,naive,kv_b,展开 KV 上投影,"c_new=[B,L_q,R_kv]; W_kvb=[N_head*(D_nope+D_v),R_kv]","kv_flat=[B,L_q,N_head*(D_nope+D_v)]","c_new=[2,1,512]; W_kvb=[32768,512]","kv_flat=[2,1,32768]",激活/缓存由调用者 dtype 决定；本轮 shape 场景假设 BF16,kv_flat=c_new @ W_kvb^T,https://github.com/deepseek-ai/DeepSeek-V3/blob/9b4e9788e4a3a731f7567338ed15d3ec549ce03b/inference/model.py#L446-L497,MLA.forward,gh-deepseek-v3-inference-model-py,9b4e9788e4a3a731f7567338ed15d3ec549ce03b,derived,unknown,unknown,,MP=1; B=2; L_q=1; L_kv=8; start_pos=7; N_e=1 (动态代表例),
deepseek-ai/DeepSeek-V3,3,4,MoE,decode,naive,kv_view,展开 KV heads reshape,"kv_flat=[B,L_q,N_head*(D_nope+D_v)]","kv_heads=[B,L_q,N_head,D_nope+D_v]","kv_flat=[2,1,32768]","kv_heads=[2,1,128,256]",激活/缓存由调用者 dtype 决定；本轮 shape 场景假设 BF16,reshape kv_flat to heads,https://github.com/deepseek-ai/DeepSeek-V3/blob/9b4e9788e4a3a731f7567338ed15d3ec549ce03b/inference/model.py#L446-L497,MLA.forward,gh-deepseek-v3-inference-model-py,9b4e9788e4a3a731f7567338ed15d3ec549ce03b,derived,unknown,unknown,,MP=1; B=2; L_q=1; L_kv=8; start_pos=7; N_e=1 (动态代表例),
deepseek-ai/DeepSeek-V3,3,4,MoE,decode,naive,kv_heads_split,拆分展开 Key 与 Value,"kv_heads=[B,L_q,N_head,D_nope+D_v]","k_nope=[B,L_q,N_head,D_nope]; v_new=[B,L_q,N_head,D_v]","kv_heads=[2,1,128,256]","k_nope=[2,1,128,128]; v_new=[2,1,128,128]",激活/缓存由调用者 dtype 决定；本轮 shape 场景假设 BF16,"split last axis [D_nope,D_v]",https://github.com/deepseek-ai/DeepSeek-V3/blob/9b4e9788e4a3a731f7567338ed15d3ec549ce03b/inference/model.py#L446-L497,MLA.forward,gh-deepseek-v3-inference-model-py,9b4e9788e4a3a731f7567338ed15d3ec549ce03b,derived,unknown,unknown,,MP=1; B=2; L_q=1; L_kv=8; start_pos=7; N_e=1 (动态代表例),
deepseek-ai/DeepSeek-V3,3,4,MoE,decode,naive,k_broadcast,共享位置 Key 广播,"k_rot_single=[B,L_q,1,D_rope]","k_rot_heads=[B,L_q,N_head,D_rope]","k_rot_single=[2,1,1,64]","k_rot_heads=[2,1,128,64]",激活/缓存由调用者 dtype 决定；本轮 shape 场景假设 BF16,expand head axis without adding parameters,https://github.com/deepseek-ai/DeepSeek-V3/blob/9b4e9788e4a3a731f7567338ed15d3ec549ce03b/inference/model.py#L446-L497,MLA.forward,gh-deepseek-v3-inference-model-py,9b4e9788e4a3a731f7567338ed15d3ec549ce03b,derived,unknown,unknown,,MP=1; B=2; L_q=1; L_kv=8; start_pos=7; N_e=1 (动态代表例),
deepseek-ai/DeepSeek-V3,3,4,MoE,decode,naive,k_concat,构造完整 Key,"k_nope=[B,L_q,N_head,D_nope]; k_rot_heads=[B,L_q,N_head,D_rope]","k_new=[B,L_q,N_head,D_nope+D_rope]","k_nope=[2,1,128,128]; k_rot_heads=[2,1,128,64]","k_new=[2,1,128,192]",激活/缓存由调用者 dtype 决定；本轮 shape 场景假设 BF16,concat NoPE and rotated Key,https://github.com/deepseek-ai/DeepSeek-V3/blob/9b4e9788e4a3a731f7567338ed15d3ec549ce03b/inference/model.py#L446-L497,MLA.forward,gh-deepseek-v3-inference-model-py,9b4e9788e4a3a731f7567338ed15d3ec549ce03b,derived,unknown,unknown,,MP=1; B=2; L_q=1; L_kv=8; start_pos=7; N_e=1 (动态代表例),
deepseek-ai/DeepSeek-V3,3,4,MoE,decode,naive,q_concat,构造完整 Query,"q_nope=[B,L_q,N_head,D_nope]; q_rot=[B,L_q,N_head,D_rope]","q_full=[B,L_q,N_head,D_nope+D_rope]","q_nope=[2,1,128,128]; q_rot=[2,1,128,64]","q_full=[2,1,128,192]",激活/缓存由调用者 dtype 决定；本轮 shape 场景假设 BF16,concat NoPE and rotated Query,https://github.com/deepseek-ai/DeepSeek-V3/blob/9b4e9788e4a3a731f7567338ed15d3ec549ce03b/inference/model.py#L446-L497,MLA.forward,gh-deepseek-v3-inference-model-py,9b4e9788e4a3a731f7567338ed15d3ec549ce03b,derived,unknown,unknown,,MP=1; B=2; L_q=1; L_kv=8; start_pos=7; N_e=1 (动态代表例),
deepseek-ai/DeepSeek-V3,3,4,MoE,decode,naive,k_cache,写展开 Key cache,"k_new=[B,L_q,N_head,D_nope+D_rope]","k_cache=[B,L_kv,N_head,D_nope+D_rope]","k_new=[2,1,128,192]","k_cache=[2,8,128,192]",激活/缓存由调用者 dtype 决定；本轮 shape 场景假设 BF16,write [start_pos:start_pos+L_q]; read active [:L_kv],https://github.com/deepseek-ai/DeepSeek-V3/blob/9b4e9788e4a3a731f7567338ed15d3ec549ce03b/inference/model.py#L446-L497,MLA.forward,gh-deepseek-v3-inference-model-py,9b4e9788e4a3a731f7567338ed15d3ec549ce03b,derived,unknown,unknown,,MP=1; B=2; L_q=1; L_kv=8; start_pos=7; N_e=1 (动态代表例),
deepseek-ai/DeepSeek-V3,3,4,MoE,decode,naive,v_cache,写展开 Value cache,"v_new=[B,L_q,N_head,D_v]","v_cache=[B,L_kv,N_head,D_v]","v_new=[2,1,128,128]","v_cache=[2,8,128,128]",激活/缓存由调用者 dtype 决定；本轮 shape 场景假设 BF16,write active new values,https://github.com/deepseek-ai/DeepSeek-V3/blob/9b4e9788e4a3a731f7567338ed15d3ec549ce03b/inference/model.py#L446-L497,MLA.forward,gh-deepseek-v3-inference-model-py,9b4e9788e4a3a731f7567338ed15d3ec549ce03b,derived,unknown,unknown,,MP=1; B=2; L_q=1; L_kv=8; start_pos=7; N_e=1 (动态代表例),
deepseek-ai/DeepSeek-V3,3,4,MoE,decode,naive,naive_scores,展开 QK 打分,"q_full=[B,L_q,N_head,D_nope+D_rope]; k_cache=[B,L_kv,N_head,D_nope+D_rope]","scores=[B,L_q,N_head,L_kv]","q_full=[2,1,128,192]; k_cache=[2,8,128,192]","scores=[2,1,128,8]",激活/缓存由调用者 dtype 决定；本轮 shape 场景假设 BF16,"scores=alpha*einsum(bqhd,bshd->bqhs)",https://github.com/deepseek-ai/DeepSeek-V3/blob/9b4e9788e4a3a731f7567338ed15d3ec549ce03b/inference/model.py#L446-L497,MLA.forward,gh-deepseek-v3-inference-model-py,9b4e9788e4a3a731f7567338ed15d3ec549ce03b,derived,unknown,unknown,,MP=1; B=2; L_q=1; L_kv=8; start_pos=7; N_e=1 (动态代表例),
deepseek-ai/DeepSeek-V3,3,4,MoE,decode,naive,attention_prob,Mask 与 attention softmax,"scores=[B,L_q,N_head,L_kv]","prob=[B,L_q,N_head,L_kv]","scores=[2,1,128,8]","prob=[2,1,128,8]",softmax 显式 FP32，然后 type_as(x),"initial prefill adds causal [L_q,L_q] mask; decode L_q=1 mask=None; softmax over L_kv",https://github.com/deepseek-ai/DeepSeek-V3/blob/9b4e9788e4a3a731f7567338ed15d3ec549ce03b/inference/model.py#L446-L497,MLA.forward,gh-deepseek-v3-inference-model-py,9b4e9788e4a3a731f7567338ed15d3ec549ce03b,derived,unknown,unknown,,MP=1; B=2; L_q=1; L_kv=8; start_pos=7; N_e=1 (动态代表例),本轮 prefill 为 start_pos=0；不声称支持带历史 chunked prefill 的方形 mask
deepseek-ai/DeepSeek-V3,3,4,MoE,decode,naive,naive_context,展开 Value 加权聚合,"prob=[B,L_q,N_head,L_kv]; v_cache=[B,L_kv,N_head,D_v]","attn_heads=[B,L_q,N_head,D_v]","prob=[2,1,128,8]; v_cache=[2,8,128,128]","attn_heads=[2,1,128,128]",激活/缓存由调用者 dtype 决定；本轮 shape 场景假设 BF16,"einsum(bqhs,bshd->bqhd)",https://github.com/deepseek-ai/DeepSeek-V3/blob/9b4e9788e4a3a731f7567338ed15d3ec549ce03b/inference/model.py#L446-L497,MLA.forward,gh-deepseek-v3-inference-model-py,9b4e9788e4a3a731f7567338ed15d3ec549ce03b,derived,unknown,unknown,,MP=1; B=2; L_q=1; L_kv=8; start_pos=7; N_e=1 (动态代表例),
deepseek-ai/DeepSeek-V3,3,4,MoE,decode,naive,attn_flatten,合并 attention heads,"attn_heads=[B,L_q,N_head,D_v]","attn_flat=[B,L_q,N_head*D_v]","attn_heads=[2,1,128,128]","attn_flat=[2,1,16384]",激活/缓存由调用者 dtype 决定；本轮 shape 场景假设 BF16,flatten head and value axes,https://github.com/deepseek-ai/DeepSeek-V3/blob/9b4e9788e4a3a731f7567338ed15d3ec549ce03b/inference/model.py#L446-L497,MLA.forward,gh-deepseek-v3-inference-model-py,9b4e9788e4a3a731f7567338ed15d3ec549ce03b,derived,unknown,unknown,,MP=1; B=2; L_q=1; L_kv=8; start_pos=7; N_e=1 (动态代表例),
deepseek-ai/DeepSeek-V3,3,4,MoE,decode,naive,o_proj,Attention 输出投影,"attn_flat=[B,L_q,N_head*D_v]; W_o=[H,N_head*D_v]","attn_out=[B,L_q,H]","attn_flat=[2,1,16384]; W_o=[7168,16384]","attn_out=[2,1,7168]",激活/缓存由调用者 dtype 决定；本轮 shape 场景假设 BF16,attn_out=attn_flat @ W_o^T,https://github.com/deepseek-ai/DeepSeek-V3/blob/9b4e9788e4a3a731f7567338ed15d3ec549ce03b/inference/model.py#L446-L497,MLA.forward,gh-deepseek-v3-inference-model-py,9b4e9788e4a3a731f7567338ed15d3ec549ce03b,derived,unknown,unknown,,MP=1; B=2; L_q=1; L_kv=8; start_pos=7; N_e=1 (动态代表例),
deepseek-ai/DeepSeek-V3,3,4,MoE,decode,naive,attn_residual,Attention 残差相加,"x=[B,L_q,H]; attn_out=[B,L_q,H]","after_attn=[B,L_q,H]","x=[2,1,7168]; attn_out=[2,1,7168]","after_attn=[2,1,7168]",激活/缓存由调用者 dtype 决定；本轮 shape 场景假设 BF16,after_attn=x+attn_out,https://github.com/deepseek-ai/DeepSeek-V3/blob/9b4e9788e4a3a731f7567338ed15d3ec549ce03b/inference/model.py#L720-L735,Block.forward,gh-deepseek-v3-inference-model-py,9b4e9788e4a3a731f7567338ed15d3ec549ce03b,derived,unknown,unknown,,MP=1; B=2; L_q=1; L_kv=8; start_pos=7; N_e=1 (动态代表例),
deepseek-ai/DeepSeek-V3,3,4,MoE,decode,naive,ffn_norm,FFN 前 RMSNorm,"after_attn=[B,L_q,H]","ffn_input=[B,L_q,H]","after_attn=[2,1,7168]","ffn_input=[2,1,7168]",激活/缓存由调用者 dtype 决定；本轮 shape 场景假设 BF16,"RMSNorm(after_attn; gamma[H], eps)",https://github.com/deepseek-ai/DeepSeek-V3/blob/9b4e9788e4a3a731f7567338ed15d3ec549ce03b/inference/model.py#L720-L735,Block.forward,gh-deepseek-v3-inference-model-py,9b4e9788e4a3a731f7567338ed15d3ec549ce03b,derived,unknown,unknown,,MP=1; B=2; L_q=1; L_kv=8; start_pos=7; N_e=1 (动态代表例),
deepseek-ai/DeepSeek-V3,3,4,MoE,decode,naive,moe_flatten,MoE token 展平,"ffn_input=[B,L_q,H]","tokens=[N_tok,H]","ffn_input=[2,1,7168]","tokens=[2,7168]",激活/缓存由调用者 dtype 决定；本轮 shape 场景假设 BF16,N_tok=B*L_q for padded demo,https://github.com/deepseek-ai/DeepSeek-V3/blob/9b4e9788e4a3a731f7567338ed15d3ec549ce03b/inference/model.py#L669-L693,MoE.forward,gh-deepseek-v3-inference-model-py,9b4e9788e4a3a731f7567338ed15d3ec549ce03b,derived,unknown,unknown,,MP=1; B=2; L_q=1; L_kv=8; start_pos=7; N_e=1 (动态代表例),
deepseek-ai/DeepSeek-V3,3,4,MoE,decode,naive,router_linear,路由打分投影,"tokens=[N_tok,H]; W_router=[E,H]","logits=[N_tok,E]","tokens=[2,7168]; W_router=[256,7168]","logits=[2,256]",demo 未显式转 FP32；HF MoEGate.forward 显式将输入与权重转 FP32,"linear(tokens,W_router)",https://github.com/deepseek-ai/DeepSeek-V3/blob/9b4e9788e4a3a731f7567338ed15d3ec549ce03b/inference/model.py#L566-L598,Gate.forward,gh-deepseek-v3-inference-model-py,9b4e9788e4a3a731f7567338ed15d3ec549ce03b,derived,unknown,unknown,,MP=1; B=2; L_q=1; L_kv=8; start_pos=7; N_e=1 (动态代表例),
deepseek-ai/DeepSeek-V3,3,4,MoE,decode,naive,router_sigmoid,路由 sigmoid,"logits=[N_tok,E]","original_scores=[N_tok,E]","logits=[2,256]","original_scores=[2,256]",激活/缓存由调用者 dtype 决定；本轮 shape 场景假设 BF16,sigmoid(logits),https://github.com/deepseek-ai/DeepSeek-V3/blob/9b4e9788e4a3a731f7567338ed15d3ec549ce03b/inference/model.py#L566-L598,Gate.forward,gh-deepseek-v3-inference-model-py,9b4e9788e4a3a731f7567338ed15d3ec549ce03b,derived,unknown,unknown,,MP=1; B=2; L_q=1; L_kv=8; start_pos=7; N_e=1 (动态代表例),
deepseek-ai/DeepSeek-V3,3,4,MoE,decode,naive,router_bias,选择分数加校正 bias,"original_scores=[N_tok,E]; correction_bias=[E]","choice_scores=[N_tok,E]","original_scores=[2,256]; correction_bias=[256]","choice_scores=[2,256]",demo correction bias 构造为 FP32；保留 original_scores 用于最终权重,selection only: original_scores+correction_bias,https://github.com/deepseek-ai/DeepSeek-V3/blob/9b4e9788e4a3a731f7567338ed15d3ec549ce03b/inference/model.py#L566-L598,Gate.forward,gh-deepseek-v3-inference-model-py,9b4e9788e4a3a731f7567338ed15d3ec549ce03b,derived,unknown,unknown,,MP=1; B=2; L_q=1; L_kv=8; start_pos=7; N_e=1 (动态代表例),
deepseek-ai/DeepSeek-V3,3,4,MoE,decode,naive,group_view,路由分组,"choice_scores=[N_tok,E]","grouped=[N_tok,G,E//G]","choice_scores=[2,256]","grouped=[2,8,32]",激活/缓存由调用者 dtype 决定；本轮 shape 场景假设 BF16,reshape to G groups,https://github.com/deepseek-ai/DeepSeek-V3/blob/9b4e9788e4a3a731f7567338ed15d3ec549ce03b/inference/model.py#L566-L598,Gate.forward,gh-deepseek-v3-inference-model-py,9b4e9788e4a3a731f7567338ed15d3ec549ce03b,derived,unknown,unknown,,MP=1; B=2; L_q=1; L_kv=8; start_pos=7; N_e=1 (动态代表例),
deepseek-ai/DeepSeek-V3,3,4,MoE,decode,naive,group_score,每组 top-2 分数求和,"grouped=[N_tok,G,E//G]","group_scores=[N_tok,G]","grouped=[2,8,32]","group_scores=[2,8]",激活/缓存由调用者 dtype 决定；本轮 shape 场景假设 BF16,"sum(topk(grouped,2),last_axis)",https://github.com/deepseek-ai/DeepSeek-V3/blob/9b4e9788e4a3a731f7567338ed15d3ec549ce03b/inference/model.py#L566-L598,Gate.forward,gh-deepseek-v3-inference-model-py,9b4e9788e4a3a731f7567338ed15d3ec549ce03b,derived,unknown,unknown,,MP=1; B=2; L_q=1; L_kv=8; start_pos=7; N_e=1 (动态代表例),
deepseek-ai/DeepSeek-V3,3,4,MoE,decode,naive,group_topk,选择专家组,"group_scores=[N_tok,G]","selected_groups=[N_tok,G_keep]","group_scores=[2,8]","selected_groups=[2,4]",输出为整型 group indices；score 精度依输入路径,topk groups with G_keep=4,https://github.com/deepseek-ai/DeepSeek-V3/blob/9b4e9788e4a3a731f7567338ed15d3ec549ce03b/inference/model.py#L566-L598,Gate.forward,gh-deepseek-v3-inference-model-py,9b4e9788e4a3a731f7567338ed15d3ec549ce03b,derived,unknown,unknown,,MP=1; B=2; L_q=1; L_kv=8; start_pos=7; N_e=1 (动态代表例),
deepseek-ai/DeepSeek-V3,3,4,MoE,decode,naive,group_mask,屏蔽未选择专家组,"choice_scores=[N_tok,E]; selected_groups=[N_tok,G_keep]","masked_choice=[N_tok,E]","choice_scores=[2,256]; selected_groups=[2,4]","masked_choice=[2,256]",激活/缓存由调用者 dtype 决定；本轮 shape 场景假设 BF16,unselected groups masked to -inf,https://github.com/deepseek-ai/DeepSeek-V3/blob/9b4e9788e4a3a731f7567338ed15d3ec549ce03b/inference/model.py#L566-L598,Gate.forward,gh-deepseek-v3-inference-model-py,9b4e9788e4a3a731f7567338ed15d3ec549ce03b,derived,unknown,unknown,,MP=1; B=2; L_q=1; L_kv=8; start_pos=7; N_e=1 (动态代表例),
deepseek-ai/DeepSeek-V3,3,4,MoE,decode,naive,expert_topk,选择路由专家,"masked_choice=[N_tok,E]","indices=[N_tok,K]","masked_choice=[2,256]","indices=[2,8]",输出为整型 expert indices；score 精度依输入路径,topk masked_choice with K=8,https://github.com/deepseek-ai/DeepSeek-V3/blob/9b4e9788e4a3a731f7567338ed15d3ec549ce03b/inference/model.py#L566-L598,Gate.forward,gh-deepseek-v3-inference-model-py,9b4e9788e4a3a731f7567338ed15d3ec549ce03b,derived,unknown,unknown,,MP=1; B=2; L_q=1; L_kv=8; start_pos=7; N_e=1 (动态代表例),
deepseek-ai/DeepSeek-V3,3,4,MoE,decode,naive,route_weights,取原分数、归一化与缩放,"original_scores=[N_tok,E]; indices=[N_tok,K]","route_weights=[N_tok,K]","original_scores=[2,256]; indices=[2,8]","route_weights=[2,8]",激活/缓存由调用者 dtype 决定；本轮 shape 场景假设 BF16,gather ORIGINAL scores; normalize sum; multiply 2.5; type_as(tokens),https://github.com/deepseek-ai/DeepSeek-V3/blob/9b4e9788e4a3a731f7567338ed15d3ec549ce03b/inference/model.py#L566-L598,Gate.forward,gh-deepseek-v3-inference-model-py,9b4e9788e4a3a731f7567338ed15d3ec549ce03b,derived,unknown,unknown,,MP=1; B=2; L_q=1; L_kv=8; start_pos=7; N_e=1 (动态代表例),correction bias 不进入最终归一化权重；HF 分母额外加 1e-20
deepseek-ai/DeepSeek-V3,3,4,MoE,decode,naive,routed_init,初始化路由专家累加输出,"tokens=[N_tok,H]","routed_zero=[N_tok,H]","tokens=[2,7168]","routed_zero=[2,7168]",激活/缓存由调用者 dtype 决定；本轮 shape 场景假设 BF16,zeros_like(tokens),https://github.com/deepseek-ai/DeepSeek-V3/blob/9b4e9788e4a3a731f7567338ed15d3ec549ce03b/inference/model.py#L669-L693,MoE.forward,gh-deepseek-v3-inference-model-py,9b4e9788e4a3a731f7567338ed15d3ec549ce03b,derived,unknown,unknown,,MP=1; B=2; L_q=1; L_kv=8; start_pos=7; N_e=1 (动态代表例),
deepseek-ai/DeepSeek-V3,3,4,MoE,decode,naive,dispatch,按专家 gather token,"tokens=[N_tok,H]; indices=[N_tok,K]","expert_tokens=[N_e,H]; expert_token_indices=[N_e]; expert_slots=[N_e]","tokens=[2,7168]; indices=[2,8]","expert_tokens=[1,7168]; expert_token_indices=[1]; expert_slots=[1]",expert_tokens 保持激活 dtype；token/slot indices 为整型,"bincount IDs; idx,top=torch.where(indices==e); x[idx]",https://github.com/deepseek-ai/DeepSeek-V3/blob/9b4e9788e4a3a731f7567338ed15d3ec549ce03b/inference/model.py#L669-L693,MoE.forward,gh-deepseek-v3-inference-model-py,9b4e9788e4a3a731f7567338ed15d3ec549ce03b,derived,unknown,unknown,,MP=1; B=2; L_q=1; L_kv=8; start_pos=7; N_e=1 (动态代表例),demo 用逐专家 gather 与加权 scatter；HF moe_infer 则排序，EP>1 时另含 all-to-all，未审阅生产框架
deepseek-ai/DeepSeek-V3,3,4,MoE,decode,naive,expert_gate,代表路由专家 gate,"expert_tokens=[N_e,H]; W_eg=[I_expert,H]","eg=[N_e,I_expert]","expert_tokens=[1,7168]; W_eg=[2048,7168]","eg=[1,2048]",激活/缓存由调用者 dtype 决定；本轮 shape 场景假设 BF16,eg=expert_tokens @ W_eg^T,https://github.com/deepseek-ai/DeepSeek-V3/blob/9b4e9788e4a3a731f7567338ed15d3ec549ce03b/inference/model.py#L623-L633,Expert.forward,gh-deepseek-v3-inference-model-py,9b4e9788e4a3a731f7567338ed15d3ec549ce03b,derived,unknown,unknown,,MP=1; B=2; L_q=1; L_kv=8; start_pos=7; N_e=1 (动态代表例),模板覆盖 E 个专家；每专家 N_e 动态，N_e=0 时跳过
deepseek-ai/DeepSeek-V3,3,4,MoE,decode,naive,expert_up,代表路由专家 up,"expert_tokens=[N_e,H]; W_eu=[I_expert,H]","eu=[N_e,I_expert]","expert_tokens=[1,7168]; W_eu=[2048,7168]","eu=[1,2048]",激活/缓存由调用者 dtype 决定；本轮 shape 场景假设 BF16,eu=expert_tokens @ W_eu^T,https://github.com/deepseek-ai/DeepSeek-V3/blob/9b4e9788e4a3a731f7567338ed15d3ec549ce03b/inference/model.py#L623-L633,Expert.forward,gh-deepseek-v3-inference-model-py,9b4e9788e4a3a731f7567338ed15d3ec549ce03b,derived,unknown,unknown,,MP=1; B=2; L_q=1; L_kv=8; start_pos=7; N_e=1 (动态代表例),模板覆盖 E 个专家；每专家 N_e 动态，N_e=0 时跳过
deepseek-ai/DeepSeek-V3,3,4,MoE,decode,naive,expert_activation,路由专家 SwiGLU,"eg=[N_e,I_expert]; eu=[N_e,I_expert]","egu=[N_e,I_expert]","eg=[1,2048]; eu=[1,2048]","egu=[1,2048]",激活/缓存由调用者 dtype 决定；本轮 shape 场景假设 BF16,SiLU(eg)*eu,https://github.com/deepseek-ai/DeepSeek-V3/blob/9b4e9788e4a3a731f7567338ed15d3ec549ce03b/inference/model.py#L623-L633,Expert.forward,gh-deepseek-v3-inference-model-py,9b4e9788e4a3a731f7567338ed15d3ec549ce03b,derived,unknown,unknown,,MP=1; B=2; L_q=1; L_kv=8; start_pos=7; N_e=1 (动态代表例),
deepseek-ai/DeepSeek-V3,3,4,MoE,decode,naive,expert_down,路由专家 down,"egu=[N_e,I_expert]; W_ed=[H,I_expert]","expert_out=[N_e,H]","egu=[1,2048]; W_ed=[7168,2048]","expert_out=[1,7168]",激活/缓存由调用者 dtype 决定；本轮 shape 场景假设 BF16,egu @ W_ed^T,https://github.com/deepseek-ai/DeepSeek-V3/blob/9b4e9788e4a3a731f7567338ed15d3ec549ce03b/inference/model.py#L623-L633,Expert.forward,gh-deepseek-v3-inference-model-py,9b4e9788e4a3a731f7567338ed15d3ec549ce03b,derived,unknown,unknown,,MP=1; B=2; L_q=1; L_kv=8; start_pos=7; N_e=1 (动态代表例),
deepseek-ai/DeepSeek-V3,3,4,MoE,decode,naive,expert_route_weight,取代表专家路由权重,"route_weights=[N_tok,K]; expert_token_indices=[N_e]; expert_slots=[N_e]","expert_weights=[N_e,1]","route_weights=[2,8]; expert_token_indices=[1]; expert_slots=[1]","expert_weights=[1,1]",激活/缓存由调用者 dtype 决定；本轮 shape 场景假设 BF16,"weights[idx,top,None]",https://github.com/deepseek-ai/DeepSeek-V3/blob/9b4e9788e4a3a731f7567338ed15d3ec549ce03b/inference/model.py#L669-L693,MoE.forward,gh-deepseek-v3-inference-model-py,9b4e9788e4a3a731f7567338ed15d3ec549ce03b,derived,unknown,unknown,,MP=1; B=2; L_q=1; L_kv=8; start_pos=7; N_e=1 (动态代表例),
deepseek-ai/DeepSeek-V3,3,4,MoE,decode,naive,expert_weighted,代表专家输出乘路由权重,"expert_out=[N_e,H]; expert_weights=[N_e,1]","weighted_expert=[N_e,H]","expert_out=[1,7168]; expert_weights=[1,1]","weighted_expert=[1,7168]",激活/缓存由调用者 dtype 决定；本轮 shape 场景假设 BF16,expert_out*expert_weights,https://github.com/deepseek-ai/DeepSeek-V3/blob/9b4e9788e4a3a731f7567338ed15d3ec549ce03b/inference/model.py#L669-L693,MoE.forward,gh-deepseek-v3-inference-model-py,9b4e9788e4a3a731f7567338ed15d3ec549ce03b,derived,unknown,unknown,,MP=1; B=2; L_q=1; L_kv=8; start_pos=7; N_e=1 (动态代表例),
deepseek-ai/DeepSeek-V3,3,4,MoE,decode,naive,weighted_scatter,路由专家加权 scatter 累加,"weighted_expert=[N_e,H]; expert_token_indices=[N_e]; routed_zero=[N_tok,H]","routed_out=[N_tok,H]","weighted_expert=[1,7168]; expert_token_indices=[1]; routed_zero=[2,7168]","routed_out=[2,7168]",激活/缓存由调用者 dtype 决定；本轮 shape 场景假设 BF16,y[idx] += weighted_expert; repeat for all nonempty local experts,https://github.com/deepseek-ai/DeepSeek-V3/blob/9b4e9788e4a3a731f7567338ed15d3ec549ce03b/inference/model.py#L669-L693,MoE.forward,gh-deepseek-v3-inference-model-py,9b4e9788e4a3a731f7567338ed15d3ec549ce03b,derived,unknown,unknown,,MP=1; B=2; L_q=1; L_kv=8; start_pos=7; N_e=1 (动态代表例),
deepseek-ai/DeepSeek-V3,3,4,MoE,decode,naive,shared_gate,共享专家 gate,"tokens=[N_tok,H]; W_sg=[N_shared*I_expert,H]","sg=[N_tok,N_shared*I_expert]","tokens=[2,7168]; W_sg=[2048,7168]","sg=[2,2048]",激活/缓存由调用者 dtype 决定；本轮 shape 场景假设 BF16,sg=tokens @ W_sg^T,https://github.com/deepseek-ai/DeepSeek-V3/blob/9b4e9788e4a3a731f7567338ed15d3ec549ce03b/inference/model.py#L522-L532,MLP.forward,gh-deepseek-v3-inference-model-py,9b4e9788e4a3a731f7567338ed15d3ec549ce03b,derived,unknown,unknown,,MP=1; B=2; L_q=1; L_kv=8; start_pos=7; N_e=1 (动态代表例),
deepseek-ai/DeepSeek-V3,3,4,MoE,decode,naive,shared_up,共享专家 up,"tokens=[N_tok,H]; W_su=[N_shared*I_expert,H]","su=[N_tok,N_shared*I_expert]","tokens=[2,7168]; W_su=[2048,7168]","su=[2,2048]",激活/缓存由调用者 dtype 决定；本轮 shape 场景假设 BF16,su=tokens @ W_su^T,https://github.com/deepseek-ai/DeepSeek-V3/blob/9b4e9788e4a3a731f7567338ed15d3ec549ce03b/inference/model.py#L522-L532,MLP.forward,gh-deepseek-v3-inference-model-py,9b4e9788e4a3a731f7567338ed15d3ec549ce03b,derived,unknown,unknown,,MP=1; B=2; L_q=1; L_kv=8; start_pos=7; N_e=1 (动态代表例),
deepseek-ai/DeepSeek-V3,3,4,MoE,decode,naive,shared_activation,共享专家 SwiGLU,"sg=[N_tok,N_shared*I_expert]; su=[N_tok,N_shared*I_expert]","sgu=[N_tok,N_shared*I_expert]","sg=[2,2048]; su=[2,2048]","sgu=[2,2048]",激活/缓存由调用者 dtype 决定；本轮 shape 场景假设 BF16,SiLU(sg)*su,https://github.com/deepseek-ai/DeepSeek-V3/blob/9b4e9788e4a3a731f7567338ed15d3ec549ce03b/inference/model.py#L522-L532,MLP.forward,gh-deepseek-v3-inference-model-py,9b4e9788e4a3a731f7567338ed15d3ec549ce03b,derived,unknown,unknown,,MP=1; B=2; L_q=1; L_kv=8; start_pos=7; N_e=1 (动态代表例),
deepseek-ai/DeepSeek-V3,3,4,MoE,decode,naive,shared_down,共享专家 down,"sgu=[N_tok,N_shared*I_expert]; W_sd=[H,N_shared*I_expert]","shared_out=[N_tok,H]","sgu=[2,2048]; W_sd=[7168,2048]","shared_out=[2,7168]",激活/缓存由调用者 dtype 决定；本轮 shape 场景假设 BF16,sgu @ W_sd^T,https://github.com/deepseek-ai/DeepSeek-V3/blob/9b4e9788e4a3a731f7567338ed15d3ec549ce03b/inference/model.py#L522-L532,MLP.forward,gh-deepseek-v3-inference-model-py,9b4e9788e4a3a731f7567338ed15d3ec549ce03b,derived,unknown,unknown,,MP=1; B=2; L_q=1; L_kv=8; start_pos=7; N_e=1 (动态代表例),
deepseek-ai/DeepSeek-V3,3,4,MoE,decode,naive,moe_combine,合并路由与共享专家,"routed_out=[N_tok,H]; shared_out=[N_tok,H]","moe_flat=[N_tok,H]","routed_out=[2,7168]; shared_out=[2,7168]","moe_flat=[2,7168]",激活/缓存由调用者 dtype 决定；本轮 shape 场景假设 BF16,routed_out+shared_out; world_size>1 routed_out all_reduce before addition,https://github.com/deepseek-ai/DeepSeek-V3/blob/9b4e9788e4a3a731f7567338ed15d3ec549ce03b/inference/model.py#L669-L693,MoE.forward,gh-deepseek-v3-inference-model-py,9b4e9788e4a3a731f7567338ed15d3ec549ce03b,derived,unknown,unknown,,MP=1; B=2; L_q=1; L_kv=8; start_pos=7; N_e=1 (动态代表例),
deepseek-ai/DeepSeek-V3,3,4,MoE,decode,naive,moe_reshape,恢复 MoE 层 shape,"moe_flat=[N_tok,H]","ffn_out=[B,L_q,H]","moe_flat=[2,7168]","ffn_out=[2,1,7168]",激活/缓存由调用者 dtype 决定；本轮 shape 场景假设 BF16,"reshape to original [B,L_q,H]",https://github.com/deepseek-ai/DeepSeek-V3/blob/9b4e9788e4a3a731f7567338ed15d3ec549ce03b/inference/model.py#L669-L693,MoE.forward,gh-deepseek-v3-inference-model-py,9b4e9788e4a3a731f7567338ed15d3ec549ce03b,derived,unknown,unknown,,MP=1; B=2; L_q=1; L_kv=8; start_pos=7; N_e=1 (动态代表例),
deepseek-ai/DeepSeek-V3,3,4,MoE,decode,naive,ffn_residual,FFN 残差相加,"after_attn=[B,L_q,H]; ffn_out=[B,L_q,H]","layer_out=[B,L_q,H]","after_attn=[2,1,7168]; ffn_out=[2,1,7168]","layer_out=[2,1,7168]",激活/缓存由调用者 dtype 决定；本轮 shape 场景假设 BF16,after_attn+ffn_out,https://github.com/deepseek-ai/DeepSeek-V3/blob/9b4e9788e4a3a731f7567338ed15d3ec549ce03b/inference/model.py#L720-L735,Block.forward,gh-deepseek-v3-inference-model-py,9b4e9788e4a3a731f7567338ed15d3ec549ce03b,derived,unknown,unknown,,MP=1; B=2; L_q=1; L_kv=8; start_pos=7; N_e=1 (动态代表例),
deepseek-ai/DeepSeek-V3,3,4,MoE,decode,absorb,attn_norm,Attention 前 RMSNorm,"x=[B,L_q,H]","x_norm=[B,L_q,H]","x=[2,1,7168]","x_norm=[2,1,7168]",激活/缓存由调用者 dtype 决定；本轮 shape 场景假设 BF16,"RMSNorm(x; gamma[H], eps)",https://github.com/deepseek-ai/DeepSeek-V3/blob/9b4e9788e4a3a731f7567338ed15d3ec549ce03b/inference/model.py#L720-L735,Block.forward,gh-deepseek-v3-inference-model-py,9b4e9788e4a3a731f7567338ed15d3ec549ce03b,derived,unknown,unknown,,MP=1; B=2; L_q=1; L_kv=8; start_pos=7; N_e=1 (动态代表例),
deepseek-ai/DeepSeek-V3,3,4,MoE,decode,absorb,q_a,Q 低秩下投影,"x_norm=[B,L_q,H]; W_qa=[R_q,H]","q_low=[B,L_q,R_q]","x_norm=[2,1,7168]; W_qa=[1536,7168]","q_low=[2,1,1536]",激活/缓存由调用者 dtype 决定；本轮 shape 场景假设 BF16,q_low=x_norm @ W_qa^T,https://github.com/deepseek-ai/DeepSeek-V3/blob/9b4e9788e4a3a731f7567338ed15d3ec549ce03b/inference/model.py#L446-L497,MLA.forward,gh-deepseek-v3-inference-model-py,9b4e9788e4a3a731f7567338ed15d3ec549ce03b,derived,unknown,unknown,,MP=1; B=2; L_q=1; L_kv=8; start_pos=7; N_e=1 (动态代表例),
deepseek-ai/DeepSeek-V3,3,4,MoE,decode,absorb,q_norm,Q 低秩 RMSNorm,"q_low=[B,L_q,R_q]","q_low_norm=[B,L_q,R_q]","q_low=[2,1,1536]","q_low_norm=[2,1,1536]",激活/缓存由调用者 dtype 决定；本轮 shape 场景假设 BF16,RMSNorm(q_low; gamma[R_q]),https://github.com/deepseek-ai/DeepSeek-V3/blob/9b4e9788e4a3a731f7567338ed15d3ec549ce03b/inference/model.py#L446-L497,MLA.forward,gh-deepseek-v3-inference-model-py,9b4e9788e4a3a731f7567338ed15d3ec549ce03b,derived,unknown,unknown,,MP=1; B=2; L_q=1; L_kv=8; start_pos=7; N_e=1 (动态代表例),
deepseek-ai/DeepSeek-V3,3,4,MoE,decode,absorb,q_b,Q 上投影,"q_low_norm=[B,L_q,R_q]; W_qb=[N_head*(D_nope+D_rope),R_q]","q_flat=[B,L_q,N_head*(D_nope+D_rope)]","q_low_norm=[2,1,1536]; W_qb=[24576,1536]","q_flat=[2,1,24576]",激活/缓存由调用者 dtype 决定；本轮 shape 场景假设 BF16,q_flat=q_low_norm @ W_qb^T,https://github.com/deepseek-ai/DeepSeek-V3/blob/9b4e9788e4a3a731f7567338ed15d3ec549ce03b/inference/model.py#L446-L497,MLA.forward,gh-deepseek-v3-inference-model-py,9b4e9788e4a3a731f7567338ed15d3ec549ce03b,derived,unknown,unknown,,MP=1; B=2; L_q=1; L_kv=8; start_pos=7; N_e=1 (动态代表例),
deepseek-ai/DeepSeek-V3,3,4,MoE,decode,absorb,q_view,Q heads reshape,"q_flat=[B,L_q,N_head*(D_nope+D_rope)]","q=[B,L_q,N_head,D_nope+D_rope]","q_flat=[2,1,24576]","q=[2,1,128,192]",激活/缓存由调用者 dtype 决定；本轮 shape 场景假设 BF16,reshape q_flat to heads,https://github.com/deepseek-ai/DeepSeek-V3/blob/9b4e9788e4a3a731f7567338ed15d3ec549ce03b/inference/model.py#L446-L497,MLA.forward,gh-deepseek-v3-inference-model-py,9b4e9788e4a3a731f7567338ed15d3ec549ce03b,derived,unknown,unknown,,MP=1; B=2; L_q=1; L_kv=8; start_pos=7; N_e=1 (动态代表例),
deepseek-ai/DeepSeek-V3,3,4,MoE,decode,absorb,q_split,拆分 Q NoPE 与 RoPE,"q=[B,L_q,N_head,D_nope+D_rope]","q_nope=[B,L_q,N_head,D_nope]; q_pe=[B,L_q,N_head,D_rope]","q=[2,1,128,192]","q_nope=[2,1,128,128]; q_pe=[2,1,128,64]",激活/缓存由调用者 dtype 决定；本轮 shape 场景假设 BF16,"split last axis [D_nope,D_rope]",https://github.com/deepseek-ai/DeepSeek-V3/blob/9b4e9788e4a3a731f7567338ed15d3ec549ce03b/inference/model.py#L446-L497,MLA.forward,gh-deepseek-v3-inference-model-py,9b4e9788e4a3a731f7567338ed15d3ec549ce03b,derived,unknown,unknown,,MP=1; B=2; L_q=1; L_kv=8; start_pos=7; N_e=1 (动态代表例),
deepseek-ai/DeepSeek-V3,3,4,MoE,decode,absorb,q_rope,Q 位置旋转,"q_pe=[B,L_q,N_head,D_rope]","q_rot=[B,L_q,N_head,D_rope]","q_pe=[2,1,128,64]","q_rot=[2,1,128,64]",旋转先转 FP32/complex，返回输入 dtype,"apply_rotary_emb(q_pe, freqs_cis)",https://github.com/deepseek-ai/DeepSeek-V3/blob/9b4e9788e4a3a731f7567338ed15d3ec549ce03b/inference/model.py#L446-L497,MLA.forward,gh-deepseek-v3-inference-model-py,9b4e9788e4a3a731f7567338ed15d3ec549ce03b,derived,unknown,unknown,,MP=1; B=2; L_q=1; L_kv=8; start_pos=7; N_e=1 (动态代表例),位置频率切片不是可训练矩阵
deepseek-ai/DeepSeek-V3,3,4,MoE,decode,absorb,kv_a,KV 低秩及共享位置投影,"x_norm=[B,L_q,H]; W_kva=[R_kv+D_rope,H]","kv_joint=[B,L_q,R_kv+D_rope]","x_norm=[2,1,7168]; W_kva=[576,7168]","kv_joint=[2,1,576]",激活/缓存由调用者 dtype 决定；本轮 shape 场景假设 BF16,kv_joint=x_norm @ W_kva^T,https://github.com/deepseek-ai/DeepSeek-V3/blob/9b4e9788e4a3a731f7567338ed15d3ec549ce03b/inference/model.py#L446-L497,MLA.forward,gh-deepseek-v3-inference-model-py,9b4e9788e4a3a731f7567338ed15d3ec549ce03b,derived,unknown,unknown,,MP=1; B=2; L_q=1; L_kv=8; start_pos=7; N_e=1 (动态代表例),
deepseek-ai/DeepSeek-V3,3,4,MoE,decode,absorb,kv_split,拆分潜变量与共享位置 Key,"kv_joint=[B,L_q,R_kv+D_rope]","kv_low=[B,L_q,R_kv]; k_pe=[B,L_q,D_rope]","kv_joint=[2,1,576]","kv_low=[2,1,512]; k_pe=[2,1,64]",激活/缓存由调用者 dtype 决定；本轮 shape 场景假设 BF16,"split last axis [R_kv,D_rope]",https://github.com/deepseek-ai/DeepSeek-V3/blob/9b4e9788e4a3a731f7567338ed15d3ec549ce03b/inference/model.py#L446-L497,MLA.forward,gh-deepseek-v3-inference-model-py,9b4e9788e4a3a731f7567338ed15d3ec549ce03b,derived,unknown,unknown,,MP=1; B=2; L_q=1; L_kv=8; start_pos=7; N_e=1 (动态代表例),
deepseek-ai/DeepSeek-V3,3,4,MoE,decode,absorb,k_unsqueeze,为共享位置 Key 增加 head 轴,"k_pe=[B,L_q,D_rope]","k_pe_single=[B,L_q,1,D_rope]","k_pe=[2,1,64]","k_pe_single=[2,1,1,64]",激活/缓存由调用者 dtype 决定；本轮 shape 场景假设 BF16,unsqueeze head axis=2,https://github.com/deepseek-ai/DeepSeek-V3/blob/9b4e9788e4a3a731f7567338ed15d3ec549ce03b/inference/model.py#L446-L497,MLA.forward,gh-deepseek-v3-inference-model-py,9b4e9788e4a3a731f7567338ed15d3ec549ce03b,derived,unknown,unknown,,MP=1; B=2; L_q=1; L_kv=8; start_pos=7; N_e=1 (动态代表例),
deepseek-ai/DeepSeek-V3,3,4,MoE,decode,absorb,k_rope,共享 Key 位置旋转,"k_pe_single=[B,L_q,1,D_rope]","k_rot_single=[B,L_q,1,D_rope]","k_pe_single=[2,1,1,64]","k_rot_single=[2,1,1,64]",旋转先转 FP32/complex，返回输入 dtype,"apply_rotary_emb(k_pe.unsqueeze(2), freqs_cis)",https://github.com/deepseek-ai/DeepSeek-V3/blob/9b4e9788e4a3a731f7567338ed15d3ec549ce03b/inference/model.py#L446-L497,MLA.forward,gh-deepseek-v3-inference-model-py,9b4e9788e4a3a731f7567338ed15d3ec549ce03b,derived,unknown,unknown,,MP=1; B=2; L_q=1; L_kv=8; start_pos=7; N_e=1 (动态代表例),
deepseek-ai/DeepSeek-V3,3,4,MoE,decode,absorb,k_squeeze,共享位置 Key 去掉单 head 轴,"k_rot_single=[B,L_q,1,D_rope]","k_rot=[B,L_q,D_rope]","k_rot_single=[2,1,1,64]","k_rot=[2,1,64]",激活/缓存由调用者 dtype 决定；本轮 shape 场景假设 BF16,squeeze head axis for compressed positional cache,https://github.com/deepseek-ai/DeepSeek-V3/blob/9b4e9788e4a3a731f7567338ed15d3ec549ce03b/inference/model.py#L446-L497,MLA.forward,gh-deepseek-v3-inference-model-py,9b4e9788e4a3a731f7567338ed15d3ec549ce03b,derived,unknown,unknown,,MP=1; B=2; L_q=1; L_kv=8; start_pos=7; N_e=1 (动态代表例),
deepseek-ai/DeepSeek-V3,3,4,MoE,decode,absorb,kv_norm,KV 低秩 RMSNorm,"kv_low=[B,L_q,R_kv]","c_new=[B,L_q,R_kv]","kv_low=[2,1,512]","c_new=[2,1,512]",激活/缓存由调用者 dtype 决定；本轮 shape 场景假设 BF16,RMSNorm(kv_low; gamma[R_kv]),https://github.com/deepseek-ai/DeepSeek-V3/blob/9b4e9788e4a3a731f7567338ed15d3ec549ce03b/inference/model.py#L446-L497,MLA.forward,gh-deepseek-v3-inference-model-py,9b4e9788e4a3a731f7567338ed15d3ec549ce03b,derived,unknown,unknown,,MP=1; B=2; L_q=1; L_kv=8; start_pos=7; N_e=1 (动态代表例),
deepseek-ai/DeepSeek-V3,3,4,MoE,decode,absorb,absorb_weight,按需解量化 KV 上投影并分头,"W_kvb=[N_head*(D_nope+D_v),R_kv]","W_kvb_heads=[N_head,D_nope+D_v,R_kv]","W_kvb=[32768,512]","W_kvb_heads=[128,256,512]",FP8 条件分支解量化到 torch.get_default_dtype(),weight_dequant iff scale exists; view heads,https://github.com/deepseek-ai/DeepSeek-V3/blob/9b4e9788e4a3a731f7567338ed15d3ec549ce03b/inference/model.py#L446-L497,MLA.forward,gh-deepseek-v3-inference-model-py,9b4e9788e4a3a731f7567338ed15d3ec549ce03b,derived,unknown,unknown,,MP=1; B=2; L_q=1; L_kv=8; start_pos=7; N_e=1 (动态代表例),不假设预先缓存了反量化权重；源码每次进入该分支进行条件处理
deepseek-ai/DeepSeek-V3,3,4,MoE,decode,absorb,absorb_weight_split,区分潜变量 Key/Value 权重,"W_kvb_heads=[N_head,D_nope+D_v,R_kv]","W_k=[N_head,D_nope,R_kv]; W_v=[N_head,D_v,R_kv]","W_kvb_heads=[128,256,512]","W_k=[128,128,512]; W_v=[128,128,512]",激活/缓存由调用者 dtype 决定；本轮 shape 场景假设 BF16,slice key prefix and value suffix along axis 1,https://github.com/deepseek-ai/DeepSeek-V3/blob/9b4e9788e4a3a731f7567338ed15d3ec549ce03b/inference/model.py#L446-L497,MLA.forward,gh-deepseek-v3-inference-model-py,9b4e9788e4a3a731f7567338ed15d3ec549ce03b,derived,unknown,unknown,,MP=1; B=2; L_q=1; L_kv=8; start_pos=7; N_e=1 (动态代表例),
deepseek-ai/DeepSeek-V3,3,4,MoE,decode,absorb,q_absorb,将 Key 上投影吸收到 Query,"q_nope=[B,L_q,N_head,D_nope]; W_k=[N_head,D_nope,R_kv]","q_abs=[B,L_q,N_head,R_kv]","q_nope=[2,1,128,128]; W_k=[128,128,512]","q_abs=[2,1,128,512]",激活/缓存由调用者 dtype 决定；本轮 shape 场景假设 BF16,"einsum(bqhd,hdc->bqhc)",https://github.com/deepseek-ai/DeepSeek-V3/blob/9b4e9788e4a3a731f7567338ed15d3ec549ce03b/inference/model.py#L446-L497,MLA.forward,gh-deepseek-v3-inference-model-py,9b4e9788e4a3a731f7567338ed15d3ec549ce03b,derived,unknown,unknown,,MP=1; B=2; L_q=1; L_kv=8; start_pos=7; N_e=1 (动态代表例),
deepseek-ai/DeepSeek-V3,3,4,MoE,decode,absorb,latent_cache,写归一化 KV 潜变量 cache,"c_new=[B,L_q,R_kv]","c_cache=[B,L_kv,R_kv]","c_new=[2,1,512]","c_cache=[2,8,512]",激活/缓存由调用者 dtype 决定；本轮 shape 场景假设 BF16,"cache normalized low-rank KV, not expanded K/V",https://github.com/deepseek-ai/DeepSeek-V3/blob/9b4e9788e4a3a731f7567338ed15d3ec549ce03b/inference/model.py#L446-L497,MLA.forward,gh-deepseek-v3-inference-model-py,9b4e9788e4a3a731f7567338ed15d3ec549ce03b,derived,unknown,unknown,,MP=1; B=2; L_q=1; L_kv=8; start_pos=7; N_e=1 (动态代表例),
deepseek-ai/DeepSeek-V3,3,4,MoE,decode,absorb,pe_cache,写共享位置 cache,"k_rot=[B,L_q,D_rope]","pe_cache=[B,L_kv,D_rope]","k_rot=[2,1,64]","pe_cache=[2,8,64]",激活/缓存由调用者 dtype 决定；本轮 shape 场景假设 BF16,cache rotated shared positional key,https://github.com/deepseek-ai/DeepSeek-V3/blob/9b4e9788e4a3a731f7567338ed15d3ec549ce03b/inference/model.py#L446-L497,MLA.forward,gh-deepseek-v3-inference-model-py,9b4e9788e4a3a731f7567338ed15d3ec549ce03b,derived,unknown,unknown,,MP=1; B=2; L_q=1; L_kv=8; start_pos=7; N_e=1 (动态代表例),
deepseek-ai/DeepSeek-V3,3,4,MoE,decode,absorb,latent_score,潜变量打分,"q_abs=[B,L_q,N_head,R_kv]; c_cache=[B,L_kv,R_kv]","score_nope=[B,L_q,N_head,L_kv]","q_abs=[2,1,128,512]; c_cache=[2,8,512]","score_nope=[2,1,128,8]",激活/缓存由调用者 dtype 决定；本轮 shape 场景假设 BF16,"einsum(bqhc,bsc->bqhs)",https://github.com/deepseek-ai/DeepSeek-V3/blob/9b4e9788e4a3a731f7567338ed15d3ec549ce03b/inference/model.py#L446-L497,MLA.forward,gh-deepseek-v3-inference-model-py,9b4e9788e4a3a731f7567338ed15d3ec549ce03b,derived,unknown,unknown,,MP=1; B=2; L_q=1; L_kv=8; start_pos=7; N_e=1 (动态代表例),
deepseek-ai/DeepSeek-V3,3,4,MoE,decode,absorb,rope_score,共享位置打分,"q_rot=[B,L_q,N_head,D_rope]; pe_cache=[B,L_kv,D_rope]","score_rope=[B,L_q,N_head,L_kv]","q_rot=[2,1,128,64]; pe_cache=[2,8,64]","score_rope=[2,1,128,8]",激活/缓存由调用者 dtype 决定；本轮 shape 场景假设 BF16,"einsum(bqhr,bsr->bqhs)",https://github.com/deepseek-ai/DeepSeek-V3/blob/9b4e9788e4a3a731f7567338ed15d3ec549ce03b/inference/model.py#L446-L497,MLA.forward,gh-deepseek-v3-inference-model-py,9b4e9788e4a3a731f7567338ed15d3ec549ce03b,derived,unknown,unknown,,MP=1; B=2; L_q=1; L_kv=8; start_pos=7; N_e=1 (动态代表例),
deepseek-ai/DeepSeek-V3,3,4,MoE,decode,absorb,score_combine,合并两路 attention 分数,"score_nope=[B,L_q,N_head,L_kv]; score_rope=[B,L_q,N_head,L_kv]","scores=[B,L_q,N_head,L_kv]","score_nope=[2,1,128,8]; score_rope=[2,1,128,8]","scores=[2,1,128,8]",激活/缓存由调用者 dtype 决定；本轮 shape 场景假设 BF16,alpha*(score_nope+score_rope),https://github.com/deepseek-ai/DeepSeek-V3/blob/9b4e9788e4a3a731f7567338ed15d3ec549ce03b/inference/model.py#L446-L497,MLA.forward,gh-deepseek-v3-inference-model-py,9b4e9788e4a3a731f7567338ed15d3ec549ce03b,derived,unknown,unknown,,MP=1; B=2; L_q=1; L_kv=8; start_pos=7; N_e=1 (动态代表例),
deepseek-ai/DeepSeek-V3,3,4,MoE,decode,absorb,attention_prob,Mask 与 attention softmax,"scores=[B,L_q,N_head,L_kv]","prob=[B,L_q,N_head,L_kv]","scores=[2,1,128,8]","prob=[2,1,128,8]",softmax 显式 FP32，然后 type_as(x),"initial prefill adds causal [L_q,L_q] mask; decode L_q=1 mask=None; softmax over L_kv",https://github.com/deepseek-ai/DeepSeek-V3/blob/9b4e9788e4a3a731f7567338ed15d3ec549ce03b/inference/model.py#L446-L497,MLA.forward,gh-deepseek-v3-inference-model-py,9b4e9788e4a3a731f7567338ed15d3ec549ce03b,derived,unknown,unknown,,MP=1; B=2; L_q=1; L_kv=8; start_pos=7; N_e=1 (动态代表例),本轮 prefill 为 start_pos=0；不声称支持带历史 chunked prefill 的方形 mask
deepseek-ai/DeepSeek-V3,3,4,MoE,decode,absorb,latent_context,潜变量加权聚合,"prob=[B,L_q,N_head,L_kv]; c_cache=[B,L_kv,R_kv]","latent_context=[B,L_q,N_head,R_kv]","prob=[2,1,128,8]; c_cache=[2,8,512]","latent_context=[2,1,128,512]",激活/缓存由调用者 dtype 决定；本轮 shape 场景假设 BF16,"einsum(bqhs,bsc->bqhc)",https://github.com/deepseek-ai/DeepSeek-V3/blob/9b4e9788e4a3a731f7567338ed15d3ec549ce03b/inference/model.py#L446-L497,MLA.forward,gh-deepseek-v3-inference-model-py,9b4e9788e4a3a731f7567338ed15d3ec549ce03b,derived,unknown,unknown,,MP=1; B=2; L_q=1; L_kv=8; start_pos=7; N_e=1 (动态代表例),
deepseek-ai/DeepSeek-V3,3,4,MoE,decode,absorb,value_expand,聚合后 Value 上投影,"latent_context=[B,L_q,N_head,R_kv]; W_v=[N_head,D_v,R_kv]","attn_heads=[B,L_q,N_head,D_v]","latent_context=[2,1,128,512]; W_v=[128,128,512]","attn_heads=[2,1,128,128]",激活/缓存由调用者 dtype 决定；本轮 shape 场景假设 BF16,"einsum(bqhc,hdc->bqhd)",https://github.com/deepseek-ai/DeepSeek-V3/blob/9b4e9788e4a3a731f7567338ed15d3ec549ce03b/inference/model.py#L446-L497,MLA.forward,gh-deepseek-v3-inference-model-py,9b4e9788e4a3a731f7567338ed15d3ec549ce03b,derived,unknown,unknown,,MP=1; B=2; L_q=1; L_kv=8; start_pos=7; N_e=1 (动态代表例),
deepseek-ai/DeepSeek-V3,3,4,MoE,decode,absorb,attn_flatten,合并 attention heads,"attn_heads=[B,L_q,N_head,D_v]","attn_flat=[B,L_q,N_head*D_v]","attn_heads=[2,1,128,128]","attn_flat=[2,1,16384]",激活/缓存由调用者 dtype 决定；本轮 shape 场景假设 BF16,flatten head and value axes,https://github.com/deepseek-ai/DeepSeek-V3/blob/9b4e9788e4a3a731f7567338ed15d3ec549ce03b/inference/model.py#L446-L497,MLA.forward,gh-deepseek-v3-inference-model-py,9b4e9788e4a3a731f7567338ed15d3ec549ce03b,derived,unknown,unknown,,MP=1; B=2; L_q=1; L_kv=8; start_pos=7; N_e=1 (动态代表例),
deepseek-ai/DeepSeek-V3,3,4,MoE,decode,absorb,o_proj,Attention 输出投影,"attn_flat=[B,L_q,N_head*D_v]; W_o=[H,N_head*D_v]","attn_out=[B,L_q,H]","attn_flat=[2,1,16384]; W_o=[7168,16384]","attn_out=[2,1,7168]",激活/缓存由调用者 dtype 决定；本轮 shape 场景假设 BF16,attn_out=attn_flat @ W_o^T,https://github.com/deepseek-ai/DeepSeek-V3/blob/9b4e9788e4a3a731f7567338ed15d3ec549ce03b/inference/model.py#L446-L497,MLA.forward,gh-deepseek-v3-inference-model-py,9b4e9788e4a3a731f7567338ed15d3ec549ce03b,derived,unknown,unknown,,MP=1; B=2; L_q=1; L_kv=8; start_pos=7; N_e=1 (动态代表例),
deepseek-ai/DeepSeek-V3,3,4,MoE,decode,absorb,attn_residual,Attention 残差相加,"x=[B,L_q,H]; attn_out=[B,L_q,H]","after_attn=[B,L_q,H]","x=[2,1,7168]; attn_out=[2,1,7168]","after_attn=[2,1,7168]",激活/缓存由调用者 dtype 决定；本轮 shape 场景假设 BF16,after_attn=x+attn_out,https://github.com/deepseek-ai/DeepSeek-V3/blob/9b4e9788e4a3a731f7567338ed15d3ec549ce03b/inference/model.py#L720-L735,Block.forward,gh-deepseek-v3-inference-model-py,9b4e9788e4a3a731f7567338ed15d3ec549ce03b,derived,unknown,unknown,,MP=1; B=2; L_q=1; L_kv=8; start_pos=7; N_e=1 (动态代表例),
deepseek-ai/DeepSeek-V3,3,4,MoE,decode,absorb,ffn_norm,FFN 前 RMSNorm,"after_attn=[B,L_q,H]","ffn_input=[B,L_q,H]","after_attn=[2,1,7168]","ffn_input=[2,1,7168]",激活/缓存由调用者 dtype 决定；本轮 shape 场景假设 BF16,"RMSNorm(after_attn; gamma[H], eps)",https://github.com/deepseek-ai/DeepSeek-V3/blob/9b4e9788e4a3a731f7567338ed15d3ec549ce03b/inference/model.py#L720-L735,Block.forward,gh-deepseek-v3-inference-model-py,9b4e9788e4a3a731f7567338ed15d3ec549ce03b,derived,unknown,unknown,,MP=1; B=2; L_q=1; L_kv=8; start_pos=7; N_e=1 (动态代表例),
deepseek-ai/DeepSeek-V3,3,4,MoE,decode,absorb,moe_flatten,MoE token 展平,"ffn_input=[B,L_q,H]","tokens=[N_tok,H]","ffn_input=[2,1,7168]","tokens=[2,7168]",激活/缓存由调用者 dtype 决定；本轮 shape 场景假设 BF16,N_tok=B*L_q for padded demo,https://github.com/deepseek-ai/DeepSeek-V3/blob/9b4e9788e4a3a731f7567338ed15d3ec549ce03b/inference/model.py#L669-L693,MoE.forward,gh-deepseek-v3-inference-model-py,9b4e9788e4a3a731f7567338ed15d3ec549ce03b,derived,unknown,unknown,,MP=1; B=2; L_q=1; L_kv=8; start_pos=7; N_e=1 (动态代表例),
deepseek-ai/DeepSeek-V3,3,4,MoE,decode,absorb,router_linear,路由打分投影,"tokens=[N_tok,H]; W_router=[E,H]","logits=[N_tok,E]","tokens=[2,7168]; W_router=[256,7168]","logits=[2,256]",demo 未显式转 FP32；HF MoEGate.forward 显式将输入与权重转 FP32,"linear(tokens,W_router)",https://github.com/deepseek-ai/DeepSeek-V3/blob/9b4e9788e4a3a731f7567338ed15d3ec549ce03b/inference/model.py#L566-L598,Gate.forward,gh-deepseek-v3-inference-model-py,9b4e9788e4a3a731f7567338ed15d3ec549ce03b,derived,unknown,unknown,,MP=1; B=2; L_q=1; L_kv=8; start_pos=7; N_e=1 (动态代表例),
deepseek-ai/DeepSeek-V3,3,4,MoE,decode,absorb,router_sigmoid,路由 sigmoid,"logits=[N_tok,E]","original_scores=[N_tok,E]","logits=[2,256]","original_scores=[2,256]",激活/缓存由调用者 dtype 决定；本轮 shape 场景假设 BF16,sigmoid(logits),https://github.com/deepseek-ai/DeepSeek-V3/blob/9b4e9788e4a3a731f7567338ed15d3ec549ce03b/inference/model.py#L566-L598,Gate.forward,gh-deepseek-v3-inference-model-py,9b4e9788e4a3a731f7567338ed15d3ec549ce03b,derived,unknown,unknown,,MP=1; B=2; L_q=1; L_kv=8; start_pos=7; N_e=1 (动态代表例),
deepseek-ai/DeepSeek-V3,3,4,MoE,decode,absorb,router_bias,选择分数加校正 bias,"original_scores=[N_tok,E]; correction_bias=[E]","choice_scores=[N_tok,E]","original_scores=[2,256]; correction_bias=[256]","choice_scores=[2,256]",demo correction bias 构造为 FP32；保留 original_scores 用于最终权重,selection only: original_scores+correction_bias,https://github.com/deepseek-ai/DeepSeek-V3/blob/9b4e9788e4a3a731f7567338ed15d3ec549ce03b/inference/model.py#L566-L598,Gate.forward,gh-deepseek-v3-inference-model-py,9b4e9788e4a3a731f7567338ed15d3ec549ce03b,derived,unknown,unknown,,MP=1; B=2; L_q=1; L_kv=8; start_pos=7; N_e=1 (动态代表例),
deepseek-ai/DeepSeek-V3,3,4,MoE,decode,absorb,group_view,路由分组,"choice_scores=[N_tok,E]","grouped=[N_tok,G,E//G]","choice_scores=[2,256]","grouped=[2,8,32]",激活/缓存由调用者 dtype 决定；本轮 shape 场景假设 BF16,reshape to G groups,https://github.com/deepseek-ai/DeepSeek-V3/blob/9b4e9788e4a3a731f7567338ed15d3ec549ce03b/inference/model.py#L566-L598,Gate.forward,gh-deepseek-v3-inference-model-py,9b4e9788e4a3a731f7567338ed15d3ec549ce03b,derived,unknown,unknown,,MP=1; B=2; L_q=1; L_kv=8; start_pos=7; N_e=1 (动态代表例),
deepseek-ai/DeepSeek-V3,3,4,MoE,decode,absorb,group_score,每组 top-2 分数求和,"grouped=[N_tok,G,E//G]","group_scores=[N_tok,G]","grouped=[2,8,32]","group_scores=[2,8]",激活/缓存由调用者 dtype 决定；本轮 shape 场景假设 BF16,"sum(topk(grouped,2),last_axis)",https://github.com/deepseek-ai/DeepSeek-V3/blob/9b4e9788e4a3a731f7567338ed15d3ec549ce03b/inference/model.py#L566-L598,Gate.forward,gh-deepseek-v3-inference-model-py,9b4e9788e4a3a731f7567338ed15d3ec549ce03b,derived,unknown,unknown,,MP=1; B=2; L_q=1; L_kv=8; start_pos=7; N_e=1 (动态代表例),
deepseek-ai/DeepSeek-V3,3,4,MoE,decode,absorb,group_topk,选择专家组,"group_scores=[N_tok,G]","selected_groups=[N_tok,G_keep]","group_scores=[2,8]","selected_groups=[2,4]",输出为整型 group indices；score 精度依输入路径,topk groups with G_keep=4,https://github.com/deepseek-ai/DeepSeek-V3/blob/9b4e9788e4a3a731f7567338ed15d3ec549ce03b/inference/model.py#L566-L598,Gate.forward,gh-deepseek-v3-inference-model-py,9b4e9788e4a3a731f7567338ed15d3ec549ce03b,derived,unknown,unknown,,MP=1; B=2; L_q=1; L_kv=8; start_pos=7; N_e=1 (动态代表例),
deepseek-ai/DeepSeek-V3,3,4,MoE,decode,absorb,group_mask,屏蔽未选择专家组,"choice_scores=[N_tok,E]; selected_groups=[N_tok,G_keep]","masked_choice=[N_tok,E]","choice_scores=[2,256]; selected_groups=[2,4]","masked_choice=[2,256]",激活/缓存由调用者 dtype 决定；本轮 shape 场景假设 BF16,unselected groups masked to -inf,https://github.com/deepseek-ai/DeepSeek-V3/blob/9b4e9788e4a3a731f7567338ed15d3ec549ce03b/inference/model.py#L566-L598,Gate.forward,gh-deepseek-v3-inference-model-py,9b4e9788e4a3a731f7567338ed15d3ec549ce03b,derived,unknown,unknown,,MP=1; B=2; L_q=1; L_kv=8; start_pos=7; N_e=1 (动态代表例),
deepseek-ai/DeepSeek-V3,3,4,MoE,decode,absorb,expert_topk,选择路由专家,"masked_choice=[N_tok,E]","indices=[N_tok,K]","masked_choice=[2,256]","indices=[2,8]",输出为整型 expert indices；score 精度依输入路径,topk masked_choice with K=8,https://github.com/deepseek-ai/DeepSeek-V3/blob/9b4e9788e4a3a731f7567338ed15d3ec549ce03b/inference/model.py#L566-L598,Gate.forward,gh-deepseek-v3-inference-model-py,9b4e9788e4a3a731f7567338ed15d3ec549ce03b,derived,unknown,unknown,,MP=1; B=2; L_q=1; L_kv=8; start_pos=7; N_e=1 (动态代表例),
deepseek-ai/DeepSeek-V3,3,4,MoE,decode,absorb,route_weights,取原分数、归一化与缩放,"original_scores=[N_tok,E]; indices=[N_tok,K]","route_weights=[N_tok,K]","original_scores=[2,256]; indices=[2,8]","route_weights=[2,8]",激活/缓存由调用者 dtype 决定；本轮 shape 场景假设 BF16,gather ORIGINAL scores; normalize sum; multiply 2.5; type_as(tokens),https://github.com/deepseek-ai/DeepSeek-V3/blob/9b4e9788e4a3a731f7567338ed15d3ec549ce03b/inference/model.py#L566-L598,Gate.forward,gh-deepseek-v3-inference-model-py,9b4e9788e4a3a731f7567338ed15d3ec549ce03b,derived,unknown,unknown,,MP=1; B=2; L_q=1; L_kv=8; start_pos=7; N_e=1 (动态代表例),correction bias 不进入最终归一化权重；HF 分母额外加 1e-20
deepseek-ai/DeepSeek-V3,3,4,MoE,decode,absorb,routed_init,初始化路由专家累加输出,"tokens=[N_tok,H]","routed_zero=[N_tok,H]","tokens=[2,7168]","routed_zero=[2,7168]",激活/缓存由调用者 dtype 决定；本轮 shape 场景假设 BF16,zeros_like(tokens),https://github.com/deepseek-ai/DeepSeek-V3/blob/9b4e9788e4a3a731f7567338ed15d3ec549ce03b/inference/model.py#L669-L693,MoE.forward,gh-deepseek-v3-inference-model-py,9b4e9788e4a3a731f7567338ed15d3ec549ce03b,derived,unknown,unknown,,MP=1; B=2; L_q=1; L_kv=8; start_pos=7; N_e=1 (动态代表例),
deepseek-ai/DeepSeek-V3,3,4,MoE,decode,absorb,dispatch,按专家 gather token,"tokens=[N_tok,H]; indices=[N_tok,K]","expert_tokens=[N_e,H]; expert_token_indices=[N_e]; expert_slots=[N_e]","tokens=[2,7168]; indices=[2,8]","expert_tokens=[1,7168]; expert_token_indices=[1]; expert_slots=[1]",expert_tokens 保持激活 dtype；token/slot indices 为整型,"bincount IDs; idx,top=torch.where(indices==e); x[idx]",https://github.com/deepseek-ai/DeepSeek-V3/blob/9b4e9788e4a3a731f7567338ed15d3ec549ce03b/inference/model.py#L669-L693,MoE.forward,gh-deepseek-v3-inference-model-py,9b4e9788e4a3a731f7567338ed15d3ec549ce03b,derived,unknown,unknown,,MP=1; B=2; L_q=1; L_kv=8; start_pos=7; N_e=1 (动态代表例),demo 用逐专家 gather 与加权 scatter；HF moe_infer 则排序，EP>1 时另含 all-to-all，未审阅生产框架
deepseek-ai/DeepSeek-V3,3,4,MoE,decode,absorb,expert_gate,代表路由专家 gate,"expert_tokens=[N_e,H]; W_eg=[I_expert,H]","eg=[N_e,I_expert]","expert_tokens=[1,7168]; W_eg=[2048,7168]","eg=[1,2048]",激活/缓存由调用者 dtype 决定；本轮 shape 场景假设 BF16,eg=expert_tokens @ W_eg^T,https://github.com/deepseek-ai/DeepSeek-V3/blob/9b4e9788e4a3a731f7567338ed15d3ec549ce03b/inference/model.py#L623-L633,Expert.forward,gh-deepseek-v3-inference-model-py,9b4e9788e4a3a731f7567338ed15d3ec549ce03b,derived,unknown,unknown,,MP=1; B=2; L_q=1; L_kv=8; start_pos=7; N_e=1 (动态代表例),模板覆盖 E 个专家；每专家 N_e 动态，N_e=0 时跳过
deepseek-ai/DeepSeek-V3,3,4,MoE,decode,absorb,expert_up,代表路由专家 up,"expert_tokens=[N_e,H]; W_eu=[I_expert,H]","eu=[N_e,I_expert]","expert_tokens=[1,7168]; W_eu=[2048,7168]","eu=[1,2048]",激活/缓存由调用者 dtype 决定；本轮 shape 场景假设 BF16,eu=expert_tokens @ W_eu^T,https://github.com/deepseek-ai/DeepSeek-V3/blob/9b4e9788e4a3a731f7567338ed15d3ec549ce03b/inference/model.py#L623-L633,Expert.forward,gh-deepseek-v3-inference-model-py,9b4e9788e4a3a731f7567338ed15d3ec549ce03b,derived,unknown,unknown,,MP=1; B=2; L_q=1; L_kv=8; start_pos=7; N_e=1 (动态代表例),模板覆盖 E 个专家；每专家 N_e 动态，N_e=0 时跳过
deepseek-ai/DeepSeek-V3,3,4,MoE,decode,absorb,expert_activation,路由专家 SwiGLU,"eg=[N_e,I_expert]; eu=[N_e,I_expert]","egu=[N_e,I_expert]","eg=[1,2048]; eu=[1,2048]","egu=[1,2048]",激活/缓存由调用者 dtype 决定；本轮 shape 场景假设 BF16,SiLU(eg)*eu,https://github.com/deepseek-ai/DeepSeek-V3/blob/9b4e9788e4a3a731f7567338ed15d3ec549ce03b/inference/model.py#L623-L633,Expert.forward,gh-deepseek-v3-inference-model-py,9b4e9788e4a3a731f7567338ed15d3ec549ce03b,derived,unknown,unknown,,MP=1; B=2; L_q=1; L_kv=8; start_pos=7; N_e=1 (动态代表例),
deepseek-ai/DeepSeek-V3,3,4,MoE,decode,absorb,expert_down,路由专家 down,"egu=[N_e,I_expert]; W_ed=[H,I_expert]","expert_out=[N_e,H]","egu=[1,2048]; W_ed=[7168,2048]","expert_out=[1,7168]",激活/缓存由调用者 dtype 决定；本轮 shape 场景假设 BF16,egu @ W_ed^T,https://github.com/deepseek-ai/DeepSeek-V3/blob/9b4e9788e4a3a731f7567338ed15d3ec549ce03b/inference/model.py#L623-L633,Expert.forward,gh-deepseek-v3-inference-model-py,9b4e9788e4a3a731f7567338ed15d3ec549ce03b,derived,unknown,unknown,,MP=1; B=2; L_q=1; L_kv=8; start_pos=7; N_e=1 (动态代表例),
deepseek-ai/DeepSeek-V3,3,4,MoE,decode,absorb,expert_route_weight,取代表专家路由权重,"route_weights=[N_tok,K]; expert_token_indices=[N_e]; expert_slots=[N_e]","expert_weights=[N_e,1]","route_weights=[2,8]; expert_token_indices=[1]; expert_slots=[1]","expert_weights=[1,1]",激活/缓存由调用者 dtype 决定；本轮 shape 场景假设 BF16,"weights[idx,top,None]",https://github.com/deepseek-ai/DeepSeek-V3/blob/9b4e9788e4a3a731f7567338ed15d3ec549ce03b/inference/model.py#L669-L693,MoE.forward,gh-deepseek-v3-inference-model-py,9b4e9788e4a3a731f7567338ed15d3ec549ce03b,derived,unknown,unknown,,MP=1; B=2; L_q=1; L_kv=8; start_pos=7; N_e=1 (动态代表例),
deepseek-ai/DeepSeek-V3,3,4,MoE,decode,absorb,expert_weighted,代表专家输出乘路由权重,"expert_out=[N_e,H]; expert_weights=[N_e,1]","weighted_expert=[N_e,H]","expert_out=[1,7168]; expert_weights=[1,1]","weighted_expert=[1,7168]",激活/缓存由调用者 dtype 决定；本轮 shape 场景假设 BF16,expert_out*expert_weights,https://github.com/deepseek-ai/DeepSeek-V3/blob/9b4e9788e4a3a731f7567338ed15d3ec549ce03b/inference/model.py#L669-L693,MoE.forward,gh-deepseek-v3-inference-model-py,9b4e9788e4a3a731f7567338ed15d3ec549ce03b,derived,unknown,unknown,,MP=1; B=2; L_q=1; L_kv=8; start_pos=7; N_e=1 (动态代表例),
deepseek-ai/DeepSeek-V3,3,4,MoE,decode,absorb,weighted_scatter,路由专家加权 scatter 累加,"weighted_expert=[N_e,H]; expert_token_indices=[N_e]; routed_zero=[N_tok,H]","routed_out=[N_tok,H]","weighted_expert=[1,7168]; expert_token_indices=[1]; routed_zero=[2,7168]","routed_out=[2,7168]",激活/缓存由调用者 dtype 决定；本轮 shape 场景假设 BF16,y[idx] += weighted_expert; repeat for all nonempty local experts,https://github.com/deepseek-ai/DeepSeek-V3/blob/9b4e9788e4a3a731f7567338ed15d3ec549ce03b/inference/model.py#L669-L693,MoE.forward,gh-deepseek-v3-inference-model-py,9b4e9788e4a3a731f7567338ed15d3ec549ce03b,derived,unknown,unknown,,MP=1; B=2; L_q=1; L_kv=8; start_pos=7; N_e=1 (动态代表例),
deepseek-ai/DeepSeek-V3,3,4,MoE,decode,absorb,shared_gate,共享专家 gate,"tokens=[N_tok,H]; W_sg=[N_shared*I_expert,H]","sg=[N_tok,N_shared*I_expert]","tokens=[2,7168]; W_sg=[2048,7168]","sg=[2,2048]",激活/缓存由调用者 dtype 决定；本轮 shape 场景假设 BF16,sg=tokens @ W_sg^T,https://github.com/deepseek-ai/DeepSeek-V3/blob/9b4e9788e4a3a731f7567338ed15d3ec549ce03b/inference/model.py#L522-L532,MLP.forward,gh-deepseek-v3-inference-model-py,9b4e9788e4a3a731f7567338ed15d3ec549ce03b,derived,unknown,unknown,,MP=1; B=2; L_q=1; L_kv=8; start_pos=7; N_e=1 (动态代表例),
deepseek-ai/DeepSeek-V3,3,4,MoE,decode,absorb,shared_up,共享专家 up,"tokens=[N_tok,H]; W_su=[N_shared*I_expert,H]","su=[N_tok,N_shared*I_expert]","tokens=[2,7168]; W_su=[2048,7168]","su=[2,2048]",激活/缓存由调用者 dtype 决定；本轮 shape 场景假设 BF16,su=tokens @ W_su^T,https://github.com/deepseek-ai/DeepSeek-V3/blob/9b4e9788e4a3a731f7567338ed15d3ec549ce03b/inference/model.py#L522-L532,MLP.forward,gh-deepseek-v3-inference-model-py,9b4e9788e4a3a731f7567338ed15d3ec549ce03b,derived,unknown,unknown,,MP=1; B=2; L_q=1; L_kv=8; start_pos=7; N_e=1 (动态代表例),
deepseek-ai/DeepSeek-V3,3,4,MoE,decode,absorb,shared_activation,共享专家 SwiGLU,"sg=[N_tok,N_shared*I_expert]; su=[N_tok,N_shared*I_expert]","sgu=[N_tok,N_shared*I_expert]","sg=[2,2048]; su=[2,2048]","sgu=[2,2048]",激活/缓存由调用者 dtype 决定；本轮 shape 场景假设 BF16,SiLU(sg)*su,https://github.com/deepseek-ai/DeepSeek-V3/blob/9b4e9788e4a3a731f7567338ed15d3ec549ce03b/inference/model.py#L522-L532,MLP.forward,gh-deepseek-v3-inference-model-py,9b4e9788e4a3a731f7567338ed15d3ec549ce03b,derived,unknown,unknown,,MP=1; B=2; L_q=1; L_kv=8; start_pos=7; N_e=1 (动态代表例),
deepseek-ai/DeepSeek-V3,3,4,MoE,decode,absorb,shared_down,共享专家 down,"sgu=[N_tok,N_shared*I_expert]; W_sd=[H,N_shared*I_expert]","shared_out=[N_tok,H]","sgu=[2,2048]; W_sd=[7168,2048]","shared_out=[2,7168]",激活/缓存由调用者 dtype 决定；本轮 shape 场景假设 BF16,sgu @ W_sd^T,https://github.com/deepseek-ai/DeepSeek-V3/blob/9b4e9788e4a3a731f7567338ed15d3ec549ce03b/inference/model.py#L522-L532,MLP.forward,gh-deepseek-v3-inference-model-py,9b4e9788e4a3a731f7567338ed15d3ec549ce03b,derived,unknown,unknown,,MP=1; B=2; L_q=1; L_kv=8; start_pos=7; N_e=1 (动态代表例),
deepseek-ai/DeepSeek-V3,3,4,MoE,decode,absorb,moe_combine,合并路由与共享专家,"routed_out=[N_tok,H]; shared_out=[N_tok,H]","moe_flat=[N_tok,H]","routed_out=[2,7168]; shared_out=[2,7168]","moe_flat=[2,7168]",激活/缓存由调用者 dtype 决定；本轮 shape 场景假设 BF16,routed_out+shared_out; world_size>1 routed_out all_reduce before addition,https://github.com/deepseek-ai/DeepSeek-V3/blob/9b4e9788e4a3a731f7567338ed15d3ec549ce03b/inference/model.py#L669-L693,MoE.forward,gh-deepseek-v3-inference-model-py,9b4e9788e4a3a731f7567338ed15d3ec549ce03b,derived,unknown,unknown,,MP=1; B=2; L_q=1; L_kv=8; start_pos=7; N_e=1 (动态代表例),
deepseek-ai/DeepSeek-V3,3,4,MoE,decode,absorb,moe_reshape,恢复 MoE 层 shape,"moe_flat=[N_tok,H]","ffn_out=[B,L_q,H]","moe_flat=[2,7168]","ffn_out=[2,1,7168]",激活/缓存由调用者 dtype 决定；本轮 shape 场景假设 BF16,"reshape to original [B,L_q,H]",https://github.com/deepseek-ai/DeepSeek-V3/blob/9b4e9788e4a3a731f7567338ed15d3ec549ce03b/inference/model.py#L669-L693,MoE.forward,gh-deepseek-v3-inference-model-py,9b4e9788e4a3a731f7567338ed15d3ec549ce03b,derived,unknown,unknown,,MP=1; B=2; L_q=1; L_kv=8; start_pos=7; N_e=1 (动态代表例),
deepseek-ai/DeepSeek-V3,3,4,MoE,decode,absorb,ffn_residual,FFN 残差相加,"after_attn=[B,L_q,H]; ffn_out=[B,L_q,H]","layer_out=[B,L_q,H]","after_attn=[2,1,7168]; ffn_out=[2,1,7168]","layer_out=[2,1,7168]",激活/缓存由调用者 dtype 决定；本轮 shape 场景假设 BF16,after_attn+ffn_out,https://github.com/deepseek-ai/DeepSeek-V3/blob/9b4e9788e4a3a731f7567338ed15d3ec549ce03b/inference/model.py#L720-L735,Block.forward,gh-deepseek-v3-inference-model-py,9b4e9788e4a3a731f7567338ed15d3ec549ce03b,derived,unknown,unknown,,MP=1; B=2; L_q=1; L_kv=8; start_pos=7; N_e=1 (动态代表例),
